entity_id	business_name	business_address	country
S2-945842043	Memorial Society  Clinic	500 OAK CREEK MEADOWS COURT, CHESTERFELD, MO	US
S2-903960790	स्टार स्टार फूड्स लिमिटेड	D-87, F/F BLOCK-D, EAST OF KAILASH, MCD PARK, SOUTH DELHI, DELHI, दिल्ली	India
S2-902261581	COMPLETE CONSUMER INNOVATIONS	148 JOYCE TER, WHITMAN, MA	US
S2-405089580	Willow LLC Services	244- ANTLER AVE, REDMOND, OR	US
S2-217992296	Pratik Services-Private		India
S2-718807938	THE LAYNEY FINLEY CUSTOM NEUROSCIENCES LLC	#14 LEDYARD STREET, SPRINGFIELD CDP, MA	US
S2-61695206	d0menigaingrahamharbor.com	12 GLORIA ST, TIBODAUX, LA	US
S2-246374149	Ay Edutech Private Limited	023A, MASTER MIND IV, ROYAL PALM, AAREY COLONY MAYUR NAGAR, GOREGAON EAST, NULL, Maharashtra	India
S2-637008636	IVETT-JEFAN HOMECARE	2218 TERRACE PL, SIOUX CITY, IA	US
S2-30720967	Hanssen & Kolar	309 SPRUCE STREET, CHARLOTTESVILLE, VA	US
S2-628121208	Torque Academy Private	Maharashtra, FLAT NO: 07, SR NO: 33/2, PLOT NO 28 SANSKRUTI SHILP, TINGARE NAGAR, ROAD NO:, 14, PUNE	India
S2-251694915	Rocky Regional	116 SHAW RAOD, TELLICO PLAINS, TN	US
S2-2567647	Capital (Spdr)	78 HIDDEN VALLEY FARM RD, REPUBLIC CDP, WA	US
S2-472549533	Silver Creative Global	72 Madison Ave, SPRINGFIELD, OH	US
S2-223943562	सिल्वर पावर प्राइवेट लिमिटेड	MUMBAI, MUMBAI II, H.NO ##3/12 PODAR BUILDING NO 2DR MAISURI ROAD SAMDALAR STREET ROAD, Maharashtra	India
S2-31609229	Harbor  Innovation Inc	6409. Egypt Pike, CHILLICOTHE, OH	US
S2-55068430	L8 Santander LLC	5 1/2 ELIZABETH CIRCLE, MASHPEE, MA	US
S2-468120534	Ry Tráders-Bangalore Nrh	Karnataka, A-2/512, GROUND FLOOR, TU, BANGALORE NORTH	India
S2-133132935	JAI TSHDAITAG PRIVATE LIMITED	B-7-, SANJEEVTOWER, A-3/4, LOCAL SHOPPING CENTRE, NEW DELHI, Delhi	India
S2-33004937	#OILSMARINE	4 RAVIDARSHAN APARTMENT, EDULJI ROAD, TEMBHI NAKA, THANE, Maharashtra	India
S2-381589500	Health Institute Enterprises		US
S2-404792945	Sri Igm Movies Private Ltd	Karnataka, 339/36, TANK BUND ROAD, 17TH CROSS MALLESWARAM WEST, BANGALORE-55	India
S2-554915104	GEBHART AND BIVENS TWO	##629 ERIN LN, CHESAPEAKE CITY, VA	US
S2-677637447	stardefensesystems.com	1308. DORCHESTER DR, MUNDELEIN, IL	US
S2-466214280	TEMPLE MINISTRIES	32-36 MAIN ST, EAST HARTFORD, CT	US
S2-539205800	Prime Care [Limited]	FLAT NO C5, JANA JEEVA NEST, 29TH C CROSS, BALAJI LAYOUT, KAGGADASA PURA, CV RAMA, N NAGER, BANGALORE, Karnataka	India
S2-232837916	Total Trafdnig Pvt Ltd	P.NO.76 PANCHWATI COLONY KAMTA, CHINHAT, LUCKNOW, Uttar Pradesh	India
S2-735430557	ബിഗ് ഐടി ലിമിറ്റഡ്	NO.PP5/255, MALAPPURAM, MALAPURAM, Keralam	India
S2-700580113	LIZBETH'S PINNACLE PRODUCTIONS	704 Jefferson St, MENDOTA, IL	US
S2-288243765	Hasan Trgrit	TULL AVENUE, FAYETTEIVLLE, AR	US
S2-213855211	firsttalentgroup.com	19055 RIVER ROAD, LEAVENWORTH, WA	US
S2-557868975	Indranth Association  Pvt Ltd	R.C. GIRLS INTER COLLEGE, CHAWARGATE, HATHRAS, उत्तर प्रदेश	India
S2-787590633	BDA CLINIC PRIVATE	MALANG COMPLEX, SHOP NO. 1. OLD AUSA ROAD DESHPANDE COLONY LATUR, LATUR, Maharashtra	India
S2-773494057	BARRAGAN, DAVIS & MARTINEZ PARTNERS		US
S2-534493189	Gangaya India L.L.P.	331 2ND/F BLOCK-D TPS -2 PLOT NO 192 193 SUMEL BUSINESS B/H AMBICA MILL COMPOUND, AHMEDABAD, ગુજરાત	India
S2-670762067	Mcrae and Jain	555 BLAIR PL, DANVILLE, VA	US
S2-547269396	ALLFINANCIALCONSULTANTS.COM	HURST, 1345 YATES DR, TX	US
S2-325726950	PEDIATRIC SPECIALISTS-L.L.C.	138 DOGWOOD LANE, NC, MOCKVSILLE	US
S2-85868039	Emerick  Saul LLC	VEGA ST, HOUSTON, TX	US
S2-232103552	ZEPHBRIXORBI	416 BURROUGHS DRIVE, BUFFALO, NY	US
S2-646930488	Kolkata Critical Private	97A SOUTHEREN AVENUE, KOLKATA, West Bengal	India
S2-686854730	WATSON-COSTAMARE	OSBORN RD, AZ, MARYVALE	US
S2-713518620	ಪ್ರೈಮ್ ಕೇರ್ ಲಿಮಿಟೆಡ್	FLAT NO C5, BANGALORE, ಕರ್ನಾಟಕ	India
S2-699888217	Yao & Care Technology Thomas | www.yaocare.com	8647 SHOE TREE MCFELEA LN, MILLTOWN, IN	US
S2-79432249	WRX  Foundation Private	HOUSE NO. 1999, SUTAR PADA, BOISAR-E, BOISAR, Maharashtra	India
S2-407186559	2594  Seventh Avenue	002319 Forest Flower Way, TOMBALL, TX	US
S2-207157749	Ear Nose Coos Throat Care of & Bay	526 1/2 11TH ST, COOS BAY, OR	US
S2-947582736	Dashrath Consultants	S-9, 2ND FLOOR, SANCHI COMPLEX, SHIVAJI NAGAR, BHOPAL, Madhya Pradesh	India
S2-236999673	प्राइम Investment	PITORAGARH, Maharashtra, MUMBAI, SHOP NO.3, KRISHNA NIWAS, LOKAMANYA TILAK NAGAR	India
S2-805462350	2910 Ocean Áve Partners	1611 WOODBUCK TRAIL, PO BOX 8253, HOUSTON, TX	US
S2-365421986	summit institute	5495 A STREHT, SPRNIGFIELD CDP, OR	US
S2-47294392	Wallace, Valdes & Rasmussen Séas Corporation	8881-B COUNTRY VIEW LANE, PRINCE GEORGE COUNTY, VA	US
S2-922622470	>> Kse Realtors Private Limited	301, MUMBAI CITY, MUMBAI, महाराष्ट्र	India
S2-806518819	Empire Focdfhtnion	34676 WESLEY RD, PO BOX 1466, WILMINGTON, IL	US
S2-738476576	Hillary's Hair  Studio	605- CENTRAL AVENUE, LAUREL, DE	US
S2-161000410	avrilalbaneseinstitutions.com	BOSTON POST RD, MAMARONECK, NY	US
S2-827772753	Ish  Valves Corp	BLOCK D-541  702, 7TH FLOOR UNIQE PREMISIES, CO-PERATIVE SOCIETY NEAR TO KAMAT CLUB. OFF S.V ROAD, GOREGAON WEST, <NULL>, महाराष्ट्र	India
S2-431134024	LRD Ltd Pvt Homecare	FLAT NO. 501, SATGURU SOLITAIRE BUILDING, NEAR JAIN TEMPLE, KASAR VADVIL NAKA, G., B. ROAD, महाराष्ट्र	India
S2-791125917	Ashlen Zucker Bold-L.L.C.	AL, 3703-3707 MOUNTAIN PARK CIRCLE, MOUNTAIN BROOK	US
S2-493261924	ANIL0RA ENGINEERING LTD	534/A, BRD COMPLEX, CALICUT ROAD, PAREMPADAM, KUNNAMKULAM, THRISSUR, Kerala	India
S2-678411773	Tetecque	##517 DE PERE ST, MENASHA CPD, WI	US
S2-377122533	Kolkata Critical Private Ltd	97A SOUTHEREN AVENUE, KOLKATA, West Bengal	India
S2-347849280	Studios PJ PJ	782 Brent Court, MERCED, CA	US
S2-43816457	Private Arunima (India) Realtech Ltd	201, A BLOCK, 2ND FLOOR, SHELL NORTH GATE, SY.NO.39/2, KOTHNUR VILL, OFF, BANGALORE, HENNUR ROAD BANGALORE, ಕರ್ನಾಟಕ	India
S2-204029082	204 Park  Street Associates	20700 CORDILL LN, SPICEWOOD, TX	US
S2-504315604	Wilson and Walters Encore Llc	1130 MILE 6, WESLACO, TX	US
S2-245933429	THE WHITE AND GEIS RISING		US
S2-981012631	PRIME SUPPLY	MD, 011937 YARDARM DR, WORCESTER COUNTY	US
S2-206182496	Mastek Limited Private Research	NO.21, 5TH MAIN, 6TH CROSS, KRISHNAPPA BLOCK, 1ST MAIN (NOW), GANGANAGAR, BANGALORE, Karnataka	India
S2-367914030	South ইনভেস্টমেন্টস Private Limited	FLAT 5B, SONARTORI COMPLEX, BLOCK-2, HATIARA MAIN ROAD, NORTH 24 PGS, West Bengal	India
S2-981926392	जैन कंसल्टेंट्स Private Limited	DOOR NO 103 JAI SHREE GANESH BHUV, THANE, Maharashtra	India
S2-297920900	ಸನ್‌ರೈಸ್ ಇಂಜಿನಿಯರಿಂಗ್ ಪ್ರೈವೇಟ್ ಲಿಮಿಟೆಡ್	NO 2 4TH CROSS MUNISWAMY REDDY LAYOUT, RAMAMURTHY NAGAR, BANGALORE, BANGALORE NORTH, Karnataka	India
S2-345837127	Ena Management Clinic Corporation	002085 EBONY DRIVE, CHANDLER, AZ	US
S2-33032367	Namakkal Enterprise  Limited Services	NO. 264/D1, KKP STREET, A.S.PETTAI, MULLAI NAGAR, NAMAKKAL, Tamil Nadu	India
S2-139114686	Infinito Órgcanisc	1-4-64, NEW BUS STAND, BODHAN, Andhra Pradesh	India
S2-511987239	DIGITAL PVT LTD PARTNERS	HAMEEDIYA SHOPPING COMPLEXBUILDING NO KC XLII/649 BIG BAZAAR NEAR STONE BRIDGE, KOLLAM, കേരളം	India
S2-182417701	Hyderabad Hospitalities-Private Limited	HNO.8-3-965/A/1, FNO. 404, KBR MANICOM RESIDENCY SRINAGAR COLONY, HYDERABAD, తెలంగాణ	India
S2-467046016	Pediatric Dentistry Care [LLC]	3554A SANTA CRUZ WAY, SACRAMENTO, CA	US
S2-588808633	Shri Elite Steels (India) Limited Services	HOUSE NO S-2/52 STREET 3, SWARN PARK EXTENSION, Delhi	India
S2-227241958	Exim Barter	OFFICE NO #203, SR 110/1A, ORIENT PLAZA, 98/1, PUNE CITY, Maharashtra	India
S2-468151491	ORIANAGHEATON.COM	1912 KALORAMA PLACE, WASHINGTON, DC	US
S2-801750874	Zaor, LLC	TACOMA, 1660. Wilton Rd, WA	US
S2-836757576	Baeiix-Inc.	702-A ORLY LANE, WILMINGTON, NC	US
S2-435885481	South Liheve	211 CODDINGTON RD, null, CAROLINE, NY	US
S2-117215597	CHENNAI INDUSTRIES PRIVATE  LIMITED	19 , PUGALENDHI (CAUVERY) STREET SAM AVENUE, SEMBAKKAM, CHENNAI, Tamil Nadu	India
S2-53059286	Camille R. Hart, D.O., P.C.	10342 BALSAM AVENUE, PO BOX 9408, HESPERIA, CA	US
S2-901123370	आनंद प्रोडक्ट्स प्राइवेट लिमिटेड	Delhi, 322, SF, HARI NAGAR, TIKRI KALAN, ASHRAM CHOWK	India
S2-105654272	SUMMIT STAR	0072 WAVERLY AVE, EASTCHESTER, NY	US
S2-610958998	Bava P.C.	102 ARBOR CT, MT PROSPECT, IL	US
S2-807564948	Green Mortgage	4TH ST, OH, CINCINNATI	US
S2-674334975	Harton Veternaciry Clinic	4893. 76ND SAINT, MUKILTEO, WA	US
S2-15855041	डिजिटल बिल्डर्स प्रा. लि.	SPERAWALBUILDING, 428LAMINGTONROAD, MUMBAI, Maharashtra	India
S2-913467833	অ্যাপেক্স ইনফ্রা প্রাইভেট লিমিটেড	BLOCK - M - 35 BAISHNABGHATA PATULI TOWNSHIP, KOLKATA, HOWRAH, West Bengal	India
S2-129460496	liberty trg	7843 HUBER CT, INDIANAPOLIS, IN	US
S2-873679621	Glyphara Paceline	#165 ORCHARD ST, CT, ELLINGTON	US
S2-27736237	DELTA  NATIONAL (BCE)	38628 BIRCH ST, SCIO, OR	US
S2-210289226	Thompson Tri-State-Care Services	2225. SIMMENTAL RD, F TWORTH, TX	US
S2-484633183	Ahmedabad Private Limited Center	HN 00139 445, 4TH FLOOR, YASH ARIAN, NEAR SWAMI VIVEKANAND CHOWK, MEMNAGAR, AHMEDABAD, ગુજરાત	India
S2-779494870	Uptown Bike-Shop	24127 TONTO ST, BUCKEYE, AZ	US
S2-580885861	Geor Pártners LLC	#6276 113, MILLSAP, TX	US
S2-171208898	Gng Holdings	West Bengal, G-9 RABINDRA PALLY PO JYANGRA, D B NAGR	India
S2-336904775	WHITLOCK, AND ALLBRIGHT HAMILTON WATER	42 ORCHARD ST, MEDFORD, MA	US
S2-607958704	Hyderabad Ctchs Private Limited	PLOT NO.97, ROAD NO.3, BANJARA HILLS, HYDERABAD, Telangana	India
S2-617645210	SHRADHA CLINIC LTD	SHOP NO.A-72/10 NR, SANTOSHIMATA MANDIR, OLD BUS STAND, JHANSI, उत्तर प्रदेश	India
S2-828958093	firefightersunionlocal.com	155 600, ANDESRON, IN	US
S2-298544322	JU Lease	005473 TR 63, FOSTORIA, OH	US
S2-5776396	ELSI FUENTES BETTER	NC, 123 Delta Street, LEXINGTON	US
S2-946395436	Future Finance Private Limited	HN 64 B/206, NARNARAYAN COMPLEX, NEAR SWASTIK CHAR RASTA, NAVRANGPURA, <NULL>, Gujarat	India
S2-378346543	Smt Kusum Center Sport	NO.362, 19TH STREET LOTUS COLONY ANNA NAGAR EAST, CHENNAI, Tamil Nadu	India
S2-780042036	Pioneer Limited Partners	37/2200-8, M C TOWER, C ACHUTHA MENON ROAD, THRISSUR, Kerala	India
S2-602617990	Dixon Starlink Care Inc	WINGINA, VA, 1002 MAYO CREEK LANE	US
S2-26740863	Diamond Agro (Índia) Pvt Ltd	21/305/6, EDAYAR STREET, MNKAVU, PALAKKAD, Keralam	India
S2-652143824	Worldwide Finance  Company	38/7A1, K.M.A.COMPLEX, SHOP NO. F4, 2ND FLOOR, SALEM, தமிழ்நாடு	India
S2-292344793	Xiao Group	#239 WHALEY ST, FREEPORT, NY	US
S2-690932759	M/s Krishi Limited Private Impex	PLOT D/301 101, GUJARAT VIHAR, 2ND FLOOR, VIKAS MARG, Delhi	India
S2-281946692	राज आईटी प्रा. लि.	OFFIC-7, UPPER GROUND FLOOR, MERCANTILE HOUSE 15, K.G MARG CONNAUGHT PLACE, NEW DELHI, Delhi	India
S2-285994957	મોડર્ન પ્રોજેક્ટ્સ પ્રાઇવેટ લિમિટેડ	811-81, AALAP - B, LIMDA CHOWK, MUMBAI, RAJKOT, Gujarat	India
S2-702005240	Houston Historical Coalition LLC	10840 1/2 NORTH FREEWAY, HOUSTON, TX	US
S2-368267736	மை புராடக்ட்ஸ் பிரைவேட் லிமிடெட்	C/O T.M. KANNIYAAPPAN NO.070A KRISHNAN STREET PILLAIYARPALAYAM KANCHIPURAM, KANCHIPURAM, KANCHEEPURAM, Tamil Nadu	India
S2-702344218	Shotwell, Amalie, L.C.S.W. Inc	311 1/2 NEILSON RD, PMB 7518, CHERRY VALLEY CITTY, NY	US
S2-908421591	LLC LOO FACT,	1861 GUNNER LN, CHAPEL HILL, TN	US
S2-394485872	HIRA TRFAMGI  PRIVATE LIMITED	0695, HMT LAYOUT, TPV LAYOUT, GANGANAGAR, NEAR NO.6 95, BANGALORE NORTH, Karnataka	India
S2-255341244	Prabha Relrhch Private Limited	10VIDYASHNKAR GRUHANIRMNA, SAHAKARA SANGA SATHAGALLI, MYSORE, Karnataka	India
S2-598787144	লক্ষ্মী কনস্ট্রাকশন প্রাইভেট লিমিটেড	C/O SUNIL KR JINDAL, FLAT NO B3, ASHISH APT, SILIGURI, DARJILING, DARJEELING, পশ্চিমবঙ্গ	India
S2-790502252	OZB Trading of Bsnari	G NO. 127 KH NO. 104/13 B BLOCK, PHASE-9, SANT NAGAR, BURARI, Delhi	India
S2-642986619	Borough Of	5240 SARAH JANE CIRCLE, WEST VALLEY CITY, UT	US
S2-663170369	star keystone star llc	3701 MCKINLEY STREET, OMAHA, NE	US
S2-596648973	All Financial Consultants	1345 YATES DR, HURST, TX	US
S2-948758457	M/s Sixth Technomarketing	C/O SANKAR KARAN, VILL+PO- UCHITPUR, SABANG, West Bengal	India
S2-504078658	PUGH & MARSHALL, LLC	0202 BAYTREE DRIVE, GREENVILLE, NC	US
S2-274599324	ગુડ એગ્રો પ્રાઇવેટ લિમિટેડ	KACHCHH, PLOT NO.78, Gujarat, GANDHIDHAM, SURVEY NO. 06, SHREEJI NAGAR	India
S2-296017099	J/G United LP	AZ, NORTHWEST ANNEX, 2744 COLTER ST	US
S2-101615629	Bierly News	6954 JACKSON CT, MERRILLVILLE, IN	US
S2-218638526	LYNDSIE CAFFREY AUSTRALIA	10405B 45TH AVENUE, PLYMOUTH, MN	US
S2-980867039	Smart Projects Private	BLUE ONE SQUARE PLOT NO, 00246 UDYOG VIHAR 4, DLF PH-II, Haryana	India
S2-864201414	ब्राइट कंसल्टेंसी प्राइवेट लिमिटेड	R43-NO. III ROHTAK CITY, ROHTAK, हरियाणा	India
S2-929517361	suprememobilityinnovationsconcord.com	NOD ST, CONCORD, TN	US
S2-918473671	COMPLETE ANALYTICS CÓRPORATION	6356 WINGATE STREET, ALEXANDRIA, VA	US
S2-857625661	HUBBARD-AND ALLEN	7329 HOOKING RD, MC LEN, VA	US
S2-994552514	Nguyen  Service	#2531 W VIEW ACRES AVENUE EXTENSION, HICKORY, NC	US
S2-742397563	Scholarship Trust Corp	OH, PEMBERVILLE, 5009 SCOTCH RIDGE RD	US
S2-352403850	Sree Infotech प्राइवेट लिमिटेड	Uttar Pradesh, H.NO 712 F-91 SECTOR 8, NOIDA	India
S2-690175066	5-Star	106- OLIVE STREET, SNOW SHOE, PA	US
S2-731913804	Noor Projces	FLAT NO. D/507- VARDHAMAN TOWNSHIP S NO. 44A SASANE NAGAR HADAPSAR, PUNE, Maharashtra	India
S2-924944292	Billye Kime	268 MAIN ST, MAYNARDVILLE, TN	US
S2-565436840	LOEX [ETF]	15- TAFT ROAD, CUMBRLAND CDP, RI	US
S2-212355267	DIRECT NUTRITION LLC (STUDIOS)	23825 FIFTEENTH AVENUE, BOTHELL, WA	US
S2-290388906	Vique  Inc - 8218137013	6514 DOC COREBTT RD, CEDAR GROVE, NC	US
S2-812886416	INDUSTRIAL COMPLEX DUNDAHERA LABELS  PVT	NASSCOM COE IOT & AI, HARTRON INNOVATION HUB, FIRST FLOOR, PLOT 1, UDYOG VIHAR PHASE 1, DUNDAHERA VILLAGE, OLD DELHI GURGOAN ROAD, INDUSTRIAL COMPLEX DUNDAHERA, Haryana	India
S2-291011181	Béum	26908 17TH AENUE, PHOENIX, AZ	US
S2-198529120	Star Agricultural Albaegc	5044 COLLINA PLACE, SACRAMENTO, CA	US
S2-525313908	L8 Smntnadsr LLC	MA, ELIZABETH CIR, MASHPEE	US
S2-663852961	All Creative Communications LLC	4302 HILTON HEAD DRIVE, VILLAGE OF HOBART, WI	US
S2-76835127	Creel and  Torres Genetics Inc	5982A ORCHARD DR, CINCINNATI, OH	US
S2-522966719	Devika Asia-Pune	S NO 46 6 PLOT NO 1APAUD ROAD, PUNE, महाराष्ट्र	India
S2-258426720	Safar Constructions Private  Limited	VILL MAHASUNDA, P.O. BHUPALPUR, RAIGANJ, West Bengal	India
S2-208200901	KADAMWADI ROAD  MINDS	PLOT NO 33, E WARD, SHIVARAJ COLONY, KADAMWADI ROAD, महाराष्ट्र	India
S2-920262754	RAM PRIVATE LIMITED SERVICES	NO:4, MARSHALL ROAD, EGMORE' MADRAS-8, MADRAS-8, Tamil Nadu	India
S2-397032468	Hirel Retails (dnia) LLP	K-27, GROUND FLOOR, GALI NO. 6, K-BLOCK LABOUR CHOWK, MAHIPAL PUR, NEW DELHI, Delhi	India
S2-269230898	Rhs Trading	6549, NEHRU GALI, DHARAMPURA, GANDHI NAGAR, EAST DELHI, दिल्ली	India
S2-614004285	@maspv	B-63/6878/27, MAIN ROAD, MOHAR SINGH NA, LUDHIANA, SHIVPURI, Punjab	India
S2-140145217	Nicon Care Pvt  Ltd	NO ##986 TIRUPATI R/H NO-02, PLOT NO-8, 10 VRUNDAVAN, NASHIK, महाराष्ट्र	India
S2-573413648	Petersheim, Edithe A., DPM, DDS	LAKE SHORE DR, WISHEK, ND	US
S2-864741569	Roth Creative	99 CENTRAL STREET, NATICK, MA	US
S2-247455350	South Líghtwave	211 CODDINGTON RD, null, CAROLINE, NY	US
S2-477403113	ONL Cable Co	IL, 763 APPLETREE LANE, BARTLETT	US
S2-672061050	SOLSTICE TAX INC		US
S2-577789094	beacontaylor.com	1253 PANORAMA DR, BIG BEAR CITY, CA	US
S2-876880926	आनंद कृष्ण इन्वेस्टमेंट प्राइवेट लिमिटेड	F-#16, FIRST FLOOR, DLF CENTRE POINT SECTOR-11, MATHURA ROAD, FARIDABAD, Haryana	India
S2-120687351	Coimbatore Kapoor Private	H.NO 6 , GOPAL SAMY KOVIL STREET, GANAPATHY, COIMBATORE, தமிழ்நாடு	India
S2-809660766	ફ્યુચર ફાઇનાન્સ પ્રાઇવેટ લિમિટેડ	Gujarat, <NULL>, HN 64 B/206, NAVRANGPURA, AHMEDABAD	India
S2-673836401	Aarvraj Transport  LLP	A#5 SEVADHAM SHRIPAL, NGR RAJAJI CROSS RD, KALYAN, महाराष्ट्र	India
S2-913160704	Sawant Stríps Ltd	D/204, TILAK BAZAR, Delhi	India
S2-343833930	Guthrie Committee Co	8500-8504 OLD LEMAY FERRY ROAD, HILLSBORO, MO	US
S2-962043112	RESOFT INSTALLATION AUDIO	6039 RIDGECREST RD, DALLAS, TX	US
S2-910721788	AA Limited Private Builders	4TH FLOOR, ROOM NO. 420 21, HEMANT BASU SARANI, KOLKATA, KOLKATA, West Bengal	India
S2-282553170	DELHI LTD SERVICES	22/30 - B TF TILAK NAGAR, DELHI, दिल्ली	India
S2-716000350	Consumer Complete Inoatioes	148 JOYCE TERRACE, WHITMAN, MA	US
S2-777531515	Sanchez Xii Llc	9220 FLYING BUTTE, FOUNTAIN HILLS, AZ	US
S2-30103551	Ideal + Sons Private Limited	226, 4TH CROSS, 35TH MAIN BTM LAYOUT 2ND STAGE, BANGALORE, ಕರ್ನಾಟಕ	India
S2-733905591	CHILDREN'S CNDRLR	MO, BRNSON, FALLS PKWY	US
S2-818859977	Private Thrissur lnfratel Limited	28/105B PM IBRAHIM VELLUR COLONY LINE, PATTURAIKAL-22, TRIVANDRUM, THRISSUR, Kerala	India
S2-974352611	Cure-Tavern	1847- 6TH SAINT, OWENSBORO, KY	US
S2-746336716	*** Cultural Guild Ltd	1009 BLACK ST, HURST, TX	US
S2-105270585	LLC SILVER STRATEGIC RÍCE	1624 LAURELWOOD LN, MONTGOMERY, AL	US
S2-911125443	Quocalo	1303 SPRING VALLEY DRIVE, NACOGDOCHES, TX	US
S2-872406041	Lócal Union Painters No 794	12TH STREET PLACE, NEWOTN, IA	US
S2-52671918	LAKSHMI BUILDERS PRIVATE	FLAT NO.-39-A-4, CIS OFFICER CO OP SOCIETY, NEW DELHI, <NULL>, Delhi	India
S2-436155054	SMITH ROCKY ROCKY LLC CENTER	3- Rose Bud Ln, NANTUCKET, MA	US
S2-363583151	2251 MÁDISON LANE HOLDINGS	3311 BENJAMIN STREET, MINNEAPPOLIS, MN	US
S2-693149199	TEAK DISTRIBUTORS LIMITED  SERVICES	53, SATRA PLAZA, GROUND FLOOR, PLOT NO.19 & 20, SECTOR-19D, VASHI, NAVI MUMBAI, N/A, Maharashtra	India
S2-90999064	fassociation.com	605 Millbury Street, WOCRESTER, MA	US
S2-247096461	New Delhi Clothing Private	B-45 GREATER KAILASH-I, NEW DELHI, Delhi	India
S2-890988591	मॉडर्न इंडस्ट्रीज प्राइवेट लिमिटेड	18, GHAZIABAD, HAPUR, Uttar Pradesh	India
S2-516760449	lNDIA AISEOARA SECURITIES PRIVATE LIMITED	P.N.5, N/A, NASHIK, महाराष्ट्र	India
S2-193535987	A Cure 3 All Corporation		US
S2-359056593	Martino and  Hendrix	6720 CORSAIR AVE, AZ, PRESCOTT	US
S2-950654379	HAMMERSCHMIDT, REYES  & DIETRICH CENTER	601 MAIN STREET, FARINGTON, WA	US
S2-360308013	vijayawada automation private limited	D.NO:40-7-12A, FLAT NO.1, LORD DATTA COMPLEX LABBIPET, MOGALRAJPURAM, VIJAYAWADA, ఆంధ్రప్రదేశ్	India
S2-913930599	Value Wireless	226 143, PO BOX 7593, BRIAN HEAD CITY, UT	US
S2-132575901	PROPERTIES CUMBUM MERCHANTS PVT PVT LTD	483B/12 , NADUVELAPARAMPIL ARPOOKARA, GANDHI NAGAR, VAIKOM, KOTTAYAM, Kerala	India
S2-393320104	Vadakara Metber Pvt Ltd	Kerala, KEY CEE BUILDING 10/83-F-, NADAPURAM ROAD, VADAKARA	India
S2-699535584	STERLING STERLING AGRICULTURAL SYSTEMS INC	5790-5792 FURLONG WAY, HAMILTON, OH	US
S2-958406822	অল কনস্ট্রাকশনস লিমিটেড	9, WATERLOO STREET 1ST FLOOR, KOLKATA, KOLKATA, HOWRAH, West Bengal	India
S2-529164867	neify.com	2121 WROCKLAGE AVE, LOUISVILLE, KY	US
S2-598189186	Ant0nio  Homes	592 STANHOPE-KELLOGGSVILLE RD, ANDOVER, OH	US
S2-507151254	Rycca Masifieed Cornerstone Oaktree		US
S2-389476940	अल सर्विसेज एलएलपी	H.NO. 635, SECTOR-17, TIGAON, Haryana	India
S2-295419468	Bureau of  Motor Vehicles	1412 ANNIE LANE, LIBERTYVILLE CDP, IL	US
S2-166275886	ஜைன் புரொட்யூசர் பிரைவேட் லிமிடெட்	TS NO.G/8/9, COIMBATORE, Tamil Nadu	India
S2-498981816	Aditya Law  Partners	Maharashtra, #203/A, SHRYANAND C.H.S SHIVAJI NGR, THANE W	India
S2-129256518	HEDRN CORPORATION	13929  POELSTRA ST, VAIL, AZ	US
S2-492664717	L.L.C. YODER ASSETS	118 D, S HUTCIHNSON, KS	US
S2-825977593	Amrit Ventrges Pvt. Ltd.	FLAT 310  JAGDISH NAGAR KAKO ROAD, JEHANABAD, Bihar	India
S2-671893799	beuscoastalamplify.com	##11595 IOWA AVENUE, LEXINGTON TWP, OH	US
S2-281973027	Yahweh Engineering Private	NO 869/2 JORI KAWADEWASTI, JAMBUT PUNE, SHIRUR, JAMBUT, Maharashtra	India
S2-869964400	SYSTEM RADISON GLO8AL PRIVATE LIMITED		India
S2-709363854	नॉर्थ मीडिया प्राइवेट लिमिटेड	HOUSE NO. GA -1, BLOCK B, ATHARVED III, PT NO 235, KAMTHI, NAGPUR, महाराष्ट्र	India
S2-846740199	CHITTOOR-PRIVATE DISTRIBUTION LIMITED	DOOR NO1-349, KOMMIREDDYGARIPALLI, PURICHERLA MANDAL DEVALAMPETA PANCHAYATH, VANKAYALAPATIVRI, PALLI POST, CHITTOOR, Andhra Pradesh	India
S2-685158766	URGENT CARE INNOVATIVE (ASSOCIATES)	701 WEST ST, KS, WICHITA	US
S2-648008922	SHRUTI & SONS LLP	B-62 JALVAYU VHAR PANAMPILLY NAGAR, ERNAKULAM, കേരളം	India
S2-457198385	நியூ சர்வீசஸ் லிமிடெட்	NO ##160 74, COIMBATORE, COIMBATORE SOUTH, Tamil Nadu	India
S2-362875222	Pediatric Superior LLC [Physicians]	3170 STATE RTE 13, CROOKSVILLE, OH	US
S2-305961449	BOLIEX  CO CENTER	127 TWIN LAKES CIRCLE, null, MARTINSBURG, WV	US
S2-207109158	BHARAT BUILDERS  PRIVATE LTD	99/103, KAZI SYED STREET, MASJID BUNDER, MUMBAI, Maharashtra	India
S2-487386396	perezatkinsnathanson.com	880 TURNER WAY, MANSFIELD, TX	US
S2-15753742	Saint Chaflhedal	4491 STATE ST, LINDSEY, OH	US
S2-543241727	IAQ Midwest Airlines Inc	385 FRED DRIVE, BUDA, TX	US
S2-411740182	DIAMONDCHEMICALSTUDIOS.COM	6625 HERITAGE WOODS CT, MOBILE, AL	US
S2-651181597	STEED EXCAVATION INC	80 CANE CREEK LANE, DYERSBURG, TN	US
S2-493709115	#doyleprovidence	1609 MCCALLIE AVE, CHATTANOOGA, TN	US
S2-952733697	Prime  Summit Security		US
S2-951911827	INC MATHIEU TOTAL INFLECTION	WI, 3401- Cleveland Avenue, PLOVER	US
S2-47152258	CAINBLUEPMV.COM	5412 FM 1486, MOONTGOMERY CITY, TX	US
S2-518597406	Irene's-Hmolclaea	017075 PETERSBURG ROAD, EVANSVILLE, IN	US
S2-342462583	Belozeta	CP-3 VIKALP KHAND, GOMTI NAGAR, LUCKNOW  HQ REGION, LUCKNOW, Uttar Pradesh	India
S2-690005691	SHIVAM FOODS PRIVATE LIMITED	A-1ST FL CHANKYA COMPLEX, HIRO HONDA SHOW ROOM, NIZAMPURA, VADODARA, Gujarat	India
S2-281600670	NM LLC Services	6909 WOODHAVEN PLACE DR, LOUISVILLE, KY	US
S2-602945028	Ashlen Zucker Bold LLC	3703-3707 MOUNTAIN PARK CIRCLE, MOUNTAIN BROOK, AL	US
S2-53808142	AMTAS [LP]	306 WALNUT STREET, CASTALIA, OH	US
S2-950462313	leconstruct.com	BLOCK G-45. H. NO L-115 RIDGEWOOD, ESTATE, GURGAON, GALLERIA DLF-IV, Haryana	India
S2-779260662	KZW Consultants Limited Partners	DOOR NO 816 E-2/138 ARERA COLONY, BHOPAL, Madhya Pradesh	India
S2-934601008	Applegate  and Watson-Center	1826 STELING DRIVE, MONMOUTH, OR	US
S2-842490732	Quintana Hobbs, Ph.D. Ltd	2657  CLASSEN BOULEVARD, NORMAN, OK	US
S2-493277844	Tattva Education Private | www.tattvaedu.com	H.NO. 14-31, VILLA NO. 31 & 32, PRESTIGE PARK BESIDE GVK EMRI, MEDCHAL HIGHWAY, GUNDLA, POCHAMPALL, HYDERABAD, Telangana	India
S2-529755200	Anhnaly Rocky Cottrell	2900A JACKSON AVE, CITY OF EL PASO, TX	US
S2-410425647	new delhi security private limited		India
S2-527281574	Thiruvananthapuram Jewels Private Ltd Ltd	ZIGMA, SIVARAM GARDENS KODUNGANOOR P O, THIRUVANANTHAPURAM, Keralam	India
S2-257208270	COMMISSION ON CONSUMER AFFAIRS TRUST	317. REDFERN STREET, HOMEWOOD, AL	US
S2-865126238	Starla S. Nhye, (L.C.S.W.)	3380 7702, PO BOX 8957, TROY, AL	US
S2-569368923	Holmgren PC Oyj	16365 MAGNOLIA WAY, FONTANA, CA	US
S2-720099014	Bloom Pyrophyte  Inc	NORTHWESTERN AVE, NULL, FAIRVIEW HEIGHTS, IL	US
S2-821830970	JE COM PVT. LTD	###8 1ST FLOOR, POCKET NO. B/70, SECTOR 33, NOIDA, उत्तर प्रदेश	India
S2-888597281	BESSETTE NCR LLC	3211 MILLSTONE CT, PMB 7783, MAUMEE, OH	US
S2-422297276	Painters Union Local No Center	5700 CROSSINGS BLVD, ANTIOCH, TN	US
S2-952287028	Aarohi-& Co	388 BUDDHA ENCLAVE D BLOCK, LOHIYA NAGAR, MEERUT, उत्तर प्रदेश	India
S2-225139506	Malabar Uttgo	G.NO. 1185, A1/9B/10B/A11, FLAT NO. E3-407, GREEN GOTAL HAVELI, HAVELI, Maharashtra	India
S2-479126097	MOTECUS CROSS	CTH C, TOWN OF GARDNER, WI	US
S2-398948567	Petronia Persinger	DAVIDSON, 534 ASHBY DR, NC	US
S2-964026388	Ridhi Enterprises Private (Limited)	P.NO.4 AND 4 A, H.NO. 8-2-293, FLAT 303, ANUSHKA TRENDZ BUILDING, ROAD NO.14, BANJ, ARA HILLS, HYDERABAD, Telangana	India
S2-732699122	Gibney, Horst and Lessfannc (LLC)	2924 FOURTEENTH ST, TACOMA, WA	US
S2-982077880	பம்பாய் ஸ்டார் இம்பெக்ஸ்	VASANTHAMNO.#94, CHENNAI, TEYNAMPET, Tamil Nadu	India
S2-248440130	New Delhi Granites	PLOT 0868 G-93A, G BLOCK, RAJAPURI, NEW DELHI, N/A, Delhi	India
S2-522308141	Jaima Bothres Private Limited	DOOR NO 10TH KMBEHAT ROAD SAHARANPUR, UTTAR PRADESH, उत्तर प्रदेश	India
S2-825380056	Gujarat Global Pvt	E-408, SHIPRA KRISHNA VISTA 14 AHINSHA KHAND, INDRAPURAM, GHAZIABAD, Uttar Pradesh	India
S2-226169300	Aditya Limited Private Systems	462/1, IIIRD FLOOR LADO SARAI, DELHI, Delhi	India
S2-970789230	RMS SAVE PRIVATE  LTD	PLOT NO 111, SAI PRIYA COLONY, DAMMAIGUDA, NEAR ECIL, తెలంగాణ	India
S2-642954347	A CHOICE BRITISH INC	1281  HACIENDA PINES DRIVE, SHOW LLOW, AZ	US
S2-221516068	J 7 A Oneim,	2380-2382 APACHE LN, QUINLAN, TX	US
S2-229284650	Arcnovi	143  SUNNYSIDE ST, NC, FOREST CITY	US
S2-944522166	MILLIGAN PATRIOT RMG	21205 26400, PMB 1794, PORTAGE, UT	US
S2-896590713	Smt Apex Construction LLP	30/2, 1ST FLOOR, LBS BUILDING, OPPOSITE TO GANESH DEPARTMENTAL STORE, PALLADAM ROAD, POLLACHI, Tamil Nadu	India
S2-133928878	EASTERN ANIMAL	17191- 192 RD, LAVERNE CDP, OK	US
S2-402227680	Pioneer Higehlaid Media LLC	KS, 1015 PETERSON AVE, WICHITA	US
S2-427011183	Heritage Supreme (Dominion)	3107 CASHWELL DR, GOLDSBORO, NC	US
S2-106183387	Ltd Sgh Sons Pvt Center	TAGORE GARDEN EXTENSION BEHIND HOLY CHILD SCHOOL, B-166, NEW DELHI, Delhi	India
S2-20238765	Sai Enterpriles	Andhra Pradesh, PLOT 4 401, EMPRESS TOWER, THE BOTANIKA JAYABHERI ENCLAVE, GACHIBOWLI, HYDERABAD	India
S2-940423362	Filip Telecom  of Little Rock LLC	6415 JUNIPER ROAD, LITTLE ROCK, AR	US
S2-468482706	Alma Mgcnyard-Better Nuclear	71 BRIDLE CREEK DR, GEORGETOWN, TX	US
S2-204062671	సిల్వర్ సాయి ప్రాజెక్ట్స్ ప్రైవేట్ లిమిటెడ్	2-16-137/1/201, RANGAREDDY, Telangana	India
S2-819259056	De1hi Erp	H.NO 22/30 - B TF TILAK NAGAR, DELHI, WEST DELHI, Delhi	India
S2-453274051	VIJAY JOBS CÓ	#135 DP-5A-SIDCO INDUSTRIAL ESTATE THIRUMAZHISAI, CHENNAI, Tamil Nadu	India
S2-917505175	metropolitannetwork.com	5281-C SOLDIERS HOME MIAMISBURG ROAD, MIAMISBURG, OH	US
S2-775071977	भारत बिल्डर्स प्राइवेट लिमिटेड	99/103, MUMBAI CITY, MUMBAI, महाराष्ट्र	India
S2-995565281	CHOICE GRAND JOESEA PC	6706 77TH DRIVE, GLENDALE, AZ	US
S2-904132605	Thanjai Gold Private Ltd	DOOR NO 12TH CHOPSANI ROAD, CHORAYA, Rajasthan	India
S2-232174014	Laxmi Projects Private	D417, 3RD FLOOR BRIGADE SPARKEL, VISHWESHWARNAGAR MYSORE, MYSORE, Karnataka	India
S2-428415610	Ludwick, Callie, [DMD]	2461 CORONADO RD, PMB 9601, ARCADIA, AZ	US
S2-860981570	ब्लू टेक प्राइवेट लिमिटेड	NEAR VIJAY ITI, DAUSA, राजस्थान	India
S2-363921675	મોડર્ન પ્રોજેક્ટ્સ પ્રાઇવેટ લિમિટેડ	811-81, MUMBAI, RAJKOT, ગુજરાત	India
S2-162641871	Heart Network Pártners	234 SAPLING LANE, KNOXVIILLE, TN	US
S2-667842061	#mctrading	NO 543 F-205, HYDERABAD, Telangana	India
S2-17704775	Puri Essentia1s-Company	MAHENDRA SATSANG ROADSWARGADWR, PURI, ଓଡ଼ିଶା	India
S2-69001291	Pelican Centre Limited  Partners	PLOT NO G-54 GROUND FLOOR VARDHMAN CENTRAL MALL LSC, NEHRU VIHAR LANDMARK MOTHER DAIRY, DELHI, दिल्ली	India
S2-151101149	*** RESIDENCY RDO LIFE PVT LTD	NO.6 & 7, BENGALURU, BANGALORE, ಕರ್ನಾಟಕ	India
S2-849325649	WOODLAND APARTMENTS PEDDAR ROAD LÓGISTICS PRIVATE LIMITED	H.NO 5 B-2, WOODLAND APARTMENTS PEDDAR ROAD, महाराष्ट्र	India
S2-256654305	Cure Tavern	1831 6TH SAINT, OWENSBORO, KY	US
S2-663812705	Florella Curtis Green  Technical		US
S2-517650329	*** Dk (India)  Foundation Private Limited	#63 B, BANGALORE, ಕರ್ನಾಟಕ	India
S2-536882127	Collins, Coreen Quality Cargo LLC	CORNELIUS, NC, 021112 COLD SPRING LN	US
S2-944913305	RK 6reat Advisors LLC	BONANZA COURT, GILBERT, AZ	US
S2-302218079	ಒನ್ ಟೆಕ್ನಾಲಜೀಸ್ ಪ್ರೈವೇಟ್ ಲಿಮಿಟೆಡ್	DOOR NO 332, 3RD STAGE, 4TH BLOCK, BANGALORE, BASAVESHWARANAGAR, Karnataka	India
S2-278012643	M/s Campaign Clinic [Company]	VISHNUKUMARI CHHETRI RESIDENCE, NEAR RADHE KRISHNA TEMPLE, MEGHPUR, JAMNAGAR, ગુજરાત	India
S2-568856624	#RAPIDPIEDMONT	FOXWORTH BOULEVARD, LOMBARD, IL	US
S2-113012473	Pipefitters  Local	2733 CRYODON BLVD, COLUMBUS, OH	US
S2-750863828	Smt NIRAL FUND	West Bengal, 15/16, RAMESHWAR MALIA LANE, GROUND FLOOR, HOWRAH	India
S2-205004147	Upper  Biotech	01066 GENTRY RD, SUMMER SHADE, KY	US
S2-6307470	IAQ LP AIRLINES MIDWEST	FRED DR, BUDA, TX	US
S2-883774915	Patriot Fresh Hill  L.L.C.	9508 GREYSON HEIGHTS DRIVE, CHARLOTTE, NC	US
S2-613176108	pranitaservices.com	NO 19/C - 3, MODEL TOWN, BAL RAJESHWAR ROAD MULUND - WEST, Maharashtra	India
S2-953060880	*** Nakoder Ltd Service	C/O SUKHWANT SINGH, JALANDHAR, NAKODER, ਪੰਜਾਬ	India
S2-187862169	Said Assets  Inc	5337- GALAPAGOS, TUCSON, AZ	US
S2-129672215	Anvil P.C. Rock	WI, 21 BROADWAY STREET, CITY OF EDGERTON	US
S2-445101128	प्रीमियर इन्वेस्टमेंट्स प्राइवेट लिमिटेड	AT MARUL TAL - YAWAL; DIST - JALGAON, JALGAON, Maharashtra	India
S2-112031579	Jaiswal Solutions (asb)a Private [Limited]	H NO 5-9-22/35 & 35A, F NO 302 INDERA DEVI NILAYAM, ADARSH NAGAR, HYDERABAD, Telangana	India
S2-258926329	Holy Methodist Church Center	AZ, 2122. BUTLER DRIVE, PHOENIX	US
S2-670536924	LADEN INC. LIFESCIENCES GLOBAL	PMB 9610, HAMPTON CITY, VA, 14 ADRIATIC AVE	US
S2-314019940	mvadakara.com	KEY CEE BUILDING 10/83-F, VADAKARA, KOZHIKODE, Kerala	India
S2-352949825	solsticetax.com	2335-2339 BLACK SPRUCE CT, GOLDSTREAM, AK	US
S2-685478379	Coble, Hbemon and  Hussain North Inc	2375-2379 Burns Rd, DONGOLA, IL	US
S2-236929765	Tetech Guggenheim Llc	PRINCESS ANNE ROAD, <NULL>, NORFOLK CITY, VA	US
S2-649232609	2251 Madison Lane	3311 BENJAMIN STREET, MINNEAPPOLIS, MN	US
S2-392760593	THE DERMATOLOGY-GROUP LLC	110 TIM CT, OAK CITY, NC	US
S2-857865575	THE TWISTED PIZZA INC	11625 AIRPORT RD, EVERETT, WA	US
S2-214767810	Troester LLC Partners		US
S2-214098527	Beth Church	HIGH ST, COLUMUBS CDP, OH	US
S2-331859027	Tobria Corp		US
S2-85310948	Info Karan Info	AHILYANAGAR, Maharashtra, HN 2-36 BOOK CODE-117, AHMEDNAGAR	India
S2-114270416	Éndaum	2426 346TH STREET, FEDERAL WAY, WA	US
S2-804638495	WRX FOUNDATION PRIVATE LIMITED		India
S2-77642821	Seven Ventures Ltd	PLOT 7-94 55, NEAR POLE NO 534, MUNDHELA KHURD, NEW DELHI, Delhi	India
S2-638914117	Cook Allied Terra Inc.	225D SELBY RANCH RD, SACRAMNTO, CA	US
S2-656301127	FRANKEN MARSHALL	1815 N BAY DR, WARSAW, IN	US
S2-554143311	Shri Elite Limited Center	H.NO 713 407, 4TH FLOOI, SUNTECK CREST, MUKUND NAGAR, ANDHERI KURLA ROAD ANDHERI EAST, MUMBAI, Maharashtra	India
S2-958837247	Fields Bread  Inc	BRANDYWINE LN, CT, SUFFIEELD	US
S2-79925218	Mears, Rodriguez and Johnson Corp	709-711 DEAN AVE, CITY OF MONONA, WI	US
S2-298859511	@rizzoheartland	504 HNSBARGER, FORT WORTH, TX	US
S2-973360320	WILSON  AND WALTERS ENCORE	1130 MILE 6, WESLACO, TX	US
S2-656849067	SARASAN LIMITED PARTNERS	09133 , BLOCK CHESTNUT, GH 04 MAHAGUN MYWOODS, NOIDA, Uttar Pradesh	India
S2-189698661	The Leap, Tildy N., D.O.	282 CRESCENTWOOD DRIVE, SANDYY CITY, UT	US
S2-556788205	Patriot Endocrinology Associates	36 SPERIDAKIS TERRACE, CAMBRIDGE, MA	US
S2-631100622	Aditya Bróthers Private	HN C-66 RANAYAL KALAN, 38, SONKUTCH, Madhya Pradesh	India
S2-815875138	Precision Chemica1 [Innovations]	233 CRATER RD, PETERSBURG CITY, VA	US
S2-174715989	Rush, Rhea Pattana, Llc	666 BERKLEY ROAD, GURLEY, AL	US
S2-113705551	DIVA INVESTMENT PRIVATE LTD	B3/820/2, RUNANUBANDH APARTMENTS, MANAS LANE, OFF BHANDARKAR ROAD, Maharashtra	India
S2-25570348	Kusum Sport Center	Tamil Nadu, NO.362, 19TH STREET LOTUS COLONY ANNA NAGAR EAST, CHENNAI	India
S2-576774418	MCMAHON SOURCE CLINIC LLC	4032 OSBORN ROAD, PHOENIX, AZ	US
S2-250447536	Oncology  Clinic Columbus #22259	005 FRANKLIN STREET, COLUMBUS, IN	US
S2-166681369	Creative Health Enterprises LLC	1108C CLOVER DRIVE, INCORPORATED, WA	US
S2-976031268	Mr Lokhandwala Trust LLP	DOOR NO 22 , SECOND FLOOR, ANWER MANZIL, 10TH CROSS, 6TH MAIN, VINAYAKA NAGAR, ANNASANDRAPALY, A, BANGALORE, Karnataka	India
S2-575414983	Kadamwadi Road Minds Co	Maharashtra, #33 , E WARD, SHIVARAJ COLONY, KADAMWADI ROAD	India
S2-6523782	Laguardia Pciic Chain LLC	19828 30RD DR, BOTHELL, WA	US
S2-627192903	Legacy Scientifc LLC	228 WASHINGTON ST, GALVESTON, IN	US
S2-740318199	SHELTON TECHNICAL HOLDINGS	MD, 2904 ELLIOTT STREET, BALTMIORE CITY	US
S2-609409108	Enigma Metals Private	HNO 1004/8 RAMESHWARPURI GANDHI NAGAR, BASTI, Uttar Pradesh	India
S2-459537051	LH CARUNCHILL INC.		US
S2-180916171	Twisted Deli [LLC]	194 CHARLOTTE ST, ROCHESTER, NY	US
S2-721447283	WRX Foundation Private Ltd	HOUSE NO. 1999, SUTAR PADA, BOISAR-E, BOISAR, महाराष्ट्र	India
S2-893401331	Crystal Anchor Annuities L.L.C.	#3865 HIGHWAY 295, ELKINS, AR	US
S2-918995753	Dr Global Traders Prívate Limited	81, MURLIPURA SCHEME ROAD, JAIPUR, Rajasthan	India
S2-712338754	Rion Interests	827 CEDAR SPRINGS RD, ATHENS, TN	US
S2-544693917	Maor Edison Llc	IA, SIOUX CITY, 310 LOCUST COURT	US
S2-641581447	VK (INDIA) BROTHERS  PRIVATE LTD	#24 KUSHNAGAR SOCIETY DRIVE-INROAD, AHMEDABAD, ગુજરાત	India
S2-509329490	Udaipur Agency Private Ltd	9/256 SIDCO BUILDING, SIDCO INDUSTRIAL ESTATE PERIGANDOOR POST, ATHANI, Kerala	India
S2-746967424	CONNOR CREATIVE ONFOLIO LP	7316 Lehigh Drive, DALLAS, TX	US
S2-585357532	એસ આઈટી લિમિટેડ	408 4TH FLR SAFAL ARISE, VADODARA, BARODA, ગુજરાત	India
S2-867809200	Center Chavez-and Miller LLC	6000 KUSHLA MCLEOD ROAD, EIGHHT MILE CITY, AL	US
S2-24715991	Private Multi Advisory [Limited]	P.N.163, JAYA PRAKASH NAGAR MIYAPUR, HYDERABAD, Telangana	India
S2-225888252	Pediatric Specialists Llc	138 DOGWOOD LN, MOCKVSILLE, NC	US
S2-581986380	PLUMERIA DISPLAY LIMITED CENTER	D 503, MERCURY TOWERS PK LANE, MIRA-BHAYANDAR ROAD, MIRA ROAD, EAST, THANE, महाराष्ट्र	India
S2-890771296	Gng Holdings	West Bengal, G-9 RABINDRA PALLY PO JYANGRA, D B NAGR	India
S2-51662384	redservices.com	Rajasthan, 10/333, SWARNA PATH, MANSAROVAR	India
S2-224221488	THE PEDIATRIC DENTISTRY ATLANTIC CLINIC LLC		US
S2-57398700	taylorbeacongreenfire.com	1253 PANORAMA DRIVE, BIG BEAR CITY, CA	US
S2-893605630	5mith Rocky Championsgate	ROSE BUD LN, NANTUCKET, MA	US
S2-699074978	INNOVATIVE  VANGUARD SUISSE	2715 VELTRE PLACE, ATLANTA, GA	US
S2-715646853	Elgin Tourism Tourism Pvt	C-3, GROUND FLOOR, KH. NO.515/1, MAIN ROAD SOUTH GANESH NAGAR, NEAR FAIR DEEL AUTO, MOBILE, DELHI, Delhi	India
S2-247638113	ബിഗ് ഐടി ലിമിറ്റഡ്	NO.PP5/255, 256, 257, 258, THRIPPANACHI PO, PULPPATTA, ERNAD, MALAPURAM, MALAPPURAM, Keralam	India
S2-698654254	LAINEZ INC HOUSE	57 FLORIDA ST, BUFFALO, NY	US
S2-491874322	VILMA ALHARBI SUPREME MEDICAL LLC	213 THIRD ST, DESOTO, MO	US
S2-50277772	MARTINO AND ANDRADE L.L.C.	765 SONNE DR, MD, ANNAPOLIS	US
S2-2650166	Behavioral Vanguard Health Care (Adoostiates)	108 CROSS CREEK LANE, PROCTOR, WV	US
S2-420372242	సిటీ ఎస్టేట్ ప్రైవేట్ లిమిటెడ్	FLOOR, SERI LINGAMPALLY, K.V.RANGAREDDY, Telangana	India
S2-902757325	mocglobal.com	NO 804 URBAN GREENS PLOT NO. GH 6A, SECTOR 39, GURGAON, Haryana	India
S2-470773453	Lizbeth's Pinnacle Productions Ltd	704 JEFFERSON STREET, MENDOTA, IL	US
S2-913742559	Nexdique Silver Keycorp LLC		US
S2-851632606	Blue  Bag Limited Center	NO 7/9 SHREE SAI DHAM CHS OLD MUMBAI PUNE ROAD, NEAR HDFC BANK SAI NAGAR KALWA WEST, THANE, Maharashtra	India
S2-518322401	Cradel Golden Private  Limited	12/2, PARK MANSION, 57A, PARK STREET, KOLKATA, KOLKATA, West Bengal	India
S2-90154865	Shiva It Private Ltd	B3/204, VIKAS DEEP BUILDING, DISTRICT CENTER, LAXMI NAGAR, Delhi	India
S2-880116338	Platinum-Enbridge	1792  SALIDA DEL SOL, AZ, CHINO VALLEY	US
S2-869713649	@METROCOALITION	17211 64, TYLER, TX	US
S2-422348862	*** LIVINGCLASSIC.COM	250, MILLVILLE, UT	US
S2-556293383	The Halcent Solutions	346 C 118, MENTMORE, NM	US
S2-759724656	East Delhi Color Private	DDA LIG FLAT 134A-, SEC-A, PKT-2, KONDLI, GHAROLI, EAST DELHI, Delhi	India
S2-463192222	JACKLIN  ARMENDARIZ	BOSTON, 40 CHARLES STREET, MA	US
S2-284854727	Sun-Trading Private Limited		India
S2-176543826	Arpita C0llege	VIJAYA BUNGLOW NO. 5153, BEHINDKURLAPPOLICESTATION, VALVA, Maharashtra	India
S2-79303305	Caloex LLC	1095 MARR ROAD, COLUMBUS, IN	US
S2-45959062	Kimberlee Waters Oncology LLC	FLAG POLE HILL, MARION, OH	US
S2-822476740	Martinez Liberty Cbre LLC	312. NEW ENGLAND AVENUE, COLUMBUS, OH	US
S2-529916209	Sr & - 5386600859	SPACE NO 30, 3RD FLOOR EROS CORPORATE PARK, IMT MANESAR, Haryana	India
S2-977186695	Sri APEX LOGISTICS PRIVATE	DOOR NO 3327 A/112/1, ANAND NAGAR NEAR KAPIL ICE CREAM, हरियाणा	India
S2-856302709	പെർഫെക്റ്റ് ഗ്ലോബൽ ഹെൽത്ത്‌കെയർ ലിമിറ്റഡ്	#6/220  D V P COMPLEX MANNAMPATTA PO KATAMPAZHIPURAM, PALAKKAD, കേരളം	India
S2-827606967	indianproperties.com	B-00201, OKHLA INDUSTRIAL AREA PHASE1, Delhi	India
S2-442476406	FAMILYFELLOWSHIPCLARKSVILLE.COM	00900 76, CLARKSVILLE, TN	US
S2-133261080	HARBOR SCHOOL OF	4851 MOCKINGBIRD CT, N/A, COLUMBUS, OH	US
S2-982550996	DANVILLE  CORNERSTONE TIDEWATER LP	1020 CAMBELL LN, IL, DANVILLE	US
S2-851805333	Private Kolkata Critical Limited	97A SOUTHEREN AVENUE, CALCUTTA, KOLKATA, পশ্চিমবঙ্গ	India
S2-369727736	SURYA TECHNOLOGY	00212/213, BUSSA INDUSTRIAL ESTATE CENTURY BAZAR LANE, PRABHADEVI, महाराष्ट्र	India
S2-414774871	Corporation ZBV Textiles	#605, MUMBAI, Maharashtra	India
S2-953816695	TECHNOLOGIES JYOTI PRIVATE LIMITED CENTER	Andhra Pradesh, DOOR NO 25-2-20JAYAKRISHNAPURA RAJAHMUNDRY., EAST GODAVARI	India
S2-285159651	B O Lewis Communities, LLC	34 MATTAPAN STREET, BOSTON, MA	US
S2-166709200	Advani, Johnson And Jones LLC	001537 BEAR BRANCH TRACE, COLUMBIA, TN	US
S2-669897427	ಸಿಟಿ ಕನ್ಸಲ್ಟಿಂಗ್ ಪ್ರೈವೇಟ್ ಲಿಮಿಟೆಡ್	MYSURU, H.NO 1411/1 K15, 6TH CROSS THYAGARAJA ROAD, K R MOHALLA, MYSORE, Karnataka	India
S2-9152363	AM INDIA LTD	CHAMBER 1 A 257, SARITA VIHAR, दिल्ली	India
S2-85146777	Global Hotels	1520 21ST AVENUE, ROCK ISLAND, IL	US
S2-913271634	Hopkins Báy		US
S2-659630924	@CHRISTZION	1523 HILLSIDE CT, CITY OF NEW RICHMOND, WI	US
S2-844935336	QUALITY COPLEY	83-35 116 ST, RICHMOND HILL, NY	US
S2-495461455	Space Consultants Company	UNIT NO. 327, 3RD FLOOR, SUNCITY SUCCESS TOWER, SEC-65, BASAI ROAD, हरियाणा	India
S2-922041427	Cultural Program	3101 1/2 WESTERN AVE, MARION, IN	US
S2-530941340	CENTER WO LIMITED	ANDALAT BUILDING MOOKAMBI ROAD, VI/756, FIRST FLOOR, NORTH PARAVOOR, Kerala	India
S2-944897028	Global-(Hotels)	1520 21ST AVE, ROCK ISLAND, IL	US
S2-676331797	RIECK HWAK (INC)	SAINT LOUIS, 6440 ALAMO AVE, MO	US
S2-326002468	सदर्न वेंचर्स प्रा. लि.	DOOR NO 16 1603, MUMBAI, Maharashtra	India
S2-85403504	ಗ್ರೇಟ್ ಎಕ್ಸ್‌ಪೋರ್ಟ್ಸ್ ಪ್ರೈವೇಟ್ ಲಿಮಿಟೆಡ್	2N FLOOR, MATHIKERE, Karnataka	India
S2-271112403	Dr SQUARE CÓNSULTANCY PRIVATE LIMITED	Odisha, PLOT 877 SECTOR B KALUNGA INDUSTRIAL ESTATE KALUNGA ROURKELA, SUNDARGARH	India
S2-866271439	Bennett and Flynn  Inc	53 TRIPP LAKE CAMP ROAD, POLAND TOWNHIP, ME	US
S2-223126166	Oncology  Specialists LLC	BROOKLYN, NY, PO BOX 1619, 640 61 ST	US
S2-560822467	Lucknow Enterprise Prívate Limited	C/O DURGA PRASAD, BHATTHI BARKAT NAGAR, MOHANLAL GSNJ, LUCKNOW, Uttar Pradesh	India
S2-609468040	New Life	517 SEMINARY ST, PRINCETON, KY	US
S2-338297448	Bright Stóck [PLLC]	205 HIGH VALLEY DRIVE, LIBERTY HILL, TX	US
S2-187974195	R+ CENTER	STAFFORD CITY, ##35 CUMMINGS DRIVE, VA	US
S2-407479880	Ernakulam-Integrated (India) Private	Uttar Pradesh, C/O GAJENDRA NATH SINGH JAUNPUR JANEWARA FATEHGANJ UP, FATEHGANJ	India
S2-950102238	NEW DELHI HOSPITALS PRIVATE	BLOCK- K-/G-22 SAKET, NEW DELHI, दिल्ली	India
S2-178700782	Royal Engineering Private ((Limited))	C-3, KRISHNA PARK, B/H SURAJ WADI, NAVAGADH-JETPUR, NAVAGADH, Gujarat	India
S2-220181773	રોયલ એન્જિનિયરિંગ પ્રાઇવેટ લિમિટેડ	C-3, NAVAGADH, Gujarat	India
S2-509624572	Amalia N. Éllison, DDS, DDS PC	IL, ENTERPRISE ST, SPRINGFIELD	US
S2-433152988	JK (INDIA) PVT LTD	191B POCKET-C2 MAYUR VIHAR PHASE-3, EAST DELHI, Delhi	India
S2-870666308	East Súperior Solana	82-86 NEPONSET STREET, CANTON, MA	US
S2-86714866	Mejia, Devon T., [DO,]	JOYCE PLACE, CITY OF OXNARD, CA	US
S2-585378668	*** DHP  Scientific LLC	53 DEAN ROAD, SPENCERPORT, NY	US
S2-137324179	FRESHBARBERSHOP.COM	113 SAWMILL ROAD, CUMBERLAND COUNTY, VA	US
S2-749949785	saint traders private limited		India
S2-127458749	Rhs Trading Co.	6549, NEHRU GALI, DHARAMPURA, GANDHI NAGAR, EAST DELHI, Delhi	India
S2-934036791	Aarvansh Farms Pub1ic Límited	GF-03, ANUSHRI COMPLEX, NR. CHAMPANER SOCIETY, USMANPURA, AHMEDABAD, Gujarat	India
S2-985601967	M/s Kpl (india) Private [Limited]	180, SWETAYAN INDUSTRIAL PABK, NR BAHUCHAR PARTY PLOT, KATHWADA, AHMEDABAD, Gujarat	India
S2-927251943	भारत होटल ट्रेडिंग प्राइवेट लिमिटेड	Q-307, NOIDA, Uttar Pradesh	India
S2-333173735	The Golden Yoga	5867 WINLAND DR, GILLETTE, WY	US
S2-219698318	Pediatric-Partners	11816-C 435, ADAIR, OK	US
S2-6629843	Trendz Eiterpcrises Pvt. Ltd.	GA-#216, 1ST FLOOR NILADRI VIHAR, BHUBANESWAR, Orissa	India
S2-817445616	MUMBAI INTERNATIONAL CO	#288 59/60, FLOOR-2 PLOT-25, DNYAN BUILDING P H PUROHIT LANE, CAVEL 1 X LANE, RAMWADI, KALBADEVI, ROAD, MUMBAI, Maharashtra	India
S2-504865699	Ragland Medical Cfenetr	HOUSTON, TX, 7823 DEL REY LANE	US
S2-185921463	Dr Arc Food Private Limited	#22 C/O PUSPA DEVI VILL PAIGHAMBARPUR KOLHUA TOLA/PANCH PAIGHAMARPUR, BLOCK KANTI, MUZAFFARPUR, Bihar	India
S2-808885561	Harbor Unified 8ioscience L.L.C.	GLEN ALLEN, VA, 9723 CANDACE TER	US
S2-246361880	Yelena Heise [Prime]	24000 2ND ST, BALDWIN COUNTY, AL	US
S2-917446039	Global Trading	101, ARUN CHAMBERS, TARDEO, महाराष्ट्र	India
S2-14335818	Puerta &  Mckinney Metal	3330 PENNSYLVANIA AVENUE, CHARLESTON, WV	US
S2-476788626	2251 Madison Lane LLC	3311 BENJAMIN STREET, MINNEAPPOLIS, MN	US
S2-682863062	Pure It Co	662 C.T.H ROAD, PATTABIRAM, CHENNAI, Tamil Nadu	India
S2-903949177	... Green (Miorotaeg)	18 4TH STREET, CINCINNATI, OH	US
S2-875035364	Primary Care Pacific	3902 VINEYARD DR, DALLAS, TX	US
S2-677874939	At1antic At1antic Crystal Gaming	111 COFFEY LANE, NEWBERG, OR	US
S2-33923228	EASTERNSOLUTIONS.COM	D-37, 1ST FLOOR, ACHARYA NIKETAN, OPP PKT 1 MAYUR VIHAR-1, Delhi	India
S2-889792701	ईस्टर्न सॉल्यूशंस लिमिटेड	D-37, DELHI	India
S2-186089740	Restaurant LP	3532 1/2 ABERDEEN AVE, ALTON, IL	US
S2-454314101	R0yal Nidhi	##26/418, RAM KALAN COLONY BAHADURGARH, DIVREPORTINGCIRCLE, JHAJJAR, Haryana	India
S2-260853401	ಅಪೆಕ್ಸ್ ವೆಂಚರ್ಸ್ ಪ್ರೈವೇಟ್ ಲಿಮಿಟೆಡ್	H.NO ##21, BANGALORE, Karnataka	India
S2-488102830	Varshita Food Pvt	F-501, PARK VIEW CITY-2 SECTOR 49, SOHNA ROAD, GURGAON, Haryana	India
S2-437811292	Rosales, Gina DO Center	2156 9TH ST, SPRINGFIELD, IL	US
S2-619689393	Rajus C0nstruction Private Limited Limited	C/O PUSHKAR VERMA AMBEDKAR NAGAR MALIPUR ROAD, JALALPUR, Uttar Pradesh	India
S2-528739200	SIH Urja Private Ltd	C/O.SMT.LALMUNI DEVI, W/O SRI RAM PRASAD MUNDAR SAH LANE-2, AKASHWANI RD, KHAJPURA, PATNA, NULL, Bihar	India
S2-116436319	Diamond Chemical Studios	6625 HERITAGE WOODS CT, MOBILE, AL	US
S2-795592874	ஸ்ரீ பவர் பிரைவேட் லிமிடெட்	NO.A-59, BALAGOPALAPURAM STREET, COIMBATORE, POLLACHI, Tamil Nadu	India
S2-751194161	pbhéalth.com	##1602 57 STREET, BROOKLYN, NY	US
S2-932322515	Al Infrastructure Private Ltd	Rajasthan, RANJEET KUMAR KOTHARI S/O KANHAIYA LAL KOTHARI OSWAL KOTHARI MOHALLA, DHADHA, BIKANER	India
S2-298977881	Shri Kalindi Services Private Limited	NO ##1ST FLOOR, 7/24, SUBZI MANDI, DELHI, Delhi	India
S2-937307105	SURGICAL MEDICINE LLC	AZ, CAVE CREEK, 28441 57TH STREET	US
S2-847999317	Pranita Limited Private Services	NO 19/C - 3, MODEL TOWN, BAL RAJESHWAR ROAD MULUND - WEST, Maharashtra	India
S2-724950566	Garrett Midwest	1216 SLAUGHTER RD, MADISON, AL	US
S2-794745829	APEX COMMERCIAL	725 MOULL ST, NEWARK, OH	US
S2-527344312	Bohrer Ridge International [LLC]	1046 DORSEY DR, BURLINGTON, NC	US
S2-555889537	MIDWEST HEALTH CENTER  LLC	BAY STREET, PORT ANGELES, WA	US
S2-18864669	Bhagirath & Company	127, BASSTI HAZRAT, NIZAMUDDIN, Delhi	India
S2-874823153	West Precision Block	7911 SHORE ROAD, SPARROWS POINT, MD	US
S2-245803440	Toabria Corp	null, LUEDERS, 6, TX	US
S2-520191007	VPS BFFIOLDRS CORP	H NO- 150/A, TILI WARD SAGAR SAGAR, SAGAR, Madhya Pradesh	India
S2-485832700	Cornerstone Velos, L.L.C.	NORTHWOOD, MD, LOCH RAVEN BOULEVARD	US
S2-146672041	Midwest Corp Partners	157515 MONROE AVE, RIVERTON, WY	US
S2-116199659	Services Limited Trading	H.NO. B3/39 , U/G/F, BACK SIDE PORTION, EAST PUNJABI BAGH CHHANNAMAL PARK, NEW DELHI, NEW DELHI, Delhi	India
S2-316367230	Ideal & & Sons	226, 4TH CROSS, 35TH MAIN BTM LAYOUT 2ND STAGE, BANGALORE, Karnataka	India
S2-272301690	bestinvestments.com	UPPER GROUND FLOOR B-1/455, JANAK PURI, NEW DELHI, दिल्ली	India
S2-506819864	Serna, Gokey & Munn Vertical	#22 ELM STREET, WOODBURY, NY	US
S2-369452527	CAPITA1 CARTER PARTNERS	100  MEMORIAL DR, INTERNATIONAL FALLS CITY, MN	US
S2-810953749	HOUSTON, TNNW OF		US
S2-922659493	Primary Care Specialists	##195 SEWALL RD, FARMINGTON, ME	US
S2-441061874	Merl Swenson Legacy Sports Inc		US
S2-288030509	Carter Capital Prtergs		US
S2-855774172	पायोनियर डायनामिक हेल्थकेयर लिमिटेड	SR.NO.241/3/A- DATTA MANDIR ROAD WAKAD, MULSHI, PUNE, Maharashtra	India
S2-442770322	Secure Electronics	5871 6TH ST, MINNEAPOLIS CITY, MN	US
S2-856983384	Brownlee Superior Strategy	2. LAWRENCE 229 ROAD, POWHATANTOWNSHIP, AR	US
S2-52481741	XY Software-Pvt. Limited	C/O SARKAR ENTERPRISE, GOLF NAGAR MORE OPP-PUJA MATH, DURGAPUR, পশ্চিমবঙ্গ	India
S2-84373211	North Hill-Inc	IN, HIGHLAN CITY, 9451 KLEINMAN ROAD	US
S2-547361012	saibrothers.com	DOOR NO 624/3 , BM COMPLEX, OMBR LAYOUT, BANASWADI, CHANNASANDRA, BENGALURU, Karnataka	India
S2-214275484	इंटरनेशनल फाइनेंस एलएलपी	CP-3 VIKALP KHAND, GOMTI NAGAR, LUCKNOW  HQ REGION, LUCKNOW, उत्तर प्रदेश	India
S2-358997652	Stahl Tecnhologes [L.L.C.]	4441 GREYSTONE DR, PO BOX 8885, CONCORD, NC	US
S2-363775279	DEVON'S  PROPERTY	232-C STATE FARM ROAD, VOORHEESVILLE, NY	US
S2-608977518	(india) Navraj Fund Pvt Limited	#512/513 JANKI CENTER OFF. VEERA DESAI ROAD, ANDHERI (W), MUMBAI, महाराष्ट्र	India
S2-347936893	Delta National	38628 BIRCH STREET, SCIO, OR	US
S2-628957971	Creative Adtothea	##4914 New Hope Road, RALEIGH, NC	US
S2-440291385	Tay1or Association	2512 WILSON BLVD, WINCHESTER CITY, VA	US
S2-776902365	(india) Navraj Fund Pvt (Ltd.)	512/513 JANKI CENTER OFF. VEERA DESAI ROAD, ANDHERI (W), MUMBAI, महाराष्ट्र	India
S2-294207490	MOORE LEGACY YORKVILLE  INC	15 DAVENPORT ROAD, SPRUCE PINE, NC	US
S2-940576130	লোটাস ইন্ডাস্ট্রিজ প্রাইভেট লিমিটেড	12/1, KOLKATA, West Bengal	India
S2-192466986	HOUSTON, TOWN	14450 T C JESTER BOULEVARD, HOUSTON, TX	US
S2-743566173	coastalhighlandsuma.com	5-18 43 STREET, LONG ISLAND ICTY, NY	US
S2-930249194	ગોલ્ડ હોસ્પિટાલિટી પ્રાઇવેટ લિમિટેડ	SHED NO 754 2, GIDC MAKARPURA, VADODARA, Gujarat	India
S2-474989062	(Inc) A Modem Aspen,	211 CHESTNUT CREEK, DARDENNE PRAIRIE, MO	US
S2-192565570	EOPROTECTlON.COM	150 COLUMBIA SAINT, HEMPSTEAD, NY	US
S2-918564699	Om Private Private Marketing Limited	दिल्ली, I-79 FIRST FLOOR ASHOK VIHAR ASHOK VIHAR PHASE I, NEW DELHI	India
S2-961932134	Small & Mckénna Care	2635 WICKER AVENUE, DALLAS, TX	US
S2-43683135	Internal Medicine Cóastal Care Associates	16617 TAUNTON VALE RD, LOUISVILLE, KY	US
S2-48429806	Vantageavi	143 S FORK DRIVE, PECOS, AZ	US
S2-231097867	Hillary's Hair Studio	605- CENTRAL AVE, LAUREL, DE	US
S2-47393297	Jain Trading Private	02 RATHOD HOUSE OPP, APPLE HERITAGE ANDHERI E, MUMBAI, Maharashtra	India
S2-449333117	garciameshflow.com	595 MAIN SAINT, BOONEVILLE, AR	US
S2-155169676	Dumais Preferred  8rc	VANDERPOOL RD, VILAS, NC	US
S2-37899300	Ashia C. Meyer, MD LLC		US
S2-678081081	báyholdings.com	NC, GROVER, 309-313 MULBERRY RD	US
S2-61906880	डिजिटल केयर प्रा. लि.	H.NO 4-452 0-1305, FLOOR-13, PLOT-104, B, DOSTI ELITE, SION ROAD NO. 29, SION TELEPHONE EXCHANGE SION E, MUMBAI, MUMBAI CITY, Maharashtra	India
S2-249636171	CARTER PARTNERS SERVICES	MEMORIAL DRIVE, INTERNATIONAL FALLS CITY, MN	US
S2-409220525	HISTORICAL NETSMORK, LLC	15112 BROWN LN, VICTORVILLE, CA	US
S2-239629534	WATSON VALLEY 8ABCOCK	15919 Lost Anchor Way Lane, NULL, HOUSTON, TX	US
S2-77862033	Siddhanath Mauli Private Ltd		India
S2-665128463	BUREAU OF AGING CORPORATION	5015 SHEDD ROAD, PO BOX 3174, ELOY, AZ	US
S2-991232879	North-Best Computing Computing Inc.	17728  RIVERSIDE DR, PATRIOT TWNSHIP, IN	US
S2-192496102	easthealthcenter.com	231, COTTONDALE, FL	US
S2-432269539	Clinic & Mannix Pizza Fitzgibbon	410 1/2 SUMAC LN, PROVO, UT	US
S2-606404614	Govind Nagar P.O. Udyog Nagar Buildtech Private	4, INDUSTRIAL AREA, GOVIND NAGAR P.O. UDYOG NAGAR, Uttar Pradesh	India
S2-237963555	Ressi, Maitilde Select Mortgage LLC	COLUMBIA AVENUE, SOMERTONC ITY, AZ	US
S2-642701439	The Horizon Fusion Inc	Skyland Place, WASHINGTON, DC	US
S2-388574277	RELIABLE TALENT ASSOCIATES CORP	2928 SHARON DR, KOKOOMO, IN	US
S2-792272369	vionheartlandpresidio.com	703 Ahrens Street, TX, HOUSTON	US
S2-686436173	Hines Mountain Públishing [Inc.]		US
S2-898156332	Peak Pharmaceuticals Incorporated	KILLIAN DRIVE, MOORESVILLE, IN	US
S2-316712527	Cornerstone Eltie Tbk Clinic	8429 4TH AVE, BIRMINGHAM, AL	US
S2-470617788	Bay Council	2501 FERNWOOD DRIVE, GREENSBORO, NC	US
S2-808081077	Hubbard Emerging PLLC	GOWRIE, 001109 3RD STREET, IA	US
S2-785839182	DURAN STERLING USA LLC	2928 SHERBROOKE VALLEY CT, WILLOUGHBY HILLS, OH	US
S2-135254582	llc quality copley,	83-35 116 ST, RICHMOND HILL, NY	US
S2-970693348	HILAIRE &  HOWARD	75. BLOCK ST, ABINGTON, MA	US
S2-286852771	Tavera Horizon Biotech LLC	4702 CR 528A, ROSHARON, TX	US
S2-869737272	atlas square	3163 MAPLE DRIVE, REEDSPORT, OR	US
S2-427090621	Obsidian, LLC	134 COLLINGWOOD CT, FLORENCE, KY	US
S2-366564007	MICKI GUZMAN SELECT KOCHAV	154 500, DUCHESNE, UT	US
S2-275531136	Sri COSMICDYESTUFF.COM	A-303, ANKLEEN CHS LTD, GOLDEN NEST, THANE, महाराष्ट्र	India
S2-525068174	Lee Grand	701 RIDGE DR, MARENGO, IL	US
S2-594987282	PANCHAL (INDIA) FINANCIAL PRÍVATE LTD	G-3, MANGESH IND ESTTE, NAHUR VILLAGE ROAD, BHANDUP, MUMBAI, Maharashtra	India
S2-49609274	Smt Adwin Group of  Companies Ltd	D-596, JJ COLONY, TIGRI SOUTH DELHI, NEW DELHI, Delhi	India
S2-169227140	elliott choice translational	245 FARRAGUT AVENUE, HASTINGS-ON-HUDSON, NY	US
S2-254330351	Bharat Shakti  Business-Private Limited	PULLIYIL, PULIYATHUMUKKU, KILIKOLLUR, Kerala	India
S2-842866661	UROLOGY PARTNERS LLC	222. MAIN ST, STAR, NC	US
S2-475228578	Lóque	1636 1153, SEYMOUR, TX	US
S2-341127829	Cultural  Porgram	3101 1/2 WESTERN AVE, MARION, IN	US
S2-613457039	Smt Quirky Ltd Power	FLAT NO. 103, SUMITHRA TOWERS, ANGOL ROAD, NEAR HARI MANDIR, BELGAUM, Karnataka	India
S2-611769546	Loque	SEYMOUR, TX, 1636 1153	US
S2-578124982	Burnett and Osborne,	502 BELDEN ST, SHERAMN, TX	US
S2-669100736	JU LEASE  CO	005473 TR 63, FOSTORIA, OH	US
S2-27580551	LAMOUREUX SLFS INC	2711 KENT RD, TALLASSEE, AL	US
S2-419708602	इनोवेटिव ग्रीन वेंचर्स प्राइवेट लिमिटेड	D- 76, SAMPATCHAK, PATNA, Bihar	India
S2-251562857	Sri Dashrath Consultants Limited	S-9, 2ND FLOOR, SANCHI COMPLEX, SHIVAJI NAGAR, BHOPAL, Madhya Pradesh	India
S2-517161148	MARQUIS  CAIHNK INC	1 ROGERS RD, PORTLAND, CT	US
S2-265150359	PUERTA & & MCIKNNEY METAL	3330 PENNSYLVANIA AVE, WV, CHARLESTON	US
S2-249844649	Porter,, Sheila D.O., M.D., P.C.	1812C YOUNGER AVE, STATESVILLE, NC	US
S2-718528781	INGRID MIRANDA CONTINENTAL CMS LP	NACOGDOCHES, TX, 1303 SPRING VALLEY DRIVE	US
S2-680712911	Thompson Tri-State Southern	2225. SIMMENTAL ROAD, F TWORTH, TX	US
S2-918206619	-- Pattern Lakshmi (India) Private	NO: 9-63, KANYAKUMARI, Tamil Nadu	India
S2-759250165	Keystone Midwest Insiaghtt		US
S2-244296251	204 PARK STREET ASSOCIATES LLC		US
S2-185517884	ಏಸ್ ಲಾಜಿಸ್ಟಿಕ್ಸ್ ಪ್ರೈವೇಟ್ ಲಿಮಿಟೆಡ್	ಕರ್ನಾಟಕ, BENGALURU, BANGALORE, NO. 6	India
S2-224134676	Anant (Academy)	B-15, SAKET COLONY, ADARSH NAGAR, JAIPUR, Rajasthan	India
S2-612109218	Parth &	A 223, SOMDATT CHAMBERS I 5 BHIKAJI CAMA PLACE, NEW DELHI, दिल्ली	India
S2-795645851	ALL RGTAFIL STUDIOS	9090D HUNTERS CREEK ST, HIGHLANDS RANCH, CO	US
S2-756535756	Bautista and Williams Inc.		US
S2-845121919	dermatologyphysiciansholly.com	0184 TAR LANDING RD, HOLLY RIDGE, NC	US
S2-284489171	DELTA-NAEIONAL BCE	38628 BIRCH ST, SCIO, OR	US
S2-969839764	OM SERVICES LIMITED CENTER	45 , NEW NO. 7 5TH AVENUE, HARRINGTON ROAD, CHETPET, CHENNAI, Tamil Nadu	India
S2-474806803	Dee Services	Tamil Nadu, NO.C-3C , ELDORADO BUILDING112 NUNGAMBAKKAM HIGH ROAD CHENNAI	India
S2-383629738	royalinvestment.com	529 121 ST, NWE YORK, NY	US
S2-828810369	Prémier-Innovations	6811 RIVER BERY WAY, KNOXVILLE, TN	US
S2-856833690	Arc Constructions Limited Services	2003/6 SWAPNALOK BLDG NO 2 WING B MALAD EAST, SWAPNALOK LAYOUT PIMRIPADA RD, MALAD EAST, Maharashtra	India
S2-437709442	Yao & Thomas Technology Care Corp	8647 SHOE TREE MCFELEA LN, MILLTOWN, IN	US
S2-792613078	PATRIOT ENDOCRINOLOGY  ASSOCIATES	36 SPERIDAKIS TERRACE, PMB 1094, CAMBRIDGE, MA	US
S2-424867849	PHULWARI ELECTBIFALS PRIVATE LIMITED	F.NO G-6, SUPER MARKET, FRASER ROAD, MAURYA LOK, PHULWARI, Bihar	India
S2-684075085	monteleavitt.com	1370 MURRAY ROAD, PORTTLAND, OR	US
S2-547210184	Julietta LLC Sunshine Legrand		US
S2-997903141	Christine's Intmrstate Recruiting	##6620 287TH ST, AUBURN, WA	US
S2-599442628	ROBERTS DIRECT | www.robertsdi.com	444 COMSTOCK ROAD, SOUTH ELGIN, IL	US
S2-617721524	department1aborcom	1411 MCKENZIE ST, DALLAS, TX	US
S2-726563678	Temple  Fellowship	354 Archwood Drive, ROCKY RIVER, OH	US
S2-982695220	Krn Lok Ltd	H-95, SIDDARTH NAGAR, JAIPUR, Rajasthan	India
S2-906278010	FVX (india) Private	U-161, TOP FLOOR, KRISHNA APPARTMENTS, SHAKARPUR, DELHI, NULL, Delhi	India
S2-27381711	Anchor Solarius	DANVILLE AVENUE, BALTIMORE, MD	US
S2-132225269	Infiniti International School Corp		India
S2-365639223	Global Printing Digital Ínc	CINCINNNATI CITY, OH, PMB 7553, 4662 MIAMI RD	US
S2-98561042	American B1ue Newbury LLC	75  FOREST PARK AVE, PMB 2059, SPRINGFIELD TOWNSHIP, MA	US
S2-414904235	Pediatric-Dental LLC Medicine, Desert	10908 AUSTRIAN PINE WAY, CONCORD, TN	US
S2-65292605	BRIGHT  APNA PRIVATE LIMITED	Uttar Pradesh, H.N.64, NANGLI ABDULLA MACHHRA, MEERUT	India
S2-747376852	Uluberia Ii Export Services	4, AHMED MAMOOJI STREET, LILUAH, ULUBERIA - II, পশ্চিমবঙ্গ	India
S2-69218789	प्रीमियर बिजनेस प्रा. लि.	G-170/A, 1ST FLOOR, ROAD NO. 2, JD MISHRA PATH NEAR PANI TANKI, NEW PATLIPUTRA COLONY, PATNA, Bihar	India
S2-519282722	Great Exporst Private Limited	2N FLOOR, NO.10, BANNERGHATTA ROAD, Karnataka	India
S2-790718540	సౌత్ సిస్టమ్స్ ప్రైవేట్ లిమిటెడ్	#42 4-797, ANUPAMA RESIDENCY KOLLURU VARI STREET DEVARAPALLI, VISAKHAPATNAM, VISHAKHAPATNAM, Andhra Pradesh	India
S2-858933825	Zack  Inc Fortis	8425 ESTES ST, KEN CARYL, CO	US
S2-432746092	Enigma Metals Limited Center	H.NO 1004/8 RAMESHWARPURI GANDHI NAGAR, BASTI, उत्तर प्रदेश	India
S2-152385396	Mr Meenu Doorstep Private Limited		India
S2-292729826	Llanes Virginia Incorporated	6034 Main St, COLUMBUS, OH	US
S2-179262281	MIDWEST PROPERTY SOLUTIONS INC	4428 COPPER GLEN COURT, WEST JORDAN, UT	US
S2-136717106	Services Bhavani Téch Pvt. Ltd.	Haryana, H.NO 771 D-234, UG, SUSHANT ARCADE SUSHANT LOK-1, GURGAON	India
S2-130042258	सुप्रीम इम्पेक्स प्रा. लि.	H.NO 0836 AROPUR, NISARPURA NAUBATPUR, PATNA, बिहार	India
S2-30792208	லட்சுமி எண்டர்பிரைசஸ் பிரைவேட் லிமிடெட்	TCL, NO.102 F2, 3RD STREET, V G P SELVANAGAR VELACHERY, MADRAS, CHENNAI, Tamil Nadu	India
S2-551964074	Smith Express	13512 800, JASONVILLE, IN	US
S2-990986901	[LLC] Blake Mérger	85-42 251 ST, BELLEROSE, NY	US
S2-114635352	रॉयल कंसल्टेंसी प्रा. लि.	ALWAR, PLOT NO-R-6, Rajasthan, KHAIRTHAL	India
S2-44529595	CAPITAL SPDR GRÓUP	WA, 78 HIDDEN VALLEY FARM RD, REPUBLIC CDP	US
S2-788896360	family piedmont specialists inc.	641 CHAMBORD DR, MAUELLE, AR	US
S2-244324052	Department of	1411 Mckenzie Street, DALLAS, TX	US
S2-925264632	Wexbrixgild	##30236 97, CHILOQUIN, OR	US
S2-136706770	Bohrer Rídge International LLC	1046 DORSEY DR, BURLINGTON, NC	US
S2-358021871	Aarohi [+]	388 BUDDHA ENCLAVE D BLOCK, LOHIYA NAGAR, MEERUT, Uttar Pradesh	India
S2-278009802	Varanasi Sciences  Ltd	B031/27, LANKA, VARANASI, उत्तर प्रदेश	India
S2-479320991	dumais preferred brc llc	#1861 VANDERPOOL RD, VILAS, NC	US
S2-681917237	Moon Alternative of Augusta County Clinic	001296 Stuarts Draft Hwy, AUGUSTA COUNTY, VA	US
S2-481716269	Mcdaniel Popular		US
S2-93107530	NEW DELHI REAL  PRIVATE LIMITED	ALTF OKHLA 101, ROOM NO. MR-1, PLT NO. 101, MATHURA ROAD, OKHLA, NEW DELHI, Delhi	India
S2-549281856	Pacific Léague	310 CASS STREET, CITY OF CHILTON, WI	US
S2-911029883	I 8 W TPG	5 140TH ST, OCEAN CITY, MD	US
S2-116810829	Mr Kiran Travels Co	H NEAR POLE NO ##45, PHERWAN PANNA VILL JHARODA KALAN, NAJAFGARH, NEW DELHI, दिल्ली	India
S2-780303954	Contreras and Johnson Inc Center	DELAWARE, 425 STEEPLECHASE SAINT, OH	US
S2-897666902	GLOBAL INTEGRATED HILLS LLC LLC		US
S2-815487396	>> Suellen Mendoza Clean Development	11 1/2 CROSS RD, HAVERHILL, MA	US
S2-756779885	ROBINSON, AUSTINE, L.C.S.W., M.D., P.C.	6968 STAR RD, NY, ELLENBURG	US
S2-727877543	SNIDERFRATTO.COM	CONROE, TX, 2202 STRONG HORSE DRIVE	US
S2-85967086	Cradel Golden Private Limited	12/2, PARK MANSION, 57A, PARK STREET, KOLKATA, KOLKATA, West Bengal	India
S2-925259795	Zack Fortis	8425 ESTES STREET, KEN CARYL, CO	US
S2-512698518	>> TRADING MAA SOLUTIONS PVT LTD	Delhi, 0098-B LIG FLATS, null, MAYA PURI	India
S2-10352518	एपेक्स एनर्जी प्राइवेट लिमिटेड	D-83 OKHLA INUSTRIAL AREA, NEW DELHI, SOUTH DELHI, Delhi	India
S2-996993116	Stevenson  Phrjcct	1383 BOYLSTON ST, BOSTON, MA	US
S2-429309513	Cornerstone LLC Partners	250 1ST AVE, CHARLESTOWN, MA	US
S2-686993362	FUTURE CONSTRUCTlONS PRIVATE LIMITED	GROUND FLOOH, N-73, SHYAM NAGAR, NEW DELHI, दिल्ली	India
S2-906584229	navrang lab pvt ltd	152, SECTOR-9 HUDA, AMBALA, AMBALA, हरियाणा	India
S2-111713975	Interfaith  League		US
S2-798539357	COASTAL VETERINARY CLINIC	110 1ST STREET, CHASKA, MN	US
S2-55136704	BAY  MONTESSORI	BROWNSVILLE, 06135 TECATE DRIVE, TX	US
S2-572168809	Aarvraj Terasnctr LLP	A#5 SEVADHAM SHRIPAL, NGR RAJAJI CROSS RD, KALYAN, Maharashtra	India
S2-630749398	Haryana-Works	PLOT NO-5 , HOUSE NO-4-2, S23/5, WATER FRONT ENCLAVE, MIYAPUR, TIRUMALAGIRI, Telangana	India
S2-972963977	BÁLDERAS-BICLACICBI	7454 SR 113, BERLN HEIGHTS, OH	US
S2-176337180	Chavez and Miller	6000 KUSHLA MCLEOD RD, EIGHHT MILE CITY, AL	US
S2-947070725	ಗುಜರಾತ್ ಸೂರ್ಯ ಟೆಕ್ನಾಲಜಿ ಪ್ರೈವೇಟ್ ಲಿಮಿಟೆಡ್	BUILDING NO. 74, RAJARAJESHWARINAGAR, BENGALURU, ಕರ್ನಾಟಕ	India
S2-725311697	@frascadata	1063 QUILLIAMS RD, CLEVELAND HEIGHTS, OH	US
S2-316773168	Reindeer Memtorihal Trust	DOOR NO 788/1 TP 3/424 A, RES NO: B3, 125/3 POOVATHODI, CHELARI, MALAPPURAM, Kerala	India
S2-883107245	Painters Union Local No 794 Corp	904 12TH STREET PL, NEWOTN, IA	US
S2-791868656	Sweet Bóok Store LLC	##101 CANAL STREET, BOSTON, MA	US
S2-886987909	Marget C. Tueeln, DO DO PLLC	432 245, MIDDLESEX, NY	US
S2-927074233	Shradha Clinic Limited	SHOP NO.A-72/10 NR, SANTOSHIMATA MANDIR, OLD BUS STAND, JHANSI, Uttar Pradesh	India
S2-840203098	गोल्डन इंडस्ट्रीज	E-61 SECTOR NO. 1, DWARKA, NEW DELHI, Delhi	India
S2-248521086	Teor	Biddle Street, BALTIMORE, MD	US
S2-599916867	Beth Center	OH, 3580 HIGH STREET, COLUMUBS CDP	US
S2-899528745	Filip Telecom of Little Rock	JUNIPER RD, LITTLE ROCK, AR	US
S2-926951078	METRO CÓALITION		US
S2-783737408	Rvi Educational Society Corp	21-, FLOOR 3, PLOT 30-34, GOKULDHAM CHS, KIKA STREET, GULALWADI, GIRGAON, MUMBAI, Maharashtra	India
S2-471771426	Shri Elite Limited Care	DOOR NO 713 407, 4TH FLOOR, SUNTECK CREST, MUKUND NAGAR, ANDHERI KURLA ROAD ANDHERI EAST, MUMBAI, Maharashtra	India
S2-759643012	మోడర్న్ ఇన్వెస్ట్‌మెంట్స్ ప్రైవేట్ లిమిటెడ్	14-5-11/6, NARASARAOPET, GUNTUR, Andhra Pradesh	India
S2-789244726	Surit Holdings Group	1108 KNOTT STREET, GA, ATLANTA CDP	US
S2-530902030	Rocky Regional Starry	116 SHAW ROAD, TELLICO PLAINS, TN	US
S2-144315760	pediatricdentalmedicine.com	1011 SPRING CREEK RD, TX, COLLINSVILLE	US
S2-163941191	Stevens Canaadihn	52- JUNIPER DRIVE, SAUGUS, MA	US
S2-495524066	भारत सिस्टम्स प्राइवेट लिमिटेड	##35 A-112, BASEMENT SHIVALIK COLONY, NEW DELHI, EAST DELHI, Delhi	India
S2-342897176	beaconmobilitysystems.com	702 SECOND ST, BELLWOOD BOROUGH, PA	US
S2-749649544	Private Suraj Earth Limited	#201 SAIDHAM P K ROAD MULUND WEST, MUMBAI, Maharashtra	India
S2-715386208	HOEKSTRA & NIETO LLC	OAK MEADOWS ROAD, BIRMINGHAM, AL	US
S2-964336238	Scholarship Fellowship Inc.	3930 HUFFMAN ROAD, ANCHORAGE, AK	US
S2-790158701	PV Ridge Mehhw LLC	98538 LAKE SHORE BLVD, EASTLAE, OH	US
S2-607708198	Jones Polska, LLC	104-106 FRANKLIN STREET, ITHACA, NY	US
S2-982637553	Secure Ventures  Diagnostic	10016 BELMONT AVE, KANSAS CITY, MO	US
S2-938778081	Gulf Spa	650 1000, CLEARFIELD, UT	US
S2-139584896	Ironclad-Center		US
S2-311628108	ligons, maxi smart waste inc	10288 56TH STREET, CLEAR LAKE, MN	US
S2-625855287	NM ROMAN	LOUISVILLE, 6909 WOODHAVEN PLACE DR, KY	US
S2-590386868	अल इंफ्रास्ट्रक्चर प्राइवेट लिमिटेड	RANJEET KUMAR KOTHARI S/O KANHAIYA LAL KOTHARI OSWAL KOTHARI MOHALLA, BIKANER, Rajasthan	India
S2-871285274	Beaver 6randeur Baner Transport Private	Maharashtra, ##201, BEAVER GRANDEUR BANER	India
S2-768791499	LAINEZ HOUSE  INC	57 FLORIDA STREET, BUFFALO, NY	US
S2-979380305	Jaxevo	1039 OAK MEADOWS RD, BIRMINGHAM, AL	US
S2-575315072	indiaorbitconsultancyprivate.com	37 , KARPAGAVINAYAGAR KOIL STREET, ALANDUR, CHENNAN-16., Tamil Nadu	India
S2-935113820	Global Trading Trading Private Limited	101, ARUN CHAMBERS, TARDEO, महाराष्ट्र	India
S2-297952448	CALDEON BREWING [INC]	05000 BROADBAND LANE, SIOUX FALLS, SD	US
S2-439773430	Harton Chtibc Veterinary	4889 76RD STREET, null, MUKILTO CITY, WA	US
S2-429175173	டைனமிக் சர்வீசஸ் லிமிடெட்	B3/10/11, ESWARAN NAGAR, STATE BANK COLONY ROAD GANDHI NAGAR, TIRUPPUR, COIMBATORE, Tamil Nadu	India
S2-333792225	Freeman, Anderson & Williams (Inc)	4204 WESCOTT DR, ARROWHEAD, AZ	US
S2-956136827	Kalli's Premier Inc Development	1902 26RD STREET, TOPEKA CTY, KS	US
S2-419941506	Titech Atlantcb Btc L.L.C.		US
S2-6630091	सनराइज रेड सिस्टम्स प्राइवेट लिमिटेड	NEW DELHI, Delhi, NORTH DELHI, HOUSE NO. 402 BLOCK -A3 SECTOR-13 PRINTER APARTMENTS ROHINI	India
S2-715154458	Certified  Cargo-Technologies Inc	2756-2760 ANGELINA DRIVE, ROUND ROCK, TX	US
S2-46279481	Hancox and Wells L.L.C.	1623-1625 FELDBROOK ROAD, TOWSON, MD	US
S2-483807584	PHYSICAL THERAPY CUSTOM	781 5, PULASKI, NY	US
S2-703208767	Rahel Ríchardson Pacific Inc	VA, 22 RIVERLNDS DR, NEWPORTT NEWS	US
S2-38677580	Stylish Tíeup Co	6, ADARSH INDUSTRIAL ESTATE, SAHAR ROAD, ANDHERI (EACT), महाराष्ट्र	India
S2-62863586	Secure Grand Center Services	20507- CLAY STONE CT, SPRING, TX	US
S2-917395231	Martino and Andrade	765 SONNE DR, ANNAPOLIS, MD	US
S2-823717984	Shivani Chits (India)	B-16SECOND FLOOR SECTOR-64, NOIDA, Uttar Pradesh	India
S2-665538064	Choice Grand Jena PC	6706 77TH DR, GLENDALE, AZ	US
S2-481303856	Bibi Bos Cantro		US
S2-7633172	Mears, Ridribguez and Johnson	709-711 DEAN AVE, CITY OF MONONA, WI	US
S2-238760821	Taveras Hórizon Biotech LLC	4702 CR 528A, ROSHARON, TX	US
S2-791992535	Supreme Mobility Inoaions-Cnocord	001035 NOD STREET, CONCORD, TN	US
S2-715269727	Houston  Historical	10840 1/2 NORTH FREEWAY, HOUSTON, TX	US
S2-973922655	फर्स्ट सॉफ्टवेयर प्राइवेट लिमिटेड	SHOP NO. 16, HARI HERITAGE PLOT NO. 17A & 20, KAMOTHE NAVI MUMBAI, MUMBAI CITY, MUMBAI, Maharashtra	India
S2-927448636	PV Rrdei Meshflow LLC	LAKE SHORE BLVD, EASTLAE, OH	US
S2-802996304	Advincula Physical	518 MELROSE LANE, INCORPORATED, IL	US
S2-609324727	ഹോട്ടൽ ഹെൽത്ത്‌കെയർ പ്രൈവറ്റ് ലിമിറ്റഡ്	NO 1-19/138A KARIMPANAPALAM, VATAKARA, KOZHIKODE, Kerala	India
S2-901297196	गैलेक्सी हेल्थकेयर प्राइवेट लिमिटेड	19 RIGN ROAD LAJPAT NAGAR-IV, NEW DELHI, SOUTH DELHI, Delhi	India
S2-509645535	Pelican Centre  Private Limited	Delhi, PLOT NO G-54 GROUND FLOOR VARDHMAN CENTRAL MALL LSC, NEHRU VIHAR LANDMARK MOTHER DAIRY, DELHI	India
S2-565972509	summitstarcalamos.com	0072 WAVERLY AVE, EASTCHESTER, NY	US
S2-947847425	Billye Kime Service	268 MAIN SAINT, MAYNARDVILLE, TN	US
S2-874987710	The Dent Cafe	1900 NEW HAVEN CT, MOORE, OK	US
S2-508854395	பிரீமியர் டெவலப்பர்ஸ்	NO ##103 N.B.ROAD, CHENNAI, Tamil Nadu	India
S2-726409105	QM Telecommunication Inc.		US
S2-42492954	STAHL L.L.C. CENTER	4441 GREYSTONE DRIVE, PO BOX 8885, CONCORD, NC	US
S2-440571253	Platinum Énbridge	1792  SALIDA DEL SOL, CHINO VALLEY, AZ	US
S2-676593314	Samridhi Corp Storage	5/4, B.T ROAD, TITAGARH, KOLKATA, KOLKATA, West Bengal	India
S2-50012262	TECHNOLOGIES JYOTI  INFOTECH PRIVATE LIMITED	Andhra Pradesh, 25-2-20JAYAKRISHNAPURA RAJAHMUNDRY., EAST GODAVARI	India
S2-288948025	bierly news inc.		US
S2-337156221	Advance Specialists Pvt Ltd	#177 C-187 VIVEK VIHAR, DELHI, Delhi	India
S2-622539630	Theodora Walker Clean	108 MOON CRADLE LN, CATONSVILLE, MD	US
S2-304543017	BANGALORE SOUTH LIMITED PRIVATE SRINIVASA	NO 3-62-135 , 9, 1ST BLOCK, T MARIYAPPA ROAD, BANGALORE SOUTH, Karnataka	India
S2-29526921	567 Fourth Apartments	MANSELL AVE, AUSTIN, TX	US
S2-407990569	MIRANDA, INGRID CÓNTINENTAL CMS	1303 SPRING VALLEY DR, NACOGDOCHES, TX	US
S2-558488625	Sankatharan Entertainment Pvt. Ltd.	HN ##416 OFFICE NO.225, PLOT NO.51 SECTOR-15, CBD BELAPUR, NAVI MUMBAI, THANE, Maharashtra	India
S2-526497177	RUNWAYATWATERJULIANA.COM	COUNTRY PLACE, LONGVIEW, TX	US
S2-647494013	FARRAR, ROSS  & JONES,	23 CENTER ST, FREDONIA, NY	US
S2-461332269	Western Innovative Works-Inc Services	1944 200, SPANISH FORK TOWNSHIP, UT	US
S2-574207595	Mumbai Botanicals Pvt Ltd	PLOT 867 K-603, VISTA RAHEJA VIHAR, CHANDIVALI, MUMBAI, Maharashtra	India
S2-633418468	VARANASI CHITS PRIVATE LIMITED	D 57/56-A, SIDHGIRI BAGH, SIGRA, VARANASI, उत्तर प्रदेश	India
S2-429870484	Bond, Petrick & Tuttle Plains	0140 CANON DR, PADUUCAH, KY	US
S2-193556465	Pediatric-Dentistry Optimal Casntaaer Inc	MA, 31 LOVELAND ROAD, WBESTER	US
S2-376307367	Young, Byrne and Zachry Corporation	17 FRANKLIN PLACE, WASHINGTONVILLE, NY	US
S2-758578879	Roopva Ctmhictndds  Ltd	HN 716 C/O RAM SARAN ADHIRAJPUR NARAICHA, FATEHPUR, Uttar Pradesh	India
S2-725702064	DERMATOLOGY CARE	1602  PARSONS AVE, EAST SAINT LOUIS, IL	US
S2-934740466	QM Delicacies Private	महाराष्ट्र, NO 21 S. M. RESIDENCY PLOT-89/90 SEC 13 KHARGHRA, KHARGHAR	India
S2-364151169	VMI Entertainment	दिल्ली, 419  D-370, GANESH NAGAR, PANDAV NAGAR COMPLEX	India
S2-630840265	Awantika Pvt Ltd Center	H-##10/7, 2ND FLOOR, MALVIYA NAGAR, DELHI, Delhi	India
S2-117248671	Hyderabad Soft Private Ltd	NO 6-3-1112/7 , 203, SNOW DROP APTS NEAR KEERTHILAL JEWELLERS, SOMAJIGUDA, HYDERABAD, Telangana	India
S2-673040228	Interstate Guild	07064 ROSE TRAIL DR, MEMPHIS, TN	US
S2-435208601	HORIZONCURRENCYSHARESPARTNERS.COM (ID: 96218)	1039 SIXTH AVE, TROY CITY, NY	US
S2-482195750	YL Prime	652 600, WESTVILLE, IN	US
S2-883215266	Taveras Biotech Horizon LLC	4702 CR 528A, ROSHARON, TX	US
S2-214515274	Hester'S Development	12 PARKVIEW DR, PARK CITY, UT	US
S2-784802065	ಕ್ಲಾಸಿಕ್ ಸೊಲ್ಯೂಷನ್ಸ್ ಪ್ರೈವೇಟ್ ಲಿಮಿಟೆಡ್	NO.37, 2ND CROSS, GANESHA TEMPLE STREET, NEAR DEEPA NURSING HOME, MARATHAHALLI, BANGALORE, Karnataka	India
S2-111433674	United Quality Spac LLC	1124 A AVE, EDMONDS, WA	US
S2-259122712	Coreen Collins Quality Cargo	021112 COLD SPRING LN, CORNELIUS, NC	US
S2-230150652	Ble Youth Lindstrom Chiropractic	31242 ORTON DRIVE, LINDSTROM, MN	US
S2-111177002	Youth Enterprises Limited	S. NO. #21 NEAR PMC SCHOOL DHANORI ROAD DHANORI, PUNE, महाराष्ट्र	India
S2-786355281	American Pedaitris	16125. LEITCHFIELD ROAD, null, BIG CLIFTY, KY	US
S2-40673940	Pinnacle Integrated Inc Partners	1073 MOUND ST, CINCINNATI, OH	US
S2-479742934	फर्स्ट सॉफ्टवेयर प्राइवेट लिमिटेड	16, HARI HERITAGE PLOT NO. 17A & 20, KAMOTHE NAVI MUMBAI, MUMBAI, MUMBAI CITY, Maharashtra	India
S2-512203169	greaternoidagrand.com	GF-4, OMAXE ARCADE, NEAR OMAXE NRI CITY PARI CHOWK, GREATER NOIDA, Uttar Pradesh	India
S2-986915727	DT Solutions Private Ltd	SECOND FLOOR, NANDANAM BUILDING, CHAKKARAPARAMBU VENNALA, KOCHI, Keralam	India
S2-475072123	Br0wn's Reliable Cosmetics	#6 ADAMS LANE, SHERBORN, MA	US
S2-122820835	Urology Partners	002501 SLAYTON DRIVE, BLOOMINGTON, IL	US
S2-714407307	Vertical Private Limited Service	26, 14TH MAIN JUDICIAL LAYOUT, GKVK POST, BANGALORE, Karnataka	India
S2-680391965	nsmontessori.com	#295 FOWLER STREET, ROSEBURG, OR	US
S2-635754026	Aventure Cosnnauiltanicy	BLOCK F-959 C/O BALRAM YADAV, KAKRI INDASO NAGRA BALLIA, RASRA, Uttar Pradesh	India
S2-461414434	RAJUS CONSTRUCTION  PRIVATE LTD	C/O PUSHKAR VERMA AMBEDKAR NAGAR MALIPUR ROAD, JALALPUR, Uttar Pradesh	India
S2-790245624	BALAJI-MANAGEMENT  PRIVATE LIMITED	XL/96INDIA GUEST HOUSE PALACE DURBAR HALL ROAD, ERNAKULAM, കേരളം	India
S2-432836445	Prime Holdings Partners	011937 YARDARM DR, BERLIN, MD	US
S2-739142777	रेड इंफ्रा प्राइवेट लिमिटेड	Maharashtra, SILLOD, AURANGABAD, H.NO 235 C/O BHAUSSAHEB GODASE, BABHULGAON BK	India
S2-23868995	KZWCONSULTANTS.COM	DOOR NO 816 E-2/138 ARERA COLONY, BHOPAL, Madhya Pradesh	India
S2-395807715	Express Commodity	Woodburn Drive, SWANANNOA, NC	US
S2-412205165	Raja Ínternational School	M-49, IIND FLOOR, M BLOCK, MARKET, GREATER KAILASH-I., Delhi	India
S2-664465136	The Innovative Unified Environmental Services LLC	19 WASHINGTON SAINT, MALDEN, MA	US
S2-577167048	DHAROHAR PRIVATE LIMITED SERVICES	D/124 PADULE NIVASH, INDAPUR KALTHAN NO.2, INDAPUR, Maharashtra	India
S2-891297863	Wayne, Marilin Continental Winvest of Fort Sylvéstre	BAYLESS LN, FT. WAYNE, IN	US
S2-560627638	Varanasi Chits Private Limited	D 57/56-A, SIDHGIRI BAGH, SIGRA, VARANASI, Uttar Pradesh	India
S2-405479242	Halceus Insurance LLC	015117 BERNADETTE COURT, CHANTILLY, VA	US
S2-636663865	CULVER ASHFORD	8664 BLUE JAY WAY, CITRUS HEIGHTS, CA	US
S2-835412300	Black Global Private Ltd	26/2/3, ARMENIAN STREET 4TH FLOOR, KOLKATA, KOLKATA, West Bengal	India
S2-855069581	Zack Fmeoartis Inc	KEN CARYL, 8425 ESTES ST, CO	US
S2-269907347	Elias First	WA, SEDRO-WOOLLEY, 26554 Panorama Pl	US
S2-491077575	Bureau of Motor  Vehicles	1412 ANNIE LN, LIBERTYVILLE CDP, IL	US
S2-183496525	Sri Dk Foundation Private Limited [Service]	#63 B, 13TH CROSS, 2ND MAIN, JP NAGAR, 3RD PHASE, BANGALORE, ಕರ್ನಾಟಕ	India
S2-638875284	विजय मीडिया प्राइवेट लिमिटेड	HNOC-96 KACHNAR BARSHANA, PASS EKTA NAGAR ROAD, JABALPUR, Madhya Pradesh	India
S2-565522020	LLC ANCHOR SOLARIUS	MD, 435 DANVILLE AVENUE, BALTIMORE	US
S2-924610776	CAEFDIBOLGOY  GROUP	450 SISKIYOU BOULEVARD, ASHLAND, OR	US
S2-21401101	Shiva कंस्ट्रक्शन	H.NO 28 , DR.AMBEDKAR SOC MANKAPUR SOC, KORADI RCAD, NAGPUR, महाराष्ट्र	India
S2-97431341	Leverex Services	CA, BOUULDER CREEK, 260 CHENEY WAY	US
S2-813957247	गुरु इंफोटेक प्राइवेट लिमिटेड	FIRST FLOOR HOUSE NO 2-9/23 WARD NO 22 LAXMI GARDEN, GURGAON, Haryana	India
S2-832603014	Taber Communications	WA, LYNNWOOD, 18604 36TH AVENUE	US
S2-558043785	Sri Veofayekelo	NO: 9-63, KANYAKUMARI, Tamil Nadu	India
S2-941298497	Ct (India) Essence Pvt	SECTOR-4E, SECTOR-9 &11, DELHI ROAD, HISAR, Haryana	India
S2-530053708	Incorporated South Lending	##456 MORNING STAR ROAD, PANTEGO, NC	US
S2-899881829	Eisen Foundation Pvt. Ltd	FALT NO.#207, B-BLOCK, SRI LAKSHMI KRISHNA PARADISE, WIDIA COLONY, OPP. ST.RITASCHOOL, MIYAPUR, HYDERABAD, తెలంగాణ	India
S2-576267747	2511 First Road	2124 SEVENTH ST, LUMBERTON, NC	US
S2-835530211	Relive (India) Technologies Private Ltd	NO 012 , BLOCK-G1, POCKET-3 SECTOR-G-8, NARELA, DELHI, Delhi	India
S2-762992515	LLC Romack School of Medicine	124 Runion St, ELIZABETHTON, TN	US
S2-450845048	శ్యామ్ హాస్పిటాలిటీ ప్రైవేట్ లిమిటెడ్	# -40/3/A, HYDERABAD, Andhra Pradesh	India
S2-734860877	Taylor, Hernandez + Cathey Incorporated	1434 LONGACRE DR, CINCINNATI, OH	US
S2-772008077	Corp Zbv Textiles	#605, SAMARTH VAIBHAV BLDG, OSHIWARA, ANDHERI (WEST), MUMBAI, Maharashtra	India
S2-710930131	டைனமிக் Services லிமிடெட்	B3/10/11, TIRUPPUR, தமிழ்நாடு, COIMBATORE, ESWARAN NAGAR, STATE BANK COLONY ROAD GANDHI NAGAR	India
S2-644963035	Aarvin Imga Corp	తెలంగాణ, 1-9-123  & 124 3RD FLOOR, RAMNAGAR, MUSHEERABAD, HYDERABAD	India
S2-413264135	Services Suryateja Cómmercial Private Limited	Karnataka, 718 , 1ST FLOOR, 23RD CROSS IDEAL HOMES TOWNSHIP, RAJARAJESHWARI NAG, AR, BANGALORE	India
S2-883205768	Essential Agro	Gujarat, ##9 GANGA SAGAR PARK NANA MAUVA ROAD, RAJKOT	India
S2-311766966	Heart-Network Partners	234 SAPLING LN, KNOXVIILLE, TN	US
S2-589095767	ಅಪೆಕ್ಸ್ ವೆಂಚರ್ಸ್ ಪ್ರೈವೇಟ್ ಲಿಮಿಟೆಡ್	###21, 7TH MAIN, 13TH CROSS, AGRAHARA DASARAHALLI, BANGALORE, Karnataka	India
S2-664268463	RBLACK.COM	45 CENTRAL AVE, ALBANY, NY	US
S2-450536857	हाई कंसल्टेंसी प्राइवेट लिमिटेड	FLAT NO. 201, GURGAON, हरियाणा	India
S2-195313627	dpbrc.com	#1861 VANDERPOOL RD, VILAS, NC	US
S2-711679	RAPID CÁASBCI LEASE INC	2353 209, OLIVE HIL, KY	US
S2-76072791	A+ Token Ltd	##1879 MELANZANA DR, HILLIARD, OH	US
S2-594452968	Indian Business Pvt	महाराष्ट्र, 419., 4TH FLOR, ATLANTA ESTATE, GOREGAON EAST	India
S2-399076986	RAM PRIVATE LIMITED [SERVICES]	C-11 BALAJI INDL ESTATENAVGHAR CROSS ROAD BHAYANDAR, THANE, Maharashtra	India
S2-57691559	Peters Wintergreen	3368. DICKENS ROAD, HAMBURG, NY	US
S2-499605271	Beneex Inc Center	3119 AUTUMN LEAF DR, FRIENDSWOOD, TX	US
S2-835283632	Brk-(India) Producer	29, 48 CHAMBERS JHOKAN BAGH CIVIL LINES, JHANSI, Uttar Pradesh	India
S2-111741937	Sky Heights (India) Private Ltd	Andhra Pradesh, 6-20-34, DURGA NAGAR, DURGA NAGAR, PAYAKARAOPETA, YELLAMANCHILI, VISAKHAPATNAM	India
S2-720241237	Shree Private Services Limited	#455 PLOT NO.IA/6, VIJAYAPURI COLONY, HAYATHNAGAR, Telangana	India
S2-445976870	Mysore Clinical [Center]	#465 , 18TH CROSS, ROOPANAGAR, MYSORE, ಕರ್ನಾಟಕ	India
S2-685148866	37/95 Rush	37W 888 BINNIE RD, CARPENTERSVILLE, IL	US
S2-707452840	Womens [Health]		US
S2-203852352	BURKE INC CENTER	213- ST MARYS AVE, STATEN ISLAND, NY	US
S2-143033803	Trading  Maa Solutions Pvt	DOOR NO 0098-B LIG FLATS, MAYA PURI, null, Delhi	India
S2-982081436	ABRAHAM KRAKACQUISITION,	CA, NORTH HIGHLANDS, 4930 COLLEGE OAK DR	US
S2-674165590	Pinnacle Data LLC Services	87TH ST, EVERGREEN PARK, IL	US
S2-461565781	MARIELE DOMINION VALLEY GRASSO INC	1656 74 ST, BROOKLYN, NY	US
S2-926866866	Loren Mcneil Federal Living Inc	##7618 FOLK AVE, SAINT LOUIS, MO	US
S2-118704849	Avaan Nidhi (India) Pvt	ಕರ್ನಾಟಕ, NO. 93, PUTTENAHALLI MAIN ROAD, K.R LAYOUT 2ND 'A' CROSS, J.P NAGAR 6TH PHASE, BANGALORE	India
S2-475072421	Vision Limited Services	C - 278/1/11 , GALI NO. - 11 C - BLOCK, BHAJANPURA, Delhi	India
S2-33077253	Gilley Émpire Súperior	10199 US 41, MONTEAGLLE, TN	US
S2-790592000	Nahata Services (India) Services	108, NEW CLOTH MARKET, PUR ROAD, BHILWARA, राजस्थान	India
S2-159185567	Shree Public	CK 8/84., GARWASHI, TOLA VARANASI, VARANASI, Uttar Pradesh	India
S2-624253490	డిజిటల్ ఇంజనీరింగ్ ప్రైవేట్ లిమిటెడ్	H NO 1-3/5 SURYA NAGAR, MEDCHAL, K.V.RANGAREDDY, Telangana	India
S2-651726674	Krishna Énterprises Pvt. Ltd	FL 3-01 SHREYASH GARDEN, DSK ROAD DHAYARI, PUNE, Maharashtra	India
S2-549906748	DIBARTOLOMEO MCNULTY LLC CENTER	72 Roxbury Rd, WV, WHITE HALL	US
S2-627491438	Llc Wilson and Walters Encore	1130 Mile 6, WESLACO, TX	US
S2-839310174	YB Gólden	Delhi, 3 SHIVJI MARG WESTEND GREENS RANGPURI, NEW DELHI	India
S2-329125344	... Rev It [Up]	AR, JONESBORO, 1115 WALKER PL	US
S2-134859850	STARDOM AGRO	DOOR NO 6 , STREET NO.2, TIGRI WEST GREATER NOIDA, NOIDA, Uttar Pradesh	India
S2-969125496	DERMATOLOGY CARE ASSOCIATES OF HOLLY SPRINGS	7281 42, HOLLY SPRINGS, NC	US
S2-273552762	Willow LLC	244- Antler Avenue, REDMOND, OR	US
S2-66780949	City Traders Private	NO.513/1  , HONNA ENCLAVE K.N.AGRAHARA, K.R.MOHALLA, MYSORE, ಕರ್ನಾಟಕ	India
S2-360208477	Vision Smolcutbns Private Limited	NO 79, RAJYOG SOCIETY AT POST KHORAJ, GANDHINAGAR, GANDHINAGAR, Gujarat	India
S2-360752431	सेवन मार्केटिंग प्राइवेट लिमिटेड	PUNE, PUNE CITY, महाराष्ट्र, AMAR MANOR SHOP NO.10	India
S2-46733260	ZHOU ANCHOR MIDLAND	305 1ST AVENUE, ROCKFORD, PMB 8617, IA	US
S2-213008915	Cure Hair Studio Service	6608 BYRON RD, null, BRON, NY	US
S2-407875266	Quoriza	30 RUBY COURT, DARTMOUTH, MA	US
S2-135193357	ഭാരത് ശക്തി ബിസിനസ് പ്രൈവറ്റ് ലിമിറ്റഡ്	PULLIYIL, KOLLAM, Kerala	India
S2-104223069	Bava	102 ARBOR CT, MOUNT PROSPECT, IL	US
S2-602883587	Residency-Pvt. Life Road (Ltd.)	NO.6 & 7, SAINT PATRIX COMPLEX, 'C' BLOCK PATRICK COMPLEX, RESIDENCY ROAD, Karnataka	India
S2-123208048	>> G & I Farms L.L.C.	5616 INDEPENDENCE AVE, WATERLOO, IA	US
S2-306470281	QUANTELLE  STARRY	#300 MINQUADALE BOULEVARD, NEWC ASTLE, DE	US
S2-819940255	Copeland Colonial  Services	NC, 2730-C WAKEFIELD PINES DRIVE, RALEIGH	US
S2-678961431	Ridhi Enterprises Private (Ltd)	P.NO.4 AND 4 A, H.NO. 8-2-293, FLAT 303, ANUSHKA TRENDZ BUILDING, ROAD NO.14, BANJ, ARA HILLS, HYDERABAD, తెలంగాణ	India
S2-642626389	Sai Enterprises Co	PLOT 4 401, EMPRESS TOWER, THE BOTANIKA JAYABHERI ENCLAVE, GACHIBOWLI, HYDERABAD, Andhra Pradesh	India
S2-3543085	ridgequalitycharles.com	00546 CHICOPEE ST, CHICOPEE, MA	US
S2-53059421	Primary  Care Clinic Corp	1011 STAN SCHLUETER LOOP, KILLEEN, TX	US
S2-847043326	Proiate Classic Management Limited	D/25/303 HANSA TOWER, CENTRAL MARKET ASHOK VIHAR, DELHI, दिल्ली	India
S2-535093322	SURYAYA FARMS PRIVATE LIMITED		India
S2-621851964	Fdt	680 SIERRA TRL, CHANHASSEN, MN	US
S2-247861128	NARMADA ABODE-LIMITED	DOOR NO.9-19-20/A C.B.M COMPOUND, VISAKHAPATNAM, Andhra Pradesh	India
S2-361659812	Bhagirath (+)	127, BASSTI HAZRAT, NIZAMUDDIN, Delhi	India
S2-150436651	ADVANCE SPECIALISTS	H.NO 177 C-187 VIVEK VIHAR, DELHI, Delhi	India
S2-405484524	A  Choice British	1281  HACIENDA PINES DRIVE, AZ, SHOW LLOW	US
S2-133373442	Shree Trafdig Pvt. Ltd.	472 W. NO. 13, NEAR DAV SCHOOL, KURALI, ਪੰਜਾਬ	India
S2-719839761	Smt Sree Ádvisors	DOOR NO 763 325, CHENOY TRADE CENTRE, PARKLANE, SECUNDERABAD ANDHRA PRADESH, Telangana	India
S2-740628283	Sri vindhyachalsevasamiti.com	1302, FLOOR-13, PLOT -17/17A, HILL VIEW CHS, HUTATMA DATTARAM BHAU KOYANDE MARG, WADIBUNDER, MAZGAON, MUMBAI, Maharashtra	India
S2-7485073	Inc Dermatology Centre	24413 38ST AVENUE COURT, SPANAWAY, WA	US
S2-996364471	इंडियन एस्टेट प्राइवेट लिमिटेड	HN 691 A3/605, NEW DELHI, Delhi	India
S2-772863075	Pediatric Superior Physicians	3170 STATE RTE 13, CROOKSVILLE, OH	US
S2-866829147	M/s Canara Enterprises Private Ltd	PLOT 0964 F-239, F/F, LAXMI NAGAR, EAST DELHI, दिल्ली	India
S2-780425935	Jarlay Environmental Cdgnic	6711. 45TH ST, INDIANAPOLIS, IN	US
S2-667807187	Creative Health LLC [Enterprises]	WA, MOSES LAKE, 1108 CLOIER DR	US
S2-781684251	New Properties Properties Private Ltd	SHIV SHAKTI INTL SCHOOL, NARAYAN VIHAR MODE ASARPURA VILLAGE, GOPALPURA BYEPASS, JAIPUR, Rajasthan	India
S2-846671955	Apex Energy Private	D-83 OKHLA INDUSTRIAL AREA, PHASE -1, NEW DELHI, Delhi	India
S2-906973210	Cultural Program	3101 1/2 WESTERN AVENUE, MARION, IN	US
S2-98625753	American  Clinic Veterinary	479 MASSACHUSETTS AVENUE, BOSTON CITY, MA	US
S2-16444781	Star Keystone Star	3701 MCKINLEY SRTEET, OMAHA, NE	US
S2-156794782	Urology Partners  LLC	STAR, NC, 222. MAIN STREET	US
S2-76611712	Surya Tech-Private	#168, FARWAIN KALAN, SIRSA, N/A, Haryana	India
S2-360117366	Manipal Seva	NAZEEMPURA BHOOR, OPP. HINDUSTAN COLD STORAGE, BULANDSHAHR, Uttar Pradesh	India
S2-505559859	Division of Veterans Affairs Corp	1500 1/2 KEELEN DR, SAINT LOUIS, MO	US
S2-515995895	The Ronna Quade Prairie-Devices LLC	328 JEFFERSON ST, SPRING GREEN, WI	US
S2-2836222	CHIN FRONTIER BIOWORKS	00234 BIRCH AVE, COLLEGE PLACE, WA	US
S2-459773140	Bureau  of Aging Corp	1106 TAMARACK WAY, CITY OF VERONA, WI	US
S2-81061809	Martino and Hendrix LLC	6720 CORSAIR AVE, PRESCOTT, AZ	US
S2-330697661	Vodafone  Corp	D.NO.12-1-23, JAWAHAR STREET, NEAR PINDAL CHERUVU, KAKINADA, Andhra Pradesh	India
S2-916846972	Belonex	D-G-1/238, G/F KH NO-25, GALI NO-1 HARSH VIHAR NR DEWAN COMPLEX, DELHI, EAST DELHI, दिल्ली	India
S2-547762856	JAMES'S ASSOCIATES	8609 LEONARD ST, <NULL>, PORTTLAND, OR	US
S2-76808233	My ಕ್ರಿಯೇಟಿವ್ Services ಪ್ರೈವೇಟ್ ಲಿಮಿಟೆಡ್	#1275 GAGANACHUMBI DOUBLE, ROAD, CHAMARAJA MOHALLA, MYSORE, Karnataka	India
S2-732361695	WATSON SAUL LTD	687 OLD JOHNS RIVER RD, BLOWING ORCK, NC	US
S2-475287365	North Keystone Hamilton LLC	11904 KINGSBURY COURT, HENRICO, VA	US
S2-796051152	Advanced Security Innovations	808 FIFE AVENUE, SAPULPA, OK	US
S2-693188178	Mitchell, Lise, Center	2720, MAXWELL, TX	US
S2-704717029	Golden PC Services	200 SKIDMORE RD, NULL, SUTTON TOWNSHIP, WV	US
S2-987618837	ALLRETAILSTUDIOS.COM	HUNTERS CREEK STREET, HIGHLANDS RANCH, CO	US
S2-24532237	Chennai-61 System Private Limited		India
S2-863071904	Beix Inc.	702-A ORLY LANE, WILMINGTON, NC	US
S2-276048494	Marilin Sylvestre Continental of Fort Wayne Partners	10335 BAYLESS LN, FT. WAYNE, IN	US
S2-88952269	The Jarlance Miluna Co	107 MADISON MILL DR, NOLENSVILLE, TN	US
S2-734085537	सुप्रीम इम्पेक्स प्रा. लि.	#0836 AROPUR, PATNA, Bihar	India
S2-821906355	Person Medical Center	1920 A ST, LINCOLN, NE	US
S2-134829976	Deeanne Bailey Robotics PLLC Center	7355 PERRYDALE RD, POLK COUNTY, OR	US
S2-437148898	MENARD INC. [CENTER]	35 RUSSELL ST, BARRINGTON, IL	US
S2-693767083	JU Ass0n Private Limited	VILL BADHANU, ALIGARH, N/A, Uttar Pradesh	India
S2-128148091	FRONTIER CHARITIES-P.C.	8500 GRANTSHIRE LANE, PO BOX 9451, ST LOUIS, MO	US
S2-330598100	Jacklin Armendariz Tailwind Co	40 CHARLSE ST, DORCHESTER, MA	US
S2-710611075	BEACON GREAT STONEBRIDGE	5209 30RD ST, FORT SMITH, AR	US
S2-141274887	Rizazephbrix	1059 1/2 BOSTON POST RD, MAMARONECK, NY	US
S2-596918577	PFK Roman LLC	2249 FIFTEENTH STREET, HOWARD LAKE, MN	US
S2-7398642	ಬಾಲಾಜಿ ಜೈನ್ ಪ್ರಾಜೆಕ್ಟ್ಸ್ ಪ್ರೈವೇಟ್ ಲಿಮಿಟೆಡ್	DOOR NO 687, VAJRA, 1ST FLOOR, 15TH CROSS, 100 FT ROAD, JP NAGAR 2ND PH, BANGALORE, ASE, ಕರ್ನಾಟಕ	India
S2-552993763	Limited AM Iacd	CHAMBER 1 A 257, SARITA VIHAR, DELHI	India
S2-677953532	Apex (India) Pcecss Private Límited	DOOR NO 01 , R.C. MARG VASHI NAKA, NEAR MANISH VIJAY COMPLEX OPP. ISLAMPUR, CHEMBUR, MUMBAI, Maharashtra	India
S2-972697977	J/G Únited LP	2744 COLTER STREET, NORTHWEST ANNEX, AZ	US
S2-9189417	Premier Industrial Tehnologies Inc.	16 SPRUCE ST, LOCKPORT, NY	US
S2-836135745	Institute Mémorial Trust	UG 4-06, GROUND FLOOR, MGF METROPOLIS MALL, MG ROAD, DLF QE, Haryana	India
S2-217353306	RESTAURANT	3532 1/2 ABERDEEN AVENUE, ALTON, IL	US
S2-739991926	Harding Charter School Pc	MA, BRIGHTON, 40 CUMMINGS RD	US
S2-547561714	ಸೌತ್ ಫುಡ್ಸ್ ಪ್ರೈವೇಟ್ ಲಿಮಿಟೆಡ್	NO 35, 1ST MAIN, 4TH CROSS, NANJAPPA LAYOUT ABOVE SRINIVASA GENERAL STORE, ADUGODI, BANGALORE, Karnataka	India
S2-921820198	Davine Crabtree Horizon	117 PARK DR, BOSTON, MA	US
S2-543960558	India Santosh Services Services	H.NO 216- HOUSE NO. 4/38/8 SANCHALI BAZAR, BANGA, Punjab	India
S2-159717090	Ceus Prfemier Group Group	3195-3197 LOOP ROAD, STEELE, AL	US
S2-86401321	Cox Medical Center Inc	2417 ROBERTSON AVE, CINCINNATI, OH	US
S2-857502886	शक्ति गैलेक्सी कंसल्टेंसी	A/13/1  SOUTH SIDE G T RAOD INDUSTRIEAL AREA NATIONAL HIGHW, AY, GHAZIABAD, Uttar Pradesh	India
S2-229062944	>> DERMATOLOGY CENTER INC	24413 38ST AVENUE COURT, SPANAWAY, WA	US
S2-653801696	Garcia Holdings	2 FAWN RIDGE DR, BROOKFIELD, CT	US
S2-860590902	SOFTLINE DÉVELOPERS LIMITED LIMITED	#68 B 204 2ND FLOOR, BLOCK-B, BESTECH BUSINESS TOWER, S.A.S.NAGAR (MOHALI), ਪੰਜਾਬ	India
S2-282163876	Graham's Appliance	414 TNLER AVE, GROTON TOWNSHIP, CT	US
S2-279145323	श्री फूड प्राइवेट लिमिटेड	C-##99, SECTOR-34, SUNCITY RTK, ROHTAK, HARYANA, ROHTAK, GURGAON, Haryana	India
S2-455339213	enigmametals.com	HNO 1004/8 RAMESHWARPURI GANDI NAGAR, BASTI, Uttar Pradesh	India
S2-70188666	Sanskruti Technologiesprivate Pvt (Ltd)	N/A, Tamil Nadu, 29, COONOOR ROAD	India
S2-294462914	SUPREME MOBILITY  INNOVATIONS-CONCORD LP	001035 NOD STREET, CONCORD, TN	US
S2-402043699	Nexkelofaye	BERLIN, CT, 25-27 WHITNEY LN	US
S2-97719472	Metropolitan Legacy  Mrdcap Inc	PLYMOUTH, 3 VILLAGE GREEN, MA	US
S2-436189211	Legacy Mobility Uni,e Inc	1981 12, LINCKLAEN, NY	US
S2-581420502	Bright Sck PLLC	205 HIGH VALLEY DRIVE, LIBERTY HILL, TX	US
S2-732880625	Geor Pártners	#6276 113, MILLSAP, TX	US
S2-388730158	આલ્ફા ઇન્ફ્રાસ્ટ્રક્ચર પ્રાઇવેટ લિમિટેડ	G / 5INDUSTRIAL- ESTATE GOEWA, ANAND, NULL, Gujarat	India
S2-579579697	Crowder Pharma	16 FAIRWAY DRIVE, EVANSVVILLE CITY, IN	US
S2-667881889	Route Tracom Private	C-359, SOBO CENTER, NR S. P. RING ROAD, SOUTH BOPAL, AHMEDABAD, ગુજરાત	India
S2-64994856	गोल्डन इंजीनियरिंग प्राइवेट लिमिटेड	#00114 VG- VAJIRKHDEE, MALEGAON, NASHIK, Maharashtra	India
S2-469722964	HARBOR UNIFIED BISOCIENCE-LLC	9723 CANDACE TER, GLEN ALLEN, VA	US
S2-438136954	Federal Electronics Systems, Inc.	6633 WYCOMBE WAY, PARKVILLE, MD	US
S2-834159552	rockyassociation.com	12 GOULDING DRIVE, MA, AUBURN	US
S2-544416996	SERNA, GOKEY & MUNN VERTICAL (LLC)	#22 ELM ST, OYSTER BAY, NY	US
S2-822379370	Burton, Kent ánd Wbe	19761 CHELSEA WAY, BLOOMINGTON, IL	US
S2-475562544	VISION COMPLETE INC MEDICINE,	35D COLEMAN CIR, HAMPSTEAD, NC	US
S2-45268157	BRIGHT BOOK SATRE INC.	344 RED MOUNTAIN AVENUE, TORRINGTON, CT	US
S2-401101982	Munoz & Cantillo,	460 GOLF CLUB LN, CROSSVILLE, TN	US
S2-831917485	स्टार स्टार फूड्स लिमिटेड	D-87, F/F BLOCK-D, EAST OF KAILASH, MCD PARK, DELHI, SOUTH DELHI, Delhi	India
S2-254796982	2010 Broadway Place Realty	SC, YOKR, 00501 321	US
S2-415373661	Advanced Scrtiy Innovations LLC	808 FIFE AVE, SAPULPA, OK	US
S2-505361883	memorialinstitute.com	13116-C NORWOOD RD, RALEIGH, NC	US
S2-665370152	साउथ मैनेजमेंट प्राइवेट लिमिटेड	MAKNE MANDE, RAMBAG, PALGHAR DIST. THANE, THANE, PALGHAR, Maharashtra	India
S2-459765723	amritventures.com	FLAT 310  JAGDISH NAGAR KAKO ROAD, JEHANABAD, Bihar	India
S2-653660312	Capita1 Mínistries		US
S2-12629323	Good Acgeor Private Limited	ગુજરાત, 78 , SURVEY NO. 06, SHREEJI NAGAR, GANDHIDHAM	India
S2-625406813	UIV Labs Private	RADHA KISHAN COLD STOAGE, N. H. NO. 8, NADIAD, Gujarat	India
S2-810979048	Reid, Turner & Lemon Alliancebernstein Llc	144 HIDALGO LANE, ELGIN, TX	US
S2-200627442	... Pediatric  Physicians Co	11805 32ND ST, SANTA FE, TX	US
S2-188194418	Southern பாபா இன்ஃப்ராஸ்ட்ரக்சர் Private Limited	H.NO 121 GST ROADCHENNAI, CHENNAI, Tamil Nadu	India
S2-307467041	Ludwick, Cfll,e-DMD	2461 CORONADO RD, PHOENIX, AZ	US
S2-537118671	PATEL, PARTNERS + MARTIN MICROELECTRONICS OLLER	3544 VILLA DEL REY BLVD, BROWNSVILLE, TX	US
S2-831496791	Krv Traders Private	D.NO.40-1-16/65 KASTURI NAGAR 1, VISAKHAPATNAM, ఆంధ్రప్రదేశ్	India
S2-480040954	Karunamoyee lndia Pvt. Ltd.	SHOP NMO-##24, GRD FLOOR, B-42-43 SHANTI NAGAR SECTOR-1, MIRA ROAD (E), MIRA ROAD (E), Maharashtra	India
S2-178585131	Patel,  Oller Martin Microelectronics Partners Partners	3544 VILLA DEL REY BOULEVARD, BROWNSVILLE, TX	US
S2-411728598	Owens Ace Vnnotule Inc	2220 RED ROCK DR, BELTON, TX	US
S2-274109619	জৈন এনার্জি প্রাইভেট লিমিটেড	07, GRANT LANE, 2ND FLOOR, ROOM-208, P.S-BOWBAZAR, KOLKATA, KOLKATA, HOWRAH, পশ্চিমবঙ্গ	India
S2-862278140	গুজরাট টেক প্রাইভেট লিমিটেড	NO 4 KULADA RAY LANE, West Bengal, MURSHIDABAD, KHAGRA, BERHAMPORE	India
S2-310329359	LAGUE, HUCKABEE AND JIMEEZ LLC	JAMES GARFIELD ST, MANOR, TX	US
S2-806922618	Mr Timeless Charitable Trust Limited		India
S2-24997322	Inc Burke Copper	213- SAINT MARYS AVENUE, STATEN ISLAND, NY	US
S2-573070307	LP DERMATOLOGY PHYSÍCIANS OF HOLLY RIDGE	0184 TAR LANDING ROAD, HOLLY RIDGE, NC	US
S2-837575613	Southern ହେଲ୍ଥକେୟାର୍ ପ୍ରାଇଭେଟ୍ ଲିମିଟେଡ୍	BLOCK ROAD LATHIKATA, SUNDARGARH, Odisha	India
S2-607612568	Swastik India  Private Ltd	C2-12 0 3 SECTOR-16, VASHI, NAVIMUMBAI, Maharashtra	India
S2-126924864	ಅರ್ಬನ್ ಇಂಜಿನಿಯರಿಂಗ್ ಲಿಮಿಟೆಡ್	FLAT NO. D-0005, BANGALORE, ಕರ್ನಾಟಕ	India
S2-184256140	HALCYON LLC	19238-D FIELDS ROAD, HOUNSFIELD, NY	US
S2-308490277	National Investments	1481 8, TOWN OF ARMSTRONG CREEK, WI	US
S2-732268639	Private Si Trading Ltd	SNO 2/1/1 SHOP NO.2 BLD A, PUNE CITY, PUNE, महाराष्ट्र	India
S2-739003892	Whitlock, Allbright and Hamilton	MEDFORD, 42 ORCHARD STREET, MA	US
S2-387585281	>> Detwiler & Mceharicnt Northwest LLC	889. Wilda Rd, AUGUSTA COUNTY, VA	US
S2-127232684	Superfast-Healthcare Pvt	N/A, NO. 3/200C  1, NALLICHETTIPALAYAM (POST) ANNUR (VIA), Tamil Nadu	India
S2-602802839	Aarvin India  Corp	1-9-123  & 124 3RD FLOOR, RAMNAGAR, MUSHEERABAD, HYDERABAD, Telangana	India
S2-104112559	Dermatology Springs Associates of Holly Care #53335		US
S2-401153090	सेवन मार्केटिंग प्राइवेट लिमिटेड	AMAR MANOR SHOP NO.10, SNO.80/3, 32/3, WANAWADI, PUNE CITY, PUNE, महाराष्ट्र	India
S2-679271018	PERIDEON EPR, INC	8316 EXPRESS DR, MARION, IL	US
S2-166789158	Regional Mínistries LLC	OH, 205 WATER ST, WOODDVILLE	US
S2-120855164	alliednetwork.com	0120 Weakley Ln, SMYRNA, TN	US
S2-494155173	Consultancy-Balasai Services Private Limited	Maharashtra, FL NO 02, S NO 66, M NO 56/1, RITIKA COMPLEX, PUNE CITY	India
S2-773343189	ND STAKING	1890 GOVERNORS LNAE, HOFFMAN ESTATES, IL	US
S2-327327447	Berri Pierce Capital Beyond	HINKEL RD, CAT SPRING, TX	US
S2-784247547	corp s/z capital	16 SCHOOL ST, PMB 6734, FALMOUTH, MA	US
S2-540764315	The  Cesonnet Lodging Inc	542 BUTTOLPH DR, MIDDLEBURY, VT	US
S2-652846611	divisionconsumeraffairs.com	318 CEDAR SAINT, VILLAGE OF SOMERSET, WI	US
S2-739221300	SHAKTI MEDIA LIMITED	VILL & POST ITIYATHOK MARKET KHARAGPUR ROAD, GONDA, उत्तर प्रदेश	India
S2-353205439	Forte  and Pyle		US
S2-99089403	Strategies Sarasesh Strategies Private-Ltd	C P - 175, PRAKASH TOWER, VIRAJ KHAND, GOMTI NAGAR, LUCKNOW, Uttar Pradesh	India
S2-795206607	అర్బన్ ఇన్వెస్ట్‌మెంట్ ప్రైవేట్ లిమిటెడ్	SECUNDERABAD, Telangana, DOOR NO 9-10 FTB2, HYDERABAD, 2 FLR, BALAJI, NILAYAM, VENKATESH NAGAR	India
S2-331369772	STERLING & CO		India
S2-141572330	Clyis LLC Partners	150 Riverside Dr, AL, CLANNTON TOWNSHIP	US
S2-266177277	பிளாக் கன்ஸ்ட்ரக்ஷன் பிரைவேட் லிமிடெட்	126/6D, KOVILPATTI, THOOTHUKUDI, Tamil Nadu	India
S2-86362224	Mountain Collfe	<NULL>, SALISBURY, NC, 3305 ST PETERS CHURCH RD	US
S2-899327419	NM RGSNM LLC	6909 Woodhaven Place Dr, LOUISVILLE, KY	US
S2-392497	Keque Blue-Manufacturing Inc	610- DOGWOOD CREEK LANE, MATTHEWS TWONSHIP, NC	US
S2-868698825	Young, and Byrne Zachry	17 FRANKLIN PLACE, WASHINGTONVILLE, NY	US
S2-105622886	Christenson Choice Boutique	69- TIMBERWILDE DRIVE, TRINITY, TX	US
S2-552741307	bierlynews.com	6954 JACKSON CT, MERRILLVILLE, IN	US
S2-959317142	Holmes Group	5010 QUEENSBURY CIRCLE, SPOTSYLVANIA COUNTY, VA	US
S2-353392131	STAR  ELECTRONICS BRANDS	13 HORSESHOE ROAD, FARMINGTON, WV	US
S2-502463482	রেড প্রডিউসার প্রাইভেট লিমিটেড	8/4, KOLKATA, HOWRAH, পশ্চিমবঙ্গ	India
S2-426807680	Horvath Cfadsaslic Chain LLC	TX, DALLAS, 192 MCKINNEY AVE	US
S2-456283478	KRISHNA &	HN 139 D - 101, ARCHI PEACE PARK NEW VIDHYA NAGAR, SEC 4, UDAIPUR, राजस्थान	India
S2-181846531	Roth Creative Hovnanian Inc	CENTRAL STREET, NATICK, MA	US
S2-392683315	Zeex  LLC		US
S2-712355089	Mecham Pineapple Llc	304  SANDY LN, CHANDLER, OK	US
S2-629942571	Swarna-Vidyalaya Limited	Gujarat, DOOR NO 8 , KHANDHA COMMERCIAL CENTER. OPP. RAILWAY STATION. KEVDA WADI	India
S2-917426177	Hamilton School of	CA, THIRD STREET, SAN BERNARDINO	US
S2-934917311	Beth  [Church]	3580 HIGH STREET, COLUMUBS CDP, OH	US
S2-470358248	Kadamwadi Road Minds Co	PLOT NO 33, E WARD, SHIVARAJ COLONY, KADAMWADI ROAD, महाराष्ट्र	India
S2-190242729	Sri BROTHERSSHUBHAM.COM	KURNOOL, Andhra Pradesh, H.NO 40-808-C-2 SRINIVASA NAGAR	India
S2-122169125	ANCHOR  LLC SERVICES	DANVILLE AVE, MD, BALTIMORE	US
S2-590868726	Herrin Corporation	POELSTRA STREET, VAIL, AZ	US
S2-400697341	SURYAKSH  COROPEATE CORPORATION	C/O TEJ PRATAP SINGH, VILLAGE MADNAPUR POST MADNAPUR, RAE BARELI, Uttar Pradesh	India
S2-313434344	Piedmont Fund Ltd	3000 MNICONJU, FORT YATES, ND	US
S2-794058186	LOUlSA ROCKWELL RESTAURANT	SHEEPSHEAD BAY ROAD, BROOKLY CITY, NY	US
S2-609614785	Bryant Reliable Factory Co	MD, ANNAPOLIS, 2124 RENARD CT	US
S2-830086727	Inc Keziah Ínterests	200 CARTER ST, VICTORIA, TX	US
S2-463136647	इंडो मार्केटिंग	SHOP B1, PRABHAT VIEW CHS, PRABHAT DARSHAN, OPP. SHIRIK, DOMBIVALI, KALYAN, THANE, Maharashtra	India
S2-148116457	Sri Alliance Pvt Ltd-Partners	F.NO 401/402, 4TH FLOOR, HICON HEIGHTS PLOT NO 108, 24TH ROAD, BANDRA WEST, MUMBAI, Maharashtra	India
S2-342465697	CA5CADE (JMAES)	TX, FLATONIA, 429  FOURTH ST	US
S2-315988437	L.C.S.W.,, Candi Stewart, P.C.	279 FILLOW STREET, NORWALK, CT	US
S2-163305519	Prime-Regions PLLC	216 RAMEYTOWN ROAD, null, CHURCH HILL, TN	US
S2-295812213	Tellez Gss ((LLC))	16872 AVE OF THE FOUNTAINS, FOUNTAIN HILLS, AZ	US
S2-241956565	Daex Investments Inc	15600 WARWICK BOULEVARD, NEWPORT NEWS CITY, VA	US
S2-838670764	Management Maa  Bricks Ltd	GROUND FLOOR PLOT NO. 79 TO 82, BALAJI INDUSTRIAL VIBHAG-2, MANGROL, null, Gujarat	India
S2-949306899	DEVPUJAN INDIA	HN 53 ATTAR GALLI, NEAR CENTRAL LIBRARY, GULEDGUDDA, BAGALKOT, Karnataka	India
S2-702588446	Beacon PC Data	##3604 DOUBLETREE STREET, FOREST GROVE, OR	US
S2-738700691	KESTEON SUPPLY	64 1/2 WATER STREET, FREDONIA, NY	US
S2-362112403	Btsrva P.C.	102 ARBOR CT, MOUNT PROSPECT, IL	US
S2-763922924	Highland Services	PLOT NO 191  SHOP NO 12 13 GROUND FLOOR GULAB BAGH UTTAM NAGAR, DELHI, Delhi	India
S2-816651242	ആൽഫ മാനേജ്മെന്റ് ലിമിറ്റഡ്	IIND FLOORJAZ HOUSE PULLEPADY JN CHITTOOR ROAD, IDUKKI, ERNAKULAM, Kerala	India
S2-62359599	Chris Vbdmá-LLP	42, SHREENATHJI AASHIYANA, OPP. RTO OFFICE, HEDUVA HANUMAT, MAHESANA, ગુજરાત	India
S2-14683718	Complete Laboratories Center	249 FOREMAN RD, DECATUR, NY	US
S2-216863827	Metro  Fortune LLC	604-608 EDGERTON AVE, PO BOX 5259, TRUMANN, AR	US
S2-200198737	The Federal Huntington Inc	SPOTSYLVANIA COUNTY, VA, OLD DICKERSONS RD	US
S2-974604198	Apex Commercial	725 MOULL ST, NEWARK, OH	US
S2-909764884	Sawant Sots  Limited	D/204, TILAK BAZAR, Delhi	India
S2-99170429	EZ Usa	9506 CLOCKTOWER LN, COLUMBIA, MD	US
S2-951148197	Commission on	317. REDFERN STREET, HOMEWOOD, AL	US
S2-532459069	Yoder Cable	1408B FAIRWAY DR, BALDWIN COUNTY, AL	US
S2-488152538	TONIE'S MTHLRTS LLC	173 CANDLEWOOD DRIVE, SOUTH WINDSOR, CT	US
S2-784491002	Behavioral-Health Group	PO BOX 4502, IL, MOLINE, 247 40TH STREET	US
S2-813108789	BUREAU OF  AGING	1106 Tamarack Way, CITY OF VERONA, WI	US
S2-223174513	Bureau of	5015 SHEDD RD, PO BOX 3174, ELOY, AZ	US
S2-647589725	FARWELL & ARRIGO MICROELECTRONICS CORP	HAMMOND DR, HOT SPRINGS NATIONAL PARK, AR	US
S2-990934617	*** Vanguard Medical-Solutions, LLC	7111 Straccioni Lane, PRINCE GEORGE COUNTY, VA	US
S2-462558525	Maid  Deli	PIGEON FORGE, 1549. CLABO HOLLOW RD, TN	US
S2-661542476	Smt Karunamoyee India Pvt. Ltd.	SHOP NMO-##24, GRD FLOOR, B-42-43 SHANTI NAGAR SECTOR-1, MIRA ROAD (E), MIRA ROAD (E), Maharashtra	India
S2-992819033	ATLAS LP	306 WALNUT STREET, CASTALIA, OH	US
S2-766799198	ఈస్టర్న్ గ్రేట్ ఇండస్ట్రీస్ ప్రైవేట్ లిమిటెడ్	H NO 2-26/ F 401 BAGHAMEER KUKATPALLY, RANGAREDDY, HYDERABAD, తెలంగాణ	India
S2-805587632	Shri SHIVANI CHITS  PVT LTD CENTER		India
S2-211415523	Veravera	72 MADISON AVE, SPRINGFIELD, OH	US
S2-377761838	Quality  Dogecoin	3835 STATE AVENUE, INDIANAPOLIS, IN	US
S2-361724393	Caldos [Aviation,]	HARLIINGEN CDP, 21833 CRAGON RD, TX	US
S2-987643793	Lawlor Nova Inc.	AR, 37 CEDAR OAK WAY, MAMMOTH SPRING	US
S2-959352369	Su1livan Terra	72 FORD AVENUE, BARBERTON, OH	US
S2-63402864	Strategic Better Oncology	60-34 251 SAINT, LITTLE NECK, NY	US
S2-861489482	A Modern Aspen,	211 CHESTNUT CREEK, DARDENNE PRAIRIE, MO	US
S2-273130235	Bryant Reliable Services	2124 RENARD CT, ANNAPOLIS, MD	US
S2-390448416	CZ International  Private Limited	SCO NO 1-7 LGF RIVERDALE BUSINESS CENTRE HM, BHABAT ROAD ZIRAKPUR SAS NAGAR, RAJPURA, ਪੰਜਾਬ	India
S2-191047117	Hirel Retails (India)	K-27, GROUND FLOOR, GALI NO. 6, K-BLOCK LABOUR CHOWK, MAHIPAL PUR, NEW DELHI, Delhi	India
S2-140709415	Transcendent Entertiansment Private Limited	BL-A, 396 HO CHI MINH SARANI, KOLKATA, KOLKATA, West Bengal	India
S2-358871502	@lumicstaked	3812 SHIRE VALLEY DR, MISSOURI CITY, TX	US
S2-448607512	Mukta Law Chambers Company	5-41 SEA BREEZE BLDGJUHU TARA ROAS, MUMBAI, Maharashtra	India
S2-435083407	KING PEREZ AND MARIN COMPANIES  LLC	8028. 16ST AVE, SEATTLE, WA	US
S2-821021607	बाबा इंफोटेक प्राइवेट लिमिटेड	C/O- MINA DEVI, ANSURCHAK, SANJAT, Bihar	India
S2-905269043	Hedi Lowe Atlantic Security	3711C 5, DUNKKIRK, NY	US
S2-286433038	Metro Hoizno	626 Briar Ridge Cir, null, WARSAW, IN	US
S2-546145822	Miller  United Printing	PLEASANT ST, CAMBRIDGE, MA	US
S2-393977927	First Triumph L.L.C.	RIVIERA DR, SMITHTOWN, NY	US
S2-418783726	Asset Buisdging Ministries	6716 289TH ST, VALLEY, NE	US
S2-61143059	Kse Realtors #10786	301, ACCORD COMMERCIAL COMPLEX, GOREGAON (E), MUMBAI, Maharashtra	India
S2-711861813	Six Láw Chambers	ਪੰਜਾਬ, NORTHERN INDUSTRIES SHOP NO. 1, NEW ANAJ MANDI, DHURI	India
S2-142616929	राम एग्रो प्राइवेट लिमिटेड	THANE, Maharashtra, C-11 BALAJI INDL ESTATENAVGHAR CROSS ROAD BHAYANDAR, THANE	India
S2-246176972	Pushkaraj-Smart Pushkaraj-Smart (India) Private Limited	PLOT NO:27, SY NO: 251/1C2, PHASE:2, SANCHARPURI COLONY, NEW BOWENPALLY, SECUNDERABAD, Telangana	India
S2-153011721	Embee Logistics Private		India
S2-487430190	Cain Blue	5412 FM 1486, MOONTGOMERY CITY, TX	US
S2-785795921	5YNSYNVERA	#2 DARTMOOR CT, OLNEY, MD	US
S2-190246239	KANDIVALI EAST RAM CÓ	801, 8FLR F WING OCTACREST, AKRULI ROAD LOKHANDWALA, KANDIVALI EAST, Maharashtra	India
S2-335980635	Cashion & Duhon Opendoor [Inc]	1017 EMERALD TERRACE, SUN PRAIRIE, WI	US
S2-856507636	Mahadhan (India) Cáre Private	243 KUBER COMPLEX NEW LINK ROAD ANDHERI WEST, MUMBAI, Maharashtra	India
S2-483349037	Lavanya Lavanya Lifescapes Ltd	UNIT NO. 249, NAHAR & SETH INDL ESTATE L B S MARG, B WING, 2ND FLOOR, BHANDUP, MUMBAI, Maharashtra	India
S2-405525497	I/P Daedalus	1647 GREENE LAKE DR, XENIA, OH	US
S2-212996988	Cornerstone Logistics Union Inc	OVERDALE DRIVE, TALLMADGE, OH	US
S2-605250724	Grand Infrastructure Products (P.L.L.C.)	5220  WALNUT VALLEY DR, CHARLESTON, WV	US
S2-568321674	Black  Trading	H.NO 12- FL-4 PLOT 68 SAI SADAN, JANMABHOOMI MARG HUTATMA, MUMBAI, महाराष्ट्र	India
S2-447890544	desertnetwork.com	9 1/2 ELIZABETH CIRCLE, LONGMEADOW, MA	US
S2-46372192	Harbor Committee	E HIGH ST, DAVENPORT, IA	US
S2-504816717	Liberty Trg	IN, INDIANAPOLIS, 7843 Huber Ct	US
S2-896339306	Travers Pacific Cms Inc	501 I ST, ONTARIO, CA	US
S2-69496550	Onyxarc	GENEVA, OH, 4710 LAKE RD	US
S2-530526956	PREMIER CORP  INNOVATIONS	TN, 6811 RIVER BERRY WAY, KNOXVILLE	US
S2-341866297	FAM Désign Pvt Ltd	UNIT 504, FIFTH FLOOR, FLEXONE, BUILDING FOOTPRINT 15C2, BLOCK 15, ROAD 1C, ZONE 1, GIFT SEZ, GANDHI NGAAR, ગુજરાત	India
S2-335998596	HAMDAN, COON AND BOYDEN SELECT LLC	765. MOORE ST, N/A, KANKAKEE, IL	US
S2-399623127	Pvt. Trendz Enterprises [Ltd.]	GA-#216, BHUBANESWAR, KHORDHA, Orissa	India
S2-719417593	Redstone  Education Private	Tamil Nadu, NO.26, VANDALUR KELAMBAKKAM MAIN ROAD, KEELAKOTTAIYUR	India
S2-180307920	STAR FRÉIGHT DYNAMICS,	416 BURROUGHS DR, BUFFALO, NY	US
S2-658152365	नॉर्थ तिरुपति इंफ्रास्ट्रक्चर प्राइवेट लिमिटेड	101, 1ST FLOOR 14, LOTUS BOULEVARD, SEC 100, GAUTAM BUDDHA NAGAR, DADRI, उत्तर प्रदेश	India
S2-581405746	PERIDENT TRANSPORTATION	8816 MELVINA AVE, OAK LAWN, IL	US
S2-926252914	*** The Suryaksh Corporate Corporation	C/O TEJ PRATAP SINGH, BHOJPUR, उत्तर प्रदेश	India
S2-651885753	Timeless Trust Service	BLOCK D-245 DRNO:1/341 CHINNAPPAMPATTY, PAPPAMPADY, SALEM, Tamil Nadu	India
S2-267657462	LETTIE-BDURTL DIVERSIFIED INC	DECATUR, LAS BRISAS DRIVE, TX	US
S2-26288829	ब्लू टेक प्राइवेट लिमिटेड	NEAR VIJAY ITI, MAHARANA PRATAP COLONY, DAUSA, Rajasthan	India
S2-594644186	Kesar Agotech Pvt [Ltd]	SHED-22 KESHAV INDUSTRIAL PARK, OPP. JAY RADHE RESIDENCY, KATHWADA SINGARVA ROAD, DASKROI, Gujarat	India
S2-374044766	Vision (Health)	NC, RALEIGH, 7854 ALEXANDER PROMENADE PL, N/A	US
S2-628723139	BEST HOLDINGS [CENTER]	14413 SEGWICK DR, GRANGER, IN	US
S2-514532027	Ramirez And Kulow Inc	25-27 SUGAR HILL DR, MOSCOW, TN	US
S2-600797436	E 5  K Grenfei	6801 PREINKERT DRIVE, COLLEGE PARK, MD	US
S2-496098320	(Inc.) I 8 W Tpg	5 140TH STREET, OCEAN CITY, MD	US
S2-360672203	Lower  Charter School	36 JEWEL ST, <NULL>, BROOKYLN, NY	US
S2-54932244	THE  DENT PUB LP	#3110 48TH ST, OMHAA, NE	US
S2-919110914	আদিত্য ভেঞ্চারস প্রাইভেট লিমিটেড	C/O SUKUMAR GHOSH SADHAN PARA GHOSH PARA PO-BAHIRGACHHI NADIA WEST BENGAL, NADIA, পশ্চিমবঙ্গ	India
S2-74934098	CZ International Pefite Limited	SCO NO 1-7 LGF RIVERDALE BUSINESS CENTRE HM, BHABAT ROAD ZIRAKPUR SAS NAGAR, RAJPURA, Punjab	India
S2-107785152	નોર્થ ઇન્ફોટેક લિમિટેડ	AHMEDABAD, GALA EMPIRE, OPP. T.V. TOWER, DRIVE IN ROAD, THALTEJ, AHMADABAD CITY, OFFICE 628, Gujarat	India
S2-403087708	V/Q  CAMBRIDGE - 8519276404	225 PENNSYLVANIA AVE, NY, PMB 4406, FREEPORT	US
S2-290791703	प्रीमियर कंसल्टिंग प्राइवेट लिमिटेड	Haryana, B3/2293 MIE, JHAJJAR, BAHADURGARH	India
S2-823432403	సదర్న్ టెక్నాలజీ ప్రైవేట్ లిమిటెడ్	A2 3RD FLOOR, SHAIKPET, HYDERABAD, Andhra Pradesh	India
S2-352431596	Onco1ogy Heartland Medicine	7333 WILDERNESS WEST, WEATHERFORD, TX	US
S2-427792599	FULTON (DIANA)		US
S2-983928132	രാജ് പ്രോപ്പർട്ടീസ് പ്രൈവറ്റ് ലിമിറ്റഡ്	88 ROOM NO.9, 2ND FLOOR, METRO BUILDING VAZHAKKAD ROAD, AREEKODE, MALAPPURAM, MALAPURAM, കേരളം	India
S2-385561552	ashokarealty.com	NO.20 3RD FLOOR, SHANKARMUTT MAIN ROAD, SHANKARPURAM, BANGALORE, Karnataka	India
S2-383796916	Shri JAISWAL SBOUTLHONS-(INDIA) PRIVATE LIMITED		India
S2-202207253	Legacy Scientific LLC	221-223 WASHINGTON STREET, GALVESTON, IN	US
S2-383685318	Urology Green Associates LLC	08472 SIERRA SUNSET DR, SACRAMENTO, CA	US
S2-792720746	വൺ എസ്എസ് കൺസ്ട്രക്ഷൻസ് ലിമിറ്റഡ്	NO 665 7/406, CALICUT REGION, MALAPPURAM, Kerala	India
S2-567980712	Marilin Sylvéstre Continental Winvest of Fort Wayne	FT. WAYNE, IN, 10335 BAYLESS LANE	US
S2-863129424	Incorporated Smalley & Segovia	11 126TH AVE, AVONDALE, AZ	US
S2-344620583	Hester Sherrell,		US
S2-678460492	Pugh & Marshall, LLC	367 Baytree Dr, GREENVILLE, NC	US
S2-611857389	Piedmont  Tsust VI LLC	EMMERSON DRIVE, MARICOPA, AZ	US
S2-147712662	Mejia, Bond and Hsemmmel Industrial Associates	2018 DEAN RD, HUTCHINSON, KS	US
S2-695864835	J 7 A 0neim, Inc	2380-2382 APACHE LANE, QUINLAN, TX	US
S2-496435898	Pinnacle  LLC	18 HYNDMAN VIEW DR, HAILEY, ID	US
S2-127513767	C/O LLC CENTER	604 HILL AVENUE, MATTYDALE, NY	US
S2-381423012	Division of Consumer Affairs	TX, 05212 DRY WELLS RD, AUSTIN	US
S2-516775701	Theodora Walker Clean Láboratories LLC	108 MOON CRADLE LANE, CATONSVILLE, MD	US
S2-934504533	#ENCLAVE	Uttar Pradesh, 527-C, DARIYABAD, ALLAHABAD	India
S2-218301132	Industrial Consumer International	BUHRER AVE, CLEVELAND, OH	US
S2-873919567	Pinnacle Center	295 RADISSON RD, SENECA, SC	US
S2-12783218	Crystal Anhr Annuities LLC	#3865 HIGHWAY 295, ELKINS, AR	US
S2-177557545	Adelaida A Baker, MD,  DDS PC	1220 HARDIOSN DRIVE, PO BOX 5694, JAMESVILLLE, NC	US
S2-530841859	Cochran & West  Advisors	609 1/2 RANKIN ST, ATL, GA	US
S2-226663606	Mcdaniel Popular	CENTRAL PARK DRIVE, MA, SCITUATE	US
S2-644681360	Carm0na, Lasseigne  & Kean Dragon LLC	30 ORIOLE AVENUE, SAND LAKE, NY	US
S2-524895760	WASSERMANELANABCOM - 4106809571	OR, BEND, SEDALIA LOOP	US
S2-262540810	Inc 2010 Broadway P1ace Realty	00501 321, YOKR, SC	US
S2-268506326	ALL CREATIVE COMMUNICATIONS  L.L.C.	VILLAGE OF HOBART, WI, 4302 Hilton Head Dr	US
S2-220577288	Behavioral Health Clinic, L.L.C.	CLEVELAND, OH, 5518 WICHITA AVE	US
S2-16028464	SI TRADING PRIVATE LIMITED	SNO 2/1/1 SHOP NO.2 BLD A, DIVINEAUNDH NRCOSMOS BANK, PUNE CITY, Maharashtra	India
S2-168282547	PITTS PÁCKAGING	10506  PAXTON RUN RD, NC, CHARLOTTE TOWNSHIP	US
S2-186397989	India Santosh Services [(Associates)]	#216- HOUSE NO. 4/38/8 SANCHALI BAZAR, BANGA, ਪੰਜਾਬ	India
S2-710644144	Main Street Msasge	1444 WOODLAWN AVENUE, DOLTON, IL	US
S2-771071990	Llc Dunn, Freeman & Olson Standard	2202 COMMERCE PKWY, LA GRANGE TOWNSHIP, KY	US
S2-313388975	Health (Alliance)	1024 1/2 111ST AVENUE, COON RAPIDS, MN	US
S2-256818014	Shri Nd Techventures Private Ltd	Delhi, E-582 GREATER KAILASH - II, NEW DELHI	India
S2-854102401	Digipro Sevalal Ltd	Maharashtra, B-703/702, 7TH FLOOR, FLEXCEL PARK, 184-87, S. V. ROAD, JOGESHWARI WEST, JOGESHWARI WEST	India
S2-925151328	AWANTIKA  MANAGEMENT PVT LTD	H-##10/7, 2ND FLOOR, MALVIYA NAGAR, DELHI, Delhi	India
S2-452981390	-- KANYAKA ÍNDIA LIMITED	HN 892 OFFICE 5, FLOOR 1, PLOT 93, ENGINEERS PREMISES, MUMBAI SAMACHAR MARG, BOMBAY STOCK EXCHANGE, FORT, MUMBAI, महाराष्ट्र	India
S2-145602281	हाईटेक क्लासिक सर्विसेज एलएलपी	1209, SECTOR D SUDAMA NAGAR, INDORE, Madhya Pradesh	India
S2-569245185	Smt Subhvani Infra Infra	H.NO 118 920/1, 3RD FLOOR, OFFICE NO. 301, NAI WALA, KAROL BAGH, NEW DELHI, Delhi	India
S2-890031953	Gujarat Global Pvt Limited	E-408, SHIPRA KRISHNA VISTA 14 AHINSHA KHAND, INDRAPURAM, GHAZIABAD, उत्तर प्रदेश	India
S2-451809604	Internal Medicine Care Associates of	149 WISHING VIEW DRIVE, PO BOX 4585, WEBSTER, NY	US
S2-652919549	Complete Ámerican Rising LLC	255- 4ST AVENUE, ONTARIO, OR	US
S2-362682179	LIBERTY ACADEMY	3925 1/2 HARBOR VIEW DRIVE, MORRISTOWN, TN	US
S2-349218155	EE-Legal Limited	NEW DELHI, D B3/1 25 IIND FLOORJANAK PURI, WEST DELHI, Delhi	India
S2-342860336	South Btc	155 BRATTLE STREET, CAMBRIDGE, MA	US
S2-717538237	Beneex Worldwide	3119 Autumn Leaf Dr, FRIENDSWOOD, TX	US
S2-775337716	Primary Cáre Specialists LLC	##195 SEWALL RD, FARMINGTON, ME	US
S2-789347319	Patel, Oller & Martin	3544 VILLA DEL REY BLVD, BROWNSVILLE, TX	US
S2-861396512	Black Trading (Limited)	12- FL-4 PLOT 68 SAI SADAN, JANMABHOOMI MARG HUTATMA, MUMBAI, Maharashtra	India
S2-890315797	researchindiabengal.com	Uttar Pradesh, G-B3/244, VIKAS NAGAR COLONY, NEAR KETAN HOSPITAL BARGA, GORAKHPUR SADRA	India
S2-935982089	ஃபார்ச்சூன் மேனேஜ்மெண்ட் பிரைவேட் லிமிடெட்	NO 5, MADURAI, Tamil Nadu	India
S2-574348563	Shaw Inc Center	#2 PINETREE RD, NEW CASSEL, NY	US
S2-637381609	सूर्य लॉजिस्टिक्स प्राइवेट लिमिटेड	SHRADHANANDPETH SOUTH AMBAZARI ROAD, NAGPUR, महाराष्ट्र	India
S2-704164853	buildsystem.com	NO. C-94 C-3, GALI NO.-6, JYOTI COLONY, SHAHDARA, दिल्ली	India
S2-603080231	Maa Iteroitcal Company	15/2, OLD PALASIA, SECOND FLOOR NEAR AMBEDKAR BRIDGE, INDORE, Madhya Pradesh	India
S2-518867558	gemhospital.com	DOOR NO 406 , W NO. -12, KHANAJ GALLI, HATKANANGLE, Maharashtra	India
S2-869755790	Summit Medical Cénter	106 FRANCIS SAINT, WATERBURY, CT	US
S2-176006511	Complete Americban Rising [LLC]	255- 4ST AVE, ONTARIO, OR	US
S2-809714572	KLI Infratech Partners Corporation	Delhi, C-2/20 SAFDARJUNG DEVELOPMENT AREA, NEW DELHI	India
S2-133230158	munothsangh.com	HOUSE OF RAJ KISHOR SAH HOSPITAL ROAD, D M C, DARBHANGA, बिहार	India
S2-248183963	Plumeria Display Private-Limited	D 503, MERCURY TOWERS PK LANE, MIRA-BHAYANDAR ROAD, MIRA ROAD, EAST, THANE, Maharashtra	India
S2-68737331	Yoder Cealeb	1408B FAIRWAY DR, PO BOX 5028, BALDWIN COUNTY, AL	US
S2-473922596	MIRALUM	11203 216TH AVENUE COURT, BONNEY LAKE, WA	US
S2-242976407	SEVEN ENGINEERING PRIVATE	H. NO.-279, SUBHASH NAGAR, Haryana	India
S2-824437375	THE ALEXIS BENSON SUPREME CAP	05 OAK STREET, FARGO, ND	US
S2-881990862	AM India	CHAMBER 1 A 257, SARITA VIHAR, Delhi	India
S2-606825205	Munoz & Cnitllo, [Inc]	460 GOLF CLUB LN, CROSSVILLE, TN	US
S2-429401076	DIGITAL ESTATE PRIVATE	R NO.#2 L K PAWASHE CHAWL PAWASHE NAGAR KOPAR ROAD KOPARGAON, KALYAN, महाराष्ट्र	India
S2-23117125	Leavitt Monte	1370 MURRAY ROAD, PORTTLAND, OR	US
S2-476492156	atprivate.com	DOOR NO 34, NOIDA, ATTA, Uttar Pradesh	India
S2-671548469	M/s OORJA  INFRA PRIVATE LIMITED	1054 SOBHA AMETHYST WHITEFIELD HOSAKOTE MAIN ROAD, KANNAMANGALA, BENGALURU, ಕರ್ನಾಟಕ	India
S2-48155120	Ravin Bharani-Limited	BLOCK A-66 A-201, SHREE SAI TAPOVAN CHS LTD BHD SWASTIK NAGAR, BHAINDAR EAST, BHAINDAR, Maharashtra	India
S2-396190243	Resoft Áudio	5937 RDGECREST ROAD, DALLAS, TX	US
S2-996169522	Inc. Elite Creative Worldwide	PO BOX 5896, ELK RIVER, 22010 MEADOWVALE RD, MN	US
S2-376583823	লোটাস ইন্ডাস্ট্রিজ প্রাইভেট লিমিটেড	12/1, NETAJI SUBHAS ROAD, KOLKATA, পশ্চিমবঙ্গ	India
S2-918844371	Prime  Logistics Limited	PLOT NO 2, 12TH MAIN ROAD KUBERA NAGAR EXTN, MADIPAKKAM, Tamil Nadu	India
S2-746817726	VMI ENTERTAINMENT LIMITED	DOOR NO 419  D-370, GANESH NAGAR, PANDAV NAGAR COMPLEX, Delhi	India
S2-763236166	csmedicine.com	1742 GRAY STATION SULPHUR SPGS ROAD, JONESBOROUGH, TN	US
S2-356322527	Seven Limited Private Marketing	AMAR MANOR SHOP NO.10, SNO.80/3, 32/3, WANAWADI, PUNE CITY, Maharashtra	India
S2-930885448	Sassi, Kingston & Cunningham Grifols Inc	#8696 ALOE DR, GOLD CANYON, AZ	US
S2-163388132	NAHATA SERVICES CENTER CENTER	108, NEW CLOTH MARKET, PUR ROAD, BHILWARA, Rajasthan	India
S2-522630370	Golden Cleaning-Service	NY, 43 GLANN RD, OWEGO	US
S2-502514003	Pediatric Pediatric Dentistry Value Clinic LP	CITY OF OSHKOSH, WI, Dove Street	US
S2-629261456	Shri Mbg & Associates Company	35TH- FLOOR SCOPE COMPLEX, NEW DELHI, Delhi	India
S2-365734485	PEDIATRIC DENTAL MEDICINE	1011 SPRING CREEK RD, PO BOX 2879, COLLINSVILLE, TX	US
S2-563659103	THE HAWKS-& PARISH XCEL	78 9rd Ave, SALLT LAKE CITY, UT	US
S2-618476530	New Drli Security Private Limited	Delhi, 809, NILGIRI APARTMENTS, ALAKNANDA, NEW DELHI	India
S2-956865995	-- Piedmont Society ÍII	6992 FM 21, MOUNT VERNON, TX	US
S2-550573914	XQZ  UNITED TIRE	02358 BURDETT AVE, PMB 1169, TROY, NY	US
S2-162254332	Piedmont Piedmont Trust [VI]	19893 EMMERSON DRIVE, MARICOPA, AZ	US
S2-610146883	LLC ACE TOKYO	7916 BRIARGLEN DR, ELKRIDGE, MD	US
S2-931282335	SURGICAL FRONTIER CARE	TX, FORT WORTH, 5825 ROCKPORT LN	US
S2-328002485	Harrison Signature Triton	NC, 9880-9884 TRAVERTINE TRAIL, KANNAPOLIS	US
S2-27739370	Trusted Cargo	11713 SPRING CYPRESS RD, TOMBALL, TX	US
S2-182041520	balotra solutions		India
S2-522297709	Sixth Technomarketing Prriave Limited	C/O SANKAR KARAN, VILL+PO- UCHITPUR, SABANG, পশ্চিমবঙ্গ	India
S2-709881322	Pratik Services Limited Center	Andhra Pradesh, 564- A-37 ROAD NO 12 BANJARAHILLS, HYDERABAD	India
S2-534562178	Associated LLC Labs Engineering	35. STANDING POND ROAD, SHRON, VT	US
S2-570865792	ગુજરાત ઇન્ટરનેશનલ પ્રાઇવેટ લિમિટેડ	Gujarat, VADODARA, V3 LANDMARK BUILDING, NR. GOPINATHJI SHOWROOM ATLADARA PADARA ROAD, ATLADARA, #642 208, VADODARA	India
S2-24264859	Metro Fortune	604-608 EDGERTON AVENUE, TRUMANN, AR	US
S2-875292312	Heart Project II Co	WILLISTON, 674. Brownell Road, VT	US
S2-608281304	Happy Service Cleaning Inc	2349 STAFOFRD TERRACE, OTTAWA, KS	US
S2-195442284	Foot & Ankle Specialists LP	CANYON MEADOWS DR, MISSOURI CITY, TX	US
S2-781055310	ग्रीन लॉजिस्टिक्स	D 50FOUNDRY NAGAR AGRA, AGRA, UTTAR PRADESH	India
S2-524630304	American Optimal Kongsberg Llc	114 ROAD 5914-35, CLEVELAND, TX	US
S2-60798387	Strategic Dynamics, LLC Services	1206 C3  15ST AVENUE, YAKKIMA, WA	US
S2-478560883	VODAFONE HOLDINGS	12-1-23 , JAWAHAR STREET, NEAR PINDAL CHERUVU, KAKINADA, Andhra Pradesh	India
S2-54262750	EZ U5A LLC	9506 CLOCKTOWER LN, COLUMBIA, MD	US
S2-304002355	outlaw capital lp	MULBERY, 132 SEVENTH SAINT, AR	US
S2-565763541	Rapid Cónstruction Technologies LLC	TONEY, AL, 317 Kendall Downs Boulevard	US
S2-587037897	Foot & Ankle Specialists Córporation	7 MASON, FRANKLINTON, NC	US
S2-440475059	Snyder-Beyond Inc.	AL, 4032 BRIGHTTN RD, PO BOX 757, MONTGOMERY	US
S2-690007529	COREEN COLLINS QUALITY CARGO	021112 COLD SPRING LANE, CORNELIUS, NC	US
S2-543713189	Seerat-Service	दिल्ली, PROPERTY NO A-6/24, GALI NO- 3, MAIN MAIN BRAHAMPURI CHAUHAN BANGER, NEW DELHI	India
S2-162591883	LUCKY  TATTOO	36 MARGO DR, FAIRPORT, NY	US
S2-197064582	Mumbai International Co.	DOOR NO 288 59/60, FLOOR-2 PLOT-25, DNYAN BUILDING P H PUROHIT LANE, CAVEL 1 X LANE, RAMWADI, KALBADEVI, ROAD, MUMBAI, Maharashtra	India
S2-950131223	everestfoods.com	C/O MANDEEP SINGH GILL, MAKDOOMPUR JAITHI KHERA, MOHANLALGANJ, Uttar Pradesh	India
S2-27674414	Human Rights Foundation	24307-C 32ND AVENUE COURT, SPANAWAY, WA	US
S2-819555156	भारत Systems प्राइवेट लिमिटेड	##35 A-112, NEW DELHI, EAST DELHI, Delhi	India
S2-182809137	विजन इंफ्रा प्राइवेट लिमिटेड	C/O MANGESH KISAN BHASKAR H. NO. 1434 ANANDWADI WARULWADI NARAYANGAON, NULL, JUNNAR, PUNE, Maharashtra	India
S2-894550734	Prairie Ventures (Company)	3712 FREW ROAD, CHARLOTTE, NC	US
S2-726178031	ಕ್ಲಾಸಿಕ್ ಸೊಲ್ಯೂಷನ್ಸ್ ಪ್ರೈವೇಟ್ ಲಿಮಿಟೆಡ್	NO 37, 2ND CROSS, GANESHA TEMPLE STREET, NEAR DEEPA NURSING HOME, MARATHAHALLI, BANGALORE, Karnataka	India
S2-197086561	हरि हेल्थकेयर	H.NO.18/1 GROUND FLOOR, 1, ANJANA COLONY, NARSINGHPUR, GURGAON, Haryana	India
S2-282720602	Pacific  League	310 CASS ST, CITY OF CHILTON, WI	US
S2-831649654	Complete Analytics	6356 WINGATE ST, FAIRFAX COUNTY, VA	US
S2-646039812	Spears, Philippe, L.C.S.W. [LLC]	IN, 602- 7RD STREET, FOWLER	US
S2-158284842	Ace-It Pvt Ltd Ltd	PLOT 928 1165, FOURTH FLOOR, DDA LIG FLATS, KONDLI, GHAROLI MAYUR VIHAR PHASE-3, DLEHI, Delhi	India
S2-522738673	Federal  Association	605 MILLBURY STREET, WOCRESTER, MA	US
S2-695935448	Anchor Sólarius LLC	BALTIMORE, 435 DANVILLE AVE, MD	US
S2-596810474	cornerstone hall llc	ELIZABETH CITY, WV, 108 FRANKLIN STREET	US
S2-345616053	diagnostics llc	435 1/2 MULBERRY DRIVE, BONNIE, IL	US
S2-427088109	Chiropractic Specialists  of	50 DOUGLAS DR, ARCADE, NY	US
S2-855011687	Roleor Kogyo	2780 16RD RD, NULL, VILLAGE OF KRONENWETTER, WI	US
S2-77062146	जय टेक प्रा. लि.	ROOM NO.03 SHREE GAJANAN NIWAS VASAI, THANE, PALGHAR, Maharashtra	India
S2-323075497	PHULWARI  ELECTRICALS PRIVATE	F.NO G-6, SUPER MARKET, FRASER ROAD, MAURYA LOK, PHULWARI, Bihar	India
S2-162611719	8urke Copper Inc	NY, 213- ST MARYS AVE, STATEN ISLAND	US
S2-463504186	LLC Nao	8311 13 AVE, BROOKLYN, NY	US
S2-297136787	INTENSE SUPPLIERS	HN 92 47, RUKMANI VIHAR, MATHURA BANGAR KRISHNA NAGAR, MATHURA, Uttar Pradesh	India
S2-748643046	Varanasi Chits Prívate Limited Limited	D 57/56-A, SIDHGIRI BAGH, SIGRA, VARANASI, Uttar Pradesh	India
S2-678973706	Chere Ve1a Smart Aldel	201 MARY LANE, CARY, IL	US
S2-443972889	INDIA ORBIT CONSULTANCYPRIVATE PRIVATE  LTD	#37 , KARPAGAVINAYAGAR KOIL STREET, ALANDUR, CHENNAI-16., Tamil Nadu	India
S2-159657855	1523 First	BROWNSVILLE, TX, 6367 TRADITION CIRCLE	US
S2-600663304	Mathis Highland  Staking	1950 GREENBRIER RD, BUCHANAN COUNTY, VA	US
S2-616832121	Lucas Gesher	BARD RD, LINCOLN CITY, OR	US
S2-61982747	... H 3 X CLEAN	316 BRANCIFORTE AVE, SANTA CRUZ, CA	US
S2-510016936	Solari Inc. Center Center	337 VILLAGE RD, N/A, WHITSETT, NC	US
S2-649871131	Hb Solutions Private Limited		India
S2-32092090	devpujanindiaindia.com	HN 53 ATTAR GALLI, NEAR CENTRAL LIBRARY, GULEDGUDDA, BAGALKOT, Karnataka	India
S2-706169889	CREDIT & COMPANY		India
S2-883981214	Indu Limited Services		India
S2-754663584	ARRAH REALTECH PRIVATE LIMITED	#281 P.NO. 43 SHIVGANJ BSNL, BUILDING 2ND FLOOR, ARRAH, बिहार	India
S2-739137839	G0ld Limited Private It	NO: A-2E, SRIRAMAN NAGAR, IST STREET VIGNARAJAPURAM, VENGAIVASAL, CHENNAI, Tamil Nadu	India
S2-169258821	meanalytics.com	502 GREG DR, ENID, OK	US
S2-156978207	Thiruvananthapuram Jewels  Private Limited	ZIGMA, SIVARAM GARDENS KODUNGANOOR P O, THIRUVANANTHAPURAM, Keralam	India
S2-867261636	meenudoorstepprivate.com	1601, TOWER-4, UNITECH HARMONY, SECTOR-50, GURGAON, GURGAON, हरियाणा	India
S2-444946279	Shri omex group of cómpanies pvt ltd	C/O PHANINDRA NATH PAL, SANKRAIL, CHAMPATALA, HOWRAH, West Bengal	India
S2-636522396	OFFICE OF PUBLIC WORKS	8048C JEFF RD, IN, INDIANAPOLIS	US
S2-566531349	Tattva Educati0n Private Limited - 2043300503	NO 14-31 , VILLA NO. 31 & 32, PRESTIGE PARK BESIDE GVK EMRI, MEDCHAL HIGHWAY, GUNDLA, POCHAMPALL, HYDERABAD, Telangana	India
S2-348369636	II MINISTRIES UNITED	958 CROWLEY BROTHERS DRIVE, TUCSON, AZ	US
S2-893579547	KRV TRADERS PRIVATE PRIVATE	H.NO 40-1-16/65 KASTURI NAGAR 1, VISAKHAPATNAM, ఆంధ్రప్రదేశ్	India
S2-894065392	Atlantic Industries	13 FREEMAN AVENUE, TOPEKA, KS	US
S2-796015146	ALBANESE, AVRIL (INSTITUTIONS)	1059 1/2 BOSTON POST ROAD, MAMARONECK, NY	US
S2-636642313	@ CÁRE 9 ALL LLC	NAUGATUCK, 87 MEADOW STREET, CT	US
S2-790814967	Route Tracom  Private Limited	C-359, SOBO CENTER, NR S. P. RING ROAD, SOUTH BOPAL, AHMEDABAD, ગુજરાત	India
S2-189692407	Uluberia - Íi	4, AHMED MAMOOJI STREET, LILUAH, ULUBERIA - II, West Bengal	India
S2-275047898	Marketing Ans Beverage Pvt. Limited	B-83 THIRD FLOOR, BEHIND MURLIPURA POLICE STATION, MURLIPURA, JAIPUR, Rajasthan	India
S2-902064480	जय आईटी लिमिटेड	421, 4TH FLOOR, DIAMOND INDUSTRIAL ESTATE KETKI PADA NEAR WESTERN HIGHWAY, DAHISAR, MUMBAI, (E), Maharashtra	India
S2-205131606	Doyle Providence L.L.C.	1609 MCCALLIE AVENEU, TN, CHATTANOOGA	US
S2-995624243	Desire LLP Service	SH-8, OBEROI TRADE CENTRE, PLOT NO 69, B.H LAXMI IND EST ANDHERI W, OFF NEW LINK ROAD, ANDH, ERI WEST, Maharashtra	India
S2-735889148	Supreme Frontier Éra	7305 Mint Clover Lane, KNOXVILLE, TN	US
S2-404884955	-- VT Cold Private Limited	58/16 - ABIRHANA ROAD KANPAR, UTTAR PRADESH, PHEEL KHANA, Uttar Pradesh	India
S2-654863232	Byers Premier Tree		US
S2-859369286	Morley, Dggake and Damato LLC	209 YELLOW ROSE TRL, GEORGETOWN, TX	US
S2-42596902	Seattle-Family Integrated Clinic LLC	5034 NINTH AVE, SEATTLE, WA	US
S2-245623852	NORTH BESBT COMPUTING INC.	17728  Riverside Drive, PATRIOT TWNSHIP, IN	US
S2-559118921	*** Nakoder Tecile Ltd	C/O SUKHWANT SINGH, NAKODER, JALANDHAR, Punjab	India
S2-866109908	Bureau It Ltd	NO.47, ELUMALAI STREET AYANAVARAM, CHENNAI, தமிழ்நாடு	India
S2-181598951	Colonial Committee LP	166 CEDRO DRIVE, GREEN VALLEY, AZ	US
S2-232279773	Raj Ltd Polytechnic	3-2-2-18/18/4/6, INDRAPRASTHCOLONY BAGH AMBERPET, Telangana	India
S2-838251648	Julietta Lrd Sunshine LLC	423 WISHON STREET, NEWPORT, AR	US
S2-186904281	GREY SURGICAL PRIVATE LIMITED	DELTA ARCADE, NO.00184/A/1, 5TH FLOOR, 22ND CROSS, 18TH MAIN, SECTOR 3, HSR LAYOUT, BANGALORE SOUTH, Karnataka	India
S2-361839869	MERCURY (INDIA) LIMITED PRIVATE	H.NO 218 C 101, CHANAKYA APPARTMENT, SHROFF ROAD RAJKOT, RAJKOT, ગુજરાત	India
S2-635549663	Christine's Recruiting Interstate	##6620 287TH STREET, AUBURN, WA	US
S2-15286067	Innovative It Ltd	महाराष्ट्र, UNIT NO. #309 3RD FLOOR ASHISH INDL EST GOKHALE ROAD SOUTH DADAR, MUMBAI	India
S2-386834703	Sri Seerat Service	PROPERTY NO A-6/24, GALI NO- 3, MAIN MAIN BRAHAMPURI CHAUHAN BANGER, NEW DELHI, Delhi	India
S2-64901680	Reliable International LLC Service	IVORY LANE, NEWARRK, DE	US
S2-880669640	LINKPOINT TLHTDABS PVT LTD	Keralam, BUILDING NO 525 KANJOOR P O, KALADY	India
S2-799782121	Pawan International (Co)	5 , 3RD CROSS STREET, GANESH NAGAR G K INDUSTRIAL ESTATE, ALAPAKKAM, CHENNAI, Tamil Nadu	India
S2-358311488	BAY [FELLOWSHIP]	356 THOMPSON SPRANGS ROAD, CLEVEELAND CDP, TN	US
S2-816228783	यूनिक फूड्स लिमिटेड	DSC267, DELHI, SOUTH DELHI, Delhi	India
S2-936914083	Mr bridhiresearch.com	C103 SONAL LINK RESIDENCY, CHS LTD, LINK ROAD, MALAD WEST, Maharashtra	India
S2-522084489	Heartland Cartesian	1527 MONUMENT ST, NOBLESVILLE, IN	US
S2-676676977	GUADALUPITAWORKS.COM	1378 STATE HIGHWAY 434, GUADALUPITA, NM	US
S2-323306915	Fitzgibbon  and Mannix Pizza Clinic	410 1/2 SUMAC LANE, PROVO, UT	US
S2-475713661	Precision Art Llc		US
S2-170259862	King, Perez & Marin Companies L.L.C.	WA, 8028. 16ST AVE, SEATTLE	US
S2-590470576	Phulwari Electricals Private Limited	F.NO G-6, SUPER MARKET, FRASER ROAD, MAURYA LOK, PHULWARI, Bihar	India
S2-232676773	REID, TURNER & LEMON ALLIANCEBERNSTEIN LLC	144 Hidalgo Ln, ELGIN, TX	US
S2-54830607	hsindia.com	PLOT 20 ROOM NO. M 5 X 4 2/2 KAMAWADI, DINQUARRY ROAD, PANJRAPOL, DEON, AR, MUMBAI, MIRA-BHAYANDAR, Maharashtra	India
S2-584187784	GREENER ASSOCIATION-PVT	C/O VEDPRAKASH PALARIYA, NALLA PUSKAR PUSHKAR, AJMER, Rajasthan	India
S2-164081820	Nakoder Textile	C/O SUKHWANT SINGH, OPPOSITE SETIA RESORT, NAKODER, ਪੰਜਾਬ	India
S2-848601724	Pioneer Consultancy Private Ltd	C-20/3 /2 1SECTOR 16 NERUL, NAVI MUMBAI, Maharashtra	India
S2-958601277	Sri Mks Solutions Clinic Corp		India
S2-872172785	ਸੂਰਿਆ ਮੈਨੇਜਮੈਂਟ ਲਿਮਟਿਡ	NEAR ROHTI BRIDGE, PATIALA ROAD, NABHA, PATIALA, NABHA, Punjab	India
S2-102941273	Harbor School of Medicine Co	4851 MOCKINGBIRD CT, N/A, COLUMBUS, OH	US
S2-131507647	foundationcontinental.com	30W 179 ATTLEBORO CT, WARRENVILLE, IL	US
S2-294398815	C/O-Hospitality C/O-Hospitality LLC	604 HILL AVENUE, SALINA, NY	US
S2-778179744	Vision Holdings Services	7854 ALEXANDER PROMENADE PL, N/A, RALEIGH, NC	US
S2-68557991	Industrial Tardbrs Corp	SR NO 163/2A, PLOT NO -11, ADARSH COLONY, PUNE(CB), PUNE CITY, महाराष्ट्र	India
S2-675335760	Shepard, Clarisse, M.D. Inc	NC, 867 Cable Creek Road, ASHEBORO	US
S2-725606425	FOOT & ANKLE CENTER INC	SWAN SAINT, BATAVIA, NY	US
S2-618208372	Nolana Oneill Innovative Purpose LLC	16060 LOWER CATTLE DR, SISTERS, OR	US
S2-72698927	Vile Parle Pfadise Pvt Ltd	103, 1ST FLOOR, ANKITA BILDING CROSS OF NEHRU & DIXIT ROAD, VILE PARLE, <NULL>, Maharashtra	India
S2-657791920	FINANCE SAMRAT SOLUTIONS PRIVATE  LIMITED	KHASRA NO-2842 AMAUSI SAROJINI NAGAR LUCKNOW, LUCKNOW, Uttar Pradesh	India
S2-913373950	The Dent Nails Llc	01018 MARY SAINT, EMPORIA, KS	US
S2-83559893	... zaor.com	1660. WILTON ROAD, TACOMA, WA	US
S2-900074339	SANCHITA STEELS CLINIC	G-803, A-WING, BUILDING NO.2, SILICON PARK, JANKALYAN NAGAR MALAD-WEST, MUMBAI, Maharashtra	India
S2-911597195	Route Tracom	C-359, SOBO CENTER, NR S. P. RING ROAD, SOUTH BOPAL, AHMEDABAD, Gujarat	India
S2-326211198	Allied Charities Society	TX, SITON, 15606 HWY 188	US
S2-803876814	Premia Designs Private	C/O SHRI VASANTRAO, GOVINDRO, RUI, TQ HADGAON, HADGAON, Maharashtra	India
S2-455767836	METROMETAL.COM	292 SWEAT HILL ROAD, CLEMMONS, NC	US
S2-964659536	LLC Blake Merdemr	NY, BELLEROSE, 85-42 251 ST	US
S2-612903644	EZ LLC [USA]	9506 CLOCKTOWER LN, COLUMBIA, MD	US
S2-62160982	ORTHOPEDIC (SERVICES)	10866 VERBENA LN, SCOTTSADLE, AZ	US
S2-582193792	Christine's Iterstate Recruiting	AUBURN, ##6620 287TH ST, WA	US
S2-918679769	Charlotte Housing Association	6335 ELGYWOOD LN, CAHRLOTTE, NC	US
S2-123034932	Star Star Foods लिमिटेड	D-87, F/F BLOCK-D, EAST OF KAILASH, MCD PARK, DELHI, दिल्ली	India
S2-645286338	>> YAO & TCEES TECHNOLOGY CARE	8647 SHOE TREE MCFELEA LN, MILLTOWN, IN	US
S2-874147692	>> Domeniga  Ingraham Harbor Center	LA, SCHRIEVER, 212 GLORIA SAINT	US
S2-599880947	Inc. Platinum Consumer Union	ARTHUR STREET, AMARILLO, TX	US
S2-978091876	EAST HEFABTLH CENTER	2676 231, COTTONDALE, FL	US
S2-408707794	DAEX INVESTMENTS INC	15600 WARWICK BOULEVARD, NEWPORT NEWS CITY, VA	US
S2-899456197	Privice Oorja Infra Limited	1054 SOBHA AMETHYST WHITEFIELD HOSAKOTE MAIN ROAD, KANNAMANGALA, BENGALURU, BANGALORE, ಕರ್ನಾಟಕ	India
S2-593574208	Balaji Jain Projects Pvt [Ltd]	DOOR NO 687 , VAJRA, 1ST FLOOR, 15TH CROSS, 100 FT ROAD, JP NAGAR 2ND PH, ASE, Karnataka	India
S2-579337870	Davis Invesco	6307 TRAILVIEW DR, PO BOX 9282, HOUSON, TX	US
S2-831865029	Menard Spdr		US
S2-721293543	Prathmesh Services Private Ltd	NO 80 OFFICE NO 60-61, 1ST FLOOR, PRINCESS PLAZA, SARDAR CHOWK, MINIO BAZAR, VARACHHA ROAD, SURAT, Gujarat	India
S2-340413564	MUMBAI BOTANICALS PVT LTD	Maharashtra, PLOT 867 K-603, VISTA RAHEJA VIHAR, CHANDIVALI, MUMBAI	India
S2-256589691	tiiv.com	15373 US 127, CECIL, OH	US
S2-243146895	Jaima Brothers Prívate Limited		India
S2-19887299	GLOVER RÉSOURCES	IL, 3605 1/2 LAKE SHORE DRIVE, N/A, WONDER LAKE	US
S2-180272555	johnson painting inc	2262 HOLIDAY RD, CORALVILLE, IA	US
S2-273565704	upperyhn.com	11718 14TH AVE, BURIEN, WA	US
S2-33396802	Walliw Horowitz Empire [Associates]	473 NORTHWEST HIGHWAY, PALATINE, IL	US
S2-555219600	స్వస్తిక్ ఇంజనీరింగ్ ప్రైవేట్ లిమిటెడ్	FLAT NO: 301, UDAYA SRI RAGHURAMA NILAYAM, HOUSE NO.1/10/23 AND 23/1, STREET NO 3, AS, HOK NAGAR, HYDERABAD, Telangana	India
S2-939964106	Bryant Reliable Fctstory		US
S2-185035845	204 Park Street Associates	20700 CORDILL LANE, SPICEWOOD, TX	US
S2-352478743	MARINO LLC SOLARIUS,-CLEAR | www.marinollc.com	KENSINGTON DRIVE, HOUSTON, TX	US
S2-324273362	Miravera	B-703/702, 7TH FLOOR, FLEXCEL PARK, 184-87, S. V. ROAD, JOGESHWARI WEST, JOGESHWARI WEST, MUMBAI, Maharashtra	India
S2-655443586	इंडो ग्लोबल प्राइवेट लिमिटेड	C/O RAVINDRA GAIKWAD OFF NO 01 FLR1LANDMARK BLD CTS NO NANA PETH, PUNE, Maharashtra	India
S2-811631684	Blue Auto Body PC Services	0815 SHADY LANE, CHAARLESTON, WV	US
S2-525656765	RED INFRA PRIVATE LIMITED	#235 C/O BHAUSSAHEB GODASE, BABHULGAON BK, SILLOD, Maharashtra	India
S2-679570789	HW [Broadband]	265 Sweetman Rd, BALLSTON SPA, NY	US
S2-945504644	CV Constructions	A-5, JAYMANGAL HOUSE, OPP. GANDHIDHAM STATION, ELLISBRIDGE, AHMEDABAD, Gujarat	India
S2-299762193	NERISSA VERA RELIABLE (RETURN)	0165 ARROWHEAD LN, BOLINGBROOK, IL	US
S2-606931340	ആൽഫ മാനേജ്മെന്റ് ലിമിറ്റഡ്	IIND FLOORJAZ HOUSE PULLEPADY JN CHITTOOR ROAD, IDUKKI, ERNAKULAM, Kerala	India
S2-417406837	FEDERAL SEMICONDUCTOR SYSTEMS INC	0259 SHORE RD, LAKE PLEAANT, NY	US
S2-964412277	smartenvironmentalstudios.com	9143 MULVANEY RD, PMB 4250, KINMUNDY, IL	US
S2-569935441	EXPRESS DISTRIBUTION (ID: 44216)		US
S2-388916764	Guargarma Yhn	PORTER, 32166 181ST ST, OK	US
S2-857413084	Govind Nagar P.0. Udyog Nagar Buildtech Private Limited	4, INDUSTRIAL AREA, GOVIND NAGAR P.O. UDYOG NAGAR, उत्तर प्रदेश	India
S2-274896642	Wiseman Creative Mortgage	1048 MUIRFIELD DRIVE, PO BOX 9605, POTOMAC, MD	US
S2-64629142	Federal Global,	18715 SUMMER OAK COURT, GERMANTOWN, MD	US
S2-62414798	LIZBETH'S PRODUCTIONS PINNACLE	704 JEFFERSON ST, MENDOTA, IL	US
S2-131466915	HW Ltd Construction	KINGSWAY INTERNATIONAL-1 CORONATION ROAD BANDA BAHADUR MARG, Delhi	India
S2-286478443	Shree Investment Private  Limited	9/487A, SUDHARSHAN NAGAR SUDHARSHAN THEATRE OPP, MANNUR, RAJAMPET, YSR DIST, KADAPA, Andhra Pradesh	India
S2-937501599	primarycareclinic.com	1011 STAN SCHLUETER LOOP, KILLEEN, TX	US
S2-351970048	ஆதித்யா மார்க்கெட்டிங் லிமிடெட்	HN 895 55, TAMBARAM, KANCHIPURAM, Tamil Nadu	India
S2-987112990	WEST CENTER HEALTH HEALTH	11563 135TH AVEUE, PORTLAND TWONSHIP, OR	US
S2-588384883	Mr Abhishek Private Limited Services	SHOP NO. 34, GROUND FLOOR, TOWER-C, SECTOR-62, NOIDA, Uttar Pradesh	India
S2-631436272	High Consultancy Private  Limited	201 , TOWER NO. 5, VALLEY VIEW ESTATE, GURUGRAM, Haryana	India
S2-301144430	sr & co	SPACE NO 30, 3RD FLOOR EROS CORPORATE PARK, IMT MANESAR, Haryana	India
S2-380224562	oriana g. heaton, dds, pc		US
S2-595956714	Wexmira	150  COLUMBIA STREET, HEMPSTEAD, NY	US
S2-869021466	westmonroechildrens.com	032 CAMIC ROAD, WEST MONROE, NY	US
S2-142455594	லக்ஷ்மி Enterprises பிரைவேட் லிமிடெட்	Tamil Nadu, CHENNAI, TCL, NO.102 F2, 3RD STREET, V G P SELVANAGAR VELACHERY, MADRAS	India
S2-747417176	The Ross Plum LLC	67 WATERWORKS ROAD, WILLIAMSTOWN, KY	US
S2-36298312	Kamakhya Retffil	PLAT # 76, LAKSHMI VIHAR, PHASE 1, SERILINGAMPALLY, HYDERABAD, Andhra Pradesh	India
S2-514787462	Staffing Cryan Secure Inc.	958 500, PICE, UT	US
S2-190473386	EZ Usa Usa	9506 CLOCKTOWER LANE, COLUMBIA, MD	US
S2-932790302	Powell Cola	5411 17, ROCHESTER, IN	US
S2-861210524	Ronna Quae Prairie Devices LLC	328 JEFFERSON ST, SPRING GREEN, WI	US
S2-348754293	Smt #dstmemorial	OFFICE NO. 13-, SHREE SIDDHIVINAYAK CO- OP. SOCIETY PLOT-26, SECTOR-10, AIROLI, NAVI MUMBAI, Maharashtra	India
S2-963627728	Cashion & Duhon	1017 Emerald Terrace, CITY OF SUN PRAIRIE, WI	US
S2-129530902	Schwartz and and Whitney	06964 AIRPORT BOULEVARD, MOBILE, AL	US
S2-16012819	Arcjax	WI, 1305 WESTON SAINT, CITY OF LA CROSSE	US
S2-627733724	Green Private Limited Service	A-331 A-BLOCK, INDIRA NAGAR, LUCKNOW, Uttar Pradesh	India
S2-717569705	Fluxriza	NO 27, SYNERGY HOUSE, 17TH CROSS, SERVICE ROAD M C LAYOUT, VIJAYANAGAR, BENGALURU, BANGALORE, Karnataka	India
S2-206652745	Saint Cathedral	STATE ST, LINDSEY, OH	US
S2-56947016	Sri Maa  Internationa1 Company	Madhya Pradesh, 15/2, OLD PALASIA, SECOND FLOOR NEAR AMBEDKAR BRIDGE, INDORE	India
S2-629230582	LUMIC 5TAKED	TX, 3812 SHIRE VALLEY DR, MISSOURI CITY	US
S2-174724581	rodriguezrichardson.com	##240 PADDOCK CIR, IOWA CITY, IA	US
S2-847077259	Suryam Services	H. NO. NESARI, TAL-GADHINGLAJ, KOLHAPUR, महाराष्ट्र	India
S2-64941952	Dr Prathmesh Services Private-Limited	DOOR NO 80 OFFICE NO 60-61, 1ST FLOOR, PRINCESS PLAZA, SARDAR CHOWK, MINIO BAZAR, VARACHHA ROAD, SURAT, ગુજરાત	India
S2-941096725	LLC MUTUAL FREIGHT STUDIO	20 N2326, APACHE COUNTY, AZ	US
S2-993999980	Infiniti International Stcfol	7 K N ENCLAVE RAMDAS NAGAR OLD MUNICIPAL OFFICE ROAD (, KAPRA), HYDERABAD, Telangana	India
S2-821367524	ಜೈನ್ ಪ್ರಾಜೆಕ್ಟ್ಸ್	Karnataka, B3/301, BANGALORE	India
S2-812507647	LIMITED RAJRANI NATURAL	14/. FIRST FLOOR, PLOT - 289/293, SOPARIWALA HOUSE, SHAMALDAS GANDHI MARG, MARINE LINE, MUMBAI CITY, MUMBAI, Maharashtra	India
S2-579268377	A RELIABLE WRLBTESS INC		US
S2-947935960	Golden  Book	5155 YAQUINA BAY ROAD, OR, NEWPORT	US
S2-652263060	Frieda Ferrill, Esq. LLC	##6508 W ASPEN TREE COURT, MEQUON, WI	US
S2-457553079	Hitech Software  Private Limited	C/O- MUKTA MANJARI SWAIN, ANAND LANE, RAJENDRA NAGAR, CUTTACK SADAR, Odisha	India
S2-65159113	NÁTIONALALLIANCE.COM	TOWNE ST, CINCINNATI, OH	US
S2-262822879	Sri PREMIER-DEVELOPERS	##103 N.B.ROAD, CHENNAI, Tamil Nadu	India
S2-767558423	Solutions Amatya Infotech (Limited)	SUPREME FOREST AVENUE TOWER, 6TH FLOOR KATOL ROAD, NAGPUR, Maharashtra	India
S2-412881432	Ivenova Alpex	130 RAPIN PLACE, BUFFALO, NY	US
S2-902453695	J/G United Corporation	2744 COLTER STREET, PHOENIX, AZ	US
S2-678211968	Carlson and  Heckman		US
S2-386086347	പയനിയർ ഡെവലപ്പേഴ്സ് ലിമിറ്റഡ്	37/2200-8, THRISSUR, Kerala	India
S2-802398253	Kipp Valdez Elite Twelve	10660  WAVERLY RD, MALCOLM, NE	US
S2-273018386	Dynamic Property Labs L.L.C.		US
S2-979749035	Biotech Terrye's Keystone Biotech	139 WATERING TROUGH ROAD, STATESVILLE, NC	US
S2-533507521	Classic  Intercontinental	71 DOUGLAS STREET, DALLAS, OR	US
S2-191612461	Allene Syed Precision Inc Services	379 Lincoln Avenue, UMATILLA, OR	US
S2-723335115	Great Diamond  Resilience	HAWKINS CREAMERY RD, GAITHERSBURG, MD	US
S2-307299912	2010 BROADWAY PLACE REALTY INC	00501 321, YOKR, SC	US
S2-674301814	बॉम्बे मॉडर्न बिजनेस प्राइवेट लिमिटेड	NAIGAON, HN 2-06 J. S. KAMBLE H-NO. 40, NANDED, Maharashtra	India
S2-491197379	SOLARI INC. SERVICES	337 VILLAGE ROAD, N/A, WHITSETT, NC	US
S2-583837512	Unique Naturals Ltd.	16 , INDIA EXCHANGE PLACE, GROUND FLOOR, CALCUTTA-1 GROUND FLOOR, West Bengal	India
S2-511782099	Servin Cascade (Karbon)	4222 JASMINE CASCADE CT, BAYTOWN, TX	US
S2-41677387	Sri Vision Foofds	SHOP NO- 01, RIDHI SIDDHI COMPLEX, RIDHI BLDG NO-1, NR. RATION SHO, VASAI ROAD, Maharashtra	India
S2-419906574	Liberty Grid	12547 41ST ST, TULSA, OK	US
S2-615065802	Sai Enterprises [Company]	PLOT 4 401, EMPRESS TOWER, THE BOTANIKA JAYABHERI ENCLAVE, GACHIBOWLI, HYDERABAD, Andhra Pradesh	India
S2-75696335	>> Columbus Youth Trust  Ltd	870 WESTBURY LANE, COLUMBUS, OH	US
S2-799825486	Rapid Construction Technologies Llc	317 KENDALL DOWNS BLVD, TONEY, AL	US
S2-877294454	Exports Nma  Entrepreneurs Private Limited	E 110 NIRMAN NAGAR E WEST, AJMER ROAD, JAIPUR, राजस्थान	India
S2-417608270	SAMRUDHI TRADERS	Odisha, 773, BUDHESWARI COLONY, BHUBANESWAR	India
S2-611818655	EYES  PRIVATE ENERGY LIMITED	SILVER SPRING BLOCK 2 FLAT 10A, 5 J B S HALDEN AVENUE KOLKATA, DHAPA, West Bengal	India
S2-165274073	Delhi Infra Private Limited	F NO-35, PLOT NO28/2JAMUNA, BAZAR APRT, SEC-9, ROHINI, DELHI, दिल्ली	India
S2-906499849	Aarvraj  Tnasrpt LLP	A#5 SEVADHAM SHRIPAL, NGR RAJAJI CROSS RD, KALYAN, Maharashtra	India
S2-921159283	गुरु इंफोटेक प्राइवेट लिमिटेड	FIRST FLOOR HOUSE NO 2-9/23 WARD NO 22 LAXMI GARDEN, GURGAON, Haryana	India
S2-412165360	THE DEMKO BTC	28 HILLCREST CIR, PO BOX 628, ONEONTA, AL	US
S2-839177408	क्लासिक मैनेजमेंट प्राइवेट लिमिटेड	NO D/25/303 HANSA TOWER, CENTRAL MARKET ASHOK VIHAR, DELHI	India
S2-282109599	Brightic Clinic Gesher	2292 31TH AVE, BOTHELL, WA	US
S2-772063136	sawant strips limited	D/204, TILAK BAZAR, Delhi	India
S2-290718457	JU ASSON PRIVATE	Uttar Pradesh, N/A, VILL BADHANU, ALIGARH	India
S2-282660988	SUNRISE HOSPITALITY PRIVATE (LIMITED)	DOOR NO 2 NR VIR NAGARSOCIETY S T WORK SHOP ROAD, MEHSANA, Gujarat	India
S2-846957815	Royal Nidi Corporation	##26/418, RAM KALAN COLONY BAHADURGARH, BAHADURGARH, हरियाणा	India
S2-174910901	Kolkata [Infarstsurctrure]	H.NO #48 JAYASREENAGAR, KOLKATA, West Bengal	India
S2-757870650	Crggedit & Co	B-209, NORTH WEST, DELHI, दिल्ली	India
S2-413289067	International-Marketing Alliance LLC	4520 29RD ST, LITTLE ROCK, AR	US
S2-770031198	hirelretailsindia.com	K-27, GROUND FLOOR, GALI NO. 6, K-BLOCK LABOUR CHOW, MAHIPAL PUR, NEW DELHI, Delhi	India
S2-756661599	J 2 N Lake L.L.C.	SECOND ST, HULL, IA	US
S2-112966104	P U & W Network Corp	965 40TH AVE, COLUMBIA HEIGHTS, MN	US
S2-443098127	CANDIS'S APEX TIRE  SHOP	##17215 VINTAGE WOOD LANE, SPRING, TX	US
S2-17017490	Pacific Léague	310 CASS STREET, CITY OF CHILTON, WI	US
S2-672494434	tiva llc	105 BELAIR STREET, BROCKTON, MA	US
S2-877294112	METROPOLITAN  FELLOWSHIP	BUSBY LN, DNTON, NC	US
S2-64642690	Inc Optimal Agricultural Products of Shedory	711 DEKALB STREET, SHELBY, NC	US
S2-502685584	Piedm0nt Trust VI LLC	19893 EMMERSON DR, MARICOPA CARRIER ANNEX, AZ	US
S2-380975813	Cornerstone Velos, LLC	6613. LOCH RAVEN BOULEVARD, NORTHWOOD, MD	US
S2-799645349	Sterling Biotech	341 39TH AVE, MINNEAPOLIS, MN	US
S2-935847533	Co Coastal Highland 5uma	5-18 43 ST, LONG ISLAND ICTY, NY	US
S2-11790343	RELIABLE DESIGN VENTURES	1105 BENSON SAINT, ALTUS, OK	US
S2-463590199	Complete Equity Systems Co	001004 MEADOW CREST DR, PELLA, IA	US
S2-845542931	Minerals Conclave Private	PROM ADD:B-15/B KALKAJI, NEW DELHI, Delhi	India
S2-985897976	VEGA CASCADE  WHOLESALE INC	19829 ECHO RIM DRIVE, null, SURPRISE, AZ	US
S2-999249301	Ruby Hydeen Royal Vertical LLC	105 LAKE STREET, CHISHOLM, MN	US
S2-635055193	KARMEN MCKEE, SERVICE	143 SOUTH FORK DR, PHOENIX, AZ	US
S2-952434680	Y+ AUTOMOTIVE	42 HICKREY DR, EVANS, WV	US
S2-841571196	Service Srour, Jackson Salem lnc	1657 17 MILE RD, RIVERTON, WY	US
S2-435684228	ClVIL EDUCATIONAL SOCIETY	HNO B6 462, SIRSA, Haryana	India
S2-457608000	Horizon Fusion Inc.	2476 SKYLAND PLACE, WASHINGTON, DC	US
S2-826238939	SOUTH-FOODS PRIVATE LTD	H.NO 35 , 1ST MAIN, 4TH CROSS, NANJAPPA LAYOUT ABOVE SRINIVASA GENERAL STORE, ADUGODI, BANGALORE, Karnataka	India
S2-715478259	A Reliable Wellness Inc.	##3809 TERRACE DRIVE, FAIRFAX COUNTY, VA	US
S2-942158756	Bateman, Glover and Larsen Bankshares	10432. LABRADOR LOOP, MANASSAS, VA	US
S2-33190512	Duran Sltelitng Usa LLC		US
S2-437929761	FIRST TALENT 6ROUP	19055 River Rd, LEAVENWORTH, WA	US
S2-500927837	Cozy Pizza	719A ASHFORD COURT, CINCINNATI, OH	US
S2-971697439	dhanshrigurukripa.com #69320	C-D/37 PRASANNA JEEVAN SOCBABHAI EKSAR RD BORIVLI(WEST), MUMBAI, Maharashtra	India
S2-229614226	Elgin Tourism Ltd Pvt	दिल्ली, C-3, GROUND FLOOR, KH. NO.515/1, MAIN ROAD SOUTH GANESH NAGAR, NEAR FAIR DEEL AUTO, MOBILE, DELHI	India
S2-931114720	Future Constructions Private [Ltd]	GROUND FLOOR, N-73, SHYAM NAGAR, NEW DELHI, Delhi	India
S2-484063413	bureau aging of	1106 TAMARACK WAY, CITY OF VERONA, WI	US
S2-514218390	*** St Fellowship LLC	CO HWY 128, BATTLE LKE, MN	US
S2-878502213	All  Conhstructiioms Limited	9, WATERLOO STREET 1ST FLOOR, KOLKATA, KOLKATA, West Bengal	India
S2-47305110	Bay Golden Ogsmloc Group	#830 PRICE COURT, SACRAMENTO, CA	US
S2-24433431	COMPLETE ANALYTICS	6356 WINGATE STREET, ALEXANDRIA, VA	US
S2-26801395	PITTS PÁCKAGING	10506  PAXTON RUN RD, CHARLOTTE TOWNSHIP, NC	US
S2-180068473	नॉर्थ केयर प्रा. लि.	173 E-3/157, WEST DELHI, Delhi	India
S2-878331102	GLOBE GLOBE LTD PVT LABORATORIES	14D 14TH FLOORATMA RAM HOUSE1 TOLSTORY MARG, NEW DELHI, Delhi	India
S2-497614165	BUILD SYSTEM	NO. C-94 C-3, GALI NO.-6, JYOTI COLONY, SHAHDARA, Delhi	India
S2-848473964	Blue Hypnosis! Center	350- Oakwood Drive, SHEPHERDSTOWN, WV	US
S2-201526641	Shree Services Private Limited	NO 455 PLOT NO.IA/6, VIJAYAPURI COLONY, HAYATHNAGAR, Telangana	India
S2-219086400	Behavioral Health Associates	137 STATE RD, AQUINNAH, MA	US
S2-949982532	Ace Private Consultants Limited	703., KANJURVINAYAK, CHSL DATAR COLONY BHANDUP, MUMBAI, Maharashtra	India
S2-695638229	ಬ್ರೈಟ್ ಕನ್‌ಸ್ಟ್ರಕ್ಷನ್ ಲಿಮಿಟೆಡ್	#1ST FLOOR, SPD PLAZA, 52, JYOTI NIWAS COLLEGE ROAD KORAMANGALA INDUSTRIAL LAYOUT, KORAMANGA, LA, BENGALURU, BANGALORE, Karnataka	India
S2-295318980	Ariagild	D-525, AGRA, KAMLA NAGAR, Uttar Pradesh	India
S2-853167643	Kalinga Inra Public Limited	C/O MUKESH SINGHAL, AGRASEN COLONY, BARI, Rajasthan	India
S2-234335906	(CO) RION INTERESTS	827 Cedar Springs Road, ATHENS, TN	US
S2-14011927	Lucky (Tattoo)	36 MARGO DRIVE, FAIRPORT, NY	US
S2-788171531	Metro Coalition Corp	17211 64, TYLER, TX	US
S2-903247257	Abhishek Trading Private Private Limited	Uttar Pradesh, NO 34 , GROUND FLOOR, TOWER-C, SECTOR-62, NOIDA	India
S2-405661739	Horizon Algonquin	603 PIPE N TREE DR, MIDDLESEX COUNTY, VA	US
S2-757560341	Carlson  Heckman	16  LARKSPUR DR, COLSTRIP, MT	US
S2-725504283	#DSENGINEERING	DOOR NO A-804 STAVAN ANITRA NR, AHMEDABAD, Gujarat	India
S2-187446885	Pink Engineering Private	PS SRIJAN TECH PARK, DN-052, 12TH FLOOR, SECTOR-V, SALTLAKE, West Bengal	India
S2-928119844	Vision Associates LP	13363 NEW HOPE WAY, CARLYLE, IL	US
S2-382398943	ND Staking [Inc]	1890 GOVERNORS LN, HOFFMAN ESTATES, IL	US
S2-783194903	Precision  Trading Inc	2139 MCKINLEY ST, CASPER, WY	US
S2-902886649	THE LENNON  ENTERPRISES	BEECH TREE LANE, BECKET, MA	US
S2-323447130	इंटरनेशनल टेक्नोलॉजी	1-18, ANSAL BHAWAN 16, KASTURBA GANDHI MARG, NEW DELHI, दिल्ली	India
S2-441186268	BENNETT  SILVER ROYCE,	4514 KINGVIEW AVE, PMB 6370, DAYTON, OH	US
S2-937723366	Pentagon Technology of Partners	F-4/G1, EAST JYOTI NAGAR, LONI ROAD, SHAHDARA, NORTH EAST DELHI, <NULL>, Delhi	India
S2-723297119	Jay Law Pvt Ltd Center	#796 BLOCK A D.NO.40-15/1-9/1SIRIS RAJUSTREET BRUNDAVAN COLONY, LABBIPET, VIJAYAWADA, Andhra Pradesh	India
S2-184262554	Womens Health Physicians	3349 EZELL RD, NASHVILLE, TN	US
S2-499135722	Pacific Gréenland	244 Gaston Mclean Rd, ROCKINGHAM, NC	US
S2-445330216	Harmon Printing LLC Service	1136 KINZIE AVE, AKRON, OH	US
S2-141464931	Miller Printing United	135 PLEASANT ST, CAMBRIDGE, MA	US
S2-949224950	DT PRIVATE LIMITED CENTER	SECOND FLOOR, NANDANAM BUILDING, CHAKKARAPARAMBU VENNALA, KOCHI, Keralam	India
S2-915826359	Delta  Karman	134 GREN DR, AVILLA, IN	US
S2-684104157	neelrealcon.com	NO.221, WARD 2, MEL ALINIKULAM DEVASTHANAM POST VANIYAMBADI TALUK, VELLOORE, Tamil Nadu	India
S2-259007007	PHYSICAL THERAPY DESERT MEDICINE L.L.C.	1009-A HUNLEYHILL COURT, STALLINGS, NC	US
S2-358912276	Chennai  40 Cold Private Limited	BLOCK-D - 113-, ANNA NAGAR EST CHENNAI 40, CHENNAI 40, Tamil Nadu	India
S2-689946114	STAR AGRICULTURAL	5044 COLLINA PL, SACRAMENTO, CA	US
S2-77632444	CO MUMBAI INTERNATIONAL	NO 288 59/60, FLOOR-2 PLOT-25, DNYAN BUILDING P H PUROHIT LANE, CAVEL 1 X LANE, RAMWADI, KALBADEVI, ROAD, MUMBAI, NAVI MUMBAI, Maharashtra	India
S2-504535407	Rosenblum Veterinary Clinic Clinic	1424 1200, LAYTON, UT	US
S2-179653602	*** Build-System	NO. C-94 C-3, GALI NO.-6, JYOTI COLONY, SHAHDARA, Delhi	India
S2-5810021	Maid Cleaning Sceivce Group	1440 VETERANS PARKWAY CT, CLARKSVLILE TOWNSHIP, IN	US
S2-412954546	happybookstore.com	#1011 KENT AVE, CATONSVILLE, MD	US
S2-421006002	Orbizetariza	A-23, SUBHASH NAGAR, MERTA, NAGAUR, NULL, Rajasthan	India
S2-14154802	STRATEGIC RETAIL VENTURES CORP	3029 CR 145, ALVIN, TX	US
S2-410084274	FTQ  8etter Fitness Partners	142 PUTNAM CIRCLE, SPRINGFIELD, MA	US
S2-5849825	इंटरनेशनल कंस्ट्रक्शंस प्राइवेट लिमिटेड	SHOP NO. 18-19, LUCKNOW, Uttar Pradesh	India
S2-991938811	Innovative-Marketing	WESTMINSTER AVE, WATERTOWN, MN	US
S2-885551436	लोटस राम हॉस्पिटैलिटी प्राइवेट लिमिटेड	#23 1004, 10 FLR, WINDFALL, SAHAR PLAZA, NXT TO KOHINOOR HOTEL, JB NAGAR, ANDHERI EAST, MUMBAI CITY, MUMBAI, Maharashtra	India
S2-481562750	National  5unstone LLC	6363 COLUMBIA ROAD, NULL, DOVER, OH	US
S2-602978768	Secure Grand Center Services	20507- CLAY STONE COURT, SPRING, TX	US
S2-115557019	Saint Traders  Private Limited	C/O BALWAN SINGH PO- BEHAL, BHIWANI, Haryana	India
S2-856973892	Greener Association Pvt Ltd.	C/O VEDPRAKASH PALARIYA, NALLA PUSHKAR PUSHKAR, AJMER, Rajasthan	India
S2-63657740	Cure Hypnosis  Inc	2235 BALTIMORE RD, COUNCIL, NC	US
S2-689225582	सेवन इंजीनियरिंग प्राइवेट लिमिटेड	Haryana, H. NO.-279, SUBHASH NAGAR, ROHTAK	India
S2-575268145	Filip Telecom of Rock Little LLC	6415 JUNIPER ROAD, LITTLE ROCK, AR	US
S2-910400596	Private Prabha Research Limited	NO 10VIDYASHNKAR GRUHANIRMNA, MYSORE, MYSURU, ಕರ್ನಾಟಕ	India
S2-241317591	പെർഫെക്റ്റ് ഗ്ലോബൽ ഹെൽത്ത്‌കെയർ ലിമിറ്റഡ്	DOOR NO 6/220  D V P COMPLEX MANNAMPATTA PO KATAMPAZHIPURAM, PALAKKAD, Kerala	India
S2-726792978	Sri High Consultancy-Limited Services	DOOR NO 201 , TOWER NO. 5, VALLEY VIEW ESTATE, GURUGRAM, Haryana	India
S2-398277729	Home Management Private Limited		India
S2-97079813	WT WT Human Private	Rajasthan, HN 490 363-A, GALI NO.1, RAJA PARK, JAIPUR	India
S2-210818433	जैन ट्रेडिंग प्राइवेट लिमिटेड	H.NO 02 RATHOD HOUSE OPP, APPLE HERITAGE ANDHERI E, MUMBAI, Maharashtra	India
S2-751637234	Sri City Estate-Private Ltd		India
S2-919057764	पायोनियर इंडस्ट्रीज प्राइवेट लिमिटेड	C/O BHIMRAO KATKAR, KOLHAPUR, महाराष्ट्र, HATKANANGALE	India
S2-624827039	Mendoza & Ledesma LLC Center	CHERRY LANE, LEITCHFIELD, KY	US
S2-167184108	woz solutions private limited		India
S2-239002464	WOODSCHOENSMITH.COM	512-516 Liberty Dr, WHEATON, IL	US
S2-344082495	அபெக்ஸ் கன்ஸ்ட்ரக்ஷன்	30/2, 1ST FLOOR, LBS BUILDING, OPPOSITE TO GANESH DEPARTMENTAL STORE, PALLADAM ROAD, TIRUPUR, COIMBATORE, Tamil Nadu	India
S2-640012294	Meredith and Molinari LLC		US
S2-162421372	Sowell Cosmetics	1206 I ST, ONTARIO, CA	US
S2-924911499	ভারত সার্ভিসেস প্রাইভেট লিমিটেড	4 SADANALD ROAD, GROUND FL, HOWRAH, KOLKATA, West Bengal	India
S2-151747608	Cardiology Inc of Hamburg Health	153 CHAPEL GLEN DR, HAMBURG, NY	US
S2-191915895	Eye Spurecbe [Care]	WV, GLEN FERIRS, 107 FRONT STREET, PMB 6822	US
S2-231699043	Atlantic Atlantic Mining Inc	629 PLEASANT SAINT, MELROSE, MA	US
S2-734438279	Advanced Security Innovations L.L.C.	808 FIFE AVENUE, SAPULPA, OK	US
S2-560465888	Private Abhishek Trading Limited	#34, GAUTAM BUDDHA NAGAR, Uttar Pradesh	India
S2-264275797	URGENT CARE	701 WSST ST, WICHITA, KS	US
S2-481453068	EISEN PVT. LTD. PARTNERS	FALT NO.#207, B-BLOCK, SRI LAKSHMI KRISHNA PARADISE, WIDIA COLONY, OPP. ST.RITASCHOOL, MIYAPUR, HYDERABAD, తెలంగాణ	India
S2-85399476	Strategic Waste Waste	8213A ROCK ELM RD, FORT WORTH CITY, TX	US
S2-882562262	Vrogum LLC	4533 1/2 FAIRLAWN COURT, ENGEWOOD, OH	US
S2-453896618	Pranita Services  Limited Private	19/C - 3, MODEL TOWN, BAL RAJESHWAR ROAD MULUND - WEST, Maharashtra	India
S2-722317682	Inc Solstice Tax	2335-2339 BLACK SPRUCE CT, GOLDSTREAM, AK	US
S2-157385738	Rahman Chémical (Aossocitaes)	043485 D, PERRY, MO	US
S2-106864437	THANESAR FTOAS PRIVATE LIMITED	NO. 58 SCO NO 218, SECTOR 10, URBAN ESTATE, THANESAR, Haryana	India
S2-314164106	Naqvi & Gao	830 DREXEL AVE, FORT WAYNE, IN	US
S2-316150564	Lynda Sawyer Tax Sérvice	4839 LAS PALMARITAS DRIVE, GLENDLE, AZ	US
S2-58406974	ராம் டெக்னாலஜி பிரைவேட் லிமிடெட்	NO:4, CHENNAI, Tamil Nadu	India
S2-935707550	ఆల్ కేర్ ప్రైవేట్ లిమిటెడ్	473 SAI SADAN COMPLEX IST FLOOROPP PETROL BUNK VIJAYAWAD HIGHWAY L.B NAGAR HYDERABAD, Andhra Pradesh	India
S2-444515088	डिजिटल बिल्डर्स प्रा. लि.	SPERAWALBUILDING, MUMBAI, महाराष्ट्र	India
S2-567283587	*** M & E Analytics	502 GREG DRIVE, ENID, OK	US
S2-114882213	5-STAR	912 MAIN ST, PMB 7510, CHATHAM, MA	US
S2-863015057	philipsscottgroup.com	806 Woodin Blvd, DALLAS, TX	US
S2-595689359	East Superior Solana Corporation	82-86 NEPONSET ST, CANTON, MA	US
S2-782597640	Human  Rights	##633 SYCAMORE SAINT, PORTSMOUTH, OH	US
S2-455246584	DITCH PLAINS ÍNC	COBURN DR, FLAGSTAFF, AZ	US
S2-386860209	Sullivan  Inc Service	BARBERTON, OH, FORD AVENUE	US
S2-527786773	Services Ltd. Tech Pvt. Bhavani	Haryana, H.NO 771 D-234, UG, SUSHANT ARCADE SUSHANT LOK-1, GURGAON	India
S2-695438674	Adelaida A. Baker, M.D., DDS	1220 Hardison Drive, JAMESVILLLE, NC	US
S2-377796515	BURKE COPPER	213- ST MARYS AVENUE, STATEN ISLAND, NY	US
S2-5795532	Si Trading Private	SNO 2/1/1 SHOP NO.2 BLD A, DIVINEAUNDH NRCOSMOS BANK, PUNE CITY, Maharashtra	India
S2-14443460	பிரீமியர் எனர்ஜி லிமிடெட்	95, CHENNAI, Tamil Nadu	India
S2-629468883	julisfamilypractice.com	11851 20, MIDDLEBURY, IN	US
S2-483055442	Adkins Cannabis L.L.C.	1858-1862 Dooridge Dr, TWINSBUGR, OH	US
S2-483840863	Powerful & Sons  Ltd	हरियाणा, 25, AAPKA CITY PLAZA CIVIL LINES, GURGAON	India
S2-915046099	Deis	257 SAMUEL DRIVE, OPP, AL	US
S2-55908878	NKN Energy	C/O SHRI KUSAN KARU KORE AT AMGAON TQ AMGAON DT GONDIA AT AMGAON, GONDIA, Maharashtra	India
S2-738389811	Aditya Systems	462/1, IIIRD FLOOR LADO SARAI, DELHI, Delhi	India
S2-912735779	5913bakery.com	142B 5516, TROY, AL	US
S2-533990964	Northwind LLC	VA, GAINESVILLE, CULLODEN CREST LANE	US
S2-336470771	COIMBATORE SOUTH TRADE LTD	42 A, SENGUPTHA STREET, COIMBATORE SOUTH, Tamil Nadu	India
S2-637933871	Gutierrez Clinic  Veterinary	15-17 FAIRFIELDS LN, HUNTINGTON STATION, NY	US
S2-975699113	Diagnostics LLC	435 1/2 MULBERRY DRIVE, BONNIE, IL	US
S2-653968992	Suchy Blockchain  LLC	SAINT CHARLES CDP, MO, 2756 MCCLAY RD	US
S2-286463322	Shrinath Brothers  [Limited]	OFFICE NO.1109, PLOT 7A/1, CORPORATE PARK, SECTOR-142, NOIDA, उत्तर प्रदेश	India
S2-441883431	Harbor Inc  Ridge	1080 3300, SOUTH SALT LAKE CITY, UT	US
S2-911121396	BOAMPLIFY.COM #78893	116 SUGAR RIDGE LANE, LA OLLETTE, TN	US
S2-237320051	Management Maa Bricks	GROUND FLOOR PLOT NO. 79 TO 82, BALAJI INDUSTRIAL VIBHAG-2, MANGROL, null, Gujarat	India
S2-188451309	Kritavi  Centre Corporation	H.NO 38 THANIKACHALAM ROAD, T.NAGAR, MADRAS-17, Tamil Nadu	India
S2-13471780	Harbor Smart Morgan	VA, 11615 VALLEY ROAD, FAIRFAX COUNTY	US
S2-309398278	ஆல்ஃபா வென்ச்சர்ஸ்	RH-82, SHRIRAM SHESHTA, BODIPALAYAM ROAD, MADUKARAI MARKET, COIMBATORE SOUTH, COIMBATORE, Tamil Nadu	India
S2-747402939	Pacific Snlernt		US
S2-910848929	Maid LLP Deli	PIGEON FORGE, TN, CLABO HOLLOW ROAD	US
S2-949315100	KANG INC (SERVICES)	903 GRANITE DELLS ROAD, AZ, PAYSON	US
S2-179985934	R0berts Direct [Property]	444 COMSTOCK RD, SOUTH ELGIN, IL	US
S2-438225419	Elite Worldwide Inc. Center	22010 MEADOWVALE ROAD, ELK RIVER, MN	US
S2-236079879	DIRECT ROBERTS PROPERTY	444 Comstock Road, SOUTH ELGIN, IL	US
S2-679941888	WILLIAMS OFS DÉSERT LLC	303 APPLEWHITE AVE, STANTONSBURG, NC	US
S2-419504748	... Saint Cáthedral	LINDSEY, 4491 STATE ST, OH	US
S2-746507160	Linkpoint Trails Pvt Ltd.	BUILDING NO 525 KANJOOR P O, KALADY, Keralam	India
S2-691929399	Services Suryateja Commercial Private Limited	718 , 1ST FLOOR, 23RD CROSS IDEAL HOMES TOWNSHIP, RAJARAJESHWARI NAG, AR, BANGALORE, Karnataka	India
S2-296295621	KARMEN MCKEE, (M.D.)	143 S FORK DR, PHOENIX, AZ	US
S2-132462891	Upper  Yhn	11718 FOURTEENTH AVENUE, BURIEN, WA	US
S2-602923188	फर्स्ट इंफ्रा लिमिटेड	A 4/2 UTKARSH NAGARGADITAL HADAPSAR, PUNE, Maharashtra	India
S2-306854707	PEREZ AND [6ARTMAN]	CA, REDDING, #2022 WESTWOOD AVE	US
S2-760793276	Economic Development Program	1410-1412 LA PAZ DRIVE, OJAI, CA	US
S2-614119528	LEUNG ETF		US
S2-597453389	A A Choice British	1281  HACIENDA PINES DR, SHOW LLOW, AZ	US
S2-290661402	Hitech Classic  Services LLP	1209, SECTOR D SUDAMA NAGAR, INDORE, Madhya Pradesh	India
S2-895861344	गैलेक्सी टेक प्राइवेट लिमिटेड	C-67SHIVAJI PARK, NEW DELHI, WEST DELHI, Delhi	India
S2-895098008	Ahmedabad Sales Private [Limited]		India
S2-298585733	METROPOLITAN SOUTH CLINIC (LLC)	900 WESTGATE AVENUE, SAINT LOUIS, MO	US
S2-165546698	Jaiswal Solutions (India) Limited Center		India
S2-557202049	big infra		India
S2-604041211	JP & BROTHERS PLAE [LIMITED]	NO 3 , S.NO364/5, 366/26 MIRAL APTS. CHS LTD. MIRA BHAYANDER ROAD(E) GOVIND NAGAR NR P, ETROL PUMP, THANE, Maharashtra	India
S2-883212920	Community-Church	400 DRSET AVENUE, VIRGINIA BEACH, VA	US
S2-320408937	Jain કન્સલ્ટન્ટ્સ પ્રા. લિ.	PL-C10, GR FL SK IND SOC-2, BAMROLI ROAD, U.M. ROAD, CHORASI, ગુજરાત	India
S2-437013359	Ráven	213 1/2 WARDS LN, CREWE, VA	US
S2-314857281	BOHRER RIDGE INTERNATIONAL	1046 DORSEY DR, BURLINGTON, NC	US
S2-97958723	Cardiology Care Associates Of Mebane	MEBANE CITY, NC, 625- CASEY LANE	US
S2-493346444	Urgent United Care Partners	TN, NASHVILLLE, Bluefield Avenue	US
S2-607214021	L.L.C. Smith Empire Pubhilc	133 BELMNT ST, AKORN, OH	US
S2-609827573	FAM Design Pvt	ગુજરાત, UNIT 504, FIFTH FLOOR, FLEXONE, BUILDING FOOTPRINT 15C2, BLOCK 15, ROAD 1C, ZONE 1, GIFT SEZ, GANDHI NAGAR	India
S2-33400293	CLEAN AUTOMATION NETWORKS LLC	10200 FREEMAN RD, ELK GROVE, CA	US
S2-59234275	Womens Health Clinic	557 TURTLE NECK RD, ALEXANDER CITY, AL	US
S2-634634189	Beth Chhu	HIGH STREET, COLUMUBS CDP, OH	US
S2-577802240	carter capital partners	100  MEMORIAL DRIVE, INTERNATIONAL FALLS CITY, MN	US
S2-280570033	Wildlife Cómmittee	OH, NWBURY, 0014476 BASS LAKE RD	US
S2-408721976	பிரீமியர் Energy Limited	95, ANGAPPAN NAICKEN STREET PARRYS, CHENNAI, Tamil Nadu	India
S2-430397725	Shyam-Tech LLP	C/OPRAVIN PRABHUAPPA DAMA, VIDYAKUNJ COLONY, AMBEJOGAI, NULL, Maharashtra	India
S2-723364168	HAMMERSCHMIDT, REYES & DIETRICH	WA, FARMINGTON, 587 MAIN STREET	US
S2-284084954	Vision Trusted (Specialists)	9142 1/2 JUNEWOOD LANE, FAIR OAKS, CA	US
S2-192795609	Premier Kongsberg Corp	14849  GLEN CREST LN, HOMER GLEN, IL	US
S2-30000064	ONCOLOGY GOLDEN PARTNERS	BISMARCK, 1420 Harmon Ave, ND	US
S2-743250310	Ftq Better Fitness Partners	142 PUTNAM CIR, SPRINGFIELD, MA	US
S2-175562680	biprivate.com	5, MCHS, 14TH MAIN, 15TH CROSS SECTOR 4, HSR LAYOUT, BENGALURU, BANGALORE, ಕರ್ನಾಟಕ	India
S2-30746112	Patriot Fresh Hill		US
S2-654311075	Tracey Nichols United	C STREET, SALT LAKE CITY, UT	US
S2-617771693	MUMBAI INN0VATORS PRIVATE [LIMITED]	GOVANDI STN. ROAD, TATA NAGAR, GOVANDI OPP. FISH MARKET, A-1, DHARWALA, MUMBAI, Maharashtra	India
S2-143064489	एस आईटी प्रा. लि.	PLOT 928 1165, FOURTH FLOOR, DDA LIG FLATS, KONDLI, GHAROLI MAYUR VIHAR PHASE-3, DELHI, EAST DELHI, दिल्ली	India
S2-147919401	M/s Gnk Smart (India) Progvet Limited	Delhi, A-3/221 IFND FLOORSECTOR-17 ROHINI, NEW DELHI	India
S2-7525683	VALENCIA  CORPORATION	KY, 853 HANNA LEIGH TRL, LONDON	US
S2-665237217	precision staffing international inc	609 30TH STREET, MOORHEAD, MN	US
S2-792336281	Surgical Spehcialaiosst LLC	UNIVERSITY LN, ELK GROVE VILLAGE, IL	US
S2-238390128	साई मैनेजमेंट प्राइवेट लिमिटेड	#152 F.N-2A, DIVREPORTINGCIRCLE, PATNA, Bihar	India
S2-57295599	लक्ष्मी बिल्डर्स प्राइवेट लिमिटेड	FLAT NO.-39-A-4, <NULL>, NEW DELHI, WEST DELHI, Delhi	India
S2-263114491	Balotra Solutions Corp	S/O POONAM SINGH MANNAVAS, CIRCLE BY PASS MAJIWALA, BALOTRA, राजस्थान	India
S2-72391673	Surya Thc Private Limited		India
S2-47980490	ROCKY TRU5T	30 AUNA DR, BROCKTON, MA	US
S2-488781294	Horizon Fusion  Inc	SKYLAND PL, WASHINGTON, DC	US
S2-683824784	M/s Devpujan Allied [L.L.P.]	Madhya Pradesh, 234 ASHOK VIHAR, NAGAR NIGAM COLONY NEAR ASHOKA GARDEN THANA.BHOPAL STATION ROAD, BHOPAL	India
S2-4933639	Piedmont Arrived [Corporation]	50541 TRAMMELL DR, S. BEND, IN	US
S2-217353321	Hydro-Holdings	PLOT NO.32, NO.12/174, BLOCK -A, VGN AVENUE, CHENNAI, POONAMALLEE, Tamil Nadu	India
S2-644415572	Pediatric Dentistry  Value Cdlnic	925 DOVE STREET, OSHKOSH, WI	US
S2-135790777	CASIQUE  DELTA SCUTI	7807 CABALLO RD, TUCSON, AZ	US
S2-769433298	MUNOZ & CANTILLO, INC	460 GOLF CLUB LANE, CROSSVILLE, TN	US
S2-403572145	பாபா ஐடி பிரைவேட் லிமிடெட்	MR-140(MATIRA), 14TH FLOOR, PBEL CITY KELAMBAKKAM, KANCHEEPURAM, CHENGALPATTU, Tamil Nadu	India
S2-459590705	सूर्या टेक्नोलॉजी प्राइवेट लिमिटेड	00212/213, MUMBAI, PRABHADEVI, Maharashtra	India
S2-866332654	Shri Global Trding Private [Limited]	Maharashtra, 101, ARUN CHAMBERS, TARDEO	India
S2-904437359	DIRECT ROBERTS PROPERTY	444 COMSTOCK RMAD, SOUTH ELGIN, IL	US
S2-478948297	आनंद प्रोडक्ट्स प्राइवेट लिमिटेड	322, DELHI, TIKRI KALAN, दिल्ली	India
S2-151061900	Dr Suven Industries (India) Private Ltd	79/87 D LAD PATHKALACHOWKIE, MUMBAI, Maharashtra	India
S2-550901449	Core Consultants	DOOR NO 66/D K.N.C ROAD, BARENDRA PARA, BARASAT, West Bengal	India
S2-579817777	NORTH KEYSTONE	VA, KINGSBURY CT, HENRICO COUNTY	US
S2-260588597	PANSIE'S BEST GRÓUP LLC	ROUND LAKE, #1411 AMARIAS DRIVE, IL	US
S2-576015140	@shruti	B-62 JALVAYU VIHAR PANAMPILLY NAGAR, ERNAKULAM, Kerala	India
S2-957206731	HENDRIX, JOHNSON & GEHMAN	RD 166, PO BOX 1133, CARDINGTON, OH	US
S2-260448696	SILVER POWER PRVATE LIMITED	NO ##3/12 PODAR BUILDING NO 2DR MAISURI ROAD SAMDALAR STREET ROAD, MUMBAI, Maharashtra	India
S2-660184165	The Metro Metropolitan Yield L.L.C.	BOYD STREET, LONG BEACH, NY	US
S2-872904417	RK Solutions Private	#G-0781/38 1KHETA JI KA JAV, SIKAR, राजस्थान	India
S2-745688867	FLINT LLC CENTER	139 POST OAK ROAD, CHAPEL HILL, NC	US
S2-327311280	PIONEER INC RATE	08334 71st Avenue E, TULSA CITY, OK	US
S2-374278255	INTEGRATED SEICRITY CONSULTANTS, [LLC]	##79 NASSAU AVE, BABYLON, NY	US
S2-273137566	रेड टेक्नोलॉजीज प्रा. लि.	151, NEW DELHI, MADHUBAN VIKAS MARG, Delhi	India
S2-210138524	A Therapeutics Optimal	VANDALIA, 845 FITCHLAND DR, OH	US
S2-697167949	Technology Eruagdn Service Private (Limited)	PLOT NO 131, KHERWADI, DAYAMA MARG, BANDRA EAST, MUMBAI, Maharashtra	India
S2-640083993	Bai	17TH AVE, PHOENIX, AZ	US
S2-902548044	Ltd Black Pvt Service	D.NO. 10-7-5/2, WEST GODAVARI, PALAKOL(MDL), Andhra Pradesh	India
S2-318529202	Pediatric Pediatric Anchor	4208 162ND ST, IA, URBANDALE	US
S2-448104134	ஸ்ரீ ஐடி பிரைவேட் லிமிடெட்	NO.##89 THIRUVALLUVAR STREET, JAKADHAMBAGAI NAGAR, PADI, CHENNAI, Tamil Nadu	India
S2-467011934	रॉयल कंसल्टेंसी प्रा. लि.	PLOT NO-R-6, KHAIRTHAL, ALWAR, Rajasthan	India
S2-419461379	ALLIED BRANDS PAYMENT GROUP	105 ROOSEVELT DRIVE, MORO, IL	US
S2-753009249	Bond, Petrick & Tuttle Plains	0140 CANON DR, PADUUCAH, KY	US
S2-96008501	Mendoza & Ledesma Couture,	KY, LEITCHFIELD, 132 CHERRY LANE	US
S2-715560752	ಬ್ರೈಟ್ ಕನ್‌ಸ್ಟ್ರಕ್ಷನ್ ಲಿಮಿಟೆಡ್	#1ST FLOOR, SPD PLAZA, 52, JYOTI NIWAS COLLEGE ROAD KORAMANGALA INDUSTRIAL LAYOUT, KORAMANGA, LA, BANGALORE, KORAMANGALA, Karnataka	India
S2-826904525	श्याम टेक एलएलपी	C/OPRAVIN PRABHUAPPA DAMA, NULL, NANDED, AMBEJOGAI, महाराष्ट्र	India
S2-973352628	Lauer, Coney & Hegadriickson Illinois LLC	##111-39 LEFFERTS BOULEVARD, SOUTH OZONE PARK, NY	US
S2-368943203	Fr0ntier Automobile,	IL, 24225 170TH AVENUE, ILLINOIS CITY	US
S2-641337120	Rowland & Cortez-L.L.C.	6 Lombard Street, PLYMOUTH, MA	US
S2-173424220	The Pediatric Dental Medicine Inc	1011 SPRING CREEK RD, COLLINSVILLE, TX	US
S2-201435704	Nupur Gl0bal	121, LAKE TOWN, BLOCK-A, NORTH 24 PGS, West Bengal	India
S2-821477691	Chiropractic Specialists	27525 Mechanicsville Rd, MECHANICSVILLE, MD	US
S2-503322336	परफेक्ट प्रोड्यूसर प्राइवेट लिमिटेड	D-1604 BPTP FREEDOM PARK LIFE, GURGAON, हरियाणा	India
S2-278898169	Air Aafdvisros Corporation	DOOR NO 705 7TH SKY LARK BUILDING, 60, NEHRU PLACE, NEW DELHI, Delhi	India
S2-664848613	White  Baba	11-33A-, NEAR ASSI ASRAMAM, PAMPANVILAI, ANANANTHAN NGAR, NAGERCOIL, Tamil Nadu	India
S2-224420333	pjones.com	FRANKLIN STREET, ITHACA, NY	US
S2-442882238	Heartland Cartesian		US
S2-832302724	Davis Corporate	MT, 602 PIERRE ST, BELGRADE	US
S2-908843915	Christenson Choice Beitfqie	69- Timberwilde Dr, TRINITY, TX	US
S2-681660231	माँ एस्टेट प्राइवेट लिमिटेड	C-401, GWALIOR, मध्य प्रदेश	India
S2-60529058	udaygiri solutions private limited	TC 28/1574 KANNETTUMUKKU JUNCTION THYCAUD, THIRUVANANTHAPURAM, THIRUVANANTHAPURAM, Kerala	India
S2-415495312	Anmol  Traders Limited	RAMNIK HOUSE, OPP. ALFRED HIGH SCHOOL, RAJKOT, Gujarat	India
S2-219595036	Direct-Feeqbcny	2972D CASA LINDA, KINGMAN, AZ	US
S2-276488519	5TERLING & CO	KACHCHH, NO. 00967 NEAR SWAMI NARAYAN VADA SAVASAR NSKA ANJAR, Gujarat	India
S2-465524774	HARBOR KONGSBERG, ÍNC	6040 Upper 47th Street, OAKDALE, MN	US
S2-703727177	साउथ मैनेजमेंट प्राइवेट लिमिटेड	MAKNE MANDE, RAMBAG, PALGHAR DIST. THANE, PALGHAR, THANE, Maharashtra	India
S2-841749599	Advanced Staffing [Innovations,]	TX, RUSK, 3446 1201	US
S2-599385951	Federal [Biosciences,]	5412 ROERS RD, PINE BLUFF, AR	US
S2-747825131	Luna Harbor Kgaa Llc	#194 13ST AVE, COLUMBUS, OH	US
S2-200280018	Augustine Dévelopments	16419 ELDRIDGE PKWY, TOMBALL, TX	US
S2-368476607	Miller Púrecycle Inc	1051 Dirksen Street, FAIRFAX COUNTY, VA	US
S2-797798924	Campaign Clinic Company	VISHNUKUMARI CHHETRI RESIDENCE, NEAR RADHE KRISHNA TEMPLE, MEGHPUR, JAMNAGAR, Gujarat	India
S2-910922166	American Vetaerinray-Clinic		US
S2-596249913	FTQ Better Fitness Parnters		US
S2-207764809	Arcyuma | www.arcyuma.com	HOUSTON, 10410 COBALT FALLS DRIVE, TX	US
S2-617330352	ಲೋಟಸ್ ಪ್ರಾಜೆಕ್ಟ್ಸ್ ಪ್ರೈವೇಟ್ ಲಿಮಿಟೆಡ್	771, BANGALORE, IV BLOCK, Karnataka	India
S2-695707576	Ines Liu Colonial	ROLLING MEADOWS LN, SIGNAL MOUNTAIN, TN	US
S2-678161917	Lyndsie Caffrey Australia	10405B 45TH AVE, MN, PLYMOUTH	US
S2-394064948	Shri Canara Enterprises Limited Service	PLOT 0964 F-239, F/F, LAXMI NAGAR, EAST DELHI, Delhi	India
S2-500983517	hzdds.com	18071 91ST DIVE, PEORIA, AZ	US
S2-643690325	A Cure 3 A1l	36010 2, STARTUP, WA	US
S2-273004102	सूर्य लोटस इंफ्रा प्राइवेट लिमिटेड	OLYMPUS APARTMENT GROUND FLOOR, ALTAMOUNT RD, MUMBAI, MUMBAI II, BOMBAY, Maharashtra	India
S2-364661174	Biddy T. Torres, Ó.D.	2555 ERICKSON STREET, SACRAMENTO CITY, CA	US
S2-892946085	Vision  Techioolgise Limited	C - 278/1/11 , GALI NO. - 11 C - BLOCK, BHAJANPURA, दिल्ली	India
S2-401866687	Cardiology Health Of Group Hamburg	CHAPEL GLEN DRIVE, HAMBURG, NY	US
S2-918753015	ashley excavation llc	WA, SPOKANE VALLEY, 12415 DESMET AVENUE	US
S2-76674214	भारत सिस्टम्स प्राइवेट लिमिटेड	#35 A-112, NEW DELHI, EAST DELHI, Delhi	India
S2-90087796	ਲੋਟਸ ਕੰਸਲਟਿੰਗ ਲਿਮਟਿਡ	PATIALA, THAPAR INSTITUTE OF, ENGINEERING & TECHNOLOGY, Punjab, STEP, PATIALA	India
S2-860433323	Prathmesh Sliecs Private Limited	#80 OFFICE NO 60-61, 1ST FLOOR, PRINCESS PLAZA, SARDAR CHOWK, MINIO BAZAR, VARACHHA ROAD, SURAT, Gujarat	India
S2-287205687	Dr URBAN BUILDERS PRIVATE LIMITED	2-067, E-22, MAHADEVAPURAM COONY, TIRUMALAGIRI, Andhra Pradesh	India
S2-929396527	ಸಿಟಿ ಜಯ್ ಎಸ್ಟೇಟ್ ಪ್ರೈವೇಟ್ ಲಿಮಿಟೆಡ್	G 1523 BRIGADE EL DORADO, BANGLORENORTH, BANGALORE, Karnataka	India
S2-818183664	माय फूड प्राइवेट लिमिटेड	PLOT 270 SHANTI NAGAR, SAROJINI NAGAR, LUCKNOW, उत्तर प्रदेश	India
S2-524317567	Wolk & Nlumatnn Origin P.C.	647 QUAIL LN, COPPELL, TX	US
S2-692375109	QUALITYRETAILGLOBAL.COM	6023 EAGLE LAKE RD, PO BOX 161, COMWELL, MN	US
S2-791592517	>> LAVANYA LIFESCAPES [LTD]	UNIT NO. 249, NAHAR & SETH INDL ESTATE L B S MARG, B WING, 2ND FLOOR, BHANDUP, MUMBAI, MUMBAI CITY, Maharashtra	India
S2-209229719	बेस्ट इन्वेस्टमेंट्स प्राइवेट लिमिटेड	UPPER GROUND FLOOR B-1/455, NEW DELHI, WEST DELHI, Delhi	India
S2-93912015	LLC Transcontinental Industrial Consultants	AMARILLO, TX, 4109 MOSCAO DRIVE, NULL	US
S2-781681430	>> Fluxxylo	BIKANER, S/O KHIRAJ RAM, NEAR NAYA, SAHAR PARIK CHOWK, BIKANER, Rajasthan	India
S2-312897272	*** Pune  Advertising	SHED NO 11, PUNE, N/A, महाराष्ट्र	India
S2-984406461	Kesteon Supply Co	64 1/2 WATER ST, FREDONIA, NY	US
S2-947512014	Vanguard Ef,e Corp	231 PHILADELPHIA PIKE, WILMINGTON, DE	US
S2-238993499	GH Grafd Ares	1023-1027 MONROE STREET, ELKHART, IN	US
S2-976019908	Obrien Obrien Harbor Phoenix	1545-1549 TEMPLETON PLACE, ROCKVILLE, MD	US
S2-35039296	INTERNATIONAL-FINANCE	Uttar Pradesh, CP-3 VIKALP KHAND, GOMTI NAGAR, LUCKNOW	India
S2-886263527	লক্ষ্মী কনস্ট্রাকশন প্রাইভেট লিমিটেড	C/O SUNIL KR JINDAL, FLAT NO B3, ASHISH APT, SILIGURI, DARJILING, DARJEELING, West Bengal	India
S2-46370739	charlotte housing association inc.	CAHRLOTTE, 6335 ELGYWOOD LANE, NC	US
S2-807964078	13 29 29 Tókyo	BROOKEVILLE, MD, 3311 TANTERRA CIR	US
S2-813170328	Clear Bright Atlanta Inc.	##115 FOREST LANE, PINEHURST, NC	US
S2-886645512	ಮೈ ಕ್ರಿಯೇಟಿವ್ ಸರ್ವಿಸಸ್ ಪ್ರೈವೇಟ್ ಲಿಮಿಟೆಡ್	H.NO 1275 GAGANACHUMBI DOUBLE, MYSORE, Karnataka	India
S2-824377685	ബാലാജി മാനേജ്മെന്റ് പ്രൈവറ്റ് ലിമിറ്റഡ്	XL/96INDIA GUEST HOUSE PALACE DURBAR HALL ROAD, ERNAKULAM, Kerala	India
S2-66524876	SKY HEIGHTS (INDIA) PRIVATE LIMITED	6-20-34, DURGA NAGAR, DURGA NAGAR, PAYAKARAOPETA, YELLAMANCHILI, VISAKHAPATNAM, Andhra Pradesh	India
S2-983551218	KLI Infratech Partners Limited	Delhi, C-2/20 SAFDARJUNG DEVELOPMENT AREA, NEW DELHI	India
S2-548731898	Nedda Silva Patriot	CITY OF SUPERIOR, WI, N/A, 1707 11TH STREET	US
S2-757824500	Viex Signature Mortgage LP	3855  KIPLING DRIVE, OWENSBORO, KY	US
S2-987453537	Jordana's  National Ventures	28 FAIRHOLM DRIVE, GATES, NY	US
S2-394148780	REDSTONE EDUCATION PRIVATE	NO.26, VANDALUR KELAMBAKKAM MAIN ROAD, KEELAKOTTAIYUR, தமிழ்நாடு	India
S2-591374078	Family Coastal Inc	9731 65, FOLEY, AL	US
S2-247457572	Suven Industries (India) Private	Maharashtra, 79/87 D LAD PATHKALACHOWKIE, MUMBAI	India
S2-747222601	Inc Carirnal	15500 1/2 18RD AVE, LYNNWOOD, WA	US
S2-721623800	Urology Grin Ássociates LLC	08472 SIERRA SUNSET DRIVE, SACRAMENTO, CA	US
S2-930587691	East Delta-Pharmaceuticals	6214 PALOMA CIR, NEEDVILLE, TX	US
S2-631760340	Softline Developers	NO 68 B 204 2ND FROOR, BLOCK-B, BESTECH BUSINESS TOWER, S.A.S.NAGAR (MOHALI), ਪੰਜਾਬ	India
S2-180285456	MSM DEVELOPERS PRIVATE LTD	PLOT 854 TOWER B, 3RD FLOOR, BALAJI ESTATE, 8 GURU RAVI DASS MARG, KALKAJI, NEW DELHI, Delhi	India
S2-375743230	wzsérvices.com	CT, WALLINGFORD, 30 ALEXANDER DRIVE	US
S2-589838202	Gangaya India (LLP)	331 2ND/F BLOCK-D TPS -2 PLOT NO 192 193 SUMEL BUSINESS B/H AMBICA MILL COMPOUND, AHMEDABAD, Gujarat	India
S2-620459234	Lawrence Aliance	ALLDREDGE ROAD, BLOUNTSVILLE, AL	US
S2-418705149	Kelly and Green  Biracilik	121-125 108TH STREET, PMB 2162, EVERETT, WA	US
S2-630210119	M/s TEESTA BROTHERS PAORBIAFE LIMITED	88, CHETLA ROAD, KOLKATA, KOLKATA, West Bengal	India
S2-220301599	UDAYGIRI SOLUTIONS PCVAMEBE LIMITED		India
S2-731659448	DB Posbtmiar LLC	162 MAPLE AVE, ALTAMONT, NY	US
S2-25856721	SAINT TRADERS-PSTRIVAE LIMITED	C/O BALWAN SINGH PO- BEHAL, BHIWANI, Haryana	India
S2-767443567	Allied Charities	15606 HWY 188, PMB 2839, SITON, TX	US
S2-291996709	ONE TECHNOLOGIES PRIVATE LIMITED	ಕರ್ನಾಟಕ, 332 , 3RD STAGE, 4TH BLOCK, BASAVESHWARANAGAR	India
S2-898423419	trústedinterstatechesapeake.com	00311 WASHINGTON AVENUE, PRESOCTT CITY, AZ	US
S2-421529304	5tevens Canrian	52- JUNIPER DRIVE, SAUGUS, MA	US
S2-688460926	LIBERTY COMMITTEE LP	DRIFTWOOD CIR, NEWBURY PARK, CA	US
S2-300635425	BLUE ESARLKA (INC)	MA, IPSWWICH CITY, 10-14 DAMON AVENUE	US
S2-475365199	Desire Ínfrastructure	SH-8, OBEROI TRADE CENTRE, PLOT NO 69, B.H LAXMI IND EST ANDHERI W, OFF NEW LINK ROAD, ANDH, ERI WEST, Maharashtra	India
S2-886091862	Metropolitan  Network	SOLDIERS HOME MIAMISBURG RD, MIAMISBURG, OH	US
S2-868544703	Nio Holdings	1800C LOWER BLOOMFIELD RD, NEW CONCORD, OH	US
S2-647402397	Clyyx Auto Center LLC	4841 POINT RD, WARRETON, VA	US
S2-652630371	Eugine Jacobs, D0 LP	1844 BLACK GOLD RD, null, ALBUQUERQUE, NM	US
S2-917599897	PFK Raoona LLC	2249 FIFTEENTH STREET, HOWARD LAKE, MN	US
S2-173383149	Pioneer Highland Media L.L.C.	1015 PETERSON AVE, WICHITA, KS	US
S2-290915242	Inn0vative  It	UNIT NO. #309 3RD FLOOR ASHISH INDL EST GOKHALE ROAD SOUTH DADAR, MUMBAI, Maharashtra	India
S2-827269436	Lucas Gesher	2133 BARD RD, LINCOLN CITY, OR	US
S2-722225650	Pvt. Developers Tropical Shubham Ltd	103, KANPUR, उत्तर प्रदेश	India
S2-941615126	goldenameren.com	SKIDMORE ROAD, NULL, SUTTON TOWNSHIP, WV	US
S2-638172611	North Best  Computing Inc		US
S2-373065701	KFB INTEGRATED CORP	3218 PINEWOOD AVENUE, CHATTANOOGA, TN	US
S2-761297510	ક્રિએટિવ લોજિસ્ટિક્સ પ્રાઇવેટ લિમિટેડ	#512 ATMA HOUSE ASHRAM ROAD, AHMEDABAD, Gujarat	India
S2-289077218	குரு சர்வீசஸ் லிமிடெட்	KAMUDHI KALANJIA MAGALIR VATTARASANGAM KOTTAI MEDU, KAMUDI, RAMANATHAPURAM, Tamil Nadu	India
S2-749033451	Anvil Robck P.C.	BROADWAY ST, CITY OF EDGERTON, WI	US
S2-771412079	Royal Nidhi	##26/418, RAM KALAN COONY BAHADURGARH, BAHADURGARH, Haryana	India
S2-535377082	Pediatric Anchor	4208 162ND STREET, URBANDALE, IA	US
S2-193590488	Cáre Trading Bhubaneswar	TEGACHI, MAMUDPUR, P.O.- SOUTH GARIA DIST-SOUTH 24 PARGANAS, BARUIPUR, null, West Bengal	India
S2-484944621	South Health Center Inc Commission	#3723 AGNES AVENUE, KANSAS CITY, MO	US
S2-936313441	Institute Memorial	UG 4-06, GROUND FLOOR, MGF METROPOLIS MALL, MG ROAD, DLF QE, Haryana	India
S2-313238862	Regional  Summit Brand L.L.C. #18707	30468 TOWER RD, ELKHART, IN	US
S2-943768257	CORPORATION CUSTOM FINANCIAL	<NULL>, KATANGA, JABALPUR, B.NO. 5 AKARSH ENCLEVE, Madhya Pradesh	India
S2-238611200	COREEN COLLINS QUALITY CARGO LLC	021112 COLD SPRING LN, NC, CORNELIUS	US
S2-369043606	Neel LLP Center	NO.221, WARD 2, MEL ALINGIKULAM DEVASTHANAM POST VANIYAMBADI TALUK, VELLOORE, Tamil Nadu	India
S2-616377586	Primary Care Spécialists Co	2137B GREENWAY AVE, SHAKOPEE TOWNSHIP, MN	US
S2-318322489	Delhi Gás Pvt Ltd	PLOT 806 9, BLOCK A, WAZIRPUR INDUSTRIAL AREA, DELHI, दिल्ली	India
S2-344792184	19/19  PRIVATE	2011 NINTH ST, BROWNWOOD, TX	US
S2-502692736	>> Irene's H0mecare Corporation	PETERSBURG ROAD, EVANSVILLE, IN	US
S2-159362131	Venkata Andvsioso	PITASHRI INDUSTRIES RUPCHAND MHSAKE B51 MIDC PHASE3 NAGEWADI, JALNA, Maharashtra	India
S2-697395123	Tetecque	##517 DE PERE STREET, MENASHA CPD, WI	US
S2-365609319	Regional International Environmental LLC	1117 GREGG ST, <NULL>, RALEIGH, NC	US
S2-206334327	Dr Ultra Industries Prvadfte Limited	PLOT 943 IN FRONT OF RANCHORE TEMPLE GINDORE JHALRAPATAN, JHALAWAR, Rajasthan, NULL	India
S2-825769098	Jay Medical Prgivat Limited Limited	H.NO 165 75-C, II MAIN ROAD, GANDHI NAGAR, ADYAR, தமிழ்நாடு	India
S2-177707960	Noida Prfoducts Pvt Ltd		India
S2-613551086	Horizon Fusion	SKYLAND PL, WASHINGTON, DC	US
S2-702022933	Chatura Herbs	B/804, NANCY BRAHMA RESIDENCY, S. NO. 6 H NO. 10/15, NDA PARSHAN ROAD, BAVDHAN, PUNE, महाराष्ट्र	India
S2-620411990	Mr CHANDRAKANTA MEDICAL CÉNTRE	312 DEEP KAMAL COMMERCIAL, HUB, SARTHANA JAKATNAKA, CHORYASI, Gujarat	India
S2-213445931	सूर्या टेक Private Limited	#168, N/A, SIRSA, Haryana	India
S2-70770161	Star Biotherageautics Inc	#1 Pineridge Street, MELVILLE, NULL, NY	US
S2-771155794	Pediatric Medicine Inc Commission	3479 LINWOOD AVENUE, CINCINNATI, OH	US
S2-27703401	Vantis Árrived LLC	06 C ELM STREET, PITTSBURG, KS	US
S2-839099715	#WASHINGT0N	21143 267TH DR, BUCKEYE CITY, AZ	US
S2-398363167	Dk (India) Foundation Private Ltd	NO 63 B, 13TH CROSS, 2ND MAIN, JP NAGA,R 3RD PHASE, BANGALORE, ಕರ್ನಾಟಕ	India
S2-95106839	गुजरात मीडिया प्रा. लि.	H.N. 80, HANUMANPUR, CHAMRAUTI BHAG-1, HANUMANPUR, CHANDAULI, Uttar Pradesh	India
S2-613307126	Keystone Australian	MA, NEEDHAM, 146 HILLCREST ROAD	US
S2-912309644	HAMILTON SCHOOL  OF MEDICINE	1109 THIRD ST, SAN BERNARDINO, CA	US
S2-751158833	Family Coastal Group-District	9731 65, FOLEY, AL	US
S2-564392203	Colonial Association Inc Inc	649 DELAVAN AVE, BUFFALO, NY	US
S2-944095695	Greatway (India) Chemicals	हरियाणा, SCO 96, SECOND FLOOR, SWASTIK VIHAR, MDC, SECTOR 5, PANCHULA	India
S2-467163881	LLC DHP Scientific	53 DEAN RD, PO BOX 5637, SPENCERPORT, NY	US
S2-942167817	Pediatric Specialists L.L.C. Authority	138 DOGWOOD LN, MOCKVSILLE, NC	US
S2-613351739	CURE CAFE INC	1308 PICKWICK PARK CT, FRANKLIN, TN	US
S2-821633594	Innocent & Sons Sons	1-3-51/A , 4 PILLAR CENTRE VIDYADHARAPURAM, VIJAYAWADA, ఆంధ్రప్రదేశ్	India
S2-320329772	Fetetech Inc Inc	##1632 CHICAGO AVENUE, MINNEAPOLIS, MN	US
S2-512174391	Viocalo	#1137/11 PARAG OPP POLICEGROUND OFF F C ROAD SHIVAJINAGAR, PUNE, Maharashtra	India
S2-254925348	Firefighters Union Local No	155 600, ANDESRON, IN	US
S2-798067650	Lotus Piojcgs Private Limited	771, 34TH CROSS, 10TH MAIN, JAYANAGAR IV BLOCK, BANGALORE, IV BLOCK, Karnataka	India
S2-224340682	MARTINEZ [CROWN]	208 WICHITA LANE, YORK COUNTY, VA	US
S2-719878313	Interfaith League Inc.	254 47, SARANAC LAKE, NY	US
S2-925803099	Rizzo Heartland Opportunities LP		US
S2-663511144	New Delhi Granites Private Ltd	PLOT 0868 G-93A, G BLOCK, RAJAPURI, NEW DELHI, N/A, Delhi	India
S2-458262854	#moorelegacy	15 DAVENPORT ROAD, SPRUCE PINE, NC	US
S2-161115280	Hitech Shyam Consu1tancy Private	677/726, NEAR PABAN MANDI HOUSE, JAMDA, JHARGRAM, JHARGRAM, পশ্চিমবঙ্গ	India
S2-638514388	SANKATHARAN ENTERTAINMENT PVT. LTD.	HN ##416 OFFICE NO.225, PLOT NO.51 SECTOR-15, CBD BELAPUR, NAVI MUMBAI, THANE, महाराष्ट्र	India
S2-767803731	Behavioral Health Value	38007 49TH AVE, AUBURN, WA	US
S2-794511151	Tatiania Montenegro Precision Holding	419 AIKN RD, SHELBYVILLE, KY	US
S2-970353364	Indian Wheels Prdihfate Limited	#200 NO:4 PANDIAN PALACE VEERAPERUMAL MUDDALI STREET, CHENNAI, தமிழ்நாடு	India
S2-339962124	ESSENTIAL AGRO LTD		India
S2-972255291	Hygienic Traders Ltd	DOOR NO 470 , ANNA SALAI, CHENNAI, தமிழ்நாடு	India
S2-993009628	yeary cascade corporate	4521 CHARLES DR, W. VALLEY CITY, UT	US
S2-497861983	STAR FREIGHT DYNAMICS, LLC	416 BURROUGHS DR, BUFFALO, NY	US
S2-586639235	Ross Plum		US
S2-417409757	Jarlic Airport  L.L.C.	0209 JESSICA WAY, STANFORD, KY	US
S2-378985224	SARASAN IINDA LIMITED	Uttar Pradesh, 09133 , BLOCK CHESTNUT, GH 04 MAHAGUN MYWOODS, NOIDA	India
S2-656917632	lower charter school	BROOKYLN, 36 JEWEL ST, NY, <NULL>	US
S2-380038261	Aventure Consultancy Ltd	BLOCK F-959 C/O BALRAM YADAV, KAKRI INDASO NAGRA BALLIA, RASRA, Uttar Pradesh	India
S2-808644038	keystonemidwestinsight.com	5502 MADELINE DRIVE, WILMINGTON, NC	US
S2-183974849	Dr ADITYA LIMITED MARKETING		India
S2-725297873	Lovett Trust	33532 BLUFF ROAD, BORING TOWNSHIP, OR	US
S2-880276890	Burnett and Osborne,		US
S2-759447712	Rev It Up Care Bistro!	1115 WALKER PL, JONESBORO, AR	US
S2-869070843	വൺ എസ്എസ് കൺസ്ട്രക്ഷൻസ് ലിമിറ്റഡ്	NO. 665 7/406, PARAMBAN HOUSE, IRINGALLUR, TIRURANGADI, MALAPPURAM, MALAPURAM, Kerala	India
S2-856474795	Royal Engineering  Private Limited	C-3, KRISHNA PARK, B/H SURAJ WADI, NAVAGADH-JETPUR, NAVAGADH, Gujarat	India
S2-96733121	woz solutions private limited	C/O BEBAMMA W/O MAHADEVAPPA 022/248, 3RD CROSS, BRAMARAMBHA EXTENSION, CHAMRAJANAGAR, ಕರ್ನಾಟಕ	India
S2-827779118	Titech Atlantic Btc	0024250 ASHER HOLLOW LANE, KATY CITY, TX	US
S2-294599297	Ceus Premier	3477 LOOP ROAD, STEELE, AL	US
S2-364290587	... HAZOOR BROTHERS PVT.	WARD NO. 177 KHAVO KA MOHALLA, GUDA VISHNOIYAN TH. LUNI, LUNI, JODHPUR, राजस्थान	India
S2-371056079	Radiant Travels Limited Services Services	9-14 FLGT NO-14, LANDMARK SOCIETY, COLLEGE ROAD, NASIK, Maharashtra	India
S2-594332532	brk (india) producer private limited	29, 48 CHAMBERS JHOKAN BAGH CIVIL LINES, JHANSI, Uttar Pradesh	India
S2-752912280	TECHNICAL TRUST	H.NO 8428 , 8TH BLOCK, 2ND WING JANAPRIYA, METROPOLIS, ERRAGADDA, Telangana	India
S2-836725877	Waltman Dome of Washougal Inc	##1246 G ST, WASHOUGAAL, WA	US
S2-311899701	ADAR STUDIO PVT  LTD	DOOR NO 634 2/254/3386, TAGORE NAGAR, VIKHROLI (EAST), MUMBAI, Maharashtra	India
S2-376227983	Blue Bag Limited Private	#7/9 SHREE SAI DHAM CHS OLD MUMBAI PUNE ROAD, NEAR HDFC BANK SAI NAGAR KALWA WEST, THANE, Maharashtra	India
S2-67541656	LLC PERSON MEDICAL CENTER	1920 A ST, NE, LINCOLN	US
S2-152137902	LUCAS BCE OPTIMAL		US
S2-713311292	ভারত সার্ভিসেস প্রাইভেট লিমিটেড	4 SADANAND ROAD, KOLKATA, HOWRAH, West Bengal	India
S2-791481461	Kadamwadi Road	#33 , E WARD, SHIVARAJ COLONY, KADAMWADI ROAD, Maharashtra	India
S2-839006131	COBALT INC CENTER	635  190TH AVENUE, GRESHAM, OR	US
S2-620894244	Shri OMEX GROUP OF COMPANIES PVT LTD.	C/O PHANINDRA NATH PAL, SANKRAIL, CHAMPATALA, HOWRAH, West Bengal	India
S2-237472876	Tripathi Southern Ltd	H.NO 21 MAITRY AVENUE RANDHEJA, GANDHINAGAR, GANDHCNAGAR, Gujarat	India
S2-524133911	Kolkata Critical Limited Services	#97A SOUTHEREN AVENUE, KOLKATA, West Bengal	India
S2-198628325	M/s KRISHNA & SONS  CORPORATION	HN 139 D - 101, ARCHI PEACE PARK NEW VIDHYA NAGAR, SEC 4, UDAIPUR, Rajasthan	India
S2-482276149	KELLER VALUE GRILL LLC		US
S2-720973760	EAR NOSE & THROAT CARE COOS BAY (ID: 44860)	526 1/2 11TH ST, COOS BAY, OR	US
S2-37516811	eximbarter.com	OFFICE NO #203, SR 110/1A, ORIENT PLAZA, 98/1, PUNE CITY, Maharashtra	India
S2-158546068	*** nashiktraining.com	B - 5/79 ROAD - AINDUSTRIAL ESTATE SATPUR, NASHIK, महाराष्ट्र	India
S2-181278458	Hittle, Tillman & Askew Corp	2827 52, ALBEMARLE, NC	US
S2-644002768	Hasan  Trust	AR, 2114 TULL AVE, FAYETTEIVLLE	US
S2-478563053	GRAND INFRASTRUCTURE-PLLC CENTER	5220  Walnut Valley Dr, CHARLESTON, WV	US
S2-599412614	The Harbor Committee V (Inc)	8796 WALNUT BOTTOM LANE, FREDERICK, MD	US
S2-929343155	Waltman Dlome of Washougal	##1246 G STREET, WASHOUGAAL, WA	US
S2-945533693	Davis Corporate Llc	PIERRE STREET, BELGRADE, MT	US
S2-400642247	GOLF EDUCATIONAL  SOCIETY	03, AASHIRWAD CHGS, PLOT NO. 104, PATPARGANJ (I.P. EXTENSION, ), DELHI, Delhi	India
S2-438930893	Atlantic Mining,		US
S2-868382047	Watson, Garnette C., CPA, | www.watsonga.com	4900 -500 ARROWHEAD ST, BATON ROUGE, LA	US
S2-188198571	ALLIED NETWORK	0120 WEAKLEY LANE, SMYRNA, TN	US
S2-556857969	Ofelia-Braley, DMD, DDS PC	430 SHORE RD, LONG BEACH, NY	US
S2-855093033	Vision Properties-Private Limited	H.NO 1014- & 1015, 10TH FLOOR, PANCHSHIL PLAZA, GAMDEVI, HUGHES ROAD, GRANT ROAD (WEST), MUMBAI, Maharashtra	India
S2-282513358	श्री ईस्टर्न कंसल्टिंग प्राइवेट लिमिटेड	H.NO 5., NAVI MUMBAI, MUMBAI CITY, Maharashtra	India
S2-569587428	PRIVATE DELHI (INDIA) ANALYTICS LIMITED	11324, LUCKNOW, उत्तर प्रदेश	India
S2-600143070	Pena Praet0rian Corp	2100 Pinkerton Road, ZANESVILLE, OH	US
S2-163623117	Frontier Automobile LLC	170TH AVE, ILLINOIS CITY, IL	US
S2-237793518	ECTOUMBRAORBI	NO C-3C, ELDORADO BUILDING112 NUNGAMBAKKAM HIGH ROAD CHENNAI, NUNGAMBAKKAM, CHENNAI, தமிழ்நாடு	India
S2-228472528	Parashuram Wireless	F-B3/502 PRINCE APARTMENTSPATPARGANJ, NEW DELHI, Delhi	India
S2-293217875	gvillage.com	920 DARTMOUTH AVE, CANTON, OH	US
S2-295346197	Aiello and Gerlach Crumrine	636 ARROWRIDGE DRIVE, EVANSIVLLE CITY, IN	US
S2-900277891	कृष्ण कंसल्टेंट्स प्राइवेट लिमिटेड	Rajasthan, BHILWARA, BHILWARA TEXTILE MARKET PUR ROAD, BHILWARA, E-16	India
S2-140537533	Sunshine Center	10/2, GADIAL, HADAPSAR, PUNE, महाराष्ट्र	India
S2-278868578	arunimaindiarealtech.com	DOOR NO 201 , A BLOCK, 2ND FLOOR, SHHLL NORTH GATE, SY.NO.39/2, KOTHNUR VILL, OFF, HENNUR ROAD BANGALORE, Karnataka	India
S2-270093647	Shri Parashuram Wireless (Wireless)		India
S2-18730584	INC. THOMPSON CARGO	FOREST VIEW DR, NASHVILLE, TN	US
S2-926344415	RAPID CLASSIC LEASE  INC	OLIVE HIL, 2353 209, KY	US
S2-454661097	Bikaner Pvt Ltd Service	S/O KHIRAJ RAM, NEAR NAYA, SAHAR PARIK CHOWK, BIKANER, राजस्थान	India
S2-834103678	Midwest Program Corp.		US
S2-556538471	Harbor Committee LLC #51696	IA, 7617 E HIGH ST, DAVENPORT	US
S2-330434106	Allied Network	0120 WEAKLEY LANE, SMYRNA, TN	US
S2-994198378	hestersherrelldmd.com	90  EVELYN DR, NASHVILLE, TN	US
S2-750582546	Kinley Corp (Services)	MD, ORION CIR, LAUREL	US
S2-975297682	cantorbibibos.com	820-C CHARLES ST, DEKALB, IL	US
S2-939493676	Creative Máterials Inc	HOUSTON, MN, N/A, 35537 GROTH DR	US
S2-882788188	Hedi Lowe Atlantic Security LLC	3711C 5, DUNKKIRK, NY	US
S2-590358589	CHILDRENSNETWORKCENTER.COM #5790	1309 HEMBRE COURT, SUISUN CITY, CA	US
S2-35620835	LLC BEHAVIORAL HEALTH SILVER PARTNERS	100-D SUNMAR CT, GWYNN OAK, MD	US
S2-154933098	SKINNER PALACIOS & PURYEAR CLINIC	3617 WESTCHESTER CIR, MOUNTAIN BROOK, AL	US
S2-654260540	900-901 East  Owners	5 BRENTFIELD CIR, IRONDEQUOIT, NY	US
S2-388885627	Inc Stutzman Prime Pflatirsm,	SPRINGFIELD, 1431 GLENSTONE AVE, MO	US
S2-314598069	SENSATION TRADING PRIVATE LIMITED	SHOP NO. S-2, 2ND FLOOR, PLOT NO. 12 SECTOR-10, MLU, MANISH PLAZA, DWARKA, NEW DELHI, दिल्ली	India
S2-470014433	Ross Plum LLC		US
S2-210539865	Pediatric Rapid Partners,	11033 222, MIIDDLESEX, NC	US
S2-140805079	स्वस्तिक इंटरनेशनल प्रा. लि.	B-105, SUJJAN VIHAR SECTOR-43, GURGAON, SIKANDARPUR, हरियाणा	India
S2-237623250	midwesthealthcenter.com	2921 BAY STREET, PORT ANGELES, WA	US
S2-110453384	Resoft Audio  Installration	TX, DALLAS, 6039 RIDGECREST ROAD	US
S2-905020489	Mears, Rodriguez and Johnson (Center)	WI, 709-711 DEAN AVE, CITY OF MONONA	US
S2-111687181	Ashley  LLC Services	12415 DESMET AVENUE, SPOKANE VALLEY, WA	US
S2-698669903	Aarvin India	H.NO 1-9-123  & 124 3RD FLOOR, RAMNAGAR, MUSHEERABAD, HYDERABAD, తెలంగాణ	India
S2-299476896	tri-state integrated processing	16 POND STREET, NEW HAVEN CITY, CT	US
S2-932371959	United Quality  Spac	1124 A AVE, EDMONDS, WA	US
S2-441617776	Minor Pioneer Concord Inc.	3551 KENWOOD AVE, KANSAS CITY, MO	US
S2-468435926	Corner Seafood	39237 161ST AVENUE, MONTGOMERY, MN	US
S2-207358020	Bangalore North French Private  Limited	#289/A 4TH MAIN 7TH CROSS, AMS LAYOUT, BANGALORE NORTH, Karnataka	India
S2-594340713	Hydro	H.NO 32 , NO.12/174, BLOCK -A, VGN AVENUE, CHENNAI, POONAMALLEE, Tamil Nadu	India
S2-400583833	Shelton Tehnical Holdings	2904 ELLIOTT STREET, BALTMIORE CITY, MD	US
S2-408137523	Inc Foot & Ankle Cngntr	121 SWAN SAINT, BATAVIA, NY	US
S2-348455866	Bevodyne Center	BROADWAY STREET, COAL CITY, IL	US
S2-387641721	VPS  BUILDERS CORP	H NO- 150/A, TILI WARD SAGAR SAGAR, SAGAR, मध्य प्रदेश	India
S2-621055481	Inc Stutzman Platforms, Prime	Glenstone Avenue, SPRINGFIELD, MO	US
S2-18541889	Classic Service	71 DOUGLAS ST, DALLAS, OR	US
S2-915592641	South LLC Center	2011 NIAGARA ST, BUFFALO, NY	US
S2-40772178	MOUNTAIN HIGDELHEDNAD SEA		US
S2-132649852	लाइफ आईटी प्राइवेट लिमिटेड	FL-602, PUNE CITY, SASANE NAGAR, Maharashtra	India
S2-776837204	Physical Therapy 6reen	11203 216TH AVENUE COURT, BONNEY LAKE, WA	US
S2-514464744	शिव सॉफ्टवेयर लिमिटेड	NASHIK, B-301, Maharashtra, SARTHAK GARIMA APT, B WING, SHRIKRISHNA NAGAR, NULL	India
S2-43288290	PJ Studios (LLC)	CA, 782 BRENT CT, MERCED	US
S2-348390141	साईं इंफ्रास्ट्रक्चर प्रा. लि.	G-93 THIRD FLOOR POCKET 3C SECTOR 16B, NORTH WEST DELHI, SOUTH WEST DELHI, Delhi	India
S2-551921268	East Health Center	2676 231, COTTONDALE, FL	US
S2-101336694	HAUBRICH HAUBRICH AND SH0WALTER (CORP)	1400-1404 Florida Ave, WASHINTGON, DC	US
S2-437048461	technologiesrajlaxmiworks.com	H.NO 36  , PRIME INDUSTRIAL PARK, SANTEJ, TALUKA KALOL, KALOL, GANDHINAGAR, ગુજરાત	India
S2-571660976	इंडियन बिजनेस प्रा. लि.	GOREGAON EAST, Maharashtra, 4TH FLOOR, ATLANTA ESTATE, MUMBAI, 419.	India
S2-458940996	Karly Mcmah0n Pacific Care Center	404 SLAYTON STREET, SIGNAL MOUNTAIN, TN	US
S2-751212476	हरि हेल्थकेयर	H.NO.18/1 GROUND FLOOR, NARSINGHPUR, GURGAON, Haryana	India
S2-692889897	Commission on Consumer Enterprises		US
S2-493184997	International Marketing Alliance L.L.C.	4520 29RD ST, LITTLE ROCK, AR	US
S2-283087720	Nice College	SHASHINAG COMPLEX, P.GHLAKATTI ROAD(70 LING ROAD) BIJAPUR, Karnataka	India
S2-861834221	Holy Methodist  Church Cnster	2122. Butler Drive, PHOENIX, AZ	US
S2-843804911	ઇન્ડિયન ફાઉન્ડેશન	UG FLOOR SHOP 35, CHORYASI, SURAT, Gujarat	India
S2-572016585	कृष्ण कंसल्टेंट्स प्राइवेट लिमिटेड	BHILWARA, E-16, Rajasthan	India
S2-982437899	praterhutson.com	4350 SHISLER RD, NY, CLARENCE	US
S2-247294606	ROYAL CONSUMER STUDIOS [LP]	3135 WHIP-POOR-WILL, BELVIDEER, IL	US
S2-524003404	इंडियन ब्राइट इन्वेस्टमेंट्स प्राइवेट लिमिटेड	HN 640 C/O MANOJ KUMAR VERMA, SURYAPURI COLONY SARITA VIHAR, NEAR SURYA MANDIR, KENDUI, GAYA, Bihar	India
S2-823565190	Yoder Assets LLC	118 D, S HUTCIHNSON, KS	US
S2-314624744	Diamond Agro (India) Pvt	21/305/6, EDAYAR STREET, MANKAVU, PALAKKAD, Keralam	India
S2-920278789	Zetaarcxylo	1508 CAMINO LAGO, IRVING, TX	US
S2-639751886	GLOBEFOUNDATION.COM	080 EVEREST SHOPPING CENTRE M G ROAD VISHNU ROAD, DOMBIVLI WEST, Maharashtra	India
S2-26526235	Historical Foundation	03 MAIN STREET, NULL, GRAHAM, NC	US
S2-921517501	VIJAY LIMITED SERVICE	BLOCK B-831 401, ASHISH APARTMENT, RAMDASPETH, NAGPUR, महाराष्ट्र	India
S2-4076107	The Ironclad Enterprises		US
S2-954191045	Shri MARWADI HA0ISTIAL	159 INDRA PURI COLONY, INDORE, Madhya Pradesh	India
S2-74964890	The Raus Holdings Group Group	400 MARKET INDUSTRIAL PARK, NULL, WAPPINGERS FALLS, NY	US
S2-792225486	Lee Dynamics  Grand	701 RIDGE DRIVE, MARENGO, IL	US
S2-650477020	गुरु बिजनेस प्रा. लि.	OPPOSITE POOJA MARBLE PG SHEETLA MATA ROAD, Haryana, GURGAON, H.NO 12, GURGAON	India
S2-864663551	TAMI WILSON HARMONY INC	DUBUQUE, 1500 DELHI ST, IA	US
S2-825246076	DAVIS RUSH	735 PARK STREET, MIDDLEPORT, OH	US
S2-86507654	19/19 Private	2011 NINTH STREET, BROWNWOOD, TX	US
S2-287317275	Boleify [International]	2400-D SIERRA BLVD, SACRAMENTO, CA	US
S2-660847888	2010 Broadway Place Realty Inc	00501 321, SC, YOKR	US
S2-328615255	TEAK DISTRIBUORS PRIVATE LIMITED	53, SATRA PLAZA, GROUND FLOOR, PLOT NO.19 & 20, SECTOR-19D, VASHI, NAVI MUMBAI, N/A, महाराष्ट्र	India
S2-219368055	FOOT & ANKLE PRAIRIE ASSOCIATES	ASHTABULA, 228 53nd Street, OH	US
S2-201836269	Sterling Sports Llc	LILAC HILL DR, PLAIN CITY, OH	US
S2-453057521	5-Star	106- OLIVE ST, SNOW SHOE, PA	US
S2-895088073	Mr prime investment	3 , KRISHNA NIWAS, LOKAMANYA TILAK NAGAR, SAKINAKA, Maharashtra	India
S2-567985308	Corporation Krishna & Sons	HN 139 D - 101, KHERODA, Rajasthan	India
S2-551976096	SWEET DELI INC	1410 WHITPAIN HILLS, WHITPAIN TOWNSHIP, PA	US
S2-797905701	Asset  Polytechnic	C/O SANGAM MOTEL PVT LTD, KAVALETTU, RANEBENNUR, RANEBENNUR, ಕರ್ನಾಟಕ	India
S2-217972653	C/O HOSPITALITY (LLC)	604 HILL AVENUE, MATTYDALE, NY	US
S2-358520598	Hernandez Certified Wholesale,  Inc	33 PURCHASE STREET, RYE, NY	US
S2-417558088	Liberty Prógram	5280 BOYDTON PLANK ROAD, BRODNAX, VA	US
S2-744037975	Transcontinental  Design	8 ST GEORGE DRIVE, BOURBONNAIS, IL	US
S2-685772907	Fastflow (India) Realtors Pvt. [Ltd.]	10/174, KUNNATHERY, ALUVA, Keralam	India
S2-613210556	YELENA HECHTS PRIME CHILE P.C.	24000 SECOND ST, FAIRHOPE, AL	US
S2-300274309	innovativemarketingbrands.com	211 WESTMINSTER AVE, WATERTOWN, MN	US
S2-992984340	Community Church	VIRGINIA BEACH CITY, 400 Dorset Ave, VA	US
S2-939901237	Smith Empire Pblic L.L.C. - 4417693101	BELMONT SAINT, AKORN, OH	US
S2-336924383	मॉडर्न टेक्नोलॉजीज	VILL- FULHAAR, SAMASTIPUR, Bihar	India
S2-571112319	Proman Group of Companies	CP 13/177 B KONDODY, MANCODE PO, CHITHARA, Kerala	India
S2-433136381	Geoghegan,-Schwab + Torres Vernal Inc		US
S2-655320202	minarva & co corp	H.NO 43/8 , C.K.GARDEN, MOONSHINE APART ST.THOMAS TOWN POST, COOKE TOWN, BANGALORE, Karnataka	India
S2-360942885	Vk Group Partners	1E, BURMAN STREET, 2ND FLOOR, NEAR SARSWAT KHATRI VIDYALAYA, KOLKATA, KOLKATA, West Bengal	India
S2-173456222	Cibrian Industries Inc	109  SEVENTH AVE, PMB 5988, MINOT, ND	US
S2-484080173	Tetecque Co	##517 DE PERE STREET, MENASHA CPD, WI	US
S2-735066733	Saint Traders	C/O BALWAN SINGH PO- BEHAL, BHIWANI, हरियाणा	India
S2-934268245	Energy Garib Commercial Limited Center	महाराष्ट्र, #4 , ANANDKUNJ CO OP HSG SOCIETY OLD GANGAPUR NAKA, NASHIK, NASHIK	India
S2-940232111	First Triumph Llc	Riviera Drive, KINGS PARK, NY	US
S2-941539554	AIELLO AND GERLACH CRÚMRINE LLC	636 ARROWRIDGE DRIVE, EVANSIVLLE CITY, IN	US
S2-166136951	Everest Foods Ltd	C/O MANDEEP SINGH GILL, MAKDOOMPUR JAITHI KHERA, MOHANLALGANJ, Uttar Pradesh	India
S2-967575340	श्री ईस्टर्न कंसल्टिंग प्राइवेट लिमिटेड	SHOP NO. 5., MUMBAI CITY, NAVI MUMBAI, महाराष्ट्र	India
S2-428408303	Shri Rms Save-Private Limited	111 , SAI PRIYA COLONY, DAMMAIGUDA, NEAR ECIL, Telangana	India
S2-435700159	Private Siddhanath Limited Mauli	#161/1 MAHATMA GANDHI ROADROOM NO. 34, CALCUTTA, West Bengal	India
S2-565652010	Mr KSE REALTORS  PRIVATE	301, ACCORD COMMERCIAL COMPLEX, GOREGAON (E), MUMBAI, Maharashtra	India
S2-849216984	Midwest Program Córp	157599 MOLROE AVE, RIVERTON, WY	US
S2-786470645	Temple Mínistries	32-36 MAIN STREET, EAST HARTFORD, CT	US
S2-805093431	Private Oorja Infra Limited	1054 SOBHA AMETHYST WHITEFIELD HOSAKOTE MAIN ROAD, KANNAMANGALA, BENGALURU, BANGALORE, Karnataka	India
S2-437327303	The Pediatric Dental Sterling Center LP	24- OAKWOOD DR, HALLOWELL, ME	US
S2-727696393	Noviarc	2218 TERRACE PLACE, SIOUX CITY, IA	US
S2-839150088	VISION CENTER OF	036 CHANDLER'S MILL ROAD, PELHAM, NC	US
S2-202965877	37/95-Rush		US
S2-780670509	Natalya Harder,	6816 COTTAGE GROVE LN, OAKVILLE, MO	US
S2-745114302	SARASAKSH-TSIN6 LIMITED	P NO 532/ IMT MANES, G31- MANESAR, GURUGRAM, GURUGRAM, हरियाणा	India
S2-841539623	CONTINENTAL NET  LLC	3419 FORK LOOP, GREEN BANK, WV	US
S2-635736076	Houston, Of Center	14450 T C JESTER BOULEVARD, HOUSTON, TX	US
S2-194540012	Pvt Varshita Food Ltd.	F-501, GURGAON, Haryana	India
S2-821535414	Richards Coastal	#345 400, UT, PAYSON	US
S2-742508632	GYN HIRE PRIVATE LIMITED	#240 MIE BAHAUDRGARH, BAHADURGARH, हरियाणा	India
S2-939890290	SQUARE CONSULTANCY PRIVATE	PLOT 877 SECTOR B KALUNGA INDUSTRIAL ESTATE KALUNGA ROURKELA, SUNDARGARH, Odisha	India
S2-329938327	Subhvani Infra Pvt	H.NO 118 920/1, 3RD FLOOR, OFFICE NO. 301, NAI WALA, KAROL BAGH, NEW DELHI, Delhi	India
S2-910865613	HUMAN RIGHTS FOUNDATION  III	24307-C 32ND AVENUE COURT, SPANAWAY, WA	US
S2-847090006	Dumais Dumais Préferred Brc LLC	#1861 VANDERPOOL RD, VILAS, NC	US
S2-319109754	INTERNAL MEDICINE QUALITY CARE	210 CARROLL SAINT, LEXINGTON, NC	US
S2-212360217	All Creative Communications  LLC	4302 HILTON HEAD DR, VILLAGE OF HOBART, WI	US
S2-225606941	FY PLATINUM ETHEREUM INC	1871 HENRY SIEVERS ROAD, N/A, VINCENNES, IN	US
S2-526733842	Patterson, Rqaulea, P.A.	2201 EVELYN AVENUE, MEMPHIS, TN	US
S2-819572666	#1 (MANAGEMENT)	249 MIDLETOWN RD, CLARKSTOWN, NY	US
S2-81595890	HALCEUS-INSURANCE	015117 BERNADETTE CT, CHANTILLY, VA	US
S2-452832283	Berlin-Pediatric Care	MD, BERLIN, 110 ANN CT	US
S2-362611633	Research (India) Bengal Private  Ltd	G-B3/244, VIKAS NAGAR COLONY, NEAR KETAN HOSPITAL BARGA, GORAKHPUR SADAR, Uttar Pradesh	India
S2-586572899	LLP SHYAM TÉCH	C/OPRAVIN PRABUHAPPA DAMA, NULL, BEED, महाराष्ट्र	India
S2-295609940	Behavioral Health	35 STATE RD, AQUINNAH, MA	US
S2-108981136	பிரைம் லாஜிஸ்டிக்ஸ் லிமிடெட்	CHENNAI, PLOT NO 2, தமிழ்நாடு	India
S2-624764840	Technologies-Pvt. -- New Delhi Ltd.	PLOT 238 HOUSE NO. 2059/159 KH. NO. 568/110/18 GROUND FLOOR GANESH PURA - B, TRI NAGAR, NEW DELHI, DELHI	India
S2-734417249	The Alexis  Benson Supreme Cap	ND, 05 OAK ST, FARGO	US
S2-82611589	PRIVATE PUSHKARAJ SMART (LNDIA) LIMITED	HYDERABAD, PLOT NO:27, Telangana, SY NO: 251/1C2, PHASE:2, SANCHARPURI COLONY, NEW BOWENPALLY, SECUNDERABAD	India
S2-21329572	sarkarmarketing.com	H.NO D/428 9611/13, MOTIA KHAN MULTANI DHANDA, PAHARGANJ, NEW DELHI, Delhi	India
S2-437292607	Shri FUTURE CONSTRUCTIONS LIMITED (PRIVATE)	Delhi, GROUND FLOOR, N-73, SHYAM NAGAR, NEW DELHI	India
S2-373169281	Division  of Consumer Affairs	318 CEDRA STREET, SOMERSET, WI	US
S2-765857552	summitpayment.com	4529-D BURGSTALLER COURT, GROVE CITY, OH	US
S2-496159013	ମାଆ ସଲ୍ୟୁସନ୍ସ୍ ପ୍ରାଇଭେଟ୍ ଲିମିଟେଡ୍	KHORDA, ଓଡ଼ିଶା, 651 PLOT NO-468, KHORDHA, KHATA NO-274, RAMACHANDRAPUR PO-BANKOI, PS-BOLAGARH	India
S2-815267043	Hernandez Evers and Moore Farms Inc	NULL, GREENVILLE, NC, 2025 ESATGATE DR	US
S2-694962824	MIDWESTPROGRAM.COM - 1536372540	157515 MONROE AVENUE, RIVERTON, WY	US
S2-584493318	allenlegato.com	12 EDGEWATER ESTATES, PLATTSBURGH, NY	US
S2-384080398	Select Transit Transit Sólutions Inc	NORTH GLEN DRIVE, null, IRVING, TX	US
S2-727031048	urology green associates llc	08472 SIERRA SUNSET DR, SACRAMENTO, CA	US
S2-499850741	Elgin Tourism Pvt Limited	C-3, GROUND FLOOR, KH. NO.515/1, MAIN ROAD SOUTH GANESH NAGAR, NEAR FAIR DEEL AUTO, MOBILE, DELHI, Delhi	India
S2-46271723	REGIONAL  INSTITUTE II LP	BELINGTON, WV, 515 DEERBROOK LN	US
S2-521935412	KSE REALTORS PRIVATE LTD LTD	301, ACCORD COMMERCIAL COMPLEX, GOREGAON (E), MUMBAI, Maharashtra	India
S2-987806310	Packaging LP	ASHEVILLE, NC, 49-D MCKINNISH COVE DR	US
S2-342338680	-- Willow Flexible L.L.C.	119 CODY CIR, PORTLAND, TN	US
S2-826709149	यूनिवर्सल इंडस्ट्रीज प्राइवेट लिमिटेड	NO 505, RAGHUNATH ENCLAVE, BLOCK A, GT ROAD, GANDHI GRAM, RAMA DEVI CHAURAHA, KANPUR NAGAR, उत्तर प्रदेश	India
S2-845617503	Continental Net [L.L.C.]	3419 Fork Loop, GREEN BANK, WV	US
S2-170432862	THEODORA WALKER CLEAN LABORATORIES		US
S2-599719500	CORP SURYAKSH CORPORATE	C/O TEJ PRATAP SINGH, RAEBARELI, RAIBAREILLY, Uttar Pradesh	India
S2-874656563	All  Printing Enterprises, LLC	##3075 CHESTNUT BLUFF MAURY CITY RD, MAURY CITY, TN	US
S2-121656323	Colonial	649 DELAVAN AVE, BUFFALO, NY	US
S2-540558038	Nexdique Silver Keycorp Llc	9216-9218 PALOMAS AVENUE, ALBUQUERQUE, NM	US
S2-606745145	Lura Sanchez, P.C. Services	2172 SALEM STREET, APEX, NC	US
S2-984059553	Anderson Ace Odyssey	PORTVIEW DR, CITY OF PORT WASHINGTON, WI	US
S2-660508380	Terrye's-Keystone	139 WATERING TROUGH ROAD, STATESVILLE, NC	US
S2-510701585	Industries Dynámic Tools Pvt. Ltd.	202, VEDANT ENCLAVE KAMLA NEHRU CROSS ROAD NO. 3, KANDIVALI, WEST, MUMBAI, Maharashtra	India
S2-50816277	ब्लैक पावर प्राइवेट लिमिटेड	10, PLOT 378, B BLOCK, FRANCIS APARTMENT PROF. V.S. AGASHE ROAD, DADAR WEST, MUMBAI CITY, MUMBAI, Maharashtra	India
S2-463665702	PRECISION AUTOMOTIVE-LLC	45-13- 48 AVE, WOODSIDE, NY	US
S2-328351112	इनोवेटिव इंजीनियरिंग प्राइवेट लिमिटेड	30, SOUTH DELHI, NEW DELHI, Delhi	India
S2-174637546	clear verde inc		US
S2-137757121	प्रीमियर बिजनेस प्रा. लि.	G-170/A, 1ST FLOOR, ROAD NO. 2, JD MISHRA PATH NEAR PANI TANKI, NEW PATLIPUTRA COLONY, PATNA, Bihar	India
S2-243609462	TESCH &  ROBINSON CAROLINA L.L.C.	1229 HAVASUPAI LN, COOLIDGE, AZ	US
S2-803024686	METRO (FORTUNE)	TRUMANN, AR, 604-608 EDGERTON AVENUE	US
S2-546321488	... Ridge Quality Cachlrs LLC	CHICOPEE STREET, MA, CHICOPEE	US
S2-899534962	NERISSA VERA	ARROWHEAD LANE, BOLINGBROOK, IL	US
S2-144819647	Pediatric Dentistry  Care LLC	SANTA CRUZ WAY, SACRAMENTO, CA	US
S2-122155364	Gurunanak Aachemy	2 , SHIV PARK COLONY, <NULL>, राजस्थान	India
S2-358789355	-- Nussbaum Token	MA, CHESEA CDP, LOCKE ST	US
S2-725431685	Sixth Technomarketing Pvret Limited		India
S2-193694911	globalintegratedhills.com	11783 126TH PLACE, TIGARD, OR	US
S2-294179855	Aditya Brothers Private Ltd	Madhya Pradesh, HN C-66 RANAYAL KALAN, 38, SONKTUCH	India
S2-824722619	PRANITA SERVICES PRÍVATE LIMITED	#19/C - 3, MODEL TOWN, BAL RAJESHWAR ROAD MULUND - WEST, महाराष्ट्र	India
S2-453507694	LYRA-L.L.C.	6 PERKINS ROAD, BARKHAMSTED, CT	US
S2-919435104	LIMITED MEENU PRIVATE CENTER	1601, TOWER-4, UNITECH HARMONY, SECTOR-50, GURGAON, GURGAON, Haryana	India
S2-649487381	ELSI FÚENTES BETTER FASHION LLC	123 DELTA ST, LEXINGTON, NC	US
S2-148889867	Cure Bakery! Service	YONKERS, NY, 163 RADFORD ST	US
S2-531986101	Rhea Rush Pattana,LLC	666 BERKLEY ROAD, GURLEY, AL	US
S2-333737945	श्री इंफोटेक प्राइवेट लिमिटेड	NO. 712 F-91 SECTOR 8, NOIDA, GAUTAM BUDDHA NAGAR, उत्तर प्रदेश	India
S2-753201496	Indian Wrll Private Limited	#200 NO:4 PANDIAN PALACE VEERAPERUMAL MUDDALI STREET, CHENNAI, தமிழ்நாடு	India
S2-428745763	VC Stár Odyssey PLLC	2110 TRACY AVENUE, KANSAS CITY, MO	US
S2-806198628	सेवन वेंचर्स लिमिटेड	Delhi, PLOT 7-94 55, WEST DELHI, NEW DELHI	India
S2-115570631	Office of Parks	MADISON AVENUE, TORNTO, OH	US
S2-696228164	Dermatology Physicians of Ridge  LP Partners	0184 TAR LANDING RD, HOLLY RIDGE, NC	US
S2-739879420	Coble, Hobson Hussain North Inc	2375-2379 BURNS RD, DONGOLA, IL	US
S2-435556886	அபெக்ஸ் கன்ஸ்ட்ரக்ஷன்	30/2, 1ST FLOOR, LBS BUILDING, OPPOSITE TO GANESH DEPARTMENTAL STORE, PALLADAM ROAD, TIRUPUR, POLLACHI, தமிழ்நாடு	India
S2-694370797	CORE CONSULTANTS  LLP	66/D K.N.C ROAD, BARENDRA PARA, BARASAT, West Bengal	India
S2-100532517	MVZ Affiliated	1211 HEATHERBOURNE DR, LA GRANGE TOWNSHIIP, KY	US
S2-800315202	Jaipur Designers  Ltd	F1, PLOT NO. 13, PARTH SARTHI RESIDENCY II, JAIPUR, Rajasthan	India
S2-387960421	FOOTANKLEHEALTHCOM	4780 Williamsburg Dr, IN, FORT WAYNE	US
S2-769692794	Educational Business Pvt Ltd	NO. 67 AT; BEGUNIA, KHURDA, ଓଡ଼ିଶା	India
S2-301034383	Shepard,Clarisse,  M.D.	867 CABLE CREEK RD, ASHEBORO, NC	US
S2-528714378	Eyes Energy Private Ltd		India
S2-505999411	BOARD OF	TX, HOUSTON, 660 FLINTLOCK ROAD	US
S2-167235494	Mr Educational Bbusineess Pvt. Ltd.	H.NO 67 AT; BEGUNIA, KHURDA, Odisha	India
S2-155617645	Advanced Cargo  Partners Inc	004275 BORDERLANDS DR, RANCHO CORDOVA, CA	US
S2-117096186	Value Éarth Custom	1017 BELMONT STREET, CHARLESTON, WV	US
S2-537278026	Star Electronics Electronics	13 HORSESHOE RD, FARMINGTON, WV	US
S2-856713564	Dr JP & BROTHERS PRIVATE LTD	DOOR NO 3 , S.NO364/5, 366/26 MIRAL APTS. CHS LTD. MIRA BHAYANDER ROAD(E) GOVIND NAGAR NR P, ETROL PUMP, THANE, Maharashtra	India
S2-733853427	JPBROTHERS.COM	SHOP NO.3, THANE, Maharashtra	India
S2-928436518	ORTHOPEDIC PHYSICIANS OF  INCORPORATED	897 CLEARCREEK RD, INCORPORATED, ID	US
S2-19033207	LB Snaftandrn LLC	5 1/2 ELIZABETH CIRCLE, MASHPEE, MA	US
S2-719386127	Sri Hirel Retails LLP Services	K-27, GROUND FLOOR, GALI NO. 6, K-BLOCK LABOUR CHOWK, MAHIPAL PUR, NEW DELHI, Delhi	India
S2-566209100	HEALTH HEALTH INSTITUTE LP	BLAINE AVE, WORCESTER, MA	US
S2-985287763	Martino and Hendrix Corporation	6720 Corsair Avenue, AZ, PRESCOTT	US
S2-315537336	Nicon  Care Pvt Ltd	DOOR NO ##986 TIRUPATI R/H NO-02, PLOT NO-8, 10 VRUNDAVAN, NASHIK, महाराष्ट्र	India
S2-358100728	Kolkata Mines Private [Limited]	142/1A SARAT BOSE ROAD1ST FLOOR SUITE NO 1A & 1B, KOLKATA, West Bengal	India
S2-881770141	Piedmont Fund	3000 MNICONJU, FT YATES, ND	US
S2-2875134	Horizon Algonquin Incorporated	603 PIPE N TREE DR, HARTFIELD, VA	US
S2-465555315	Avadh  Academy	CTS NO5972 AIRPORT SIDE SERVICE RD NR LAXMINARAYAN TEMPLE WESTERN EXPRESS HIGHWAY, VILE PARL, E EAST, MUMBAI, Maharashtra	India
S2-89125262	-- Trinity  Syaoageu	191 313, JARRELL, TX	US
S2-582785940	Aldape Tri-State Plus  LLC	425 N SHORE ROAD, NORFOLK, VA	US
S2-272905570	foster, torres & schmitz llc	PO BOX 6132, 6112 MC VICKER AVENUE, CHICAGO, IL	US
S2-129402980	Private Canara Enterprrsisss Limited	PLOT 0964 F-239, F/F, LAXMI NAGAR, EAST DELHI, Delhi	India
S2-743137510	PRIVATE GALAXY INFRASTRUCTURE [LIMITED]	TIRUCHIRAPPALLI, C-108, 5TH CROSS EAST, FORT STATION ROAD THILLAI NAGAR, TIRUCHIRAPPALLI, தமிழ்நாடு	India
S2-423262645	PENA PRAETORIAN	2100 PINKERTON ROAD, ZANESVILLE, OH	US
S2-952198883	TIA Inc Services	699 HALL ST, BANGS, TX	US
S2-328113488	HENDRIX,  JOHNSON AND GEHMAN LLC CENTER	RD 166, CARDINGTON, OH	US
S2-929483151	विजन टेक्नोलॉजीज लिमिटेड	GALI NO. - 11 C - BLOCK, DELHI, दिल्ली, BHAJANPURA, C - 278/1/11	India
S2-594354885	MARIELE GRASSO VALLEY	1656 74 ST, BROOKLYN, NY	US
S2-391618551	ग्लोबल इंजीनियरिंग प्रा. लि.	SR NO. 53/8 SIDDHIVINAYAK, SANKALP-2 UNDRI, PUNE CITY, PUNE, महाराष्ट्र	India
S2-289266029	Franco and Warner Partners	25-27 WHITNEY LANE, BERLIN, CT	US
S2-735741193	CITY TRADERS PRIVATE LIMITED	NO.513/1  , HONNA ENCLAVE K.N.AGRAHARA, K.R.MOHALLA, MYSORE, ಕರ್ನಾಟಕ	India
S2-339886327	Vantagepyra	534/A, BRD COMPLEX, CALICUT ROAD, PAREMPADAM, KUNNAMKULAM, THRISSUR, കേരളം	India
S2-489249849	Indian Whéels Private Ltd	DOOR NO 200 NO:4 PANDIAN PALACE VEERAPERUMAL MUDDALI STREET, CHENNAI, Tamil Nadu	India
S2-483800395	ব্ল্যাক গ্লোবাল প্রাইভেট লিমিটেড	26/2/3, ARMENIAN STREET 4TH FLOOR, KOLKATA, KOLKATA NORTH, HOWRAH, West Bengal	India
S2-216448135	Nandadeep-Brothers Private Limited	JAGDEO SARASWATI APARTMENT SHYAMPAL PATH, JAGDEO PATH, PATNA, Bihar	India
S2-591787513	P+ Inc Center	002120 PARK AVENUE, BUFFALO, NY	US
S2-784575123	Upper Biotech		US
S2-5794635	MAZUR TRANSPORTATION (OF)	14344 RUNOR DRIE, SIDNEY, OH	US
S2-893940024	જય હેલ્થકેર પ્રાઇવેટ લિમિટેડ	#105 SAKAR -III OPP OLDHIGHCOURT NR INCOME TAX CIRCLE, AHMEDABAD, Gujarat	India
S2-426087340	Perident Transportation	8816 MELVINA AVENUE, OAK LAWN, IL	US
S2-786198424	Vision Atlantic  Physicians Inc	0305 11TH STREET, OCEAN CITY, MD	US
S2-617433226	गैलेक्सी हेल्थकेयर प्राइवेट लिमिटेड	NEW DELHI, SOUTH DELHI, #19 RING ROAD LAJPAT NAGAR-IV, Delhi	India
S2-67184008	SCHUBERT TRl-STATE AOOATE CORP	DAYTON, OH, 276 COLGATE AVE	US
S2-54407284	Kdh Welfare Society Center LLP	DOOR NO 74- , GROUND FLOOR, SHIRIDINAGAR COLONY, ALMASGUDA, BADANGPET, HYDERABAD, Telangana	India
S2-769645801	LH Inc. Partners	646 79TH ST, MESA FOUR PEAKS, AZ	US
S2-763551779	e 5 k greenfire	6801 PREINKERT DR, PMB 4569, COLLEGE PARK, MD	US
S2-193112287	@kequeblue	610- DOGWOOD CREEK LANE, MATTHEWS TWONSHIP, NC	US
S2-540675047	SOLUTIONS RAJANI CONNECT (CORP)	S.NO1-07/1, FL-603, ASHIYANAOLDTOPHKHANA, SIHVAJINAGAR, Maharashtra	India
S2-239489104	DERMATOLOGY CARE ASSOCIATES-OF	7281 42, HOLLY SPRINGS, NC	US
S2-112784538	Garcia Meshflow Co	595 MAIN ST, BOONEVILLE, AR	US
S2-186997205	JULIETTA LEGRAND SUNSHINE LLC	423 WISHON STREET, NEWPORT, AR	US
S2-97181588	ALL SPÁCE LLC	81 WARNER RD, E HAVEN, CT	US
S2-414630023	BETHINA HODGE BÁY COLOMBIER LLC	2756 GREELEY ST, SCHENECTADY, NY	US
S2-593251491	Seerat-Service Privitae Limited	PROPERTY NO A-6/24, GALI NO- 3, MAIN MAIN BRAHAMPURI CHAUHAN BANGER, NEW DELHI, Delhi	India
S2-521024354	MUMBAI LEARNING-PVT LTD	HN #997 3-B, MATRU MANDIR, 278 TARDEO ROAD, MUMBAI, महाराष्ट्र	India
S2-994456344	New Delhi Pr0jects	Delhi, HAUSE NO ##692 SECOND FLOOR BIJWASAN NEAR SUNDAY MARKET, NEW DELHI	India
S2-387846404	>> Dental Partners Llc	CENTERVILLE, UT, 1330 375	US
S2-389660546	Apex Press Private Limited-Services	NO.01, R.C. MARG VASHI NAKA, NEAR MANISH VIJAY COMPLEX OPP. ISLAMPU,R CHEMBUR, MUMBAI, Maharashtra	India
S2-159663357	... DEPARTMENT OF  LABOR	1411 MCKENZIE ST, TX, DALLAS	US
S2-122475484	Secure Secure Teleeiom Labs LLC	WI, VILLAGE OF SISTER BAY, 2124 AUTUMN CT	US
S2-486933473	AAROHI & CO	H.NO 388 BUDDHA ENCLAVE D BLOCK, LOHIYA NAGAR, MEERUT, Uttar Pradesh	India
S2-948136533	Motecus Caross Corp	WI, TOWN OF GARDNER, 008754 CTH C	US
S2-548476744	Private City Jay Estate Ltd	G 1523 BRIGADE EL DOADO, HUVINAYAKANAHALLI, BANGLORENORTH, BANGALORE, Karnataka	India
S2-67142104	Aventure Chnnsultlancy	BLOCK F-959 C/O BALRAM YADAV, KAKRI INDASO NAGRA BALLIA, RASRA, उत्तर प्रदेश	India
S2-365508793	West Pálace Ltd	Maharashtra, ROOM NO. 2, GROUND FLOOR, PLOT NO. 13/15, 1 AND 3 SHYAM BHAVAN, GAZDAR STREET, CHI, RA BAZAR, MUMBAI	India
S2-892809028	capitalministries.com	DALLAS, 2923 MASTERS DRIVE, TX	US
S2-473631337	KTS GROUP IIDUSRISE	H.NO 618 CTS NO.99/4, PLOT NO.48/4, ERANDWANE AISHWARYA SADAN CO OP HOUSING SOCIETY, PR, ABHAT ROAD, PUNE, महाराष्ट्र	India
S2-960742705	स्मार्ट प्रोजेक्ट्स प्राइवेट लिमिटेड	BLUE ONE SQUARE PLOT NO, DLF PH-II, GURGAON, Haryana	India
S2-38407134	Antonio Homes	592 STANHOPE-KELLOGGSVILLE ROAD, ANDOVER, OH	US
S2-238941615	Mumbai Héalthcare Limited	Maharashtra, UNIT NOS. 607-610, ACME PLAZA ANDHERI KURLA ROAD, OPP SARGAM CINEMA, ANDHERI EAST, MUMBAI	India
S2-688318378	Bennett Silver Rcy LLC	4514 KINGVIEW AVENUE, PMB 6370, DAYTON, OH	US
S2-388784729	Chiropractic Specialists of Árcade	50 DOUGLAS DR, ARCADE, NY	US
S2-496307422	Fancie's 5eafood	OSAGE BEACH, 1144 SHINSTOCK WAY, MO	US
S2-973633200	2863 Lexington Street	HOUSTON, 920 GRANVILLE DR, TX	US
S2-54168716	FVX (india) [Private]	U-161, TOP FLOOR, KRISHNA APPARTMENTS, SHAKARPUR, DELHI, NULL, Delhi	India
S2-561342580	गुरु यूनिक इंफ्रास्ट्रक्चर प्राइवेट लिमिटेड	KHASRA NO. 462, MIN GROUND FLOOR VILLAGE ALIPUR GARHI NEAR OXYGEN FACTORY, NEW DELHI, NORTH WEST, Delhi	India
S2-118210594	ସୂର୍ଯ୍ୟ ଆଇଟି	PLOT NO G-142/3098, BHUBANESWAR, KHORDHA, Odisha	India
S2-827651717	CP	16 FAIRWAY DRIVE, EVANSVVILLE CITY, IN	US
S2-175974156	Clear Patriot  Trading Inc	6518 ROSELAND COURT, REYNOLDSBURG, OH	US
S2-153700082	sai & brothers private limited	NO. 624/3, BM COMPLEX, OMBR LAYOUT, BANASWADI, CHANNASANDRA, BENGALURU, Karnataka	India
S2-826724919	Gandara Kochav Inc.	WASHINGTON, DC, 1234 GIRARD ST	US
S2-863762373	Monami Brothers  Private Limited	CORE-3 SCOPE COMPLEX7 INSTITUTIONAL AREA LODI ROAD, NEW DELHI, Delhi	India
S2-299391002	MADHUSHREEHEALTHCARE.C0M	HOUSE NO. 44, FLOOR 1ST, PKT-21, SEC-24 LANDMARK NEAR BEST MEGA MALL, ROHINI, DELHI, Delhi	India
S2-468245723	Indranth Association-Pvt Ltd	R.C. GIRLS INTER COLLEGE, CHAWARGATE, HATHRAS, Uttar Pradesh	India
S2-57537113	Spm Automation	80/52 VADAKEKKARA HOUSE CHERALPAROMBU, WADAKANCHERY, Kerala	India
S2-385153940	My Constructions Private	दिल्ली, 620, JNTA TOWER-II DISTRICT CENTER, JANAK PURI, NEW DELHI	India
S2-526630383	Best Apparel Apparel Works Care LP	02986 FULTON DR, ATLANTA, GA	US
S2-778155415	Dermatology  Group	110 TIM COURT, OAK CITY, NC	US
S2-941318268	ZEPHOVA PEOPLES  INC #67886	6748 SUTHERLIN ST, SPOKANE, WA	US
S2-233623940	Diamond Agro (India)	21/305/6, EDAYAR STREET, MANKAVU, PALAKKAD, Keralam	India
S2-581936902	Bureau It Ltd	DOOR NO 47 , ELUMALAI STREET AYANAVARAM, CHENNAI, Tamil Nadu	India
S2-755882443	വൺ വെഞ്ചേഴ്സ് പ്രൈവറ്റ് ലിമിറ്റഡ്	BLOCK 1, B16 GREEN VISTAS PRAKRITI, EDACHIRA, KAKKANAD, ERNAKULAM, Kerala	India
S2-2815464	Preferred Innovative Eagle LLC	424  ROCK PRAIRIE LN, TX, FORT WORTH	US
S2-627135745	Trinity Israel		US
S2-639829276	VINDHYACHAL SEVA SAMITI LIMITED	1302, FLOOR-13, PLOT -17/17A, HILL VIEW CHS, HUTATMA DATTARAM BHAU KOYANDE MARG, WADIBUNDER, MAZGAON, MUMBAI, Maharashtra	India
S2-760718505	BIKANER INVESTMENTS PVT	S/O KHIRAJ RAM, NEAR NAYA, SAHAR PARIK CHOWK, BIKANER, Rajasthan	India
S2-757667155	Inc Great Diamond Resilience	8300 HAWKINS CREAMERY RD, GAITHERSBURG, MD	US
S2-594790577	Surya It	DOOR NO G-142/3098 , EKAMRA VIHAR, EBARANGA, SUNDARPADA, BHUBANESWAR, ଓଡ଼ିଶା	India
S2-740272390	S.COM	PLOT NO.76, 7TH ROAD, TPS III NEAR KHAR SUBWAY, SANTACRUZ EAST, BOMBAY, MUMBAI CITY, महाराष्ट्र	India
S2-669759912	Behavioral Health Group	247 40TH ST, MOLINE, IL	US
S2-391944996	Mastek Research (Private)	Karnataka, DOOR NO 21 , 5TH MAIN, 6TH CROSS, KRISHNAPPA BLOCK, 1ST MAIN (NOW), GANGANAGAR, BANGALORE	India
S2-661518126	Mirayuma	DOOR NO 256 C-12, M.I.D.C, SUPA TALUKA PARNER, AHMEDNAGAR, NULL, Maharashtra	India
S2-308798475	Stylish Sáhrt Limited	NO 10 & 11 INSIDE PINNACLE, ENCLAVE, ANAGALPURAM, BANGALORE NORTH, Karnataka	India
S2-878294802	Bright Book Store Inc. Services	344 RED MOUNTAIN AVE, TORRINGTON, CT	US
S2-552925665	CHENNAI-61 SYSTEMS LIMITED CENTER		India
S2-100110480	Pediatric Partners Inc.		US
S2-124353049	Bibi Bos	820-C CHARLES ST, DEKALB, IL	US
S2-676349153	VEGA CASCADE WHOLESALE INC	19829 ECHO RIM DR, null, SURPRISE, AZ	US
S2-772295956	Federal Huntington  Inc	VA, 7315 OLD DICKERSONS RD, SPOTSYLVANIA COUNTY	US
S2-80363004	Yumaxylo	254 47, SARANAC LAKE, NY	US
S2-478034189	Torres Inc Douglas	##3404 RYBOLT AVENUE, INDIANAPOLIS, IN	US
S2-629134330	Poswal Funds	PL ##18 SR 36/3/1 PANCHWATI, VRINDAVAN NO2, PASHAN, HAVELI, महाराष्ट्र	India
S2-923587952	Vagisha Rose Private (Ltd)	398, RUCHI KHAND I SHARDA NAGAR, LUCKNOW, उत्तर प्रदेश	India
S2-555890867	Unique-Foods Ltd	DSC267, FIRST FLOOR, DLF SOUTH COURT MALL, SAKET, DELHI, Delhi	India
S2-813055376	United Total LLC Center	014 LAKE SHORE DRIVE, LEWES, DE	US
S2-77572962	MVS	1250-1254 1200, LOGAN CITY, UT	US
S2-193298657	Maid Deli	1549. CLABO HOLLOW RD, PIGEON FORGE, TN	US
S2-568737012	Greater Noida Grand Limited Private	Uttar Pradesh, GF-4, OMAXE ARCADE, NEAR OMAXE NRI CITY PARI CHOWK, GREATER NOIDA	India
S2-487848590	Devpujan  India (India) Corp	HN 53 ATTAR GALLI, NEAR CENTRAL LIBRARY, GULEDGUDDA, BAGALKOT, Karnataka	India
S2-390129347	Shakti Limited Center	VILL & POST ITIYATHOK MARKET KHARAGPUR ROAD, GONDA, Uttar Pradesh	India
S2-845728735	ndsecurity.com	809, SOUTH DELHI, Delhi	India
S2-631639866	CEPHAS & ASSOCIATES PRIVATE LIMITED	C-44, GREATER KAILASH COLONY, LALKOTHI, JAIPUR, राजस्थान	India
S2-235438526	ತಿರುಪತಿ ಸಾಫ್ಟ್‌ವೇರ್ ಪ್ರೈವೇಟ್ ಲಿಮಿಟೆಡ್	GILGAL BUILDING 2ND FLOOR, BANGALORE NORTH, BANGALORE, Karnataka	India
S2-713639310	ROSS  PLUM	67 WATERWORKS ROAD, WILLIAMSTOWN, KY	US
S2-718366440	FAMILY (SPECIALISTS)	12306 MAIN CAMPUS DR, LEXINGTON, MA	US
S2-164788282	RAPID CLASSIC LEASE,-INC	2353 209, OLIVE HIL, KY	US
S2-877905765	Lucky  Private Limited Services	FP NO. 37/1, NR. EVERGREEN PARTY PLOT, TP 406, BHADAJ, DASKROI, AHMEDABAD, Gujarat	India
S2-701753528	Kimes Dynamic Cadenza Inc.	151 FOREST LAKES AVENUE, ADK, GA	US
S2-466790745	CORP ISH VALVES	BLOCK D-541  702, <NULL>, MUMBAI II, MUMBAI CITY, Maharashtra	India
S2-99628182	लाइफ इन्वेस्टमेंट्स प्राइवेट लिमिटेड	17, NEW DELHI, दिल्ली	India
S2-564041534	HESTER'S DERVELOPMFNT	12 PARKVIEW DRIVE, PARK CITY, UT	US
S2-376558015	PEDIATRIC PARTNERS-ASSOCIATION		US
S2-729025957	Reichenbach Management	1128-1132 DETROIT AVE, PORTLAND, IN	US
S2-684316212	TRUSTED DIGITAL INC	11 APPLE BLOSSOM LN, MARLBOROUGH, NY	US
S2-620493970	Dr BABA INFOTECH PRIVATE	C/O- MINA DEVI, W/O-RAMESH MALIK, VILL-MANSUR CHAK TOLA-MANSURCHAK, PANCH-MANSURCHAK, BLOCK-M, ANSURCHAK, बिहार	India
S2-469582663	Fastflow (India) Realtors Pvt. Ltd.	10/174, KUNNATHERY, ALUVA, Keralam	India
S2-457259101	Sonet Prime Textiles Llc	205 829, NACOGDOCHES, TX	US
S2-703932204	Eyes Energy Private [Ltd]		India
S2-601355086	Internal Medicine Care Associates of Webster Ltd	WEBSTER, PO BOX 8518, 149 WISHING VIEW DRIVE, NY	US
S2-182730443	लाइफ आईटी प्राइवेट लिमिटेड	FL-602, PUNE, Maharashtra	India
S2-995038061	ATLANTIC PRAIRIE CO  CENTER	638 SUNSET PARK DR, SEDRO-WOOLLEY, WA	US
S2-378612381	SARASAKSH  TRADING LIMITED	P NO 532/ IMT MANES, G31- MANESAR, GURUGRAM, GURUGRAM, हरियाणा	India
S2-527431686	STAR SOFTWARE WORLDWIDE LLC	PMB 882, BUMPASS, VA, 2948 RUSSELL MINOR LN	US
S2-817319648	Elite Énergy Énterprises	134 FENLEY AVE, LOUISVILLE, KY	US
S2-890113030	#1 Manabgomeent LLC	CLARKSTOWN, NY, 249 MIDDLETOWN RD	US
S2-758194341	Mercury (india) Limited Private	ગુજરાત, H.NO 218 C 101, CHANAKYA APPARTMENT, SHROFF ROAD RAJKOT, RAJKOT	India
S2-803030162	SPECTRA SERVICE	H.NO 188 SWAYAM SAWA SOCIETY TRIVENI APPPT JHILMIL COLONY, DELHI, Delhi	India
S2-25808286	B/O Amp1ify Amplify [LLC]	116 SUGAR RIDGE LN, LA OLLETTE, TN	US
S2-230821178	golden bright construction limited	SHOP M/5M6, SY NO. Z/4/A/2, 4/A/3 4/A/4, EMPIRE STATE BUILDING, RING ROAD, SURAT, Gujarat	India
S2-588297763	Packaging	49-D MCKINNISH COVE DR, ASHEVILLE, NC	US
S2-952150040	37/95 Rush	37W 888 BINNIE ROAD, CARPENTERSVILLE, IL	US
S2-802133728	ELITE INDUSTRIES PRIVATE LTD	SECOND FLOOR, VIKAS HOUSE, B3/3, ARIHANT NAGAR, ROHTAK ROAD, PUNJABI BAGH WEST, NEW DELHI, Delhi	India
S2-486722004	SREE INFOTECH  PRIVATE LTD	NO 712 F-91 SECTOR 8, NOIDA, Uttar Pradesh	India
S2-673364691	Hopkins Biopharma Bay	TX, KINGWOOD, 5839 BEACON FALLS DIVE	US
S2-680606534	PRIVATE JKC IAS LTD	AHMEDABAD, GANDHINAGAR, Gujarat, E-##306	India
S2-127518365	Strategic Mustang Vanguard Inc	215 RIVERS EDGE, JAMES CITY COUNTY, VA, <NULL>	US
S2-157853886	Prime Co Corporation Center	Rajasthan, S-54, AASHIYANA AMAR BAGH, KUDHI, JODHPUR	India
S2-501402076	OZB Trading	G NO. 127 KH NO. 104/13 B BLOCK, PHASE-9, SANT NAGAR, BURARI, Delhi	India
S2-187437727	Express Commodity Corp	NC, SWANANNOA, 149-153 WOODBURN DRIVE	US
S2-239087769	Clark Nasdaq-Co	28 WOODVILLE ST, EVERETT, MA	US
S2-593118575	சதர்ன் பாபா இன்ஃப்ராஸ்ட்ரக்சர் பிரைவேட் லிமிடெட்	121 GST ROADCHENNAI, CHENNAI, தமிழ்நாடு	India
S2-27768727	3038  COMMERCE AVE OWNERS CORP INC	4TH AVE, QUNICY, WA	US
S2-245261582	pioneergenomicventurescom	01221 RAYMOND AVE, LA GRANGE PARK, IL	US
S2-978341758	Sirius	207 BARCROFT DRIVE, VA, YORKTOWN	US
S2-512720582	Office of Parks and Rcceation	OH, TORNTO, 1409. MADISON AVE	US
S2-743443949	Ultra Industries Private Ltd	PLOT 943 IN FRONT OF RANCHORE TEMPLE GINDORE JHALRAPATAN, JHALAWAR, NULL, Rajasthan	India
S2-823364655	Perla'S Seafood Inc	50 MOODY DRIVE, EMINENCE, KY	US
S2-754918088	C1ear  Bright Atlanta	##115 Forest Lane, PINEHURST, NC	US
S2-218453130	SURGICAL CARE FRONTIER LLC	5825 ROCKPORT LN, FORT WORTH, TX	US
S2-173252207	primarycareclinic.com	1011 STNA SCHLUETER LOOP, KILLEEN, TX	US
S2-97892164	Dermatology Care  Associates Association	1602  PARSONS AVE, EAST SAINT LOUIS, IL	US
S2-409527573	Fort and Richardson  LLC	5795 TIDD ROAD, WILLIAMSFIELD, OH	US
S2-384805260	NANDAN CONSULTANTS PRIVATE	D.NO.9-40/19/8 VISALAKSHINAGAR, VISAKHAPATNAM, ఆంధ్రప్రదేశ్	India
S2-783524827	Patriot Fresh Hill [LLC]	9508 GREYSON HEGIHTS DR, CHARLOTTE, NC	US
S2-852360206	WILLOW FLEXIBLE LLC	119 CODY CIRCLE, PORTLAND, TN	US
S2-221157350	VALUE CUSTOM EARTH	1017 BELMONT ST, CHARLESTON, WV	US
S2-562549495	Products Dream Enterprises Limited Private	A-8, RAMNAGAR COLONY MOHADDIPUR, GORAKHPUR, Uttar Pradesh	India
S2-526055275	ફ્યુચર ફાઇનાન્સ પ્રાઇવેટ લિમિટેડ	HN 64 B/206, <NULL>, NAVRANGPURA, AHMEDABAD, Gujarat	India
S2-146226771	स्टार हॉस्पिटैलिटी प्रा. लि.	Delhi, SOUTH DELHI, K-89 SARITA VIAHR, DELHI	India
S2-543253323	Oncology Mdicbine LLC	TX, LA VERNIA, 117 WESTFIELD LANDING	US
S2-592151135	motecuscross.com	008754 Cth C, TOWN OF GARDNER, WI	US
S2-420519226	First Triumph Llc	42 RIVIERA DR, KINGS PARK, NY	US
S2-405401396	City Jay Estate Private	G 1523 BRIGADE EL DORADO, HUVINAYAKANAHALLI, BANGLORENORTH, Karnataka	India
S2-689148214	इंडियन बिजनेस प्रा. लि.	4TH FLOOR, ATLANTA ESTATE, Maharashtra, MUMBAI, GOREGAON EAST, 419.	India
S2-296933706	FASTFLOW (INDIA) REALTORS PVT.		India
S2-634805731	fz rothschild llc	TOWNSEND, 73 TANASI TRAIL, TN	US
S2-572332927	Electronic Creative Associates Llc		US
S2-895813338	Mr SPECTRA INSTITUTE LTD	188 SWAYAM SAWA SOCIETY TRIVENI APPPT JHILMIL COLONY, DELHI, Delhi	India
S2-170313073	GUTIERREZINTERESTS.COM	18051 FAIRVILLE AVE, CLEVELAND, OH	US
S2-913383207	हाई वेंचर्स	NARSINGARH HOUSE, 23, PRAGATI VIHAR, BICHOLI MARDANA, INDORE, Madhya Pradesh	India
S2-201596704	Ry Traders-Bangalore North Ltd	A-2/512, GROUND FLOOR, TU, BANGALORE NORTH, ಕರ್ನಾಟಕ	India
S2-371433511	Prudential  Sons & Private Limited	C/O MAHENDRABHAI NAGINBHAI ASHRAMFALIA AT PO VAHELA TA VANSDA TAL MAHUVA, VAHVEAL, ગુજરાત	India
S2-372078272	Ltd Coimbatore South Trade	#42 A, SENGUPTHA STREET, COIMBATORE, COIMBATORE SOUTH, Tamil Nadu	India
S2-562967263	HELMS ACADEMY  PREPARATORY	589 White Rd, BOWDOINHAM, ME	US
S2-496140913	Sky Heights (India) Private Límited	6-20-34, DURGA NAGAR, DURGA NAGAR, PAYAKARAOPETA, YELLAMANCHILI, VISAKHAPATNAM, Andhra Pradesh	India
S2-159564229	CUSTOM (STELLAR)	TIFFIN, PMB 5383, 380 TR 118, OH	US
S2-410344702	Pediatric Physicians Authority	11805 32ND STREET, SANTA FE, TX	US
S2-652394157	STAR STAR LLC CENTER	OMAHA, NE, 3701 MCKINLEY STREET	US
S2-150180985	Woodward Charter School	2016 WOODMONT DRIVE, CHESTERFIELD COUNTY, VA	US
S2-438596681	LEAVITT MONTE INC	MURRAY ROAD, PO BOX 2760, PORTTLAND, OR	US
S2-434831984	Regional  Institute II	515 DEERBROOK LN, BELINGTON, WV	US
S2-295152268	All Financial  Consultants LLC	1345 YATES DRIVE, HURST, TX	US
S2-695717242	QD Heritage LLC 5ervices	421 MILITARY SAINT, HAMILTON, AL	US
S2-54864712	Sri krishiimpex.com	PLOT D/301 101, GUJARAT VIHAR, 2ND FLOOR, VIKAS MARG, Delhi	India
S2-658051713	AMERICANBLUENEWBURY.COM	75  FOREST PARK AVE, PMB 2059, SPRINGFIELD TOWNSHIP, MA	US
S2-695482512	Innovative Unified Environmental Services LLC	19 WASHINGTON STREET, MALDEN, MA	US
S2-280731300	JAMES'S ASSOCIATES	8609 Leonard St, <NULL>, PORTTLAND, OR	US
S2-450341699	Foss Sceucar Chadwick  Inc	206 10ND ST, LOUISBURG, KS	US
S2-291214265	Monarch Vertical	CAP ROCK CIR, RICHARDSON, TX	US
S2-661782703	Merl Swenson Legacy Inc Center	422 CROWN HILL RD, ORRVILLE, OH	US
S2-291289215	Margarito and Hec LLC	150-A LAMANCHA DR, ASHEVILLE, NC	US
S2-334169164	CAQUE GLOBAL,	13862 WIMBLETON DRIVE, VICTORILLE, CA	US
S2-591017726	Indian ਟ੍ਰੇਡਿੰਗ ਪ੍ਰਾਈਵੇਟ ਲਿਮਟਿਡ	SCO 144, THIRD FLOOR FEROZE GANDHI MARKET, LUDHIANA, Punjab	India
S2-823513976	PREMIER  INNOVATIONS	6811 RIVER BERRY WAY, KNOXVILLE, TN	US
S2-60061633	6untur Commercial Private  Limited	D. NO. 4-3-90., GUNTUR, Andhra Pradesh	India
S2-204080827	సదర్న్ టెక్నాలజీ ప్రైవేట్ లిమిటెడ్	A2 3RD FLOOR, SHAIKPET, HYDERABAD, Andhra Pradesh	India
S2-190945470	VANTAGEVANTAGEPYRA	P NO 532/ IMT MAES, GURUGRAM, MANESAR, Haryana	India
S2-238642060	Smt bureauit.com	NO.47, ELUMALAI STREET AYANAVARAM, CHENNAI, Tamil Nadu	India
S2-828845600	Behavioral Health Asochiaes Inc		US
S2-941061511	Alpha Trading Private Limited	Maharashtra, OPP. NIRMAL NAGAR, LBS MARG, MULUND WEST	India
S2-824629135	Timeless Trust Center	BLOCK D-245 DRNO:1/341 CHINNAPPAMPATTY, PAPPAMPADY, SALEM, தமிழ்நாடு	India
S2-848558522	लक्ष्मी बिजनेस लिमिटेड	BLGD NO. D 2, MUMBAI CITY, Maharashtra	India
S2-531139687	Sullivan Terra Incorporated	BARBERTON, 72 FORD AVE, OH	US
S2-713135946	13 29 Tnko	3311 TANTERRA CIR, BROOKEVILLE, MD	US
S2-910591165	Selective Constructions Co	Gujarat, SHILP INCUBATION CENTRE, SI-M-1048 , UNITB, 1ST FLOOR, GANDHI NAGAR	India
S2-854689475	जैन इन्वेस्टमेंट लिमिटेड	D-##8/9 G/F, FEROZ SHAH KOTLA NEAR INDIAN EXPRESS BUILDING DELHI, DELHI, NEW DELHI, Delhi	India
S2-704145842	Great Fódn	6418  Castle Crags Ave, HESPERIA, CA	US
S2-390699773	fuentes, elsi better fashion llc	123 DELTA STREET, LEXINGTON, NC	US
S2-348942480	Cu1tural Guild Co	1009 BLACK STREET, HURST, TX	US
S2-946929178	Sukh Clinic (Private)	C#0504, ATS BOUQUET, JAYPEE KOSMOS ROAD, A-2/2, SECTOR 132, NOIDA, DADRI, Uttar Pradesh	India
S2-337746229	POSWAL FNS [LTD]	PL ##18 SR 36/3/1 PANCHWATI, VRINDAVAN NO2, PASHAN, HAVELI, Maharashtra	India
S2-756276502	Burnett and Osborne,	502 BELDEN STREET, SHERAMN, TX	US
S2-814830032	CURE (BATKERHG!)	163 RADFORD ST, YONKERS, NY	US
S2-723964432	PEDIATRIC DENTAL GULF HEALTH PLLC #46847	563D MORGAN AVENUE, AKRON, OH	US
S2-13956465	Kaverita Services Pvt	#731 D-4 ANSA IND ESTATESAKI VIHAR RAOD SAKINAKA ANDHERI (E), MUMBAI, महाराष्ट्र	India
S2-274538187	Versatile Facility Private	NO. 1 , KAMBAR STREET, VOC NAGAR PAMMAL, CHENNAI, Tamil Nadu	India
S2-252432770	Cottrell-Rocky Center		US
S2-19319384	SERVICES HOT BEAUTY PRIVATE-LTD	DOOR NO 812 302, SHIV SHAILA APARTMENTGEETA CINEMA COMPOUND WORLI NAKA, महाराष्ट्र	India
S2-193645586	Inc J 7 A Oni,	2380-2382 APACHE LN, QUINLAN, TX	US
S2-301203341	Urology Specialists	8752 UNIVERSITY AVENUE, MORGANTOWN, WV	US
S2-949372201	TRI-STATE INSTITUTE  IV	15373 US 127, CECIL, OH	US
S2-628651967	अल्फा ट्रेडिंग प्राइवेट लिमिटेड	MUMBAI, Maharashtra, MUMBAI, OPP. NIRMAL NAGAR, LBS MARG	India
S2-811455593	शिवम सिस्टम्स लिमिटेड	GHAZIABAD, SECTOR-23, RAJ NAGAR, Uttar Pradesh, G-273	India
S2-61442863	pr0jectsashokservices.com	3-100/126, TIRUMALAGIRI, HYDERABAD, Andhra Pradesh	India
S2-965220750	इंटरनेशनल प्रोजेक्ट्स	FLAT NO. 0706, GHAZIABAD, Uttar Pradesh	India
S2-52676999	Dr GRH BROTHERS PRIVATE LIMITED #84549	302, SARTHIK-2, OPP RAJPATH CLUB, SARKHEJ, GANDHINAGAR HIGHWAY BODAKDEV, AHMADABAD CIY, Gujarat	India
S2-149368181	tristatecenter.com	30952 SHORTCUT RD, DAKOTA, MN	US
S2-878826921	Cook Allied  Terra	CA, SARCAMENTO CITY, 225D SELBY RANCH RD	US
S2-763648036	The Dent Hir Studio	264 BEXAR AVENUE, HAMILTON, AL	US
S2-613029120	Capital-Spdr  Group	78 HIDDEN VALLEY FARM RD, REPUBLIC CDP, WA	US
S2-851216541	jaisolutions.com	A -4-03, RIVER RETREAT, CASA RIO KALYAN SHIL ROAD, KALYAN, Maharashtra	India
S2-115383120	Poswal  Funds	PL ##18 SR 36/3/1 PANCHWATI, VRINDAVAN NO2, PASHAN, HAVELI, Maharashtra	India
S2-118178597	Trinity Israel	DEWEY ROAD, PANGBURRN, AR	US
S2-274196260	Rms Sáve Private Limited	H.NO 111 , SAI PRIYA COLONY, DAMMAIGUDA, NEAR ECIL, తెలంగాణ	India
S2-953742246	louisa rockwell restaurant llc	001605 SHEEPSHEAD BAY RD, BROOKLY CITY, NY	US
S2-178257318	LLC RODRIGUEZ, RICHARDSON & TRUJILO	IA, IOWA CITY, ##240 PADDOCK CIR	US
S2-171088917	WALLIW HOROWITZ EMPIRE	473 NORTHWEST HWY, PALATINE, IL	US
S2-30942111	Pritte Gurukripa Business Limited	DAVANAGERE, #3388/6, ಕರ್ನಾಟಕ	India
S2-387762150	IG LIGAND L.L.C.		US
S2-288105481	Lawrence Alliance Council	BLOUNTSVILLE, AL, 2173 ALLDREDGE RD	US
S2-785224446	Corporation Custom Fínancial	B.NO. 5 AKARSH ENCLEVE, <NULL>, JABALPUR, KATANGA, Madhya Pradesh	India
S2-563015475	Private New Drbtli Real Limited	ALTF OKHLA 101, ROOM NO. MR-1, PLOT NO. 101, MATHURA ROAD, OKHLA, SOUTH DELHI, NEW DELHI, Delhi	India
S2-756895732	Said Assets Ínc	5337- GALAPAGOS, TUCSON, AZ	US
S2-245876326	Federal  Electronics Systems Inc	6633 WYCOMBE WAY, PARKVILLE, MD	US
S2-18727716	NOLANA ONEILL INNOVATIVE SERVICES	16060 LOWER CATTLE DRIVE, SISTERS, OR	US
S2-714421775	Bens0n Táble Ínc	WATER HYSSOP LOOP, LEANDER, TX	US
S2-279680517	PV-Ridge	EASTLAE, 98538 LAKE SHORE BOULEVARD, OH	US
S2-951571828	जैन इन्वेस्टमेंट लिमिटेड	D-##8/9 G/F, DELHI, NEW DELHI, दिल्ली	India
S2-288796035	Sapiens Infradevelopers	401, RUSHIRAJ REGENCY, OPP.MAMA MUNGI, GANGAPUR ROAD, NASHIK, Maharashtra	India
S2-713026412	Lishe Mcvey		US
S2-879691359	इनोवेटिव आईटी	BOMBAY, MUMBAI CITY, Maharashtra, UNIT NO. #309 3RD FLOOR ASHISH INDL EST GOKHALE ROAD SOUTH DADAR	India
S2-330444166	சதர்ன் பாபா இன்ஃப்ராஸ்ட்ரக்சர் பிரைவேட் லிமிடெட்	#121 GST ROADCHENNAI, தமிழ்நாடு, CHENNAI	India
S2-128376174	All Consultants Financial LLC	1345 YATES DR, HURST, TX	US
S2-716089393	Smt SUPERFAST HEALTHCARE  PVT LTD	NO. 3/200C  1, NALLICHETTIPALAYAM (POST) ANNUR (VIA), N/A, Tamil Nadu	India
S2-445472092	Private Meenansh Drigtal Limited	Odisha, BERHAMPUR, BATCHUVARI STREET GANJAM, GANJAM	India
S2-987347895	CHIN FRONTIER BIOWORKS	00234 BIRCH AVE, COLLEGE PLACE, WA	US
S2-79401487	Bury, Trgbs and Cooks Inc	979 27 ST, BROOKLYN, NY	US
S2-34962556	allianceservicescenter.com	757/8, DHANASREE MOTORS, DHANASREE PLAZZA, NANNIYO, NEDUMANGAD, THIRUVANANTHAPURAM, Kerala	India
S2-781921023	Sree  Foundation Private Limited	H.NO 12/3 GROUND FLOOR, NEHRU ENCLAVE EAST, Delhi	India
S2-891217790	Firefighters Union Local No	009431 LAKESHORE DRIVE, PRESCOTT VALLEY, AZ	US
S2-130240950	శక్తి వెంచర్స్ ప్రైవేట్ లిమిటెడ్	#1-16881-168/1, TANUKU WEST GODAVARI, ANDHRA PRADESH	India
S2-518754182	Corp Haubrich and Shwogrsther	1400-1404 FLORIDA AVE, WASHINTGON, DC	US
S2-166507659	LIU, INES CÓLONIAL FACT LLC	4755 ROLLING MEADOWS LANE, PMB 8784, SIGNAL MOUNTAIN, TN	US
S2-477649263	RESTAURANT LTD	3532 1/2 ABERDEEN AVE, IL, ALTON	US
S2-582353299	0RIANA G. HEATON DDS PC	1907. KALORAMA PLACE, WASHINGTON, DC	US
S2-242468827	youthenterprisescom	S. NO. #21 NEAR PMC SCHOOL DHANORI ROAD DHANORI, PUNE, Maharashtra	India
S2-946397658	Roverque Chemical	290 CHAMPION AVE, COLUMBUS, OH	US
S2-421491892	Sowell Cosmetics LP	1206 I ST, ONTARIO, CA	US
S2-628456693	Paramjeet  Services Private Ltd	F-86., SCTOR-8, NOIDA, उत्तर प्रदेश	India
S2-977898028	>> Services Premio Producer Private	NO D/75 TARUN SENGUPTA SARANI, SOUTH 24 PARGANAS, KOLKATA, পশ্চিমবঙ্গ	India
S2-412081447	Cure Cafe Inc Center	1308 PICKWICK PARK CT, FRANKLIN, TN	US
S2-697720265	value custom earth	1017 BELMONT ST, CHARLESTON, WV	US
S2-801002420	Aras Trust Córporation	FLAT NO- 201, 2ND FLOOR, N-3/273, IRC VILALGE, BHUBANESWAR, Orissa	India
S2-711423008	The Cafe Dent LLC	1900 NEW HAVEN CT, MOORE, OK	US
S2-625404138	બોમ્બે સર્વિસીસ	P NO 2045I OPP GELMADIR, CHITALIYA ROAD, RAJKOT, JASDAN, ગુજરાત	India
S2-303815393	Star Sóftware Worldwide LLC	2948 RUSSELL MINOR LANE, PMB 882, BUMPASS, VA	US
S2-218383567	Poswal Fúnds Ltd		India
S2-652325770	SUMMIT PEDIATRICS LP		US
S2-410377145	Mountain Mountain Highland-Sea		US
S2-518934042	Clyis Deutsche, L.L.C.	150 RIVERSIDE DR, CLANNTON TOWNSHIP, AL	US
S2-116861916	XQZ UNITED-TIRE SHOP INC	02358 BURDETT AVENUE, PMB 1169, TROY, NY	US
S2-420169100	gandara kochav inc	1234 GIRARD ST, WASHINGTON, DC	US
S2-478574633	M &  E Analytics LLC	502 GREG DRIVE, ENID, OK	US
S2-751753729	Helms Academy Preparatory	WHITE RD, BOWDOINHAM, ME	US
S2-149456415	Whitcomb Medical Corporation	860 Allen Dr, OH, WOOOSTER CITY	US
S2-693725770	continentalnet.com	3419 FORK LOOP, GREEN BANK, WV	US
S2-220619592	Vikash School (Public)	NO 2 OC GANGULY SARANI, ALTITUDE BUILDING, 6TH FLOOR, KOLKATA, KOLKATA, West Bengal	India
S2-786859185	pinnaclekeystone.com	295 Radisson Road, SENECA, SC	US
S2-526246973	Sweet Book Book Store LLC	##101 CANAL ST, BOSTON, MA	US
S2-434338736	W D & A Ec0	FREEDOM PARK DRIVE, NORTH HIGHLANDS, CA	US
S2-534800001	GRAPHIC CONLMULOFNTS PRIVATE LIMITED	SURYA-ARCADE, COMMERCIAL COMPLEXOPP.SHIVAJIGROUND, MIRAJ, Maharashtra	India
S2-856450061	helmspreparatoryacademy.com	589 WHITE ROAD, ME, BOWDOINHAM	US
S2-344735663	GLOBAL AUTOMOBILES PRIVATE  LIMITED	PNO63, SAPTHAGIRI ENCLAVE, BALAPUR, HYDERABAD, Andhra Pradesh	India
S2-353633173	Reindeer Memorial		India
S2-570220979	WALLIW HOROWITZ EMPIRE ASSOCIATES [CO]	473 NORTHWEST HIGHWAY, PALATINE, IL	US
S2-956566532	cotton complex15 residency road bangalore singh limited	Karnataka, NO.5, COTTON COMPLEX15 RESIDENCY ROAD BANGALORE	India
S2-988838009	SHIVA IT PRIVATE  LIMITED	B3/204, VIKAS DEEP BUILDING, DISTRICT CENTER, LAXMI NAGAR, Delhi	India
S2-327683509	Alpha Ventures	RH-82, SHRIRAM SHESHTA, BODIPALAYAM ROAD, MADUKARAI MARKET, COIMBATORE SOUTH, தமிழ்நாடு	India
S2-833200081	QM 5ervices	738 DRY HOLLOW ROAD, TN, DCIKSON	US
S2-682755283	GWYNETH'S STAFFING	624  ASSEMBLY PLACE, DIXON CITY, IL	US
S2-561283384	Heartland Coastal Acp Inc		US
S2-38736717	Shree Limited Private Tradex	NO 1 F, 2ND FLOOR R K AVENUE, DENKANIKOTTAI ROAD, DINNUR, HOSUR, KRISHNAGIRI, Tamil Nadu	India
S2-842900734	Maid Di LLP	1549. CLABO HOLLOW ROAD, PIGEON FORGE, TN	US
S2-100783590	Harbor School	COLUMBUS, N/A, OH, 4851 MOCKINGBIRD COURT	US
S2-727137684	NEW DELHI-INDIA LTD PVT	DOOR NO 28 SECOND FLOOL, RIGHT SIDE . OKHLA INDUST, NEW DELHI, Delhi	India
S2-821821025	30 21-Pharmaceutical Inc.	09797 32ND ST, YUMA, AZ	US
S2-9483374	XYLÓRIZA	103, KANPUR, Uttar Pradesh	India
S2-386006861	Frontier Council Corp	FAIRBANK, 10 MAIN STREET, IA	US
S2-275535513	શિવમ ફૂડ્સ પ્રાઇવેટ લિમિટેડ	A-1ST FL CHANKYA COMPLEX, VADODARA, Gujarat	India
S2-635990154	Innovative Marketing	211 WESTMINSTER AVE, WATERTOWN, MN	US
S2-933765189	Suryaya Private Farms Limited	DOOR NO C-5 , DOOR NO.536, NEW DOOR NO 1057 PH ROAD, MADURAVOAYL, Tamil Nadu	India
S2-524035078	mcphersonellisplutonian.com	UT, 8834-8836 WILLOW GREEN DRIVE, SANDY	US
S2-704343260	Platinum Tber Inc.	AK, 1549A MOSS CREEK AVENUE, ANCHORAGE	US
S2-441250579	Jarlic Áirport	0209 JESSICA WAY, STANFORD, KY	US
S2-502510517	Kaverita Services	#731 D-4 ANSA IND ESTATESAKI VIHAR RAOD SAKINAKA ANDHERI (E), MUMBAI, Maharashtra	India
S2-305235840	I/P Daedalus  Corporation	1647 GREENE LAKE DR, OH, XENIA	US
S2-958726653	Ceor Sr Innovative Inc.	CHARLOTTE, NC, 1218. BEATTIES FORD RD	US
S2-334338586	MUNOZ & CANTILLO, INC	460 GOLF CLUB LN, CROSSVILLE, TN	US
S2-250285360	Jay Medical	H.NO 165 75-C, II MAIN ROAD, GANDHI NAGAR, ADYAR, Tamil Nadu	India
S2-831449614	ONCOLOGY HEARTLAND MEDICINE	WILDERNESS W, WEATHERFORD, TX	US
S2-764513599	Arts Nétwork [PLLC]	2805 TIMBER COVE, TYLEER TOWNSHIP, TX	US
S2-350122955	bettercayman.com	1624 WINONA ST, CHICAGO, IL	US
S2-252861327	Ahmedabad Sales Private	HN 00139 445, 4TH FCOOR, YASH ARIAN, NEAR SWAMI VIVEKANAND CHOWK, MEMNAGAR, AHMEDABAD, ગુજરાત	India
S2-575096128	Precision  Financial-Partners	1508 CAMINO LAGO, IRVING, TX	US
S2-377029834	MOC  Global Pvt Ltd		India
S2-127030714	Quality Retail Global Inc	MN, 6023 EAGLE LAKE RD, COMWELL, PO BOX 161	US
S2-944607492	Carpenter and Hitchcock Corporation	450 LITTLE CREEK DRIVE, <NULL>, DELAWARE, OH	US
S2-206695057	saienterprises.com	PLOT 4 401, EMPRESS TOWER, THE BOTANIKA JAYABHERI ENCLAVE, GACHIBOWLI, HYDERABAD, Andhra Pradesh	India
S2-926973818	Sai + Brothers Private	NO. 624/3, BM COMPLEX, OMBR LAYOUC, BANASWADI, CHANNASANDRA, BENGALURU, Karnataka	India
S2-110868952	Dr SIDDHAKALA PRIVATE LIMITED SERVICES	SECTOR NO.27, PLOT NO.464, PRADHIKARAN, NIGDI, PUNE, Maharashtra	India
S2-902021067	Cook Allied Terra Corporation		US
S2-463560498	Express Distriuboin	OH, CANTON, MARKET AVE	US
S2-925433889	सेवन गोल्ड कंस्ट्रक्शंस प्राइवेट लिमिटेड	G.F., KHATA NO 178 & 115, KHESRA NO 133, 134 & 135 W.N. NO 19, GOPALGANJ, PATNA, Bihar	India
S2-229987632	Better Corporation Services	5521 FRONT POINT CT, NULL, INDIANAPOLIS, IN	US
S2-586026355	Guru Tech Limited Center	BUILDING-46, VILLAGE-NAGLA FATELA, SANSI, POST TATARPUR, HATHRAS, उत्तर प्रदेश	India
S2-416823779	green.com	PMB 8099, LYNNFIELD, MA, 7-D HUNTING LANE	US
S2-253686713	Perfect Global Healthcare Limited	6/220  D V P COMPLEX MANNAMPATTA PO KATAMPAZHIPURAM, PALAKKAD, Kerala	India
S2-236069626	Coastal Veterinary Ciicd (Group)	110 1ST ST, CHASKA, MN	US
S2-815159464	Creative Health Enterprises Llc	1108C CLOVER DR, INCORPORATED, WA	US
S2-218699827	Frontier P.C. Services	8500 GRANTSHIRE LN, PO BOX 7353, ST LOUIS, MO	US
S2-11628298	TRI-STATE CENTER	8315 LODGEPOLE PINE STREET, TX, CYPRESS	US
S2-637289045	Aurial  Wisconsin	18827 BRIGHTON TRAIL LN, TX, TOMBALL	US
S2-146148659	Skinner, Pálacios & Puryear Clinic	3617 WESTCHESTER CIRCLE, MOUNTAIN BROOK, AL	US
S2-21682528	INC SROUR, JACKSON & SALEM	1657 17 MILE ROAD, RIVERTON, WY	US
S2-748996605	Protea (india) Pvt.	B-BLOCK-503 V S R CELESTIALTOWERS, GAJULARAMARAM, Telangana	India
S2-817194906	Nationa1 Ínvestments (LLC)	8, TOWN OF ARMSTRONG CREEK, WI	US
S2-724335492	Sassi, Kingston &	#8696 ALOE DRIVE, GOLD CANYON, AZ	US
S2-411178343	Tatiania Montenegro Precision LLC Center	AIKEN RD, SHELBYVILLE, KY	US
S2-504182891	1 800 Got Junk of Sacramento Sacramento Corp	2775 COTTAGE WAY, SACRAMENTO, CA	US
S2-819196119	BLUE BAG  PRIVATE	7/9 SHREE SAI DHAM CHS OLD MUMBAI PUNE ROAD, NEAR HDFC BANK SAI NAGAR KALWA WEST, THANE, Maharashtra	India
S2-181441771	Dental Cre Inc	540 PARSONS RD, PLEASATON, TX	US
S2-152088284	qkbancorporation.com	3410 CORDELL RD, NEW PALESTINE, IN	US
S2-974901590	Wadhwanicity Soul  Co	DOOR NO 1ST FL, SHREEJI SHOPPING, CENTER, NR KRISHNA COLOUR, WADHWANICITY, Gujarat	India
S2-627235922	M/s Baba Industries Pvt-Ltd	A-6-A/7, GROUND FLOOR, W.E.A KAROL BAGH, NEAR SATYA NAGAR BUS STOP, NEW DEDLHI, Delhi	India
S2-676177297	Interstate Fellowship	#938 STAFFORD RD, MANSFIELD, CT	US
S2-785212689	সানরাইজ গ্লোবাল প্রাইভেট লিমিটেড	পশ্চিমবঙ্গ, NORTH 24 PARGANAS, MANI CASADONA	India
S2-554725052	xiao group	#239 WHALEY STREET, FREEPORT, NY	US
S2-543606010	Behavioral Health LLC Partners [Silver]	MD, GWYNN OAK, 100-D SUNMAR COURT	US
S2-323063913	IG LIGAND LLC	#18 PIKE ST, AUBURN, WA	US
S2-82308664	Sonepat Advertising Private	SANTOSH C/O PUL KE PASS SUJAN SINGH PARK, OLD DC ROAD, SONEPAT, हरियाणा	India
S2-876261927	Haubrich and Showalter-Corp	FLORIDA AVENUE, WASHINTGON, DC	US
S2-485280528	Diagnostics LLC  Center	435 1/2 MULBERRY DR, BONNIE, IL	US
S2-404945381	Housing  Guild II Ltd	TX, 003 PECAN RIDGE DRIVE, SUGAR LAND	US
S2-559044214	chóiceelliott.com	245 FARRAGUT AVENUE, HASTINGS-ON-HUDSON, NY	US
S2-846153282	PÉRIDIALONLINE.COM	1815  RICHARD LANE, KNOXVILLE, TN	US
S2-863116940	Rocky Tnralst	BROCKTON, MA, 30 AUNA DRIVE	US
S2-362714056	Kalinga Ilddi Public Limited	C/O MUKESH SINGHAL, AGRASEN COLONY, BARI, Rajasthan	India
S2-823092928	Sarkar  Matekting LLP	DOOR NO D/428 9611/13, MOTIA KHAN MULTANI DHANDA, PAHARGANJ, NEW DELHI, Delhi	India
S2-303454417	GUTIERREZ INTERESTS INC.	18051 FAIRVILLE AVENUE, CLEVELAND, OH	US
S2-722113388	FAM  Design	UNIT 504, FIFTH FLOOR, FLEXONE, BUILDING FOOTPRINT 15C2, BLOCK 15, ROAD 1C, ZONE 1, GIFT SEZ, GANDHI NAGAR, Gujarat	India
S2-951529761	Transcontinental Industrial  Consultants LLC	4109 MOSCATO DRIVE, NULL, AMARILLO, TX	US
S2-516534914	Hyderabad Private Private Limited Center	C 1401 MY HOME ABHRA OPP INORBITMALL MADHAPUR, HYDERABAD, Telangana	India
S2-596251004	Chiropractic 5pecialists of Arcade	50 DOUGLAS DRIVE, ARCADE, NY	US
S2-640885909	@ Care 9 All Llc	87 Meadow St, NAUGATUCK, CT	US
S2-710618563	Rocky Trust	69 AUNA DR, BROCKTON, MA	US
S2-397502287	Yelena Heise Prime Chile Inc	24000 2nd St, FAIRHOPE, AL	US
S2-605530035	CHRIS VAIDYA		India
S2-972586118	Lauer, Coney & Hendrickson Illinois	##111-39 LEFFERTS BLVD, SOUTH OZONE PARK, NY	US
S2-100149930	डिजिटल एस्टेट प्राइवेट लिमिटेड	Maharashtra, MUMBAI, R NO.#2 L K PAWASHE CHAWL PAWASHE NAGAR KOPAR ROAD KOPARGAON, THANE	India
S2-540245194	Atlantic LLC Services	PEORIA, 8254 111RD LN, PMB 3007, AZ	US
S2-779532546	Machinists Union Local No 992  LLC	LUNDBERG ST, SURPRISE, AZ	US
S2-729966231	Sgh &  Sons Pvt Ltd	B-166, TAGORE GARDEN EXTENSION BEHIND HOLY CHILD SCHOOL, NEW DELHI, Delhi	India
S2-93146079	Buss Medical Catier	UT, SALT LAKE CITY, 411. GRANT STREET, PO BOX 9156	US
S2-514804179	*** MAG JONES,	01420 ST CHARLES ST, NULL, FT. BENTON, MT	US
S2-88268062	All-Creative Cmmumnicataoss LLC	4302 HILTON HEED DR, VILLAGE OF HOBART, WI	US
S2-976598599	Sheela Lone-Tri-State	0014 MAIN STREET, MEDFORD, MA	US
S2-703432070	SRIOSFT L.L.C.	345 BOULDER DRIVE, VAN BUREN CIY, AR	US
S2-372928094	डिजिटल बिल्डर्स प्रा. लि.	SPERAWALBUILDING, MUMBAI, Maharashtra	India
S2-729451777	75836) Horvath Classic (ID:	MCKINNEY AVENUE, DALLAS, TX	US
S2-703642917	प्रीमियर एग्रो प्राइवेट लिमिटेड	SUREKA AGENCIES NEAR MARWARI SCHOOL, LALBAGH, KOILATHAN, Bihar	India
S2-409564949	Womens Health Clinic L.L.C.	PMB 8465, AL, 570 TURTLE NECK RD, ALEXANDER CITY	US
S2-923464465	क्रिएटिव फूड प्राइवेट लिमिटेड	NO. 184 SNO 142/1 FLNO 401 LAVISH GREEN, PUNE MANJARI BK, HAVELI, PUNE, Maharashtra	India
S2-517193679	Garuda  Services Private	#230 RAJA PARK SINDHI COLONY ADARSH NAGAR, JAIPUR, Rajasthan	India
S2-606797550	Complete Equity Systems LLC	001004 MEADOW CREST DR, PELLA, IA	US
S2-935620503	Betul Clinic	Maharashtra, A-101, TERMINAL 9, PLOT CTS 2092-A/1 TO 375 VILE PARLE (EAST), MUMBAI	India
S2-284253960	रेड मार्केटिंग	286, MUMBAI, KALBADEVI ROAD, Maharashtra	India
S2-396068244	Physical  Therapy Green Associates Inc	216TH AVENUE COURT, BONNEY LAKE, WA	US
S2-801591204	BEHAVIORAL HGFALH SILVER PARTNERS [LLC]	SUNMAR CT, GWYNN OAK, MD	US
S2-336006445	4096 Park Court	478 GUTHRIES GREEN, KING AND QUEEN COUNTY, VA	US
S2-270153488	Inc Advanced Cargo Partners	004275 BORDERLANDS DR, RANCHO CORDOVA, CA	US
S2-698278831	Cesonnet  Lodging	BUTTOLPH DR, MIDDLEBURY, VT	US
S2-713767730	(LLC) Internal Medicine Anchor Health	8519 12TH AVENUE, SEATTLE, WA	US
S2-9617667	Merilee Luthi, D.C.	6801 RANCH ROAD 1222, STREETER, TX	US
S2-967202489	LLC All Creative Comumnibcatiois	4302 HILTON HEAD DR, VILLAGE OF HOBART, WI	US
S2-352365098	hartonveterinaryclinic.com	4889 76rd St, null, MUKILTO CITY, WA	US
S2-718726109	>> DQH  THAYER	618 NUGENT AVENUE, JOHNSON CITY, TX	US
S2-131427571	Mumbai Healthcare-Limited	UNIT NOS. 607-610, ACME PLAZA ANDHERI KURLA ROAD, OPP SARGAM CINEMA, ANDHERI EAST, MUMBAI, Maharashtra	India
S2-539510514	Partida Ridge Grayscale L.L.C.	TRADITION TRAIL, RIVER  FALLS, WI	US
S2-601828075	Jaipur Designers	F1, PLOT NO. 13, PARTH SARTHI RESIDENCY II, JAIPUR, Rajasthan	India
S2-616475888	Premier Indusrtgfgl Technologies Inc.	16 SPRUCE ST, LOCKPORT, NY	US
S2-305051656	Tech Denovo Consulting Private	2, GOLDEN ARROW APT., KALINA SANTACRUZ EAST, MUMBAI, Maharashtra	India
S2-606875852	Primary Ce  Center Inc	530 CHAMBERLIN STREET, DIXON, IL	US
S2-756886108	न्यू प्रोडक्ट्स प्राइवेट लिमिटेड	S. NO. 208/1., ALANDI RD., RAHUL PARK BEHIND ABHIRAJ BLDG., BHOSARI, PUNE, PUNE, Maharashtra	India
S2-367639118	PAINTERSUNIONLOCAL.COM - 3587418895	5700 CROSSINGS BLVD, NASHVILLE, TN	US
S2-609358948	Eaves  Federal Ltd	1003 FIFTH ST, MONTEVIDEO, MN	US
S2-198874931	Lakshmi It Pvt	FLAT NO.10, SIDDHI PARK, NEAR BAPU BUNGLOW, NASHIK, N/A, महाराष्ट्र	India
S2-941965626	reed ubs llc	00410 TRIMBLE FIELDS DR, EDGEWOOD, MD	US
S2-536209588	Ephraim Tówer LLC	9846-A GESSNER DR, KELLER, TX	US
S2-710503763	Nice College	SHASHINAG COMPLEX, P.GHLAKATTI ROAD(70 LING ROAD) BIJAPUR, Karnataka	India
S2-943568610	Center Physica1 Therapy Medicine LLC	1009-A HUNLEYHILL CT, MATTHEWS, NC	US
S2-637860156	Bay Montessori	06135 TECATE DR, BROWNSVILLE, TX	US
S2-934019174	Crabtree, Davine Horizon LLC Services	MA, BOSTON, 117 PARK DR	US
S2-747042718	SUCHY BLOCKCHAIN LLC	2756 MCCLAY RD, SAINT CHARLES CDP, MO	US
S2-315821224	India Aiswarya Securities Private  Limited	P.N.5, S.N.561/1A, NR.WATER TANK, DHATRAK FATA, ADGAON, NASHIK, N/A, महाराष्ट्र	India
S2-859430866	Pediatric Dentistry Atlantic Clínic LLC	321 COUNCIL AVE, HOBSON CITY, AL	US
S2-93510575	Office of Environmental Protection Ínc.	150  COLUMBIA STREET, HEMPSTEAD, NY	US
S2-140114008	Labs Technologies Pani Pvt [Ltd]	NO 12/595 BIULA STREET THIRUMULLAIVOYAL AVADI, CHENANI, CHENNAI, Tamil Nadu	India
S2-299943607	Chittorgarh Clinics Pvt-Ltd	#24, PADMINI NAGAR, CHITTORGARH, Rajasthan	India
S2-738357108	Yo Media Limited	M-306, 3RD FLOOR TOWER M, EXP PARKVIEW, SECTOR CHI-5, NOIDA, Uttar Pradesh	India
S2-659990047	Division of Consumer Affairs Co	318 CEDAR STREET, SOMERSET, WI	US
S2-728829269	West Institute	SY:11 WEWORK KRISHE EMERALD KONDAPUR MAIN ROAD, LAXMI CYBER CITY, WHITEFIELDS SERILINGAMPALLY MANDAL, RANGA REDDY, SHAIKPET, తెలంగాణ	India
S2-538048145	Transc0ntinental  Industrial Consultants LLC	4109 MOSCATO DR, NULL, AMARILLO, TX	US
S2-162769724	Zaor,	1660. WILTON ROAD, TACOMA, WA	US
S2-433936401	Kordula Tuma	1406 HADWICK DR, ESSEX, MD	US
S2-641387644	லக்ஷ்மி எண்டர்பிரைசஸ் பிரைவேட் லிமிடெட்	TCL, NO.102 F2, 3RD STREET, V G P SELVANAGAR VELACHERY, MADRAS, CHENNAI, Tamil Nadu	India
S2-786224354	Precision Realty	20870 CO RD HJ, ARCHOBLD, OH	US
S2-608621066	new delhi real private limited | www.newdelhi.com	ALTF OKHLA 101, ROOM NO. MR-1, PLOT NO. 101, MATHURA ROAD, OKHL, NEW DELHI, Delhi	India
S2-843795963	Nolana Oneill Innovative Purpose	16060 LOWER CATTLE DRIVE, SISTERS, OR	US
S2-947150927	United Ínitiative	0037 MACKENZIE COURT, PMB 3370, NEW CASTLE CITY, DE	US
S2-818316994	Shree  Impex	#56/1BIPLABI RASH BEHARIBOSE RD, KOLKATA, পশ্চিমবঙ্গ	India
S2-983936057	Behavioral City Partners of Virginia Beach Health	1769 BOX ELDER ARCH, VIRGINIA BEACH CITY, VA	US
S2-691767384	Department of [Labor]	DALLAS, TX, 1411 MCKENZIE STREET	US
S2-580605096	Hines Mountain Phubleshing Inc.	NY, 5-B GORSLINE DRIVE, HALFMOON	US
S2-828680122	wilkekodiak.com	20345 DE ARBOLES, QUEEN CREEK, AZ	US
S2-595151753	Mr Nova & Brothers Private	E 402, 4TH FLOOR CASA BELLA GOLD SPECTRA CHS, PALAVA DOMBIVALI E, Maharashtra	India
S2-137440792	PIPEFITTERS LOCAL UNION 85	2733 CRYODON BLVD, COLUMBUS, OH	US
S2-676643875	HALCYON-LLC	19238-D FIELDS RD, HOUNSFIELD, NY	US
S2-578346934	ராம் டெக்னாலஜி பிரைவேட் லிமிடெட்	NO:4, CHENNAI CITY REGION, Tamil Nadu	India
S2-335837850	Llc Behavioral Health Silver Partners	100-D SUNMAR CT, GWYNN OAK, MD	US
S2-849251691	UROLOGY SPECIALISTS L.L.C.	8752 UNIVERSITY AVENUE, MORGANTOWN, WV	US
S2-280100349	Integrated Security Consultants,	##79 NASSAU AVE, BABYLON, NY	US
S2-147713135	GUTIERREZ TOTAL SAB	SUMMIT AVE, CROOKSTON, MN	US
S2-185521713	CESONNET LODGING INCORPORATED (ID: 33174)	542 BUTTOLPH DRIVE, MIDDLEBURY, VT	US
S2-743065207	HYDERABAD REALTY	1177, ROAD NO. 56, JUBILEE HILLS, HYDERABAD, Telangana	India
S2-454920580	Quality Retail Global LP	5788 EAGLE LAKE RD, CROMWELL, MN	US
S2-684905858	Softline  Developers Limited	NO 68 B 204 2ND FLOOR, BLOCK-B, BESTECH BUSINESS TOWER, S.A.S.NAGAR (MOHALI), Punjab	India
S2-783059720	Yoder Cable	1408B FAIRWAY DR, GULF SHORES, AL	US
S2-553209241	Bengaluru-Organ Private Limited	DOOR NO 16 , ST. MARKS ROAD, BENGALURU, ಕರ್ನಾಟಕ	India
S2-221939283	Farwell + Arrigo Microelectronics LLC	01 HAMMOND DR, HOT SPRINGS, AR	US
S2-543940445	Beus Coastal Amplify  LLC	##11595 IOWA AVE, ALLIANCE, OH	US
S2-197779785	LLC Lewis Fashino	30 RUBY CT, DARTMOUTH, MA	US
S2-844052040	Premier-Printing Global	101 EDEN LANE, DULUTH, MN	US
S2-579754181	HANSON CAITIAL	WA, 19824 SNAKE RIVER AVENUE, LIBERTY LAKE	US
S2-757304530	AE-Consultancy	1A, DEWSIDEMANORSAPARTMENT, 58 MCNICHOLS ROAD, CHETPET, EGMORE NUNGAMBAKKAM, தமிழ்நாடு	India
S2-796031085	Vanguard Medical Solutions, [LLC]	7111 STRACCIONI LANE, PRINCE GEORGE, VA	US
S2-323605379	Gurunanak Acoaoegmy	2 , SHIV PARK COLONY, <NULL>, Rajasthan	India
S2-7915945	Vertex PLLC	VIRGINIA BEACH, 1216 -202 Waterfront Drive, VA	US
S2-725256519	5tylish Tieup	6, ADARSH INDUSTRIAL ESTATE, SAHAR ROAD, MUMBAI, ANDHERI (EAST), Maharashtra	India
S2-142153332	तिरुपति एनर्जी प्राइवेट लिमिटेड	#1405, MUMBAI, GOREGAON  W, Maharashtra	India
S2-616559670	प्रीमियर बिजनेस प्रा. लि.	G-170/A, 1ST FLOOR, ROAD NO. 2, JD MISHRA PATH NEAR PANI TANKI, NEW PATLIPUTRA COLONY, PATNA, बिहार	India
S2-785569464	GOVIND NAGAR P.Ó. UDYOG NAGAR BUILDTECH PRIVATE LIMITED	4, INDUSTRIAL AREA, GOVIND NAGAR P.O. UDYOG NAGAR, Uttar Pradesh	India
S2-829137798	Hawks Parish Xcel Services	78 NINTH AVE, SALLT LAKE CITY, UT	US
S2-656330587	GYN Hire  Private	H.NO 240 MIE BAHADURGARH, BAHADURGARH, Haryana	India
S2-300943045	SAID ASSETS INC.	5337- GALAPAGOS, TUCSON, AZ	US
S2-968999844	TEJAVI LTD PARTNERS	4TH FLOOR, PRABHAVEE TECHNO PARK, BANER, PUNE, महाराष्ट्र	India
S2-447645793	National LLC-Sunstone	6363 Columbia Rd, NULL, DOVER, OH	US
S2-893110381	Day Center-Eugene  Learning	2800 APPLEWOOD LANE, EUGENE, OR	US
S2-145937211	OM-VIDYALAYA LTD	11/380, KOTTAKUNIL, MANNUR WEST, MANNUR PANCHAYATH, PALAKKAD, PALAKKAD, Keralam	India
S2-813964346	Lettie Butler Diversified Inc	149 LAS BRISAS DR, DECATUR, TX	US
S2-571779335	Vantyx Vantyx Rexford LLC	2505. CASTLEWOOD LANE, BLUEFIELD, WV	US
S2-725398492	Primary Clinic Corp Center	1011 STAN SCHLUETER LOOP, KILLEEN, TX	US
S2-305190031	Pvt. Marketing Ans Beverage Limited	B-83 THIRD FLOOR, BEHIND MURLIPURA POLICE STATION, MURLIPURA, JAIPUR, Rajasthan	India
S2-522260031	Urology Green		US
S2-182725821	ଲୋଟସ୍ ଶିବ ମିଡିଆ ପ୍ରାଇଭେଟ୍ ଲିମିଟେଡ୍	DOOR NO #579, BHUBANESWAR, KHORDHA, ଓଡ଼ିଶା	India
S2-97238646	Priska & Sons-Private-Limited	B-405 TOWER PEARL, BDI SUNSHINE CITY BHIWADI, TIJARA, Rajasthan	India
S2-966891026	Dhan Ssnodg	AT- TOWN/VILL.- BALBHADRAPUR, ANCHAL- BALBHADRAPUR, DARBHANGA, Bihar	India
S2-720202362	... 5urya Tech Limited [Center]	SHOP NO 409, BUILDING SAMARTH VAIBHAV OFF NEW LINK ROAD, OSHIWARA, ANDHERI WES, T, MUMBAI CITY, MUMBAI, Maharashtra	India
S2-573263208	Strategic Retail Innovations	PA, 964 Adams Ave, ABINGTON TOWNSHIP	US
S2-566504629	Sebrion	511 SMITHFIELD VALLEY RD, AMENIA, NY	US
S2-782956169	Pattern Lakshmi Limited Private (India)	NO: 9-63, PERIAY VILAI KATTATHURAI, KANYAKUMARI, தமிழ்நாடு	India
S2-485506388	Precision Automotive	45-13- 48 AVE, PMB 6323, WOODSIDE, NY	US
S2-229744280	HK Pee		India
S2-143391707	MANIPAL SEVA SAMITI LIMITED	NAZEEMPURA BHOOR, OPP. HINDUSTAN COLD STORAGE, BULANDSHAHR, Uttar Pradesh	India
S2-276941275	INC ORTHOPEDIC SPECIIALSSTS	4002 CENTER STREET, HICKORY CDP, NC	US
S2-701510942	Interstate Star  [Materials]	8213 HIRSCH DRIVE, CHARLOTTE, NC	US
S2-251012434	Premier Márketing Laboratories	523 REMINGTON GREEN COURT, HOUSTON, TX	US
S2-345608254	नॉर्थ मीडिया प्राइवेट लिमिटेड	HOUSE NO. GA -1, NAGPUR, Maharashtra, BLOCK B, ATHARVED III, PT NO 235, KAMTHI	India
S2-133932949	Arena  + Dean	4850 COREY HUNT ROAD, BRISTOL TWP, OH	US
S2-912054527	Oorja Ioa  Private Limited	1054 SOBHA AMETHYST WHITEFIELD HOSAKOTE MAIN ROAD, KANNAMANGALA, BENGALURU, Karnataka	India
S2-68164135	#lrptesting	MATHURA BHAWAN, SARAOGI MOHALLA, Rajasthan	India
S2-870659648	Uluberia - Ii Export Corp	4, AHMED MAMOOJI STREET, LILUAH, ULUBERIA - II, পশ্চিমবঙ্গ	India
S2-35476495	SUMMIT CENTER CENTER	106 FRANCIS STREET, WATERBURY, CT	US
S2-447853825	Williams Desert Ofs	303 APPLEWHITE AVENUE, STANTONSBURG, NC	US
S2-968855281	Thanjai-Go1d Private Limited	H.NO 12TH CHOPSANI ROAD, CHORAYA, Rajasthan	India
S2-487668348	Noida Products Pvt Ltd.		India
S2-666691600	INTEGRATEDCONSUMERENTERPRISES.COM	253 14ND AVE, MILTON-FREEWATER, OR	US
S2-270942561	ಬ್ರೈಟ್ ಟೆಕ್ ಪ್ರೈವೇಟ್ ಲಿಮಿಟೆಡ್	HN 276 GOPALA KRISHNA COMPLEX NO, 45/3 RESIDENCY RD, MG RD, BANGALORE, BANGALORE NORTH, Karnataka	India
S2-123465851	Ashley LLC  Excavation	SPOKANE VALLEY, 12415 DEFMET AVE, WA	US
S2-688209549	COIMBATORE KAPOOR-PRIVATE LTD	H.NO 6 , GOPAL SAMY KOVIL STREET, GANAPATHY, COIMBATORE, Tamil Nadu	India
S2-811085798	सदर्न जैन हॉस्पिटैलिटी प्रा. लि.	4-05, FLOOR 4TH, POPATLAL CHAMBERS, CLIVE 4TH X LANE, DANA BUNDER, CHINCH BUNDER, BOMBAY, MUMBAI, Maharashtra	India
S2-389123969	Skinner, Palacios & Puryear Clinic LP	3617 WESTCHESTER CIR, MOUNTAIN BROOK, AL	US
S2-181556549	WWB  Automobile	#167 25(15), S. M. P. SARANI, BARRACKPUR, KOLKATA, KOLKATA, পশ্চিমবঙ্গ	India
S2-451407665	NOVBUE LLC	4039 VILLAGE PARK COURT, WINSTON-SALEM, NC	US
S2-534641203	Tonie's Motors (LLC)	CT, 173 CANDLEWOOD DR, SOUTH WINDSOR	US
S2-249477066	i8w.com	5 140TH SAINT, OCEAN CITY, MD	US
S2-578512485	Udaipur Arncy Private Private Limited		India
S2-539518381	W D & Á Eco	003430 FREEDOM PARK DRIVE, NORTH HIGHLANDS, CA	US
S2-98132454	स्काई मैनेजमेंट प्राइवेट लिमिटेड	CHANDIGARH, HOUSE NO. 14, Delhi, WEST DELHI	India
S2-953382992	caloex.com	1095 MARR ROAD, COLUMBUS, IN	US
S2-472098567	PLLC GRAND INFRASTURCTURE PRODUCTS	5220  WALNUT VALLEY DR, CHARLESTON, WV	US
S2-51160823	Brooks Empire	1801 PALM VILLAGE BLVD, PMB 2344, BAY CITY, TX	US
S2-101352027	Children's Center LP	265 Falls Parkway, BRNSON, MO	US
S2-891745635	Devon's Property  Soludimobbs	232-C STATE FARM RD, NEW SCOTLAND, NY	US
S2-105415098	Chapman'S Diagnostics Associates	21 INTERVALE ROAD, DEHAM, MA, PO BOX 4776	US
S2-730271262	institute memorial trust	UG 4-06, GROUND FLOOR, MGF METROPOLIS MALL, MG ROAD, DLF QE, Haryana	India
S2-617647084	First सॉफ्टवेयर Private Limited	SHOP NO. 16, HARI HERITAGE PLOT NO. 17A & 20, KAMOTHE NAVI MUMBAI, MUMBAI, Maharashtra	India
S2-63609478	HK  Pee	A-60 BLUE PEARL LINK, ROAD CHINCHOLI BUNDER, MALAD WEST, महाराष्ट्र	India
S2-674174493	and Bautista Williams	22 COVE WAY, LONG LAKE, NY	US
S2-632912555	Sakhi Trading Private	#5/3 , GROUND FLOOR, VENKATESHWARA COMPLEX, 5TH CROSS, KALASIPALYAM NEW, EXTN, Karnataka	India
S2-280770734	Pugh & LLC Marshall,	367 BAYTREE DR, GREENVILLE, NC	US
S2-543018686	Krishna Enterprises Pvt. Ltd.	FL 3-01 SHREYASH GARDEN, DSK ROAD DHAYAI, PUNE, Maharashtra	India
S2-61591734	CHITTOOR DISTRIBUTION-PISAVET LIMITED	#1-349 , KOMMIREDDYGARIPALLI, PURICHERLA MANDAL DEVALAMPETA PANCHAYATH, VANKAYALAPATIVRI, PALLI POST, CHITTOOR, ఆంధ్రప్రదేశ్	India
S2-156096384	Ridge Committee  LLC	243 COMMUNITY DRIVE, MADISONVILLE, TN	US
S2-795949832	Pediatric Pycsiians		US
S2-469540550	Bharat Hotel Trading Límited Services		India
S2-169212322	Utl Icpx Limited	S/O KALU RAM SAINI WARD NO. 5 CHIRAWA CHIRAWA (M), JHUNJHUNU, Rajasthan	India
S2-976712860	Seerat  Service Private Limited	PROPERTY NO A-6/24, GALI NO- 3, MAIN MAIN BRAHAMPURI CHAUHAN BANGER, NEW DELHI, Delhi	India
S2-255738474	SUELLEN MENDOZA  CLEAN DEVELOPMENT (LLC)	11 1/2 CROSS ROAD, HAVERHILL, MA	US
S2-746338024	Moczygemba Fresh Brc	21 ANNEX STREET, N/A, BERKELEY SPRINGS, WV	US
S2-387480501	@XQZUNITED	02358 BURDETT AVENUE, PMB 1169, TROY, NY	US
S2-818043459	Pvt Jain Consultants [Ltd]	PL-C10, GR FL SK IND SOC-2, BAMROLI ROAD, U.M. ROAD, CHORASI, SURAT, Gujarat	India
S2-726623601	जय आईटी लिमिटेड	421, MUMBAI, (E), Maharashtra	India
S2-668711993	साईं मैनेजमेंट प्राइवेट लिमिटेड	Bihar, F.N-2A, SEKHPURA	India
S2-492204245	जय ट्रेडिंग प्राइवेट लिमिटेड	B-7, NEW DELHI, WEST DELHI, Delhi	India
S2-362436760	Ofelia Braley, Dmd, Dds Pc	LONG BEACH, NY, 430 Shore Rd	US
S2-911253910	सुपर फूड्स प्राइवेट लिमिटेड	#C-422, PUNE, Maharashtra	India
S2-957418182	#míllerpurecycle	1051 DIRKSEN ST, FAIRFAX COUNTY, VA	US
S2-377569480	Sadanand  Hospistalities	A-23, SUBHASH NAGAR, MERTA, NAGAUR, NULL, Rajasthan	India
S2-324129468	Lee Dynamics Service	701 RIDGE DRIVE, MARENGO, IL	US
S2-940332244	ONCOLOGY SPECIALISTS LLC	640 61 STREET, PO BOX 1619, BROOKLYN, NY	US
S2-764797255	Board of Health LLC	6708 PEORIA AVE, TULSA, OK	US
S2-817100436	Main Street Pub!	80 CHRISTIE CT, FLETCHERR CITY, NC	US
S2-975538728	આલ્ફા બિઝનેસ પ્રાઇવેટ લિમિટેડ	OPP. J. K. TOWER RING ROAD, 702, JEEVANDEEP COMPLEX, Gujarat, SURAT	India
S2-357400575	Alma Maynard Better Nuclear Co	GEORGETOWN, TX, 71 BRIDLE CREEK DRIVE	US
S2-522265557	Raj Ít Pvt Ltd	OFFICE-7, UPPER GROUND FLOOR, MERCANTILE HOUSE 15, K.G MARG CONNAUGHT PLACE, NEW DELHI, Delhi	India
S2-596456265	B O Lewis Communities, (LLC)	34 MATTAPAN STREET, MATTAPAN, MA	US
S2-720255669	ಶ್ಯಾಮ್ ಟೆಕ್ನಾಲಜಿ ಪ್ರೈವೇಟ್ ಲಿಮಿಟೆಡ್	6/1 PC INDUSTRIAL AREA, SAJJEPALYA KAMAKSHIPALYA, BANGALORE NORTH, BANGALORE, Karnataka	India
S2-117237664	Internal Medicine Coastal Care Associates	16617 TAUNTON VALE RD, LOUISVILLE, KY	US
S2-457231425	INTERSTATE FELLOWSHIP CO	STORRS, CT, #938 STAFFORD RD	US
S2-447575745	Parashuram Wire1ess	F-B3/502 PRINCE APARTMENTSPATPARGANJ, NEW DBLHI, Delhi	India
S2-322832185	Continental Foundation	30W 179 ATTLEBORO CT, WARRENVILLE, IL	US
S2-789788581	CALDIAL SÓULPOWER LLC	250- SEAVER ST, ROXBURY, MA	US
S2-916712669	Bureau óf Sánitation Sánitation	201- BROADWAY, COLUMBIA, MO	US
S2-78586487	Services Ten Agro Ltd	UNIT NO. 202 & 203, SNEH SIGNATURE, TULSIDHAM GIDC ROAD, VADODARA, Gujarat	India
S2-838434355	BLUE  HYPNOSIS! INC	598 OAKWOOD DRIVE, SHEPHERDSTOWN, WV	US
S2-787352352	NUNEZ MORTGAGE	3325 PEBBLE BACH DR, CONWAY, AR	US
S2-56332366	W D & A-Eco	NORTH HIGHLANDS, 003430 FREEDOM PARK DR, CA	US
S2-518160707	Maitilde Reiss  Select Mortgage LLC	807 COLUMBIA AVENUE, SOMERTONC ITY, AZ	US
S2-695885432	farrarrossjones.com	23 CENTER ST, FREDONIA, NY	US
S2-123445234	IMAGINE TRADING LIMITED-PARTNERS		India
S2-901715448	Rolex Trading of Nashik Pvt	GOVINDA APT FLAT 9-4 VIVEKA, NAND NAGAR GANGAPUR ROAD, NASHIK, Maharashtra	India
S2-626559304	Marquis Clearthink (Inc)	1 ROGERS ROAD, PORTLAND, CT	US
S2-375227140	Brook  Traders Ltd	#317-A SHAH AND NAHAR INDUSTRIAL ESTATE, LOWER PAREL (W), MUMBAI, Maharashtra	India
S2-818832649	Sri Globe Pvt Ltd Services	SHOP NO 080 EVEREST SHOPPING CENTRE M G ROAD VISHNU ROAD, DOMBIVLI WEST, Maharashtra	India
S2-189471169	LAYNEY FLNY CUSTOM NEUROSCIENCES LLC	LEDYARD STREET, SPRINGFIELD CDP, MA	US
S2-58157248	Surat Private Limited (Services)	DOOR NO A-1033-1034 HARI OM MARKETRING ROAD, SURAT, ગુજરાત	India
S2-637715760	Dr Mahadhan (India) Care Private Limited	#243 KUBER COMPLEX NEW LINK ROAD ANDHERI WEST, MUMBAI, Maharashtra	India
S2-254777230	Chicky Costa  Better	3824 GAZOLA STREET, N/A, TEXARKANA, TX	US
S2-691779254	પ્રાઇમ ઇન્ફ્રાસ્ટ્રક્ચર પ્રા. લિ.	HN 213 97, SURAT, Gujarat	India
S2-627734518	Literacy Initiative Inc.	6424 Hillside Lane, FAIRFAX COUNTY, VA	US
S2-94360661	Chapman's Diagnostics Associates LLC	MA, 21 INTERVALE ROAD, DEHAM	US
S2-983950661	DEV-HEALTHCARE LIMITED	ગુજરાત, PLOT 974 112, FF, SHAKTI CHEMBER 2, N.H. 8A, TAL. & DIST. MORBI, TRAJPAR	India
S2-729803410	Human Rights Foundation III Inc.	24307-C 32ND AVENUE COURT, WA, SPANAWAY	US
S2-406836443	Nupur Global Corporation	121, LAKE TOWN, BLOCK-A, NORTH 24 PGS, পশ্চিমবঙ্গ	India
S2-599583809	Saikrupa lnstitute Technology of	PLOT NO 005 , FLAT NO 7-1-455/243/5, 6 &7, MAHENDRA RESIDENCY, AMEERPET, HYDERABAD, Andhra Pradesh	India
S2-966289742	URBANBUILDERS.COM	2-067, E-22, MAHADEVAPURAM COLONY, TIRUMALAGIRI, Andhra Pradesh	India
S2-813238997	A+ Token #30451	##1879 MELANZANA DR, HILLIARD, OH	US
S2-492647447	colonialassociation.com	NY, BUFFALO, 649 DELAVAN AVE	US
S2-840640549	Midwest Health Center	2921 BAY ST, PORT ANGELES, WA	US
S2-8370651	Ironclad Inc. Trading		US
S2-16795991	CLYYX  AUTO CENTER	4841 Point Rd, WARRETON, VA	US
S2-721248703	Select Transit Sólutions Inc	7692 NORTH GLEN DR, IRVING, TX	US
S2-568514208	Viex Mortgage Signature	3855  KIPLING DR, OWENSBORO, KY	US
S2-181592888	Private Sunrise Engineering Limited	2 4TH CROSS MUNISWAMY REDDY LAYOUT, RAMAMURTHY NAGAR, BANGALORE, ಕರ್ನಾಟಕ	India
S2-220333060	berlin pediatric care associates	110 ANN CT, BERLIN, MD	US
S2-760362287	Rubio Lyons and Jeter	5523 ECHOLS ROAD, CABOT, AR	US
S2-220499811	HUBBARD AND ALLEN LLC	7329 HOOKING RD, MC LEN, VA	US
S2-714289019	Sisile Garnett Rithm Llc	3009- CLUBWAY DR, GREENVILLE, NC	US
S2-165472923	SAI & BROTHERS PRIVATE ((LIMITED))	Karnataka, NO 624/3 , BM COMPLEX, OMBR LAYOUT, BANASWADI, CHANNASANDRA, BENGALURU	India
S2-974664739	Colonial Committee Foundation Foundation	166 CEDRO DR, GREEN VALLEY, AZ	US
S2-598635414	Ivett Jean Services	2218 TERRACE PL, SIOUX CITY, IA	US
S2-777872289	Guthrie Committee	8500-8504 Old Lemay Ferry Rd, HILLSBORO, MO	US
S2-81083826	Pansie's Group LLC Services	#1411 AMARIAS DRIVE, ROUND LAKE, IL	US
S2-781756354	VERAVERAZEPH	610-612 Third St, GRANITE FALLS, MN	US
S2-112342771	HARBOR CETOSER	1598 SWAMP RD, NEWBURY, VT	US
S2-332546463	Coastal Jena	722-726 OAK GROVE RD, KINGS MOUNTAIN, NC	US
S2-231940222	Private Bansgaon Agro Limited	BANSGAON, HOUSE NO. 4, Uttar Pradesh	India
S2-815086584	CHAVEZ & LÍVINGSTON LLC	206 WOODMONT DRIVE, GEORGETOWN, TX	US
S2-499432636	Innovative Marketing Bgnrs LLC	211 WESTMINSTER AVE, WATERTOWN, MN	US
S2-459838798	Nd Ttchevgntues  Private Limited	E-582 GREATER KAILASH - II, NEW DELHI, दिल्ली	India
S2-995896024	INTERFAITH LEAGUE  LTD	254 47, SARANAC LAKE, NY	US
S2-159911230	Eisen Pvt. Ltd. Partners	FALT NO.#207, B-BLOCK, SRI LAKSHMI KRISHNA PARADISE, WIDIA COLONY, OPP. ST.RITASCHOOL, MIYAPUR, HYDERABAD, తెలంగాణ	India
S2-176418462	Chere Vela Smart Partners	201 MRAY LN, CARY, IL	US
S2-906684625	M/s Fortune Managmeent Private Limited	NO 5  , MABIF, AGRICULTURAL COLLEGE AND RESEARCH INSTITUTE, MELUR ROAD, MADURAI, தமிழ்நாடு	India
S2-275836968	Wallace, Valdes  & Rasmussen Seas LP	8881-B COUNTRY VIEW LN, HOPEWELL, VA	US
S2-849272528	Green Corporation Center	7-D HUNTING LN, LYNNFIELD, MA	US
S2-336769331	Mr jaylawchambers.com	#796 BLOCK A D.NO.40-15/1-9/1SIRIS RAJUSTREET BRUNDAVAN COLONY, LABBIPET, VIJAYAWADA, ఆంధ్రప్రదేశ్	India
S2-608795530	Rocky Center	69 AUNA DR, BROCKTON, MA	US
S2-841869616	பிரீமியர் எனர்ஜி லிமிடெட்	ANGAPPAN NAICKEN STREET PARRYS, Tamil Nadu, 95, CHENNAI	India
S2-919050404	Gold Hospitality Private	SHED NO 754 2, GIDC MAKARPURA, VADODARA, Gujarat	India
S2-417358133	Thompson Capital Pcts Care	9709 PERIMETER STATION DRIVE, CHARLOTTE, NC	US
S2-906834704	एपेक्स लॉजिस्टिक्स प्राइवेट लिमिटेड	3327 A/112/1, ANAND NAGAR NEAR KAPIL ICE CREAM, REWARI, हरियाणा	India
S2-45478656	Epic Investments (India) Private	P. NO. 21B, F NO.-4A MARUTI ENCLAVE, NATRAJ COLONY, MISROD, मध्य प्रदेश	India
S2-742323440	Sgh Sons Pvt Ltd Services	Delhi, B-166, TAGORE GARDEN EXTENSION BEHIND HOLY CHILD SCHOOL, NEW DELHI	India
S2-372542969	ఇండియన్ ఫౌండేషన్ ప్రైవేట్ లిమిటెడ్	BLOCK G-6-462 9-245/7A, MDO OFFICE BACKSTREET OPP SAVITHA HOSPITAL, RAMANAYYAPETA, KAKINADA, EAST GODAVARI, ఆంధ్రప్రదేశ్	India
S2-580900266	Rolex of Nashik Pvt Ltd Services	GOVINDA APT FLAT 9-4 VIVEKA, NAND NAGAR GANGAPUR ROAD, NASHIK, Maharashtra	India
S2-14090094	GIBBONS, MOHR AND REEDER BANCO GROUP	6209 1/2 BERNARD AVE, FAIRFAX COUNTY, VA	US
S2-20690339	Blake Merger  LLC	BELLEROSE, NY, 85-42 251 STREET	US
S2-525778208	Value Preferred Taiwan	233 MEADOWS OF WILDWOOD BOULEVARD, GROVER CITY, MO	US
S2-254134662	PALACIOS PARTNERSHIP LLC	103 AUTUMN TRAIL, MICHIGAN ITY, IN	US
S2-857025723	HAL Services Private  Limited	C-8-2-293/82/A/1259, ROAD NO 36, JUBILEE HILLS, SHAIKPET, Telangana	India
S2-252982934	INC FY PLOTIFM ETHEREUM	VINCENNES, IN, N/A, 1871 HENRY SIEVERS ROAD	US
S2-404245506	Shri MUDGAL LEASING PRIVATE LTD	F-#306, SHIVA APARTMENT, NAGARBHAVI VILLAGE, BANGALORE NORTH, ಕರ್ನಾಟಕ	India
S2-116105106	paintersunionlocalcom	904 12TH STREET PLACE, NEWOTN, IA	US
S2-282281960	Cascade Inieutnec, LLC	2511 BRADLEY LN, RUSSELLVILLE, AR	US
S2-62529890	Dumais Préferred Brc LLC	#1861 VANDERPOOL RD, VILAS, NC	US
S2-280792226	Residency Road Life  Pvt.	NO.6 & 7, SAINT PATRIX COMPLEX, 'C' BLOCK PATRICK COMPLEX, RESIDENCY ROAD, Karnataka	India
S2-140224914	Prime Supply  LLC	011937 YARDARM DR, PO BOX 6628, BERLIN, MD	US
S2-819193790	Safe Diagnostic Services Inc.	7935 TRINITY CIR, TINLEY PARK, IL	US
S2-101069885	Torres Dougas Inc	RYBOLT AVENUE, INDIANAPOLIS, IN	US
S2-768234406	5even Ventures	PLOT 7-94 55, NEAR POLE NO 534, MUNDHELA KHURD, NEW DELHI, WEST DELHI, Delhi	India
S2-723599914	piedmontrapidallegro.com	820  FOXWORTH BLVD, LOMBARD, IL	US
S2-764221187	पायोनियर कंसल्टेंसी प्राइवेट लिमिटेड	Maharashtra, NAVI MUMBAI, C-20/3 /2 1SECTOR 16 NERUL	India
S2-656966623	Transcendent Entertainment Private	BL-A, 396 HO CHI MINH SARANI, KOLKATA, KOLKATA, West Bengal	India
S2-38362082	Valencia Corporation	853 HANNA LEIGH TRL, LONDON, KY	US
S2-638783592	Jarlic Áirport L.L.C.	JESSICA WAY, STANFORD, KY	US
S2-818981834	Ky Trading Private Ltd	NO. 254, 16TH CROSS, 24TH MAIN, 5TH PHASE, JP NAGAR, BENGALURU, Karnataka	India
S2-949607823	financialpartners.com	1508 CAMINO LAGO, IRVING, TX	US
S2-24611379	allied network		US
S2-323457136	Jain Projects Limited Limited	B3/301, SHARATH APARTMENT, K R LAYOUT, 6TH CROSS, J P NAGAR 6TH PHASE BANGALORE, BANGALORE, Karnataka	India
S2-478202851	QUALCON PRIVATE SAFETY LIMITED	H.NO 41 JAYALAKSHMI NAGARK K NAGAR TLIRUCHIRAPALLI, 620 001, தமிழ்நாடு	India
S2-230300725	BELCHER SEAS OF CENTER		US
S2-88921642	Marketing Snr (india) Private Límited		India
S2-811723113	श्री फाउंडेशन प्राइवेट लिमिटेड	NEAR KALKAJI POLICE STATION, Delhi, NEHRU ENCLAVE EAST, DOOR NO 12/3 GROUND FLOOR	India
S2-33821987	വൺ വെഞ്ചേഴ്സ് പ്രൈവറ്റ് ലിമിറ്റഡ്	BLOCK 1, B16 GREEN VISTAS PRAKRITI, EDACHIRA, KAKKANAD, ERNAKULAM, Kerala	India
S2-310118155	complex15residency.com	DOOR NO 5, COTTON COMPLEX15 RESIDENCY ROAD BANGALORE, ಕರ್ನಾಟಕ	India
S2-419733136	Private Sarthak Services Ltd	PLOT NO.12, CHENNAI, CHENGALPATTU, தமிழ்நாடு	India
S2-430930432	Supreme Frrnotiier Era Era	7305 MINT CLOVER LN, KNOXVILLE, TN	US
S2-233637803	harborridge.com	1080 3300, SOUTH SALT LAKE CITY, UT	US
S2-904382945	जय टेक प्रा. लि.	ROOM NO.03 SHREE GAJANAN NIWAS VASAI, PALGHAR, THANE, महाराष्ट्र	India
S2-357083657	FIRST FIRST (FELLOWSHIP)	741 MAIN STREET, PENNSBURG BOROUGH, PA	US
S2-387450691	Primary Care Elite Clinic Corporation	DUBLIN, OH, CLASSICS CT	US
S2-311451346	J 7 A Oneim, Inc.	APACHE LN, QUINLAN, TX	US
S2-521032210	Foss  Secure Chadwick	206 TENTH STREET, LOUISBURG, KS	US
S2-318827951	FILIP TELECOM OF-LITTLE RO LLC	6415 JUNIPER ROAD, LITTLE ROCK, AR	US
S2-726459576	Kimberlee Waters Óncology	915 FLAG POLE HILL, MARION, OH	US
S2-768533243	Maybelle F. Culver,	582 GAMPP LN, PORTSMOUTH, OH	US
S2-800513773	Sankatharan Entdratinment Pvt. Ltd.	HN ##416 OFFICE NO.225, PLOT NO.51 SECTOR-15, CBD BELAPUR, NAVI MUMBAI, THANE, महाराष्ट्र	India
S2-31679120	Ct (India) Essence  Pvt Ltd	SECTOR-4E, SECTOR-9 &11, DELHI ROAD, HISAR, Haryana	India
S2-664717220	West Cornerstone Good [Inc.]	BALTIMORE CTY, 632 SAINT ANNS AVENUE, MD	US
S2-280403173	Timber LLC	143  SUNNYSIDE STREET, FOREST CITY, NC	US
S2-863573712	The Mady's Catering, LLC		US
S2-50451038	NECTAR SURFCTGAITS PRIVATE LIMITED	SARENGA, SARENGA, West Bengal	India
S2-624303151	M/s Mlk Copier Limited	#312  SHOP NO-3, NAGAR NIGAM COMPOUND PRAGATI NAGAR, BURHANPUR, BURHANPUR, मध्य प्रदेश	India
S2-521977073	LITTLECAFE.COM	25 GARDEN STREET, NASHVILLE, TN	US
S2-417915497	Dr lotus consulting limited	STEP, THAPAR INSTITUTE OF, ENGINEERING & TECHNOLOGY, PATIALA, Punjab	India
S2-513161702	Lucknow  Chandra [Limited]	DOOR NO 253/139 NADAN MAHAL, KUNDRE RAKAB GANJ, LUCKNOW, Uttar Pradesh	India
S2-567647395	राम एस टेक्नोलॉजीज प्राइवेट लिमिटेड	Delhi, VILL. KARKARDOOMA, NEAR KARKARDOOMA, NORTH DELHI, #705 327	India
S2-310534860	DELHI (INDIA)  ANALYTICS PRIVATE	11324, VIKALP KHAND, GOMTI NAGAR, LUCKNOW, Uttar Pradesh	India
S2-803199835	SAI MANAGEMENT PRIVATE LIMITED	152 F.N-2A, VAIDEHI APARTMENT, JAGDEO PATH, PHULWARI, बिहार	India
S2-773490208	Miramontes Cadpitla	4938 TDETER RD, BELVILLE, OH	US
S2-122882060	इंडो इंटरनेशनल प्राइवेट लिमिटेड	F-#6, DELHI, EAST DELHI, Delhi	India
S2-138091087	INDIA IC SECURITY PRIVATE [LTD]	FNB3/206, HNO2-22-263/2/26NR, SECONDFLOORBANKERCHAMBERS, TIRUMALAGIRI, తెలంగాణ	India
S2-778881870	Associates Ttdt Custom	PELICAN RAPIDS, MN, 46940-46942 Boe's Dr	US
S2-124758503	Center St Limited	8-3/345 M.K.NAGARS SALEM SEELANAICKENPATTY, SALEM, Tamil Nadu	India
S2-65023327	Sri P0swal Funds Ltd Ltd	PL ##18 SR 36/3/1 PACNHWATI, VRINDAVAN NO2, PASHAN, HAVELI, PUNE, Maharashtra	India
S2-610315370	Great Guild	335 CREEKSIDE LANE, PELHAM, AL	US
S2-168899115	Utl Limited Center	S/O KALU RAM SAINI WARD NO. 5 CHIRAWA CHIRAWA (M), JHUNJHUNU, Rajasthan	India
S2-139326523	LYREX ETF	15- Taft Rd, CUMBRLAND CDP, RI	US
S2-610415544	Foot & Ankle 5pecialists Corporation	MASON, FRANKLINTON, NC	US
S2-243593626	NAGAR FOUNDATION PRIVATE LTD	15-21, BLOCK NO.F, NR UMA SANKARA VIGNESWARA TEMPLE BAJI JUNCTION, GOPALAPATNAM, VISAKHAPATNAM, Andhra Pradesh	India
S2-761435877	SQUARE GROUP OF COMPANIES CO	PLOT NO-217, BHOI NAGAR SAHID NAGAR, UNIT-9, BHUBANESWAR, Orissa	India
S2-71985458	Bobbi Kratzer Studios	18185. WOODHAVEN DR, BLACK FOREST, CO	US
S2-980676184	W + A Eco Services	003430 FREEDOM PARK DR, NORTH HIGHLANDS, CA	US
S2-918341640	सदर्न मैनेजमेंट प्राइवेट लिमिटेड	C-145, DELHI, EAST DELHI, Delhi	India
S2-972281261	HYDERABAD SOFT PRIVATE LIMITED	Telangana, H.NO 6-3-1112/7 , 203, SNOW DROP APTS NEAR KEERTHILAL JEWELLERS, SOMAJIGUDA, HYDERABAD	India
S2-481599943	City Traders Traders - [8136877633]	NO.513/1  , HONNA ENCLAVE K.N.AGRAHARA, K.R.MOHALLA, MYSORE, Karnataka	India
S2-328376274	GLOBAL PLATINUM CELTS		US
S2-706373549	SHREE GLASS-PRIVATE LIMITED	N 3 PLOT NO. 403 CIDCO AURANGABAD KETTLE GARDEN ROAD, AURANGABAD, महाराष्ट्र	India
S2-513910656	CLASSIC INTERCONTINENTAL	71 DOUGLAS STREET, DALLAS, OR	US
S2-791894736	Cascade James  Co	429  FOURTH ST, FLATONIA, TX	US
S2-606963684	WATSON BABCOCK VALLEY	15919 LOST ANCHOR WAY LN, NULL, HOUSTON, TX	US
S2-7054258	స్మార్ట్ బ్రైట్ ఫుడ్ ప్రైవేట్ లిమిటెడ్	16-2-108, S.S.COLONY, OPP:BHRAMARAMBA THEATRE HYDERNAGAR, KUKATPALLY, HYDERABAD, Telangana	India
S2-864229942	MCCLAIN MEDICAL CENTER P.C.	406 BERLIN AVE, BUCKEYE, IA	US
S2-452818057	डिजिटल केयर प्रा. लि.	H.NO 4-452 0-1305, FLOOR-13, PLOT-104, B, DOSTI ELITE, SION ROAD NO. 29, SION TELEPHONE EXCHANGE SION E, MUMBAI CITY, MUMBAI, Maharashtra	India
S2-603754048	Prime Ínfrastructure Pvt Ltd.	HN 213 97, FLOOR-00, SANKALP ROW HOUSE, NEAR PRABHU DARSHAN SOCIETY, UGAT BHESAN ROAD, SURAT, Gujarat	India
S2-758496262	Indore Enterprises Pvt		India
S2-308484619	COCHRAN & WEBST [ADVISORS]	609 1/2 RANKIN STREET, ATL, GA	US
S2-336575765	Wildlife Heartland Project District	005400 STEWART ST, LOWVILLE, NY	US
S2-460875061	Integrated Security Consultants, Consultants,		US
S2-431675589	Adwin-Group of Companies Limited	D-596, JJ COLONY, TIGRI SOUTH DELHI, NEW DELHI, दिल्ली	India
S2-292785963	Davine Crabtree Horizon	MA, 117 PRK DR, BOSTON	US
S2-453326436	Good Agro Private Limited	H.NO 78 , SURVEY NO. 06, SHREEJI NAGAR, GANDHIDHAM, Gujarat	India
S2-499272830	Physical Therapy Custom Héalth Inc.	781 5, PULASKI, NY	US
S2-483315291	प्राइम ड्रीम कंस्ट्रक्शंस प्राइवेट लिमिटेड	KOKANWADI BE.RAJA RANI, APT NE S.T. HOSTEL, AURANGABAD, CHHATRAPATI SAMBHAJI NAGAR, Maharashtra	India
S2-477170361	asset building ministries	6716 289TH STREET, VALLEY, NE	US
S2-132394069	Juliana Atwater  Runway	492 COUNTRY PLACE, LONGVIEW, TX	US
S2-699864835	india ic sécurity private limited	FNB3/206, HNO2-22-263/2/26NR, SECONDFLOORBANKERCHAMBERS, TIRUMALAGIRI, Telangana	India
S2-663384658	HENG INNOVATIVE CONSULTING	3205 EASTFIELD STATION DR, CHARLOTTE, NC	US
S2-346458601	FTQ Better	SPRINGFIELD, 142 PUTNAM CIRCLE, MA	US
S2-729596255	గెలాక్సీ ఇన్వెస్ట్‌మెంట్	D NO. 8-9-39, KHAMMAM, KHILA BAZAR, INSIDE FORT, Andhra Pradesh	India
S2-996865137	1ifeconsultancy.com	DOER NO 149, VICHOOR ROAD, VELLIVOYAL VILLAGE, AMBATTUR, THIRUVALLUR, Tamil Nadu	India
S2-629020108	LLC FZ ROTHSCHILD	TN, TOWNSEND, TANASI TRAIL	US
S2-360938646	B/O Amplify	116 SUGAR RIDGE LN, PO BOX 942, LA OLLETTE, TN	US
S2-410371609	SERVIN CFADSCSDE KARBON  LLC	4222 JSAMINE CASCADE COURT, BAYTOWN, TX	US
S2-299570382	লক্ষ্মী কনস্ট্রাকশন প্রাইভেট লিমিটেড	C/O SUNIL KR JNIDAL, FLAT NO B3, ASHISH APT, SILIGURI, DARJILING, DARJEELING, West Bengal	India
S2-828025035	Atlantic Industries Llc	13 FREEMAN AVE, TOPEKA, KS	US
S2-186705132	Lina Gil Islands	2704 PENFIELD ST, PASADENA, TX	US
S2-21565524	BHARAT SHAKTI BUSINESS LIMITED PARTNERS	PULLIYIL, PULIYATHUMUKKU, KILIKOLLUR, Kerala	India
S2-601311170	Jain Consultants Pvt	PL-C10, GR FL SK IND SOC-2, BAMROLI ROAD, U.M. ROAD, CHORASI, ગુજરાત	India
S2-416771674	NARAYAN AND ROGERS  SHORE LLC	142 4th Street, ASOTIN, WA	US
S2-171856247	Nortwngdi LLC	7844 Culloden Crest Ln, GAINESVILLE, VA	US
S2-598582470	Kelly and Green Co Center	WA, 121-125 108TH ST, EVERETT	US
S2-117834218	CO HARYANA WORKS	PLOT NO-5, TIRUMALAGIRI, Telangana	India
S2-477769521	SCHOLARSHIP FÉLLOWSHIP INC.	3930 HUFFMAN ROAD, ANCHORAGE, AK	US
S2-942512593	SULLIVAN  TERRA INC	72 FORD AVE, BARBERTON, OH	US
S2-973832536	agprivate.com	PNO63, SAPTHAGIRI ENCLAVE, BALAPUR, HYDERABAD, Andhra Pradesh	India
S2-756557143	MERL SWENSON LEGACY SPORTS	422 CROWN HILL ROAD, ORRVILLE, OH	US
S2-605665450	MAGIC TRADERS PRIVATE LTD	311 A BLOCK SHASTRIPURAM, AGRA, Uttar Pradesh	India
S2-160676926	Beacon Dáta PC	##3604 DOUBLETREE ST, FOREST GROVE, OR	US
S2-831474391	Pinnacle Desert Eqv Corporation	NEVADA DRIVE, SELLERSBURG, IN	US
S2-953947486	Future फाउंडेशन लिमिटेड	007, FLOORÂ5, 2, MARATHON ICON, GANPATRAO KADAM MARG OPP PENINSULA CORPORATE PARK, LOWER PAREL, (W), MUMBAI, Maharashtra	India
S2-867240610	Nagar Foundation  Private Limited	15-21, BLOCK NO.F, NR UMA SANKARA VIGNESWARA TEMPLE BAJI JUNCTION, GOPALAPATNAM, VISAKHAPATNAM, Andhra Pradesh	India
S2-84330163	Inc Auray Thaeiom	037032 MONTSERRAT STREET, MARICOPA CARRIER ANNEX, AZ	US
S2-364437261	Suven Industries (Índia) Private Limited	#79/87 D LAD PATHKALACHOWKIE, MUMBAI, Maharashtra	India
S2-205563935	Multiplex Paints Private Limited	Delhi, 8-A, CONNAUGHT PLACE	India
S2-260673850	Priska & Sons Private Ltd	Rajasthan, B-405 TOWER PEARL, BDI SUNSHINE CITY BHIWADI, TIJARA	India
S2-977653038	Modern Inc Service	145 ROBIN SONG LN, HARVEST, AL	US
S2-352365288	Flint, LLC	139 Post Oak Rd, CHAPEL HILL, NC	US
S2-299258276	MAY Steels Corporation - 8964671926	B#1-1602, COUNTY 107, SECTOR 107, NOIDA, Uttar Pradesh	India
S2-342881626	Global Private (Límited-Center)		India
S2-586763572	oceanagro.com	C/O B ANJALI DEVI, SY 284-B VYKUNTAPURAM, AMARAVATHI, Andhra Pradesh	India
S2-95091408	Byers Premier Tree Llc	53 ALAN LOOP, STATEN ISLAND, NY	US
S2-392728475	Glover Resources LP	WONDER LAKE, IL, 3605 1/2 LAKE SHORE DRIVE, N/A	US
S2-243982596	Terrye's Keystone	139 WATERING TROUGH RD, STATESVILLE, NC	US
S2-595796914	UROLOGY SPECIALISTS	8752 UNIVERSITY AVE, MORGANTOWN, WV	US
S2-275035739	વિઝન સોલ્યુશન્સ પ્રાઇવેટ લિમિટેડ	NO 79, GANDHINAGAR, GANDHI NAGAR, Gujarat	India
S2-161788218	Zeex LLC	11 TUBAC ROAD, TUBAC, AZ	US
S2-984327339	Valuence Kingman LLC	3275 SOUTHERN AVE, KINGMAN, AZ	US
S2-123043526	BEHAVIORALHEALTHUNIFIEDCOM	13518 SLATE RIDGE CT, FORT WAYNE, IN	US
S2-301862686	Housing  Fellowship	1664 8 1/2 AVENUE, FORT DODGE, IA	US
S2-674851276	Smt 5arkar Márketing LLP	#D/428 9611/13, MOTIA KHAN MULTANI DHANDA, PAHARGANJ, EAST DELHI, NEW DELHI, दिल्ली	India
S2-422774414	Modern Cascade Lafayette Co	163 MOWRY AVENUE, RIO RANCHO, NM	US
S2-973390170	*** ATLANTIC CRYSTAL GAMING CORP	111 COFFEY LANE, NEWBERG, OR	US
S2-263277778	Urgent Care United Partners Inc.	2600 BLUEFIELD AVE, NASHVILLLE, TN	US
S2-547039976	KPL (NNDIA) PRIVATE  LIMITED	180, SWETAYAN INDUSTRIAL PARK, NR BAHUCHAR PARTY PLOT, KATHWADA, AHMEDABAD, Gujarat	India
S2-440011640	MIRA'S CMERS (ID: 4421)	11231 27TH AVE, VILLAGE OF LAKE HALLIE, WI	US
S2-274137190	AARVRAJ  TRANSPORT	Maharashtra, A#5 SEVADHAM SHRIPAL, NGR RAJAJI CROSS RD, KALYAN	India
S2-921281653	ઓલ મેનેજમેન્ટ લિમિટેડ	2N FLOOR, SHALIMAR TALKIES COMPOUND, BHARUCH, ગુજરાત	India
S2-65116781	guadarrama yhn	32166 181ST STREET, PORTER, OK	US
S2-446805525	Dermatology-Care Associates	1602  PARSONS AVE, EAST ST LOUIS, IL	US
S2-806213881	Dermatology Care  Associates Board	1602  PARSONS AVE, EAST SAINT LOUIS, IL	US
S2-422890898	Wallace, Valdes & Rasmussen Partners	8881-B COUNTRY VIEW LANE, PRINCE GEORGE COUNTY, VA	US
S2-828909031	Beacon Elite Lake Corp	PALESTINE RD, SPRINGFIELD, TN	US
S2-703558038	SAI ESTATE ESTATE PVT	A-2, NEAR SRK COLLEGE, ROSHAN GANJ, OPPOSITE SRK PG COLLEGE, GANDHI NAGAR, FIROZABAD, Uttar Pradesh	India
S2-346286670	Xiao Group	#239 WHALEY STREET, FREEPORT, NY	US
S2-546856442	Burnett ánd Osborne, LLC	502 BELDEN STREET, SHERAMN, TX	US
S2-96013069	சாய் ஃபவுண்டேஷன் பிரைவேட் லிமிடெட்	BLOCK D-624 221/6, SIVAGANGA, Tamil Nadu	India
S2-472961294	SKINNER, PALACIOS & PURYEAR CLINIC	3617 WESTCHESTER CIRCLE, MOUNTAIN BROOK, AL	US
S2-508516918	Legacy Scientific Llc	IN, 221-223 WASHINGTON ST, GALVESTON	US
S2-537912262	Clark Nasdaq	28 WOODVILLE STREET, EVERETT, MA	US
S2-944231616	bessettencr.com	3211 MILLSTONE COURT, MAUMEE, OH	US
S2-693347577	Sterling Fields	532C CHIMNEY ROCK RD, FORT WORTH, TX	US
S2-373498027	Premier-Developers	1 N.B.ROAD, CHENNAI, Tamil Nadu	India
S2-529714386	Miller  Purecycle Incorporated		US
S2-399049068	Pansie Snowden Vanguard Accounting	102 JERA CV, BROOKLAND, AR	US
S2-347705208	SANDOVAL, PORTER & JOHNSON	1820 ROBIN CT, NULL, LUSBY, MD	US
S2-960202767	Magic Traders [Private]	311 A BLOCK SHASTRIPURAM, AGRA, Uttar Pradesh	India
S2-508828153	Miller Purecycle Inc0rporated	1051 DIRKSEN STREET, FAIRFAX COUNTY, VA	US
S2-867437733	शिवा सॉफ्टवेयर	502, MUMBAI, MUMBAI CITY, Maharashtra	India
S2-974856635	JULI'S FAMILY PRACTICE [INC]	11851 20, MIDDLEBURY, IN	US
S2-873409845	Federal Electronics Systems  Inc		US
S2-556084581	Krishna One  Technologies Private Limited		India
S2-284460054	Fancie's Seafood	1144 SHINSTOCK WAY, OSAGE BEACH, MO	US
S2-672180997	INDIAN BUILDERS-PRIVATE LTD	#231 H. NO.-475, H BLOCK, PALAM VIHAR, Haryana	India
S2-712084862	JAMES ELITE OTG LLC	2061 Connelly Springs Road, CAJAH'S MOUNTAIN, NC	US
S2-76807581	Manipal Séva Samiti	NAZEEMPURA BHOOR, OPP. HINDUSTAN COLD STORAGE, BULANDSHAHR, Uttar Pradesh	India
S2-819522203	విజయ్ ఇన్‌ఫ్రా Private Limited	NO 317, SAROJANI NAIDU NAGAR, KAKATIYA HILLS, GUTTALABEGUMPET, MADHAPUR, SHAIKPET, HYDERABAD, Telangana	India
S2-185802194	NEW LIFE BAPTIST CTTHR LP	HAVERFORD ROAD, SPRING, TX	US
S2-353433081	... Toshniwal Arcthoectural Limited	NEWNO. 16, CHENNAI 600 085, CHENNAI, தமிழ்நாடு	India
S2-294485134	BILYEU, SHAYLYN,DPM	116D CATBOAT RD, WELLFLEET, MA	US
S2-367807296	Modern Molecular	ROBIN SONG LN, HARVEST, AL	US
S2-387290668	Harvey Silver Public L.L.C.	6724 COOL MEADOW DRIVE, FT. WORTH, TX	US
S2-378738910	Harbor Committee  V Inc	8796 WALNUT BOTTOM LANE, FREDERICK, MD	US
S2-397081895	जय सॉल्यूशंस प्राइवेट लिमिटेड	KHALATKAR, TOWER, PLOT NO R-96, #101, Maharashtra, NAGPUR	India
S2-20462421	Layney Fihalmay Custom Neurosciences LLC	#14 LEDYARD ST, SPRINGFIELD CDP, MA	US
S2-400747748	DESERT FAMILY PRACTICE CORP	2462 SHORT CUT ROAD, URBANA, OH	US
S2-656996308	Halceus LLC Insurance	FAIRFAX COUNTY, VA, 015117 BERNADETTE CT	US
S2-411229616	L.L.P. Sarkar Marketing	9611/13, EAST DELHI, Delhi	India
S2-692019686	Monnett-Yhn	106 MAIN ST, STONEHAM CITY, MA	US
S2-10003173	Firefighters Únion Local No 424	ANDESRON, IN, 600	US
S2-882573726	Exports Mn Réálty Pvt Ltd	Kerala, DOOR NO 8/615 C, NIDA KANJIKKODE	India
S2-5849477	Allied Charities	HWY 188, SITON, TX	US
S2-636221435	MUMBAI BRICKS  PRIVATE LIMITED	Maharashtra, 401-D, FOURTH FLOOR, OPP. ASIAN PAINTS L.B.S. MARG, BHANDUP (W), MUMBAI	India
S2-995834559	Tatiania M0ntenegro Precision LLC [Holding]	KY, SHELBYVILLE, 419 AIKEN RD	US
S2-442964685	Martinez  Crown LLC	208 WICHITA LANE, YORK COUNTY, VA	US
S2-684523050	*** Vique	6514 DOC CORBETT ROAD, CEDAR GROVE, NC	US
S2-296341076	Lague, Huckabee and Jimenez		US
S2-603032135	Animal Hospital Inc	1213C 500, BOGGSTOWN, IN	US
S2-696159525	SIDDHANATHMAULI.COM	161/1 MAHATMA GANDHI ROADROOM NO. 34, KOLKATA, পশ্চিমবঙ্গ	India
S2-989888068	#Doex Care Clinic Services	AL, 14557-14559 RIDGE ROAD, BROOKWOOD	US
S2-545028964	SEVEN  INTERNATIONAL	C 3-2 SURYODAY PARKGOTRI ROAD, BARODA, ગુજરાત	India
S2-856981501	विजय मीडिया Private Limited	JABALPUR, HNOC-96 KACHNAR BARSHANA, JABALPUR, Madhya Pradesh, PASS EKTA NAGAR ROAD	India
S2-318986722	Shanda Ferguson	654 MADISON AVENUE, PMB 9276, LOS BANOS, CA	US
S2-959923955	FTQ BETTER	142 PUTNAM CIRCLE, SPRINGFIELD, MA	US
S2-59786301	Om Services Services Private	OLD NO 45, NEW NO. 7 5TH AVENUE, HARRINGTON ROAD, CHETPET, CHENNAI, தமிழ்நாடு	India
S2-958750511	LYNDA SAWYER TAX SERVICE	GLENDLE, AZ, 4839 LAS PALMARITAS DR	US
S2-65179728	bay golden obic group	#830 PRICE COURT, SACRAMENTO, CA	US
S2-745739921	Hammerschmidt, Reyes & Dietrich Fitness (Corp)	601 MAIN ST, FARINGTON, WA	US
S2-761349435	Eulalie's  Roofing	5535 DESERT HILLS DRIVE, CAVE CREEK, AZ	US
S2-479264177	Auray Tegheocm Inc	037032 MONTSERRAT STREET, MARICOPA, AZ	US
S2-281234273	BARNES, MALCOLM & PELHAM SCUTI	5012 55RD AVE, AMARILLO, TX	US
S2-756016472	Hot1ine Design Private Limited	H NO 001-11-38/90 NEAR SRI BASAWESHWARA CO-OPERATIVE BASAWESHWARA COLONY, RAICHUR, Karnataka	India
S2-343043252	Metropolitan Dynamic Data  LLC	454 150, MORGAN, UT	US
S2-242338371	Harbor Center	1598 SWAMP ROAD, NEWBURY, VT	US
S2-681696850	Beard, Ésposito and Iniguez LLC		US
S2-86676621	JU  Lease Corporation	005473 TR 63, FOSTORIA, OH	US
S2-683562857	Internal Medicine Medicine Care Associates of Webster Federation	149 WISHING VIEW DRIVE, PO BOX 8518, WEBSTER, NY	US
S2-375416890	JKC IAS PRIVATE	E-##306, DEVAM APPARTMENT, B/H. BALAJI RESIDENCY, AHMADABAD CITY, Gujarat	India
S2-212110916	Hinton Blue Boa Ínc.	34024 VAN DUYN RD, EUGENE, OR	US
S2-621107816	Sweet Pub	254 CHICAGO AVENUE, OAK PARK, IL	US
S2-127426662	Sea  (India) Cutting Private	55-56, VAIRAM STREET, OPPOSITE TO VASAVI VIDYALAY, COIMBATORE, Tamil Nadu	India
S2-777671655	Lucas Gesher	BARD RD, LINCOLN CITY, OR	US
S2-194373717	Beacon Grecat Stonebridge LLC	5209 30RD ST, FORT SMITH, AR	US
S2-268343143	ভারত সার্ভিসেস প্রাইভেট লিমিটেড	4 SADANAND ROAD, HOWRAH, KOLKATA, West Bengal	India
S2-217586856	Total  Trading	P.NO.76 PANCHWATI COLONY KAMTA, CHINHAT, LUCKNOW, Uttar Pradesh	India
S2-658226277	BRYANT RELIABLE	ANNAPOLIS, 2124 RENARD CT, MD	US
S2-135455289	Western Technologies Private Ltd	NO 93, HOMADEVANAHALLI, BASANTHPUR BEGUR, HOBLI, BANGALORE, Karnataka	India
S2-429492994	BUREAU OF AGING LP	VERONA, 1106 TAMARACK WAY, WI	US
S2-748342240	Gujarat Surya Technology Private	BUILDING NO. 74-, 2D, RAJESHWARI PARADISE IDEAL HOMES TOWNSHIP, RAJARAJESHWARINAGAR, Karnataka	India
S2-173084614	Vale Corre,o DPM	464 BRECCIA TRAIL, LIBERTY HIILL, TX	US
S2-960126156	QUALITY BROADCAST CORPORATION	6601 60, GOLD CANYON, AZ	US
S2-432223201	Orthopedic Physicians of Incorporated	897 CLEARCREEK RD, INCORPORATED, ID	US
S2-252832453	శ్రీ ఇన్వెస్ట్‌మెంట్ ప్రైవేట్ లిమిటెడ్	9/487A, KADAPA, EAST GODAVARI, Andhra Pradesh	India
S2-980688705	Dr Lavanya Lifescapes Límited	UNIT NO. 249, NAHAR & SETH INDL ESTATE L B S MARG, B WING, 2ND FLOOR, BHANDUP, MUMBAI, Maharashtra	India
S2-789075363	VILINIS LP	LAVENDER DRIVE, PRINCETON, TX	US
S2-594157005	Mcrae and Jain [Dogecoin]	555 BLAIR PL, DANVILLE, VA	US
S2-577427158	Shri SURAJ EARTH  PRIVATE LIMITED	#201 SAIDHAM P K ROAD MULUND WEST, MUMBAI, महाराष्ट्र	India
S2-388616584	Louisa Rockwell Restaurant L.L.C.		US
S2-457041999	@rockyadamas	HUMMER DR, AZ, TUCSON	US
S2-998141393	Mr Ss Producer Limited	H.NO 47/2 &3, FLT NO.306, PRIYANKA APARTMENT, BUSHAREDDYGUDA, WEST MAREDPALLY, Telangana	India
S2-80419760	Jai Gláss Private	DOOR NO 17 , 3RD FLOOR, LEWIS ROAD RAJARANI, BHUBANESWAR, Odisha	India
S2-511939694	பிரீமியர் எனர்ஜி லிமிடெட்	95, ANGAPPAN NAICKEN STREET PARRYS, CHENNAI, தமிழ்நாடு	India
S2-109119422	Yeary Cascade  Corporate	4521 CHARLES DR, W. VALLEY CITY, UT	US
S2-933480120	Elgin Tdourifism Pvt Ltd	C-3, GROUND FLOOR, KH. NO.515/1, MAIN ROAD SOUTH GANESH NAGAR, NEAR FAIR DEEL AUTO, MOBILE, DELHI, Delhi	India
S2-669549606	JR-ANCHOR INC. CENTER	ESSEX CIRCLE, GUILDERLAND, NY	US
S2-786719893	Eye Specialists, Pinnacle LLC	NC, RALEIGH, 2293 STONEHENGE DRIVE	US
S2-642628621	Civil Éducational Society Company #74586	HNO B6 462, GALI JAIN, SCHOOL WALI BHADRA BAZAR, SIRSA, Haryana	India
S2-492634928	Zephonyxevo	965 40th Ave, COLUMBIA HEIGHTS, MN	US
S2-922408328	gbprivate.com	3388/6, 1ST FLOOR, KRISHVI, OPP. 6TH CROSS, MAHALAKSHMI LAYOUT, DAVANAGERE, ಕರ್ನಾಟಕ	India
S2-66455935	Bansgaon Agro Private Limited	HOUSE NO. 4, DHARAM PURA, BANSGAON, Uttar Pradesh	India
S2-446347129	A Reliable Wellness Ínc	##3809 TERRACE DRIVE, ANNANDALE, VA	US
S2-20212071	Housing Guild ÍI	003 PECAN RIDGE DR, SUGAR LAND, TX	US
S2-962952491	Incorporated Select Transit Solutions	7692 NORTH GLEN DRIVE, IRVING, TX	US
S2-898875704	Whitten Grand Ntec Inc	3115 NEWINGTON CT, NULL, CHESTERFIELD COUNTY, VA	US
S2-464223522	Primary Care Clinic	1011 STAN SCHLUETER LOOP, KILLEEN, TX	US
S2-801703950	Jones Polska, Llc	104-106 FRANKLIN ST, ITHACA, NY	US
S2-583450023	BIERLY  NEWS INC.	6954 JACKSON COGRT, PO BOX 2639, MERRILLVILLE, IN	US
S2-322354628	YL Inc Services	652 600, WESTVILLE, IN	US
S2-710929306	BLUE INDO (ENTERPRISES)	Madhya Pradesh, C/O RAJENDRA KUMAR JAIN, WARD NO. 16-, GAYATRI NAGAR, SAGAR	India
S2-713424337	Irionyx	5523 ECHOLS ROAD, CABOT, AR	US
S2-352597534	J 2-N  LAKE LLC		US
S2-151923027	Smt Emerald Care Limited Private	SURVEY NO.29, JAVALI GARDEN GOKUL ROAD, HUBLI, ಕರ್ನಾಟಕ	India
S2-870427948	SAWANT SÍRBIS LIMITED	Delhi, D/204, TILAK BAZAR	India
S2-191456955	MOC GLÓBAL PVT LTD	804 URBAN GREENS PLOT NO. GH 6A, SECTOR 39, GURGAON, हरियाणा	India
S2-774047633	Teamsters Local Union 303 LLC	8051 FAIRFAX ROAD, ALEXANDRIA, VA	US
S2-49114387	Nussbaum Token	54 LOCKE ST, CHESEA CDP, MA	US
S2-457531561	Private Priska & Sons Limited	B-405 TOWER PEARL, BDI SUNSHINE CITY BHIWADI, TIJARA, Rajasthan	India
S2-140233952	Kirby  & Pierre Inc.	ASHTABULA, OH, 4461 RUNKLE AVE EXTENSION, NULL	US
S2-555130794	SIGMA SERVICES PRIVATE LIMITED	UNIT NO. 2901, 29TH FLOOR, PLAN S BUSINESS PARK, D108/1, OPPOSIT D.Y.PATIL STADIUM, MIDC INDUSTRIAL AREA, NERUL, NAVI MUMBAI, THANE, महाराष्ट्र	India
S2-557302915	HARBOR COMMITTEE V INC	8796 WALNUT BOTTOM LN, FREDERICK, MD	US
S2-607377456	smalley & seg0via inc	AZ, 11 126TH AVE, AVONDALE	US
S2-783173818	Hyderabad Cloths Private	PLOT NO.97, ROAD NO.3, BANJARA HILLS, HYDERABAD, తెలంగాణ	India
S2-797162839	Liu, Ines Ccolonil Fact LLC	4755 ROLLING MEADOWS LANE, PMB 8784, SIGNAL MOUNTAIN, TN	US
S2-908451084	HlNES MOUNTAIN PUBLISHING [INC.]	5-B GORSLINE DRIVE, MECHANICVILLE, NY	US
S2-305888327	Teor-LLC	318 BIDDEL ST, BALTIMORE, MD	US
S2-638485331	Dermatology Physicians of Holly Ridge-LP	0184 TAR LANDING ROAD, HOLLY RIDGE, NC	US
S2-69469341	Technology Equation Service	PLOT NO 131, KHERWADI, DAYAMA MARG, BANDRA EAST, MUMBAI CITY, Maharashtra	India
S2-687893763	VEQUE HARMONY	PINE ST, TULSA, OK	US
S2-50476106	Shyam Projects Pttmrvate Limited Limited	C-255, B WING, BLDG-3, SHARMA ESTATE S V ROAD, MINA INTERNATIONAL, JOGESHWARI, WEST, MUMBAI, Maharashtra	India
S2-677623141	विजन प्रॉपर्टीज प्राइवेट लिमिटेड	1014- & 1015, MUMBAI, महाराष्ट्र	India
S2-559520236	ALLIED  LEAGUE	894 RAY CRAWFORD DR, WINTERVILLE, NC	US
S2-781324517	Troester (Outdoor)	141 MAIN ST, ANSON, ME	US
S2-945576309	ব্রাইট সিস্টেমস প্রাইভেট লিমিটেড	NO 1A/1C EAST TOPSIA ROAD, KOLKATA, HOWRAH, KOLKATA, West Bengal	India
S2-102366905	MONAMI BROTHERS PRIVATE LTD	CORE-3 SCOPE COMPLEX7 INSTITUTIONAL AREA LODI ROAD, NEW DELHI, Delhi	India
S2-277657047	Martino And Hendrix	PRESCOTT, 6720 CORSAIR AVE, AZ	US
S2-742572340	childrensnetworkcenter.com	CA, 3317 HEMBRE COURT, SUISUN CITY	US
S2-536785723	Gebhart And Bivens Two Inc.	##629 ERIN LN, CHESAPEAKE CITY, VA	US
S2-261034668	JU ASSON	Uttar Pradesh, VILL BADHANU, ALIGARH, N/A	India
S2-177650023	Martinez Plumbing	715 IRVING STREET, WASHINGTON, DC	US
S2-632548517	Silver Creative Globnal Corp		US
S2-90628553	Nerissa Vera	0165 ARROWHEAD LANE, INCORPORATED, IL	US
S2-806071165	M/s Tavocira	MATHURA BHAWAN, SARAOGI MOHALLA, AJMER, राजस्थान	India
S2-210203442	Mejia, Bdnsn and Hummel Industrial Associates		US
S2-466789068	BRANDSASSET.COM	3223 ALGODON WAY, PHOENIX, AZ	US
S2-67424467	માય પાવર પ્રાઇવેટ લિમિટેડ	#334/1, HALOL, PANCH MAHALS, ગુજરાત	India
S2-984825011	Boliex Co	WV, 127 TWIN LAKES CIR, null, MARTINSBURG	US
S2-628837900	leconstruct.com	GALLERIA DLF-IV, GURGAON, Haryana, ESTATE, BLOCK G-45. H. NO L-115 RIDGEWOOD	India
S2-632943587	Jp & Brothers Private	SHOP NO.3, S.NO364/5, 366/26 MIRAL APTS. CHS LTD. MIRA BHAYANDER ROAD(E) GOVIND NAGAR NR P, ETROL PUMP, THANE, Maharashtra	India
S2-449667996	silverpower.com	NO ##3/12 PODAR BUILDING NO 2DR MAISURI ROAD SAMDALAR STREET ROAD, MUMBAI, Maharashtra	India
S2-370974927	SECURE TECHNICAL DIGITAL ÍNC	NEWTON, MA, 05 DUXBURY ROAD	US
S2-933658145	Hettie Burkhalter, P.A.-LLC	329 FALCON RUN, MORGANTOWN, WV	US
S2-328786967	Caloex LLC	1095 MARR RD, COLUMBUS, IN	US
S2-357006668	Credit  &	B-209, FIRST FLOOR, ASHOK VHAR, PHASE-I, DELHI, Delhi	India
S2-514154587	shyamprojects.com	Maharashtra, C-255, B WING, BLDG-3, SHARMA ESTATE S V ROAD, MINA INTERNATIONAL, JOGESHWARI, WEST, MUMBAI	India
S2-389838935	Painters Union No 794 Center		US
S2-703932314	EYE ASSOCIATES INC.	TX, TEXARKANA, 32 HEATHERWOOD DR	US
S2-721770997	OBSIDIAN.COM	134 COLLINGWOOD CT, FLORENCE, KY	US
S2-473091065	bureausanitation.com	MO, 201- BROADWAY, COLUMBIA	US
S2-238826151	VNEWS.COM	1167 Encore Ln, WAXHAW, NC	US
S2-458884710	Research Limited Bengal Private (India)	G-B3/244, VIKAS NAGAR COLONY, NEAR KETAN HOSPITAL BARGA, GORAKHPUR SADAR, Uttar Pradesh	India
S2-780094692	Techn0logies Rajlaxmi Ltd Center Center	PLOT NO. 36  , PRIME INDUSTRIAL PARK, SANTEJ, TALUKA KALOL, KALOL, GANDHINAGAR, ગુજરાત	India
S2-777446762	Th0mpson Tri-State	2225. SIMMENTAL ROAD, F TWORTH, TX	US
S2-441824412	Silver Tattoo	539. Inman Street, CLEVELAND, TN	US
S2-366951007	SOLIS CAPITAL-PEMBINA LTD	1635 COLGATE AVENUE, SPRINGFIELD, MO	US
S2-552889069	CRYSTAL ANCHOR ANNUITIES LLC	#3865 HIGHWAY 295, ELKINS, AR	US
S2-385890674	J X + Q Q	132-136 MARSEILLE DRIVE, HURST, TX	US
S2-937533064	South Lightwave	CODDINGTON RD, NY, null, CAROLINE	US
S2-7460745	Perident Transportation	IL, OAK LAWN, 8816 MELVINA AVENUE	US
S2-321956238	Js Dealtrade (India) Ltd	தமிழ்நாடு, 6/108.D , KULATHUPATTI PIRIVU, DINDIGUL	India
S2-280347088	Duval and Rstfamhtr Kimco	11 IVY DR, LITTLE ROCK, AR	US
S2-764949091	Devel0pers Dlmia Enterprise Pvt Ltd	AMIT HEIGHT, B/2 SASANENAGAR, HADAPSAR, PUNE, Maharashtra	India
S2-693646994	ગોલ્ડન બ્રાઇટ કન્સ્ટ્રક્શન લિમિટેડ	SHOP M/5M6, SY NO. Z/4/A/2, 4/A/3 4/A/4, EMPIRE STATE BUILDING, RING ROAD, SURAT, ગુજરાત	India
S2-841370328	M/s Bda Clinic Private	MALANG COMPLEX, SHOP NO. 1. OLD AUSA ROAD DESHPANDE COLONY LATUR, LATUR, Maharashtra	India
S2-536782164	Summit Inc Calamos  Star	0072 WAVERLY AVENUE, EASTCHESTER, NY	US
S2-118566773	cognitiveventuresindia.com	SN C-593 HINDU CO -OP HSG, PL 12 B NR PREMDEEP BLDG LULLA NAGAR, PUNE CITY, NULL, Maharashtra	India
S2-481046223	Southern Fresh (Vertical)	1335 GUILFORD ROAD, CARMEL, IN	US
S2-583928465	Smt Samarpan Engineering (India) Center	1ST FLOOR, SCF-25, B BLOCK, MAIN MARKET, NEW AMRITSAR, AMRITSAR, Punjab	India
S2-365837217	Bhubaneswar Trading Care Limited	TEGACHI, MAMUDPUR, P.O.- SOUTH GARIA DIST-SOUTH 24 PARGANAS, BARUIPUR, null, West Bengal	India
S2-838630546	Coeus Projects  Associates	802, JAGAT TRADE CENTRE FRAZER ROAD, Bihar	India
S2-805134187	PETECQUE TOTAL  TEMPLETON P.C.	1463 BIRCH CREEK RD, SHANDAKEN, NY	US
S2-890399309	Leda Jessup L.L.C. Services	001975 B FRONTAGE RD, AZ, TUMACACORI	US
S2-50974814	ELITE STEELS-(INDIA) PRIVATE		India
S2-273921317	Cottrell Rocky	2900A JACKSON AVE, CITY OF EL PASO, TX	US
S2-713185001	Obsidian, Llc	134 COLLINGWOOD CT, FLORENCE, KY	US
S2-348257693	5-Stár	912 MAIN STREET, PMB 7510, CHATHAM, MA	US
S2-804990136	Divine Premier	18650 Thompson Peak Parkway, SCOTTSDALE KACHINA, AZ	US
S2-135268104	Franco Interstate Montreal  LP	Washington St, PANA, IL	US
S2-563638625	Servin Cascade Karbon LLC	4222 JASMINE CASCADE CT, BAYTOWN, TX	US
S2-778984756	Ultra Industries Private	PLOT 943 IN FRONT OF RANCHORE TEMPLE GINDORE JHALRAPATAN, JHALAWAR, NULL, Rajasthan	India
S2-120814864	#1-LLC SERVICE	249 MIDDLETOWN RD, NEW CITY, NY	US
S2-594915832	Bay Council Co	GREENSBORO, 2501 FERNWOOD DRIVE, NC	US
S2-56899542	kolkata world private limited	18 RABINDRA SARANI PODDAR COURT GATE NO-2, 5TH FLOOR, ROOM NO- 556, KOLKATA, KOLKATA, পশ্চিমবঙ্গ	India
S2-63740832	Good Agro-Private Ltd	PLOT NO.78, SURVEY NO. 06, SHREEJI NAGAR, GANDHIDHAM, ગુજરાત	India
S2-568938128	cleanautomationnetworks.com	10200 Freeman Road, CA, ELK GROVE	US
S2-748973914	Sarkar Formulations Corp	GREEN WIEW APARTMENT, FA/C-2 BLOCK 3, SEVOKE ROAD, SILIGURI, পশ্চিমবঙ্গ	India
S2-135642603	Mclean Bateson Tree	MARYLAND HEIGHTS, MO, 1280 GLENMEADE DR	US
S2-491083335	ZBV [Textiles]	#605, SAMARTH VAIBHAV BLDG, OSHIWARA, ANDHERI (WEST), MUMBAI, Maharashtra	India
S2-817089548	URGENT URGENT CARE UNITED PARTNERS INC	2600 BLUEFIELD AVE, NASHVILLLE, TN	US
S2-379578412	Toshniwal Architectural	NO 16 , PONNIAMMAAN KOIL STKOTTUR CHENNAI 600 085, CHENNAI 600 085, Tamil Nadu	India
S2-740457004	Rey Pimco Llc (ID: 66273)	COOKEVILLE, TN, 483 AMON RAD	US
S2-901028163	LAXMI ANBOD HOSPITALITY PRIVATE LIMITED	PN-1401561., WARD NO-3, SHIV VIHAR COLONY, R.N-06, PHULWARI, बिहार	India
S2-333398856	culturalprogram.com	3101 1/2 WESTERN AVE, MARION, IN	US
S2-77038319	QM Delicacies Private-Limited	NO 21 S. M. RESIDENCY PLOT-89/90 SEC 13 KHARGHAR, KHARGHAR, महाराष्ट्र	India
S2-316443187	Smt Mudgal  Leasing Private Limited		India
S2-134766196	Contreras and Johnson  Inc	425 STEEPLECHASE STREET, DELAWARE, OH	US
S2-334608116	Vale Corrado DPM LP - 3744106146		US
S2-238691009	4105 JEFFERSON AVENUE LLC CENTER	306 GREENLEA CIR, TAYLORSVILLE, NC	US
S2-188429413	Dynamic Security lnnovations Incorporated	302- TYLER DR, HOLCOMB, KS	US
S2-161674442	Haun, Súllivan & Timmons Transportation Co		US
S2-332968294	Barr & Mccorkle Incorporated	3C River Street, WINCHESTER ICTY, MA	US
S2-267471598	5ummit  Pediatrics	66 GEORGE HOME RD, WAYNESBORO, VA	US
S2-126341201	BANSGAON AGRO-PRIVATE (LIMITED)	HOUSE NO. 4, DHARAM PURA, BANSGAON, Uttar Pradesh	India
S2-573049871	ಕ್ಲಾಸಿಕ್ ಸೊಲ್ಯೂಷನ್ಸ್ ಪ್ರೈವೇಟ್ ಲಿಮಿಟೆಡ್	#37, 2ND CROSS, GANESHA TEMPLE STREET, NEAR DEEPA NURSING HOME, BANGALORE, MARATHAHALLI, Karnataka	India
S2-781961611	Universal Software Technologies - 6176288591	384. MONTEREY DR, NORTHPORT, AL	US
S2-411703280	Technologies Jyoti Infotech Private	H.NO 25-2-20JAYAKRISHNAPURA RAJAHMUNDRY., EAST GODAVARI, ఆంధ్రప్రదేశ్	India
S2-297160699	Coastal Highland Suma Co	5-18 43 STREET, LONG ISLAND ICTY, NY	US
S2-222345595	@BEHAVIORALHEALTH	5518 WICHITA AVE, CLEVELAND, OH	US
S2-394037500	Private Tech Dehvo Consulting Limited	2, MUMBAI, MUMBAI CITY, Maharashtra	India
S2-794877277	Sanchez  Xii LLC	9220 FLYING BUTTE, FOUNTAIN HILLS, AZ	US
S2-26930861	Enterprises Unity Ventures Pvt [Ltd]	C-5A/240 JANAK PURI, NEW DELHI, Delhi	India
S2-409011584	Richards  Coastal	#345 400, PAYSON, UT	US
S2-180512423	Golden Myers Llc	AUSTIN AVENUE, GEORGETOWN, TX	US
S2-425053583	fetetech (inc)	##1632 CHICAGO AVE, MINNEAPOLIS, MN	US
S2-668927122	Rolex Trading of Nashik	GOVINDA APT FLAT 9-4 VIVEKA, NAND NAGAR GANGAPUR ROAD, NASHIK, Maharashtra	India
S2-448640136	LABORERS LOCAL UNION 489 CÓ	##2133 WATERFORD PL, INDIANAPOLIS, IN	US
S2-289814812	Dev Charitable  Trust Limited	H.NO 561 PARISHRAM 2 APPARTMENT, FLAT 501, 5TH FLOOR, UMA TOWNSHIP, MORBI, Gujarat	India
S2-625559056	Clark Nasdaq Corporation	28 WOODVILLE STREET, EVERETT, MA	US
S2-191787603	Rosene Garafola Valley	5025  ARKANSAS AVE, WICHITA, KS	US
S2-821807122	Swart Automitve	RIO RANCHO, NM, 513 1/2 7RD AVENUE	US
S2-189635286	SHASHI CONSTRUCTIONS PRIVATE  LIMITED	PLOT NO ##4 , MANDHAR NAGAR, 3RD STREET, TAMBARAM, தமிழ்நாடு	India
S2-345418636	204 PARK STREET ANSOHCIATES LLC	20700 CORDILL LANE, SPICEWOOD, TX	US
S2-550225069	Clean  Purpose	5148 Stable Dr, IN, LAFAYETTE	US
S2-280941052	spaceconsultants.com	हरियाणा, UNIT NO. 327, 3RD FLOOR, SUNCITY SUCCESS TOWER, SEC-65, BASAI ROAD	India
S2-888347327	5HRADHA CLINIC  LIMITED	H.NO A-72/10 NR, SANTOSHIMATA MANDIR, OLD BUS STAND, JHANSI, Uttar Pradesh	India
S2-330136001	Tejiya Homes Private	FLAT NO: F-B508, VASAVI, SHANTHINIKETHAN WHITEFIEL, SERILINGAMPALLY, Telangana	India
S2-672529101	IVENOVA INC CENTER		US
S2-533745738	COLONIAL COUNCIL L.L.C.	110 10TH AVENUE, DOUGLAS, IA	US
S2-78431785	4105 JEFFERSON AVENUE ASSOCIATES	306 Greenlea Cir, TAYLORSVILLE, NC	US
S2-806502628	Terrye's Keystone Biotech-P.C.	139 WATERING TROUGH ROAD, NC, STATESVILLE	US
S2-41805192	V0dafone Co	D.NO.12-1-23, JAWAHAR STREET, NEAR PINDAL CHERUVU, KAKINADA, ఆంధ్రప్రదేశ్	India
S2-432526344	Johnson Painting	2262 HOLIDAY RD, CORALVILLE, IA	US
S2-484461724	Ayala Rain 0f Des Moines	89 AMISDAD RD, DES MOINES, NM	US
S2-105552466	Shiv Public School [Limited]	VILL TOLA KASER PANCH, KASHR BLOCK BHAGWANPUR, ADHAURA, बिहार	India
S2-879814544	यूनाइटेड इंफ्रास्ट्रक्चर प्राइवेट लिमिटेड	H NO A-30/113-MCD-142 GROUND FLOOR, SOUTH DELHI, Delhi	India
S2-965345428	Services Hot Beauty Private  Limited	H.NO 812 302, SHIV SHAILA APARTMENTGEETA CINEMA COMPOUND WORLI NAKA, Maharashtra	India
S2-982841902	Snider, Fratto & Peck	2202 STRONG HORSE DR, CONROE, TX	US
S2-980967942	secure diagnostic ventures	10016 BELMONT AVE, KANSAS CITY, MO	US
S2-958080699	NM-ROMAN	KY, 6909 WOODHAVEN PLACE DR, LOUISVILLE	US
S2-746373658	SEA (INDIA) CUTTING PRIVATE  LIMITED	55-56, VAIRAM STREET, OPPOSITE TO VASAVI VIDYALAY, COIMBATORE, தமிழ்நாடு	India
S2-814113737	Brooks Empire	PALM VILLAGE BLVD, BAY CITY, TX	US
S2-908582846	B O Lewis Cómmunities, LLC	MATTAPNA, 24 MATTAPAN STREET, MA	US
S2-268114778	Shri Satya Hospita1ity of Andheri (West) Pvt Ltd	50, A/20, GYPSY ROSE SHAHTRI NAGAR, ANDHERI (WEST), Maharashtra	India
S2-421407287	HITTLE, TILLMAN + ASKEW CO	2827 52, ALBEMARLE, NC	US
S2-776247999	Vargas, Klosterman Olson Short LLC Service	1649 HOWARD AVE, DES PLAINES, IL	US
S2-560762532	Smt Powerful & Sons	हरियाणा, 25, AAPKA CITY PLAZA CIVIL LINES, GURGAON	India
S2-419751400	SUPREME IMPEX PVT	#0836 AROPUR, NISARPURA NAUBATPUR, PATNA SADAR, Bihar	India
S2-631194371	CURE CAFE	1308 PICKWICK PARK COURT, FRANKLIN, TN	US
S2-619725756	Beaver Grandeur Baner Transport Private Limited Limited	##201, BEAVER GRANDEUR BANER, Maharashtra	India
S2-890600904	LE Construct Pirlate  Limited	BLOCK G-45. H. NO L-115 RIDGEWOOD, ESTATE, GALLERIA DLF-IV, Haryana	India
S2-898290390	Hammerschmidt, Reyes & Dietrich  Fitness	601 MAIN ST, FARINGTON, WA	US
S2-525586521	Corp Highland Services	NO 191  SHOP NO 12 13 GROUND FLOOR GULAB BAGH UTTAM NAGAR, DELHI, WEST DELHI, Delhi	India
S2-934000682	Private Emerald Technologins Limited	62, JALANDHAR, ਪੰਜਾਬ	India
S2-97157090	Holy PLLC Services	255 FOREST CREEK LANE, GRAND ISLAND, NY	US
S2-765072258	bayholdings.com	309-313 MULBERRY RD, GROVER, NC	US
S2-568919381	Dr Spm Pvt. Ltd. Center	H.NO 80/52 VADAKEKKARA HOUSE CHERALPARAMBU, WADAKANCHERY, Kerala	India
S2-38331374	James's Asroodciaes	8609 LEONARD ST, <NULL>, PORTTLAND, OR	US
S2-613511710	Cóbalt	635  190TH AVE, GRESHAM, OR	US
S2-266051001	Deis Inc	SAMUEL DRIVE, OPP, AL	US
S2-314813638	Foot &-Ankle Specialists Corporation	7 MASON, FRANKLINTON, NC	US
S2-420811363	Ahmedabad Sales Private [Limited]	HN 00139 445, 4TH FLOOR, YASH ARIAN, NEAR SWAMI VIVEKANAND CHOWK, MEMNAGAR, AHMEDABAD, Gujarat	India
S2-299891555	-- PERIDENT  TRANSPORTATION	8816 MELVINA AVE, OAK LAWN, IL	US
S2-791605059	Precision  Art L.L.C.	1010 OLD MAIN SAINT, HARTFORD, KY	US
S2-543463279	सुप्रीम इम्पेक्स प्रा. लि.	#0836 AROPUR, NISARPURA NAUBATPUR, PATNA, बिहार	India
S2-462212209	M/s JAIN CONSULTANTS PRVEBE LIMITED	H.NO 103 JAI SHREE GANESH BHUV, VINAYAK NAGAR ROAD, THANE, Maharashtra	India
S2-123853081	ಅರ್ಬನ್ ಇಂಜಿನಿಯರಿಂಗ್ ಲಿಮಿಟೆಡ್	FLAT NO. D-0005, BANGALORE, Karnataka	India
S2-949313347	2594 Seventh Avenue  Company	FOREST FLOWER WAY, TOMBALL, TX	US
S2-790012099	प्रीमियर बिजनेस प्रा. लि.	G-170/A, PATNA, बिहार	India
S2-921679034	Bhubaneswar  Care Center	TEGACHI, MAMUDPUR, P.O.- SOUTH GARIA DIST-SOUTH 24 PARGANAS, BARUIPUR, null, West Bengal	India
S2-326031282	Maid Yoga!	445- CARR LANE, FALL BRANCH, TN	US
S2-606659013	Borough Of P.L.L.C.	5240 SARAH JANE CIR, KEARNS, UT	US
S2-327027256	Straight Edge Hair Sttugdo	1601 MAIDEN LANE, WA, WENATCHEE	US
S2-182692089	Solari Rlcle Inc.	VILLAGE RD, N/A, WHITSETT, NC	US
S2-172549491	Technologies Hale [Durga]	#1-5 , KH.NO.126, ABS PALACE VILLAGE NANGLOI MUNDKA NEAR NAJAFGARH RO, AD, NEW DELHI, दिल्ली	India
S2-541490407	RYCCA MANSFIELD CORNERSTONE OAKTREE LP	6 LITTLE SHADOW CATCHER RD, BIG SKY, MT	US
S2-807916287	South Lightwave Corporation	211 CODDINGTON ROAD, null, CAROLINE, NY	US
S2-263650599	Cricket Brothers Private Ltd	FT NO B801, PT NO 33, 34, 42, 43, 33 A, SEC- 30, KHARGHAR, PANVEL, महाराष्ट्र	India
S2-370887665	Reid,-Tugner and Lemon Alliancebernstein LLC		US
S2-70996902	West Palace	Maharashtra, ROOM NO. 2, GROUND FLOOR, PLOT NO. 13/15, 1 AND 3 SHYAM BHAVAN, GAZDAR STREET, CHI, RA BAZAR, MUMBAI	India
S2-505142353	जय फाइनेंस प्रा. लि.	DOOR NO 37 B ASHOKA AVENUE, SAINIK FARMS, NEW DELHI, SOUTH DELHI, Delhi	India
S2-149404384	Carbo Tech Private (Limited)	BLOCK F-327 C/O AMARPREET BAJWA, LUDHIANA, Punjab	India
S2-791800706	VALUE PREFERRED TAIWAN  LLC	MO, GROVER CITY, 233 MEADOWS OF WILDWOOD BOULEVARD	US
S2-29326482	Laxmi  Trading	00, RAM NAGAR RAM NAGAR, JALAUN ORAI, ORAI, Uttar Pradesh	India
S2-966487910	Desert Learning Center (ID: 5875)	761 ENTERPRISE DRIVE, ST GEORGE CITY, UT	US
S2-595413684	Sterling Agricultural Systems Inc.	5790-5792 FURLONG WAY, HAMILTON, OH	US
S2-430621844	Technologies Pani-Labs Pvt Ltd	12/595 BIULA STREET THIRUMULLAIVOYAL AVADI, CHENNAI, Tamil Nadu	India
S2-815325255	Lee Grand Dynamics  Inc.	701 RIDGE DR, MARENGO, IL	US
S2-852795275	Beus Coastal	##11595 IOWA AVENUE, ALLIANCE, OH	US
S2-222440066	ସୁପର୍ ଏଷ୍ଟେଟ୍ ପ୍ରାଇଭେଟ୍ ଲିମିଟେଡ୍	KAMLA COMPLEX POWER HOUSE ROAD, SUNDARGARH, ROURKELA, Odisha	India
S2-541270990	Sohi &-Co	DOOR NO 76 , 7TH ROAD, TPS III NEAR KHAR SUBWAY, SANTACRUZ EAST, MUMBAI, महाराष्ट्र	India
S2-95562786	North Aldel P.L.L.C.	8860 LAKE NORA DR, INDIANAPOLIS, IN	US
S2-364435410	Lindstrom Youth Blue	31242 Orton Drive, LINDSTROM, MN	US
S2-797826870	Drexlum	ME, 141 MAIN STREET, ANSON	US
S2-431125654	inc said assets	TUCSON, 5337- Galapagos, AZ	US
S2-798246442	Elite Steels (Índia) Private	Delhi, HOUSE NO S-2/52 STREET 3, SWARN PARK EXTENSION	India
S2-757997619	স্টার অ্যাগ্রো প্রাইভেট লিমিটেড	PASCHIM DASPARA, KOLKATA, HOWRAH, West Bengal	India
S2-630328609	BAVA P.C.	102 ARBOR COURT, MOUNT PROSPECT, IL	US
S2-766598652	AVRIL  ALBANESE INSTITUTIONS LLC	MAMARONECK, 1059 1/2 BOSTON POST RD, NY	US
S2-747978779	हाई कंसल्टेंसी प्राइवेट लिमिटेड	H.NO 201, GURGAON, Haryana	India
S2-658565629	Micro Developers Private Ltd	HN 757/2 HOECHST HOUSE, GROUND FLOOR VINAYAK KUMAR SHAH MARG, NCPA, NARIMAN P, OINT, MUMBAI, Maharashtra	India
S2-305435436	GRAHAM'S APPLIANCE	GROTON TOWNSHIP, 414 TYLER AVENUE, CT	US
S2-565525646	The Dátha Rodriguez, Esq.	1711 Bartlett Way, OCOTILLO, AZ	US
S2-704871468	Sarasan India (Limited)	09133 , BLOCK CHESTNUT, GH 04 MAHAGUN MYWOODS, NOIDA, उत्तर प्रदेश	India
S2-402293288	PRIME CARE LIMITED	FLAT NO C5, JANA JEEVA NEST, 29TH C CROSS, BALAJI LAYOUT, KGGADASA PURA, CV RAMA, N NAGER, BANGALORE, Karnataka	India
S2-193754469	A Reliable	##3809 TERRACE DR, FAIRFAX COUNTY, VA	US
S2-56371341	Metro Fortune L.L.C.	604-608 Edgerton Avenue, TRUMANN, AR	US
S2-619816756	shréeservices.com	455 PLOT NO.IA/6, VIJAYAPURI COLONY, HAYATHNAGAR, Telangana	India
S2-844865212	M/s Hitech Software Private Limited (ID: 41833)	C/O- MUKTA MANJARI SWAIN, ANAND LANE, RAJENDRA NAGAR, CUTTACK SADAR, Odisha	India
S2-57134476	Wilson Elm-Reliable LLC	390 ANJOU CIR, SACRAMENTO, CA	US
S2-325123166	श्री प्रॉपर्टीज प्राइवेट लिमिटेड	301, INDORE, Madhya Pradesh	India
S2-382927932	shivamfoodsprivate.com	#A-1ST FL CHANKYA COMPLEX, HIRO HONDA SHOW ROOM, NIZAMPURA, VADODARA, Gujarat	India
S2-674518988	LLC Womens Health Physiicasns	FLETANTE WAY, HOT SPRINGS VILLAGE, AR	US
S2-750953662	Ear Nose + Throat (Silver)	20 C KS WAY, BREVARD, NC	US
S2-30039145	Guru Services Ltd	Tamil Nadu, KAMUDHI KALANJIA MAGALIR VATTARASANGAM KOTTAI MEDU, KAMUDHIRAMANATHAPURAM, KAMUDI	India
S2-214606981	જૈન કન્સલ્ટન્ટ્સ પ્રા. લિ.	PL-C10, GR FL SK IND SOC-2, BAMROLI ROAD, U.M. ROAD, CHORASI, SURAT, Gujarat	India
S2-615924451	Total Mobility Laboratories L.L.C.	4700 TABOR VALLEY ROAD, MANHATTAN, KS	US
S2-783881345	Smt PERFECT (NIA) TOURS PVT LTD		India
S2-476303460	Thomas's American Partners (LLC)	234 ESPY STRET, KENTON, OH	US
S2-194434937	At1as-Square Corporation	144 MAPLE DR, REEDSPORT CITY, OR	US
S2-182326416	Veque-Harnmyo	OK, TULSA, 1804 PIME ST	US
S2-198120976	Nupur-Global	121, LAKE TOWN, BLOCK-A, NORTH 24 PGS, West Bengal	India
S2-236563334	Knowledge Producer Private (Limited)	H.NO #12 OPP. WATER TANK, TRANSPORT NAGAR, NAROL, AHMEDABAD, Gujarat	India
S2-240519385	Precision Financial Pairtres	1508 CAMINO LAGO, IRVING, TX	US
S2-559860160	Dynamic Direct Graf Care	##415 SPRING VALLEY DRIVE, BURLINGTON, NC	US
S2-84537758	ROLEOR  KEGOY LLC	WI, VILLAGE OF KRONENWETTER, NULL, 2780 16RD RD	US
S2-687159961	Big  Nails	49 ESSEX SQ, STERLING, VA	US
S2-13090753	Dode's Services	SUNNYDALE DR, SPRINGDALE, AR	US
S2-62767461	ridge committee llc	243 COMMUNITY DRIVE, MADISONVILLE, TN	US
S2-484267632	Private Sunrise Global Ltd	MANI CASADONA, NORTH 24 PARGANAS, West Bengal	India
S2-996772519	सेवन वेंचर्स Limited	PLOT 7-94 55, NEW DELHI, WEST DELHI, Delhi	India
S2-802824355	Mariele Grasso Valley  Dominion	74 STREET, BROOKLYN, NY	US
S2-585420002	BEHAVIORAL HÉALTH GROUP CORP	40TH ST, MOLINE, IL	US
S2-378105063	ATLANTIC LLC CÓLLEGE	704 LANDER LANE, BERRYVILLE ITY, VA	US
S2-106976824	Safar Constructions Private  Ltd	West Bengal, VILL MAHASUNDA, P.O. BHUPALPUR, RAIGANJ	India
S2-404216086	SLATE-PENMIIR SLATE-PENMIIR INC	COLTON TOWNSHIIP, CA, 3068 Crystal Ridge Ln	US
S2-310999144	chiropracticspecialistsarcade.com	50 Douglas Drive, ARCADE, NY	US
S2-852309228	Premier Innovations  Corp	6811 RIVER BERRY WAY, KNOXVILLE, TN	US
S2-10977006	AVIECTO	0011470 15-501, CHAPEL HILL, NC	US
S2-666558809	ഇന്നൊവേറ്റീവ് ഇംപെക്സ് എൽഎൽപി	FLOOR, AMARAVILA, Kerala	India
S2-282365451	Toria Corp	664 6, null, LUEDERS, TX	US
S2-280507402	Private Jai Glass Ltd	PLOT NO. 17, 3RD FLOOR, LEWIS ROAD RAJARANI, BHUBANESWAR, KHORDHA, Odisha	India
S2-660709023	Management Maa-Limited Bricks	GROUND FLOOR PLOT NO. 79 TO 82, BALAJI INDUSTRIAL VIBHAG-2, MANGROL, null, ગુજરાત	India
S2-826980136	Royal-Industrial	#1 B MOUNT ARAB LAKE, PIERCEFIELD, NY	US
S2-378835005	Pune-Media Company	S NO. 372 A, F PL 299, S PL 6, NORTH MAIN RD KOREGAON PARK, PUNE, Maharashtra	India
S2-74869576	NIO.COM	1800C LOWER BLOOMFIELD ROAD, NEW CONCORD, OH	US
S2-454392233	(LLC) Family Medicine	GRAND MARAIS, 140 61, MN	US
S2-700797341	लक्ष्मी आईटी	QRTS-46, CENTRAL DELHI, Delhi	India
S2-517712052	फर्स्ट बिजनेस	B-188, WEST DELHI, NEW DELHI, Delhi	India
S2-139855862	Northwind LLC	GAINESVILLE, VA, Culloden Crest Ln	US
S2-609745528	COMMUNITY PARTNERS	400 DORSET AVE, VIRGINIA BEACH CITY, VA	US
S2-571871713	Taber Communications Inc	18604 36th Avenue, LYNNWOOD, WA	US
S2-320038711	Snider, Fratto  & Peck Short LP	2202 STRONG HORE DR, CONROE, TX	US
S2-249975430	3405 Broadway Avenue Apartments (LLC)	210 MTIN SAINT, LANSDALE, PA	US
S2-228431421	BASALT RESERVE	##1678 MCWHORTER RD, LONDON, KY	US
S2-89854778	EZ FDORBRTRIES	423 Barnfield Way, MCLENDON CHISHOLM, TX	US
S2-589242947	Bison	195 GREEN HILLS RD, CINCINNATI, OH	US
S2-170041911	Alpha [Ventures]	RH-82, SHRIRAM SHESHTA, BODIPALAYAM ROAD, MADUKARAI MARKET, COIMBATORE SOUTH, தமிழ்நாடு	India
S2-763230649	भारत सिस्टम्स प्राइवेट लिमिटेड	#35 A-112, BASEMENT SHIVALIK COLONY, NEW DELHI, EAST DELHI, Delhi	India
S2-132786890	Oncology Médicine	TX, LA VERNIA, 117 WESTFIELD LANDING	US
S2-895983859	QUINTANA QUINTANA HOBBS, PH.D. LLC	2657  CLASSEN BLVD, NORMAN, OK	US
S2-530881195	टेक लॉजिस्टिक्स	PLOT NO.002/679, INDORE, BHAGIRATHPURA INDUSTRIAL AREA, Madhya Pradesh	India
S2-987051761	a apex pipeline inc		US
S2-223687911	INDUSTRIAL COMPLEX DUNDAHERA  LABELS PVT	NASSCOM COE IOT & AI, HARTRON INNOVATION HUB, FIRST FLOOR, PLOT 1, UDYOG VIHAR PHASE 1, DUNDAHERA VILLAGE, OLD DELHI GURGOAN ROAD, INDUSTRIAL COMPLEX DUNDAHERA, Haryana	India
S2-758801127	ROON  LLC	AZ, 3105 MEADOW DRIVE, AVONDALE	US
S2-373371637	ਲੋਟਸ ਕੰਸਲਟਿੰਗ ਲਿਮਟਿਡ	STEP, THAPAR INSTITUTE OF, ENGINEERING & TECHNOLOGY, PATIALA, ਪੰਜਾਬ	India
S2-941766475	Federal Association	605 MILLBURY STREET, WOCRESTER, MA	US
S2-291885223	American lndia  Private	KH NO. 569, GREEN ENCLAVE, CHIPYANA, BUZURG, GHAZIABAD, उत्तर प्रदेश	India
S2-309399007	Srour, Jáckson & Salem Inc		US
S2-408687336	Karan-Info	HN 2-36 BOOK CODE-117, MALI WADA TAL- SANGAMNER, DIST- AHMEDNAGAR, AHMEDNAGAR, महाराष्ट्र	India
S2-536105024	Sheila Porter, D.O., M.D., P.C. P.C.	1812C YOUNGER AVE, STATESVILLE, NC	US
S2-439612217	HOUSTON, TOWN OF INC	14450 T C JESTER BLVD, HOUSTON, TX	US
S2-641527836	RIZAXYLONOVI	#8696 Aloe Drive, GOLD CANYON, AZ	US
S2-214384636	PALCO CARDAMOM	DURGAPUR INDUSTRIAL ESTATE NASSER AVENUE, DURGAPUR, West Bengal	India
S2-200841133	Ofelia Braley, DMD,  DDS PC	430 SHORE RD, LONG BEACH, NY	US
S2-930816373	L.L.C. Frontier Automobile,	170TH AVENUE, ILLINOIS CITY, IL	US
S2-187395848	Cozy Pizza Pllc	719A ASHFORD CT, CINCINNATI, OH	US
S2-536999667	Labelle Otg (Fresh)	608 G AVE, TEMPLE, TX	US
S2-742448791	EAR NOSE & THROAT SILVER CARE	20 C KS WAY, BREVARD, NC	US
S2-619339665	Bangalore India Private	Karnataka, #5- , MCHS, 14TH MAIN, 15TH CROSS SECTOR 4, HSR LAYOUT, BANGALORE	India
S2-198098143	excellence consulting private limited	DOOR NO 500 FLAT NO-C/11 SHRIJI COMPLEX, NR SARASWATINAGAR SOC OPP ONGC BLDG & KABIR RESTURANT, CHANDKH, EDA ROAD, SABARMATI, ગુજરાત	India
S2-175980860	The Tiia Inc	8702-B CAROL AVE, MEA, AZ	US
S2-510460420	Mr Hari [Héalthcare]	H.NO.18/1 GROUND FLOOR, 1, ANJANA COLONY, NARSINGHPUR, हरियाणा	India
S2-102174137	VlSION-COMPLETE	35D COLEMAN CIRCLE, HAMPSTEAD, NC	US
S2-332520290	Small & Mckenna Center	2635 WICKER AVENUE, DALLAS, TX	US
S2-866909516	रेड सर्विसेज प्राइवेट लिमिटेड	Rajasthan, JAIPUR, MANSAROVAR, 10/333, SWARNA PATH	India
S2-817906262	VAGISHA PRIVATE LIMITED PARTNERS	398, RUCHI KHAND I SHARDA NAGAR, LUCKNOW, उत्तर प्रदेश	India
S2-841147729	Southern Fresh Vertical	1335 GUILFORD ROAD, CARMEL, IN	US
S2-786227857	MANJlRA SOLUTION	13/25, VANNIAR STREET, AMBATTUR, Tamil Nadu	India
S2-646576049	Pioneer Consultancy Private Ltd	C-20/3 /2 1SECTOR 16 NERUL, NAVI MUMBAI, Maharashtra	India
S2-427799030	Build Systém	NO. C-94 C-3, GALI NO.-6, JYOTI COLONY, SHAHDARA, Delhi	India
S2-90196762	STAR-ANALYTICS WORLDWIDE INC	226- LAWRENCE ST, BELLEVUE, OH	US
S2-188304927	Emerald Cdne Private Limited		India
S2-822013199	Future Finance Private Ltd	HN 64 B/206, NARNARAYAN COMPLEX, NEAR SWASTIK CHAR RASTA, NAVRANGPURA, <NULL>, Gujarat	India
S2-434486076	Route 46 Díner Inc	61665 KINGSTON CT, SUTH BEND, PMB 8465, IN	US
S2-28893154	Emerick Saul	3307 VEGA ST, TX, HOUSTON	US
S2-270473985	Jp and Brothers Limited Service	SHOP NO.3, S.NO364/5, 366/26 MIRAL APTS. CHS LTD. MIRA BHAYANDER ROAD(E) GOVIND NAGAR NR P, ETROL PUMP, THANE, Maharashtra	India
S2-875439355	Indiabulls & Brothers  Limited	Uttar Pradesh, VILL BRAMHAULLI DHYAN, POST HARRIYA TEHSIL SAGARI, AZAMGARH	India
S2-974513724	MEGABUILD  &	Maharashtra, 205, 2ND FLOOR, ABHINAV APARTMENT B WING, SHRADDHANAND ROAD, VILE PARLE EA, ST, MUMBAI	India
S2-702456042	TRADING MAA SOLUTIONS PVT	#0098-B LIG FLATS, MAYA PURI, null, Delhi	India
S2-323794898	न्यू टेक प्राइवेट लिमिटेड	Uttar Pradesh, FLAT NO 8-1511 GAUR CITY 1 GC-3 NORTH AVENUE, GAUTAM BUDDHA NAGAR, GREATER NOIDA WEST	India
S2-63242955	शक्ति मीडिया लिमिटेड	VILL & POST ITIYATHOK MARKET KHARAGPUR ROAD, GONDA, Uttar Pradesh	India
S2-449027554	FARWELL & ARCRIIGO MICROELECTRONICS	01 HAMMOND DR, AR, HOT SPRINGS NATIONAL PARK	US
S2-644798746	Gibney, Horst and	2924 14TH SAINT, TACOMA, WA	US
S2-730694776	Rag1and Medical Center	7823 DEL REY LANE, HOUSTON, TX	US
S2-795841704	Services Hot Hot Beauty Private Ltd	NO 812 302, SHIV SHAILA APARTMENTGEETA CINEMA COMPOUND WORLI NAKA, Maharashtra	India
S2-25541310	Leavitt Monte Inc.	1370 MURRAY RD, PORTTLAND, OR	US
S2-375815475	DIRECT PAYROLL  DIGITAL	5081 LYNDON DRIVE, FORT WORTH, TX	US
S2-966769135	Prathmesh  Services Private Limited	ગુજરાત, DOOR NO 80 OFFICE NO 60-61, 1ST FLOOR, PRINCESS PLAZA, SARDAR CHOWK, MINIO BAZAR, VARACHHA ROAD, SURAT	India
S2-703691983	Monarch (Vertical)	2019-B CAP ROCK CIR, RICHARDSON, TX	US
S2-373111173	creeltorresgenetics.com	5982A ORCHARD DR, CINCINNATI, OH	US
S2-62982928	माय Constructions Private Limited	620, NEW DELHI, WEST DELHI, Delhi	India
S2-420673550	Institute Memorial-Trust Ltd	UG 4-06, GROUND FLOOR, MGF METROPOLIS MALL, MG ROAD, DLF QE, Haryana	India
S2-124841589	Oncology Medicine	WESTFIELD LANDING, LA VERNIA, TX	US
S2-50373716	KFB INTEGRATED	PINEWOOD AVENUE, TN, CHATTANOOGA	US
S2-54251747	Yoder-Services	1408B FAIRWAY DR, GULF SHORES, AL	US
S2-677714896	CORNERSTONE LOGISTICS UNION  CORP		US
S2-220056936	Roverque Choleiacla Ltd	290 CHAMPION AVE, COLUMBUS, OH	US
S2-166925344	Pioneer  Rate	OK, TULSA CITY, 08334 71ST AVE E	US
S2-187042284	dvmoti.com	9-1-11-219/1, FLAT NO.501, SAMALA ROYALE APARTMENTS, GURUMURTHY LANE, BEGUMPET, HYDERABAD, Andhra Pradesh	India
S2-224625508	हाई प्रोडक्ट्स	SAMOD HOUSE, JAIPUR, JHUNJHUNU, राजस्थान	India
S2-953537373	Vqiue Inc	6514 Doc Corbett Road, CEDAR GROVE, NC	US
S2-771526292	HAL Services Pfmviate Limited	C-8-2-293/82/A/1259, ROAD NO 36, JUBILEE HILLS, SHAIKPET, Telangana	India
S2-104768353	Young and Johnson, Llc	1901 HIGHLAND ROAD, MARYVILLE, TN	US
S2-690395847	SIRUVANI TRADERS	634, S.F. BASEMENT RIGHT SIDE, GALI NO. 7, GOVINDPURI, KALKAJI, दिल्ली	India
S2-221492565	Smt Ultra Industries Private	PLOT 943 IN FRONT OF RANCHORE TEMPLE GINDORE JHALRAPATAN, JHALAWAR, NULL, Rajasthan	India
S2-405746352	Isahella Férráro, DO	7615 SPARKLING LIGHT DRIVE, DEL VALLE, TX	US
S2-712804916	ਗਲੋਬਲ ਗਲੋਬਲ ਪ੍ਰਾਈਵੇਟ ਲਿਮਟਿਡ	H.NO. 11627, LUDHIANA, ਪੰਜਾਬ	India
S2-494210392	Shri New Products Private Ltd	S. NO. 208/1., ALANDI RD., RAHUL PARK BEHIND ABHIRAJ BLDG., BHOSARI, PUNE, PUNE, Maharashtra	India
S2-564574019	Private Cricket Brothers Limited	FT NO B801, PT NO 33, 34, 42, 43, 33 A, SEC- 30, KHARGHAR, PANVEL, RAIGARH(MH), Maharashtra	India
S2-561965294	East Motor Llc	517 Valley View Trl, MEDINA, TX	US
S2-411760509	CV Partners	Gujarat, A-5, JAYMANGAL HOUSE, OPP. GANDHIDHAM STATION, ELLISBRIDGE, AHMEDABAD	India
S2-947979277	Mayhew and  Powell Inc.	1249 Nicholas Ln, NORTH LIBERTY, IA	US
S2-688705247	অ্যাপেক্স ইনফ্রা প্রাইভেট লিমিটেড	BLOCK - M - 35 BAISHNABGHATA PATULI TOWNSHIP, KOLKATA, HOWRAH, পশ্চিমবঙ্গ	India
S2-942703974	ग्रीन लॉजिस्टिक्स	उत्तर प्रदेश, UTTAR PRADESH, AGRA, D 50FOUNDRY NAGAR AGRA	India
S2-929652911	NORTH  TGE L.L.C.	8015-8017 SAHUARO, GUADALUPE, AZ	US
S2-81051642	Bangalore  India Private	#5- , MCHS, 14TH MAIN, 15TH CROSS SECTOR 4, HSR LAYOUT, BANGALORE, Karnataka	India
S2-349505159	VALUE PRFFERRED TAIWAN  LLC	GROVER CITY, MO, 233 MEADOWS OF WILDWOOD BOULEVARD	US
S2-465808295	Office of Parks and Recreation Corporation	1409. MADISON AVE, TORNTO, OH	US
S2-84916116	SHREE PRODUCER [PRIVATE-LIMITED]	NO. 356 C/O SUNITA PANDURANG KOTHALE WARD NO. 1 NEAR GRAM PANCHAYAT AT PO SHELUBAZAR, MANGRULPIR, महाराष्ट्र	India
S2-384649159	Maxi Ligons Smárt Waste Inc	MN, 56th St, CLEAR LAKE	US
S2-910051530	The The Unified Defense Holdings	#2661 IDLE RD, SAINT PARIS, OH	US
S2-468145753	Urology Cibnic	2026 SANY DR, FERGUSON TWP, PA	US
S2-149674712	NKN ENERGY PRIVATE LIMITED	C/O SHRI KUSAN KARU KORE AT AMGAON TQ AMGAON DT GONDIA AT AMGAON, GONDIA, महाराष्ट्र	India
S2-40916276	V 9 Quality Grdiag Inc.	12245 261ST STREET, KENNT, WA	US
S2-793350156	Classic  Living	296 250, MILLVILLE, UT	US
S2-381183236	Limited Intense Supplers	HN 92 47, MATHURA, उत्तर प्रदेश	India
S2-325535737	siruvanitraders.com	Delhi, 634, S.F. BASEMENT RIGHT SIDE, GALI NO. 7, GOVINDPURI, KALKAJI	India
S2-190813785	Templeman  Legacy Bleichroeder LLC	TN, KNOXVILLE, 6104 JILSON RD	US
S2-138853941	WILKE  KODIAK	20345 DE ARBOLES, QUEEN CREEK, AZ	US
S2-188149070	Harrison Equity Partners L.L.C.	06 GRANT AVENUE, PRAIRIE GROVE, AR	US
S2-73494933	Viex Signature Mortgage LLC	3855  Kipling Dr, OWENSBORO, KY	US
S2-704927773	Platinum Automation Clloeive Corp	1300 COCONINO RD, AMES, IA	US
S2-514484527	Miller Purecycle	1051 DIRKSEN STREET, FAIRFAX COUNTY, VA	US
S2-268308709	ସାଉଥର୍ନ୍ ହେଲ୍ଥକେୟାର୍ ପ୍ରାଇଭେଟ୍ ଲିମିଟେଡ୍	BLOCK ROAD LATHIKATA, SUNDARGARH, Odisha	India
S2-538535409	North Energy	OFFICE/ SHOP NO. FF 005, SUPAR BAZAR 1 NANA KAPAYA, MUNDRA, Gujarat	India
S2-864780624	ICONIC MEMORIAL COMPANY TRUST	N.1-7, HEROOR, UDUPI, UDUPI, Karnataka	India
S2-787677523	Private Lucky Ínstitute Limited	Gujarat, AHMEDABAD, NR. EVERGREEN PARTY PLOT, TP 406, BHADAJ, DASKROI, FP NO. 37/1, AHMEDABAD	India
S2-643906637	जैन केयर प्राइवेट लिमिटेड	PL 29/30, Maharashtra, PUNE	India
S2-873590594	Foot and Ankle  Center Inc Society	121 SWAN STREET, BATAVIA, NY	US
S2-735411614	Tamilnad (India) Agro Pvt [Limited]	Maharashtra, M. NO. ##925, AT POST BUDHGAON TAL. MIRAJ	India
S2-364126029	Gurunanak-(Academy)	2 , SHIV PARK COLONY, <NULL>, Rajasthan	India
S2-500829006	#zebay	10162 POWERS LAKE POINT, WOODBURY, MN	US
S2-882822003	Beacon Móbility Systems Group	2ND ST, BELLWOOD BOROUGH, PA	US
S2-919205053	Richards Coastal Resilience	#345 400, PAYSON, UT	US
S2-602303606	Mr Rhs Co Trading	6549, NEHRU GALI, DHARAMPURA, GANDHI NAGAR, EAST DELHI, Delhi	India
S2-659181585	Private Ultra Itedries Limited	PLOT 943 IN FRONT OF RANCHORE TEMPLE GINDORE JHALRAPATAN, NULL, JHALAWAR, Rajasthan	India
S2-389612211	LLC Aiello and Crumrine Gerlach	IN, 636 ARROWRIDGE DRIVE, EVANSIVLLE CITY	US
S2-96670171	BEACONTAYLOR.COM	1253 PANORAMA DRIVE, BIG BEAR CITY, CA	US
S2-633709950	MATHIS HIGHLAND HIGHLAND STAKING	1950 GREENBRIER RD, BUCHANAN COUNTY, VA	US
S2-855179782	NIELSEN MEDICINES		US
S2-285821141	India Santosh	H.NO 216- HOUSE NO. 4/38/8 SANCHALI BZAR, BANGA, Punjab	India
S2-301620193	TD  EYE	H.NO 6 , KH NO-18/25, MAIN ROHTAK ROAD NANGLOI, EX -3, NEAR LOKESH CINEMA, DELHI, Delhi	India
S2-22693351	Behavioral Health Vánguard Care Associates Council	WV, PROCTOR, 108 CROSS CREEK LN	US
S2-453409764	Hygienic Traders  Limited	#470  , ANNA SALAI, CHENNAI CITY CORPORATION, Tamil Nadu	India
S2-640766395	Dermatology Compete Partners, LLC	GREENVIEW AVENUE, CHICAGO, IL	US
S2-221977072	Shri Gurunanak  Academy	2 , SHIV PARK COLONY, Rajasthan, <NULL>	India
S2-481512923	Schutz Wen (PLLC)	605 PHEASANT KNO, MCKINNEY, TX	US
S2-739906391	PRIVATE BENGALURU ORGAN LTD	ST. MARKS ROAD, BANGALORE, Karnataka, NO. 16, BANGALORE	India
S2-101557911	Best Investments Private Ltd	UPPER GROUND FLOOR B-1/455, JANAK PURI, NEW DELHI, Delhi	India
S2-69235349	Properties Ss Fámíly Co	482 & 433, 25TH MAIN, 2ND COSS, BTM LAYOUT 2ND STAGE, BANGALORE, ಕರ್ನಾಟಕ	India
S2-416096882	Primary Primary Care Elite Clinic Inc.		US
S2-383459669	MODERN AEROSPACE GLOBAL L.L.C.	MINNEAPOLIS, MN, 5117 UPTON AVE	US
S2-984253651	Nectar Susfactants Private Limited	SARENGA, SARENGA, West Bengal	India
S2-134714413	PARTNERS HEALTH VISION	1316 B NM HIGHWAY 528, RIO RANCHO, NM	US
S2-32698110	2010 Broadway Pmeec Realty Inc	00501 321, YOKR, SC	US
S2-33826971	Karunamoyee India-Pvt. Ltd.	SHOP NMO-##24, GRD FLOOR, B-42-43 SHANTI NAGAR SECTOR-1, MIRA ROAD (E), MIRA ROAD (E), Maharashtra	India
S2-69920392	M/s Shiv Chit Limited Center	E-C-223, ROAD NO.10, V.K.I. AREA, Rajasthan	India
S2-334370815	>> HARTON VETERINARY  CLINIC	4889 76RD ST, null, MUKILTO CITY, WA	US
S2-473593365	cleansuellenmendoza.com	11 1/2 CROSS RD, HAVERHILL, MA	US
S2-405164810	Jordana's National  Ventures		US
S2-785281368	RMS SAVE LIMITED CENTER	H.NO 111 , SAI PRIYA COLONY, DAMMAIGUDA, NEAR ECIL, Telangana	India
S2-44114529	STATESVILLE  IRNTERSAET JENA	851 TOMLIN MILL ROAD, PMB 9423, STATESVILLE, NC	US
S2-784037995	India Private Securities Aiswarya Limited	P.N.5, S.N.561/1A, NR.WATER TANK, DHATRAK FATA, ADGAON, NASHIK, N/A, Maharashtra	India
S2-608115751	Dermatology Complete Partners, L.L.C.	2631 GREENVIEW AVE, CHICAGO, IL	US
S2-189593482	Pentagon Ínstitute of Technology	दिल्ली, F-4/G1, EAST JYOTI NAGAR, LONI ROAD, SHAHDARA, NORTH EAST DELHI, <NULL>	India
S2-6519253	DQH  Services	NUGENT AVE, JOHNSON CITY, TX	US
S2-171747326	Sri shyam technology private limited	#6/1 PC INDUSTRIAL AREA, SAJJEPALYA KAMAKSHIPALYA, BANGALORE NORTH, ಕರ್ನಾಟಕ	India
S2-676138657	Surgical Frontier-Care LLC	FORT WORTH, ROCKPORT LN, TX	US
S2-23791824	Mr Ideal  & Sons Private Limited	226, 4TH CROSS, 35TH MAIN BTM LAYOUT 2ND STAGE, BANGALORE, Karnataka	India
S2-791287182	Back-Alley	CAROL STREAM, 670 SAINT CHARLES ROAD, IL	US
S2-642808935	TRI-5TATE TRI-5TATE ROMAN CORP	2211 KILBORNE DR, CHARLOTTE, NC	US
S2-680203948	Brixevo	394 PEDERNALES DR, SMITHFIELD, NC	US
S2-475368526	Incorporated Kang Managers	903 GRANITE DELLS RD, PAYSON, AZ	US
S2-30523751	UNITED INVEST	7838 TAVERN STREET, HOUSTON, TX	US
S2-17443066	रॉयल ट्रेडिंग प्रा. लि.	#38 PASCHIM MARG VASANT VIHAR, SOUTH WEST, NEW DELHI, Delhi	India
S2-913194546	... FVX (INDIA)	U-161, TOP FLOOR, KRISHNA APPARTMENTS, SHAKARPUR, DELHI, NULL, Delhi	India
S2-821426372	सुपर फूड लिमिटेड	BLOCK E-831 C/O LILADHAR GOPCHAND BARVE, NAGPUR, महाराष्ट्र	India
S2-717787083	ગુજરાત ઇન્ટરનેશનલ પ્રાઇવેટ લિમિટેડ	H.NO 642 208, V3 LANDMARK BUILDING, NR. GOPINATHJI SHOWROOM ATLADARA PADARA ROAD, ATLADARA, VADODARA, Gujarat	India
S2-697070881	ELLIOTT CHOICE TRANSLATIONAL	245 FARRAGUT AVE, HASTINGS ON HUDSON, NY	US
S2-439637034	Core Consultants	66/D K.N.C ROAD, BARENDRA PARA, BARASAT, West Bengal	India
S2-946518204	strategicbetteroncology.com	60-34 251 STREET, LITTLE NECK, NY	US
S2-131811076	... Perident Transportation	OAK LAWN, 8816 MELVINA AVENUE, IL	US
S2-689638209	Mejia, Dévon T., DO, PC	002145 JOYCE PLACE, OXNARD, CA	US
S2-780174455	Children's Prrogam III	1425 BANNER CT, CANTON, OH	US
S2-839856607	Om Marketing Private Ltd	I-79 FIRST FLOOR ASHOK VIHAR ASHOK VIHAR PHASE I, NEW DELHI, Delhi	India
S2-638009767	Keloonyx	B.NO. 5 ADARSH ENCLEVE, <NULL>, JABALPUR, KATANGA, मध्य प्रदेश	India
S2-67751096	Trusted Cargo Stúdios	11713 SPRING CYPRESS RD, TOMBALL, TX	US
S2-863850234	BAY GOLDEN OBIC GRÓUP	#830 PRICE COURT, SACRAMENTO, CA	US
S2-605749127	langcoca.com	14335- 41ST ST, ALEXANDER, ND	US
S2-821706260	White and Ramos Flex	459 AIRLINE RD, MORGANFIELD, KY	US
S2-214415137	Reliable Talent Associates LLC	2928 SHARON DRIVE, IN, KOKOOMO	US
S2-119662867	Consultancy Balasai Services Private  Limited	महाराष्ट्र, FL NO 02, S NO 66, M NO 56/1, RITIKA COMPLEX, PUNE CITY	India
S2-939225179	Coble, Hussain and Hobson-North Inc	2375-2379 BURNS ROAD, DONGOLA, IL	US
S2-566971573	Private Suryam Services Límited	DOOR NO NESARI, TAL-GADHINGLAJ, KOLHAPUR, Maharashtra	India
S2-259821088	Harm0n Grand Printing Llc	1136 Kinzie Avenue, AKRON, OH	US
S2-441588596	#4 Banking	4413 RUSSELL AENUE, PEORIA, IL	US
S2-18060410	Nahata Services (India) (Center)	108, NEW CLOTH MARKET, PUR ROAD, BHILWARA, Rajasthan	India
S2-866546106	M/s Green Wears  Private Limited	A-331 A-BLOCK, INDIRA NAGA,R LUCKNOW, Uttar Pradesh	India
S2-199595304	C 6 Precision (Services)	103 NANTHALA CT, HERTFORD CITY, NC	US
S2-135804583	noor projects	FLAT NO. D/507- VARDHAMAN TOWNSHIP S NO. 44A SASANE NAGAR HADAPSAR, PUNE, Maharashtra	India
S2-78663308	All Industrial Inc	#1824 CABIN CREEK RD, DRY BRANCH, WV	US
S2-271731082	SOLUTIONS RAJANI CONNECT	S.NO1-07/1, FL-603, ASHIYANAOLDTOPHKHANA, SHIVAJINAGAR, Maharashtra	India
S2-161055786	Tellez Gss	16872 AVE OF THE FOUNTAINS, FOUNTAIN HILLS, AZ	US
S2-795353344	Allied Netwcrk	0120 WEAKLEY LANE, SMYRNA, TN	US
S2-847210112	SOLIS CAPITAL PEMBINA		US
S2-259450464	MICRO DEVELOPERS	HN 757/2 HOECHST HOUSE, GROUND FLOOR VINAYAK KUMAR SHAH MARG, NCPA, NARIMAN P, OINT, MUMBAI, Maharashtra	India
S2-593433385	Orthopedic Trusted-Clinic Inc	223 28TH AVENUE, PO BOX 2360, MOLINE, IL	US
S2-857271980	Zack Fortis  Inc	8425 ESTES ST, KEN CARYL, CO	US
S2-305382908	Perfect Gdlol-Healthcare Limited	DOOR NO 6/220  D V P COMPLEX MANNAMPATTA PO KATAMPAZHIPURAM, PALAKKAD, Kerala	India
S2-817682698	SHOTWELL, AMALIE, L.C.S.W.-INC.	311 1/2 NEILSON RD, CHERRY VALLEY CITTY, NY	US
S2-530758638	Ravin Bharani Ltd.	BLOCK A-66 A-201, SHREE SAI TAPOVAN CHS LTD BHD SWASTIK NAGAR, BHAINDAR EAST, BHAINDAR, महाराष्ट्र	India
S2-511417941	Fefeioech Inc	##1632 CHICAGO AVE, MINNEAPOLIS, MN	US
S2-666077341	Lower Charter School Inc	36 JEWEL ST, <NULL>, BROOKYLN, NY	US
S2-741757659	Buss Medical	411. GRANT ST, PO BOX 9156, SALT LAKE CITY, UT	US
S2-581823282	Graphic Consultants  Private	SURYA-ARCADE, COMMERCIAL COMPLEXOPP.SHIVAJIGROUND, MIRAJ, Maharashtra	India
S2-60159498	Devika  Asia-Pune	S NO 46 6 PLOT NO 1APAUD ROAD, PUNE, महाराष्ट्र	India
S2-683630590	प्रीमियर एग्रो प्राइवेट लिमिटेड	LALBAGH, Bihar, KOILATHAN, SUREKA AGENCIES NEAR MARWARI SCHOOL	India
S2-341002370	EDUCATIONAL BUSINESS PVT.  LTD.	NO 67 AT; BEGUNIA, KHURDA, Odisha	India
S2-934941071	Dibartolomeo &  Mcnulty	72 ROXBURY RD, WHITE HALL, WV	US
S2-810471605	Roverque Chemical-Ltd.	OH, 290 Champion Avenue, COLUMBUS	US
S2-253476475	Nylamirakor	VA, 7844 CULLODEN CRSET LN, GAINESVILLE	US
S2-177306405	Anvil P.C. Center	BROADWAY ST, CITY OF EDGERTON, WI	US
S2-443524262	Prime & Co Corporation	S-54, AASHIYANA AMAR BAGH, KUDHI, JODHPUR, Rajasthan	India
S2-37669255	శ్రీ ఇన్వెస్ట్‌మెంట్స్ ప్రైవేట్ లిమిటెడ్	PLOT NO.240, SY.NO.1098/AA TO 110, SENTHAN GREEN PARK, MAHBUBNAGAR, MEDAK, తెలంగాణ	India
S2-44711005	Elite Energy	LOUISVILLE, 134 FNLEY AVE, KY	US
S2-645509967	JE  C0m Pvt.	SHOP NO. ##8 1ST FLOOR, POCKET NO. B/70, SECTOR 33, NOIDA, Uttar Pradesh	India
S2-351287828	Coastal  Garden	15 CAVERSHAM WOODS, PITTSFORD, NY	US
S2-922064151	WEST CÓRNERSTONE GOOD INC.	632 SAINT ANNS AVE, BALTIMORE CTY, MD	US
S2-555611513	Advanced  Tgagnsit Associates Inc	1321 MAIN STREET, RICHMOND CITY, VA	US
S2-329944668	Nelson (Montessori)	#295 FOWLER ST, ROSEBURG, OR	US
S2-929794306	Ironclad Inc.	BIRCHWOOD DR, DBUQUE, IA	US
S2-587538721	Vision Atlantic Physícians Inc	0305 ELEVENTH STREET, OCEAN CITY, MD	US
S2-403212586	नॉर्थ केयर प्रा. लि.	WEST DELHI, Delhi, DOOR NO 173 E-3/157, WEST DELHI	India
S2-813871122	ROCKY REGIONAL  CENTER	116 SHAW ROAD, TELLICO PLAINS, TN	US
S2-752672195	JONES'S  SIGNATURE ACCOUNTING	##53 WILLIE GREEN RD, LONDOON, KY	US
S2-234904445	V/Q LLC Partners	225 PENNSYLVNIA AVENUE, FREEPORT, NY	US
S2-308960341	The Mag Jones, CPA	01420 ST CHARLES ST, NULL, FT. BENTON, MT	US
S2-982231696	Mr Indiabulls & Bróthers	VILL BRAMHAULLI DHYAN, POST HARRIYA TEHSIL SAGARI, AZAMGARH, Uttar Pradesh	India
S2-61972308	Stylish Tieup  Company	Maharashtra, 6, ADARSH INDUSTRIAL ESTATE, SAHAR ROAD, ANDHERI (EAST)	India
S2-514980664	Mercado Assets-LLC	508 NINTH ST, NEWKIRK, OK	US
S2-522419210	ಬ್ರೈಟ್ ಕನ್‌ಸ್ಟ್ರಕ್ಷನ್ ಲಿಮಿಟೆಡ್	DOOR NO 1ST FLOOR, SPD PLAZA, 52, JYOTI NIWAS COLLEGE ROAD KORAMANGALA INDUSTRIAL LAYOUT, KORAMANGA, LA, BENGALURU, BANGALORE, Karnataka	India
S2-696377793	யுனிக் இண்டஸ்ட்ரீஸ் பிரைவேட் லிமிடெட்	DOOR NO 5, 2ND FLOOR, SRI SAI SANANTHA ANANTHA, 555, 556 POONGA NAGAR, COIMBATORE SOUTH, COIMBATORE, Tamil Nadu	India
S2-665642922	Ear Nose + Throat Care  of	COOS BAY, OR, 526 1/2 ELEVENTH SAINT	US
S2-242801802	Dr MARWADI-HOSPITAL	H.NO 159 INDRA PURI COLONY, INDORE, Madhya Pradesh	India
S2-446565099	Gandara Kochav	WASHINGTON, DC, 1234 GIRARD ST	US
S2-121982035	CREATIVE  LIGHT	H.NO 24 VAISYANAZHIKATHU VEEDU, ADICHANALLOOR VILLAGE, THAZHUTHALA, KOLLAM, Kerala	India
S2-665434538	Meenakshi &-Company	FL-1-B-1 PIMPALPAN S G R S.M. SNO-5 DHAYARI, PUNE, Maharashtra	India
S2-471898501	Gaman &	Maharashtra, FIRST FLOOR, OPP.BK 10-38, SECTION 24, KALYAN	India
S2-141224616	*** Minerals Private Limited Services	PROM ADD:B-15/B KALKAJI, SOUTHEAST DELHI, NEW DELHI, दिल्ली	India
S2-956329538	Reliable Wigatlh International LLC	413-A IVORY LN, NEWARRK, DE	US
S2-686628099	Iconic Trust Trust Company Services		India
S2-57663209	রয়্যাল ইঞ্জিনিয়ারিং লিমিটেড	West Bengal, CALCUTTA, LASKARHAT, GROUND FLOOR DAKHINPARA, MADHYAPARA, KOLKATA, 1287, HOWRAH	India
S2-991736697	Colonial Association Ltd	649 DELAVAN AVENUE, BUFFALO, NY	US
S2-526901135	WZ  Services LLC	CT, 30 ALEXANDER DRIVE, WALLINGFORD	US
S2-302968113	SPACE CDDLGNSULANTS	UNIT NO. 327, 3RD FLOOR, SUNCITY SUCCESS TOWER, SEC-65, BASAI ROAD, हरियाणा	India
S2-602705036	jamessassociates.com	OR, <NULL>, 8609 LEONARD STRDET, PORTTLAND	US
S2-392968604	ALLUMS, HUSEBY AND	2826 MASSACHUSETTS AVE, TOPEKA, KS	US
S2-645795198	गैलेक्सी फूड प्रा. लि.	SOUTH DELHI, NEW DELHI, 27 MAIN MARKETLODHI COLONY, Delhi	India
S2-311987088	Digipro (Sevalal)	B-703/702, 7TH FLOOR, FLEXCEL PARK, 184-87, S. V. ROAD, JOGESHWARI WEST, JOGESHWARI WEST, Maharashtra	India
S2-53714739	HAZOOR PVT. LTD. SERVICES	WARD NO. 177 KHAVO KA MOHALLA, GUDA VISHNOIYAN TH. LUNI, LUNI, Rajasthan	India
S2-638127315	Barr & Mccorkle	3C RIVER STREET, WINCHESTER ICTY, MA	US
S2-132138211	HINTON BLUE (BOA)	34024 VAN DUYN RD, EUGENE, OR	US
S2-381334961	Munoz & Cndatllo Inc	460 Golf Club Lane, CROSSVILLE, TN	US
S2-203323285	Allen Légato	12 EDGEWATER ESTATES, PLATTSBURGH, NY	US
S2-488571389	Limited India Ic Security Private	FNB3/206, HNO2-22-263/2/26NR, SECONDFLOORBANKERCHAMBERS, HYDERABAD, TIRUMALAGIRI, Telangana	India
S2-180176264	inc ivenan hotels,	3603 CADILLAC CT, ROCKFORD, IL	US
S2-591327714	WOODLAND APARTMENTS PEDDAR ROAD LOGISTICS PRIVATE	DOOR NO 5 B-2, WOODLAND APARTMENTS PEDDAR ROAD, Maharashtra	India
S2-902766882	8rook Limited Services	#317-A SHAH AND NAHAR INDUSTRIAL ESTATE, MUMBAI, Maharashtra	India
S2-669706671	HINES  MOUNTAIN	5-B GORSLINE DRIVE, HALFMOON, NY	US
S2-226968541	सेवन कंसल्टिंग प्राइवेट लिमिटेड	B SHOP 365, PIMPRI COLONY, PUNE REGION, PUNE, Maharashtra	India
S2-220024484	Devpujan Ida (India) Corp	HN 53 ATTAR GALLI, NEAR CENTRAL LBRARY, GULEDGUDDA, BAGALKOT, Karnataka	India
S2-390306309	Maid Cleaning  Service Group	CLARKSVLILE TOWNSHIP, IN, 1440 VETERANS PARKWAY COURT	US
S2-800440852	Dermatology Care Associates of  Holly Springs LP	7281 42, HOLLY SPRINGS, NC	US
S2-460929618	വൺ വെഞ്ചേഴ്സ് പ്രൈവറ്റ് ലിമിറ്റഡ്	ERNAKULAM, B16 GREEN VISTAS PRAKRITI, EDACHIRA, KAKKANAD, BLOCK 1, കേരളം	India
S2-161517633	ગોલ્ડન બ્રાઇટ કન્સ્ટ્રક્શન લિમિટેડ	SOHP M/5M6, SY NO. Z/4/A/2, 4/A/3 4/A/4, EMPIRE STATE BUILDING, RING ROAD, SURAT, ગુજરાત	India
S2-245308004	Zephova Inc Peoples	WA, SPOKANE, 6748 SUTHERILN ST	US
S2-968696369	CLINICONCOLOGYCOLUMBUS.COM	005 FRANKLIN ST, COLUMBUS, IN	US
S2-472898438	Firefighters Local  923 Center		US
S2-704703560	Custom Talent Associates Corporation	46940-46942 BOE'S DR, PELICAN RAPIDS, MN	US
S2-489891653	M/s Siddhanath Limited Private Mauli	পশ্চিমবঙ্গ, #161/1 MAHATMA GANDHI ROADEOOM NO. 34, KOLKATA	India
S2-389794134	Sr Co Services	Haryana, SPACE NO 30, 3RD FLOOR EROS CORPORATE PARK, IMT MANESAR	India
S2-57213003	Rédwood	ROANOKE CITY, 1710 FRANWILL AVE, VA	US
S2-23835768	Roon LLC Center Center	AZ, AVONDALE GOODYEAR, 3105 MEADOW DRIVE	US
S2-245773233	Red सर्विसेज प्राइवेट लिमिटेड		India
S2-725724389	MOORE LEGACY	15 DAVENPORT ROAD, SPRUCE PINE, NC	US
S2-526477293	Piedmont Fund	ND, 3000 MNICONJU, FORT YATES	US
S2-500224249	horizoncurrencysharespartners.com	1039 Sixth Avenue, TROY CITY, NY	US
S2-798816390	Great Inc Resilience Diamond	8300 Hawkins Creamery Road, GAITHERSBURG, MD	US
S2-63756434	#willow	244- ANTLER AVENUE, REDMOND, OR	US
S2-855404825	Beacon Great Stonebridge Llc	5209 30RD STREET, FORT SMITH, AR	US
S2-548771687	KDH WELFARE SOCIETY CENTER CO	PLOT NO 74- , GROUND FLOOR, SHIRIDINAGAR COLONY, ALMASGUDA, BADANGPET, HYDERABAD, Telangana	India
S2-200710426	PRIVATE LOTUS RAM HOSPITALITY LTD	DOOR NO 23 1004, MUMBAI, MUMBAI CITY, Maharashtra	India
S2-320315969	NATALYA HARDER, DDS CORP	6816 COTTAGE GROVE LN, OAKVILLE, MO	US
S2-814485907	Gnk Smart (India) Prívate Limited	A-3/221 IIND FLOORSECTOR-17 ROHINI, NEW DELHI, दिल्ली	India
S2-444002706	skhed.com	A-C-6 604 GENESIS CO, KHED, PUNE, Maharashtra	India
S2-733952827	Shri Sai Ifrasstrctrue Pvt Ltd Ltd	FLAT NO G-93 THIRD FLOOR POCKET 3C SECTOR 16B, DWARKA, NEW DELHI, Delhi	India
S2-234043636	Person Medical-Center LLC		US
S2-692386965	MEENAYA BRIGHT LTD	B/1 YAMUNA FLATS 16TH STREET NANGANALLUR, CHENNAI, Tamil Nadu	India
S2-877145329	Mr HALOKELO	#231 H. NO.-475, H BLOCK, GURGAON, PALAM VIHAR, Haryana	India
S2-556770374	Teor	318 BIDDLE SAINT, BALTIMORE, MD	US
S2-25948909	जैन कंसल्टेंट्स प्राइवेट लिमिटेड	#1 JAI SHREE GANESH BHUV, VINAYAK NAGAR ROAD, THANE, Maharashtra	India
S2-606290625	Trinity Israel	307 DEWEY RD, PANGBURN, AR	US
S2-180095145	SEKA'S [PLUMBING]		US
S2-952072343	Private Sixth Technomarketing [Limited]	C/O SANKAR KARAN, VILL+PO- UCHITPUR, SABANG, WEST BENGAL	India
S2-668199505	Kartikeya &	1, UPPER WOOD STREET, West Bengal	India
S2-809263359	Lyar L.L.C.	6 PERKINS RD, BARKHAMSTED, CT	US
S2-935201949	Griffin Modern Cheical	1531 600, SULLIVAN CDP, IN	US
S2-717171450	ಲಕ್ಷ್ಮಿ ಪ್ರಾಜೆಕ್ಟ್ಸ್ ಪ್ರೈವೇಟ್ ಲಿಮಿಟೆಡ್	D417, 3RD FLOOR BRIGADE SPARKEL, VISHWESHWARNAGAR MYSORE, MYSORE, Karnataka	India
S2-703019437	Shotwell, Amltie, L.C.S.W. Inc.	311 1/2 NEILSON ROAD, CHERRY VALLEY CITTY, NY	US
S2-200999783	Seven Ventures		India
S2-798032463	Privase Kaverita Business Limited	পশ্চিমবঙ্গ, HOWRAH, FLAT GR-C-1, KOLKATA	India
S2-643867139	Home Management	H.NO 500 187, RABINDRA SARANI 2ND FLOOR, ROOM NO-75, KOLKATA, West Bengal	India
S2-672413592	SIRUVANI TRADERS	634, S.F. BASEMENT RIGHT SIDE, GALI NO. 7, GOVINDPURI, KALKAJI, Delhi	India
S2-102998932	Smith Rocky Championsgate	3- ROSE BUD LN, NANTUCKET, MA	US
S2-916110169	HOEKSTRA & NIETO L.L.C.	1039 OAK MEADOWS ROAD, BIRMINGHAM, AL	US
S2-214178729	TRI-STATE ROMAN CORP	2211 KILBORNE DRIVE, CHARLOTTE, NC	US
S2-415896225	Regional Environmental	1117 Gregg Street, <NULL>, RALEIGH, NC	US
S2-694627690	#marwadihospital	Madhya Pradesh, NO 159 INDRA PURI COLONY, INDORE	India
S2-323732500	GARRETT MIDWEST BAKERY INC.	1216 SLAUGHTER ROAD, MADISON, AL	US
S2-43190864	Smt Continental Infrastructure	#7 C 3TEACHERS COLONY BAGALUR ROAD, HOSUR, Tamil Nadu	India
S2-832726751	Balderas-Biracilik	7454 SR 113, BERLN HEIGHTS, OH	US
S2-635330216	આલ્ફા ઇન્ફ્રાસ્ટ્રક્ચર પ્રાઇવેટ લિમિટેડ	G / 5INDUSTRIAL- ESTATE GORWA, BARODA, NULL, Gujarat	India
S2-85383623	Ahmedabad Sales Private Ltd	HN 00139 445, 4TH FLOOR, YASH ARIAN, NEAR SWAMI VIVEKANAND CHOWK, MEMNAGAR, AHMEDABAD, Gujarat	India
S2-632864222	रेड इंफ्रा प्राइवेट लिमिटेड	H.NO 235 C/O BHAUSSAHEB GODASE, BABHULGAON BK, SILLOD, AURANGABAD, Maharashtra	India
S2-511198064	Continental Hospitality	HN 827 C-56 GROUND FLOORSOUTH EXTENSION PART-I, NEW DEIHI, Delhi	India
S2-444405443	Mr Lokhandwala Trust Co	#22 , SECOND FLOOD, ANWER MANZIL, 10TH CROSS, 6TH MAIN, VINAYAKA NAGAR, ANNASANDRAPALY, A, BANGALORE, Karnataka	India
S2-990775590	Lura Snchez, MD, P.C.	2172 SALEM STREET, APEX, NC	US
S2-377519326	Kesar Agrotech Pvt	SHED-22 KESHAV INDUSTRIAL PARK, OPP. JAY RADHE RESIDENCY, KATHWADA SINGARVA ROD, DASKROI, Gujarat	India
S2-281134571	Cultural Association Modern		US
S2-755776575	Norsthwidn LLC	VA, 7844 CULLODEN CREST LN, GAINESVILLE	US
S2-310780152	Mahadhan (India) Care Private	243 KUBER COMPLEX NEW LINK ROAD ANDHERI WEST, MUMBAI, Maharashtra	India
S2-558021871	>> Lura Sánchez, MD, P.C.	NC, 2172 SALEM STREET, APEX	US
S2-604028666	Inc Optimal Agricultural Products Of Shelby	711 DEKALB ST, SHELBY, NC	US
S2-848920028	Services Kestify Inc	CASA MORENA CIR, MIDVALE, UT	US
S2-952700022	Pediatric-Dental Signature [Associates]	DUVALL, 280TH LANE, WA	US
S2-857731353	J/G ÚANALAT	2744 COLTER STREET, PHOENIX, AZ	US
S2-172218534	INC HKD DFF	985 10600, SANDY, UT	US
S2-783916332	गोल्ड इंफ्रा प्राइवेट लिमिटेड	NO 085 GOPAL NAGAR-A GOPAL PURA BYE PASS, JAIPUR, Rajasthan	India
S2-245574081	পারফেক্ট ইন্ডাস্ট্রিজ লিমিটেড	NO. 0636 FL/NO-B/1B 52/6 V.I.P. ROAD, RAJARHAT GOPALPUR, PARVATI VIHAR P-1, NORTH XXIV PARGANAS, NORTH 24 PARGANAS, West Bengal	India
S2-520550458	VISION TRUSTED SPECIALISTS INC	9142 1/2 JUNEWOOD LN, FAIR OAKS, CA	US
S2-175368394	Sun Private Limited [Partners]	C-7 FIRST FLOOR SINDER DUMP YOJNA SARDARI KHERA ALAMBAGH, LUCKNOW, Uttar Pradesh	India
S2-750814407	गोल्ड इंफ्रा प्राइवेट लिमिटेड	085 GOPAL NAGAR-A GOPAL PURA BYE PASS, JAIPUR, Rajasthan	India
S2-729281454	Indu Institute	X111/488, MEEMPARA.P.O PUTHENCRUZ, COCHIN, Kerala	India
S2-48077970	Horizon-Currencyshares Partners	1039 Sixth Avenue, TROY CITY, NY	US
S2-994285113	Mountain Complete Ápex P.C.	8803 Blue Lick Rd, LOUISVILLE, KY	US
S2-689806371	DELTA KARMAN INC	GREEN DRIVE, AVILLA, IN	US
S2-564924695	Silva Runway  Inc	#1012 THORNHILL DR, BEAR, DE	US
S2-115299688	Golf Educational  Society Corporation	03, AASHIRWAD CHGS, PLOT NO. 104, PATPARGANJ (I.P. EXTENSION, ), DELHI, Delhi	India
S2-696251923	বিজয় সার্ভিসেস প্রাইভেট লিমিটেড	পশ্চিমবঙ্গ, ##5/2, NORTH NOWDAPARA ROAD ARIADAHA, KOLKATA, HOWRAH, KOLKATA	India
S2-534690334	Complete Systems Ehquimty	001004 MEADOW CREST DR, PELLA, IA	US
S2-229181958	யுனிவர்சல் புராடக்ட்ஸ் பிரைவேட் லிமிடெட்	SAI SAMUTHIRA, EKKATTUTHANGAL, CHENNAI, தமிழ்நாடு	India
S2-682341564	Corner Bárbershop		US
S2-894138222	Magma Clinic (Center)		India
S2-860355097	Mumbai Bricks Private-Limited	401-D, FOURTH FLOOR, OPP. ASIAN PAINTS L.B.S. MARG, BHANDUP (W), MUMBAI, Maharashtra	India
S2-740790891	COLUMBUS YOUTH  TRUST LLC		US
S2-26570026	carroll choice melar llc	1144 HEWITT AVE, CANTON TOWNSHIP, PA	US
S2-26287267	Smt YAHWEH ENGINEERING PRIVATE LIMITED	NO 869/2 JORI KAWADEWASTI, JAMBUT PUNE, SHIRUR, JAMBUT, Maharashtra	India
S2-33734545	Sn Infracon Pvt. Ltd.	C/O. CHHAGNA RAM, HADETAR, SANCHORE, JALORE, राजस्थान	India
S2-26442988	HALOVEODELTA	#830 PRICE CT, SACRAMENTO, CA	US
S2-627269333	Willabella Toliver Value Rre Corporation		US
S2-153615035	NEW LEFI BAPTIST CHURCH (LP)	24902 HAVERFORD RD, SPRING, TX	US
S2-92751996	BURTON, KENT AND WISE	19761 CHELFEA WAY, BLOOMINGTON, IL	US
S2-408136991	Partners Sarasan Limited	09133, BLOCK CHESTNUT, GH 04 MAHAGUN MYWOODS, NOIDA, GAUTAM BUDDHA NAGAR, उत्तर प्रदेश	India
S2-987763735	Sangeeta Brothers  Limited	H.NO 6 UDAYNAGAR BENGERI ROAD, HUBLI, DHARWAD, Karnataka	India
S2-180222356	Gevue Ggn Electricity, Inc	966 WINSLOWS MILLS RD, WALDOBORO, ME	US
S2-888572285	Alliance lndia Pvt  Ltd	F.NO 401/402, 4TH FLOOR, HICON HEIGHTS PLOT NO 108, 24TH ROAD, BANDRA WEST, MUMBAI, महाराष्ट्र	India
S2-934899293	Nexdova	317 KENDALL DOWNS BOULEVARD, TONEY, AL	US
S2-540677388	Piedmont Trct VI LLC		US
S2-546351096	DUNN, FREEMAN OLSON STANDARD LLC SERVICES	2202 COMMERCE PKWY, LA GRANGE TOWNSHIP, KY	US
S2-854040901	Aarvansh Farms #72243	GF-03, ANUSHRI COMPLEX, NR. CHAMPANER SOCIETY, USMANPURA, AHMEDABAD, Gujarat	India
S2-519349079	Cure  Hypnosis-Inc	2235 Baltimore Road, COUNCIL, NC	US
S2-207444027	Stevenson Pdoje Pdoje	1383 BOYLSTON ST, BOSTON, MA	US
S2-445063975	FLORES ÁSSETS PC	HAYS, 507 SAWYER RD, NC	US
S2-698385171	KDH WÉLFARE SOCIETY CENTER	74- , GROUND FLOOR, SHIRIDINAGAR COLONY, ALMASGUDA, BADANGPET, HYDERABAD, Telangana	India
S2-466080496	Bbrucgh Bbrucgh Of PLLC	5240 SARAH JANE CIRCLE, KEARNS, UT	US
S2-201772032	Oncology Clinic Cólumbus	005 FRANKLIN ST, COLUMBUS, IN	US
S2-244782652	सूर्या टेक प्राइवेट लिमिटेड	#168, N/A, SIRSA, Haryana	India
S2-743348769	Human Ministries Rights	##633 SYCAMORE ST, PORTSMOUTH, OH	US
S2-663078507	Christenson Choice Boutique Inc	69- TIMBERWILDE DR, TRINITY, TX	US
S2-673265106	Wood, Schoen & Smith [LLC]	512-516 LIBERTY DRIVE, WHEATON, IL	US
S2-6831339	Keystone Delta Suisse, Llc		US
S2-149169876	Ceus Group Services	3195-3197 LOOP RD, STEELE, AL	US
S2-16125425	बिग इंफ्रा	FLAT NO. 307, Rajasthan, UDAIPUR, GIRWA, BAPNA HOUSE, MB HOSP. SETH JI KI BADI	India
S2-612519038	Statesville-Interstate Jena	851 TOMLIN MILL RD, PMB 9423, STATESVILLE, NC	US
S2-553607526	Best Marine Group	Flatstar Dr, SUNBURY, OH	US
S2-407149621	Mumbai Learning	HN #997 3-B, MATRU MANDIR, 278 TARDEO ROAD, MUMBAI, Maharashtra	India
S2-236816546	KT LAB,	354 6RD AVENUE, GUIN, AL	US
S2-564304316	@kliinfratech	Delhi, C-2/20 SAFDARJUNG DEVELOPMENT AREA, NEW DELHI	India
S2-272550736	ತಿರುಪತಿ ಸಾಫ್ಟ್‌ವೇರ್ ಪ್ರೈವೇಟ್ ಲಿಮಿಟೆಡ್	GILGAL BUILDING 2ND FLOOR, BANGALORE, BANGALORE NORTH, Karnataka	India
S2-53154387	Brightic  Gesher Clinic	2292 31th Ave, BOTHELL, WA	US
S2-82668321	ARC CONSTRUCTIONS PRIVATE [LTD]	#2003/6 SWAPNALOK BLDG NO 2 WING B MALAD EAST, SWAPNALOK LAYOUT PIMRIPADA RD, MALAD EAST, Maharashtra	India
S2-632839410	शिवा इंफ्रा लिमिटेड	A-601, THANE, Maharashtra	India
S2-706537922	Palc0 Cardamom Private Ltd	DURGAPUR INDUSTRIAL ESTATE NASSER AVENUE, DURGAPUR, পশ্চিমবঙ্গ	India
S2-389632261	கோல்டு ஐடி பிரைவேட் லிமிடெட்	NO: A-2E, SRIRAMAN NAGAR, IST STREET VIGNARAJAPURAM, VENGAIVASAL, CHENNAI, Tamil Nadu	India
S2-958318473	Khed Services	A-C-6 604 GENESIS CO, OPERATIVE HSG SOC LTD, KHED, महाराष्ट्र	India
S2-258216372	ईस्टर्न टेक्नोलॉजीज प्राइवेट लिमिटेड	123, ARYA NAGAR S.K. ROAD, SAHARANPUR, MEERUT, Uttar Pradesh	India
S2-235778176	Troester Outdoor Llc	141 MAIN STREET, ANSON, ME	US
S2-13363084	Vikash Public  School	2 OC GANGULY SARANI, ALTITUDE BUILDING, 6TH FLOOR, KOLKATA, KOLKATA, West Bengal	India
S2-603572862	Desert Network	9 1/2 ELIZABETH CIR, LONGMEADOW, MA	US
S2-176673418	Twisted Deli	2433 GRND AVENUE, WAVERLY, IA	US
S2-677020068	VISION  TRUSTED SPECIALISTS INC | www.visiontr.com	9142 1/2 JUNEWOOD LN, FAIR OAKS, CA	US
S2-501314044	Ceor Star Innovative Inc	BEATTIES FORD RD, CHARLOTTE, NC	US
S2-797826315	North Keystone Hamilton Corp	11904 KINGSBURY CT, HENRICO COUNTY, VA	US
S2-642343776	ಮಾ ಫುಡ್ಸ್	#661, J.C.S.T.M BLOCK, KUVEMPUNAGARA, MYSORE, Karnataka	India
S2-16387889	TITECH ÁTLANTIC BTC L.L.C.	0024250 ASHER HOLLOW LN, TX, KATY CITY	US
S2-598812629	Cain Blúe Pmv Llc	5412 FM 1486, MOONTGOMERY CITY, TX	US
S2-759923622	Technologies Saw Infrastructures Ltd	C/O LEKH RAM, KATHOOWAS, NEEMRANA, Rajasthan	India
S2-16555423	Sri MAHESHWARI PAPER  LLP	NO 54/5A2, SALEM MAIN ROAD, PANRUTI, தமிழ்நாடு	India
S2-802169070	sg mata pvt. ltd.	NO 1137/11 PARAG OPP POLICEGROUND OFF F C ROAD SHIVAJINAGAR, PUNE, Maharashtra	India
S2-716665424	फ्यूचर फाउंडेशन लिमिटेड	FLOORÂ5, 2, MARATHON ICON, GANPATRAO KADAM MARG OPP PENINSULA CORPORATE PARK, LOWER PAREL, (W), 007, MUMBAI, MUMBAI CITY, Maharashtra	India
S2-982624314	Federal Association Corporation	WOCRESTER, 605 MILLBURY ST, MA	US
S2-936576208	A & Z Equity	##100 COLT LOOP, KYLE, TX	US
S2-351191171	ग्रीन लॉजिस्टिक्स	AGRA, Uttar Pradesh, D 50FOUNDRY NAGAR AGRA, UTTAR PRADESH	India
S2-471737497	DADRI RESOURCES PVT. LTD.	Uttar Pradesh, K-002, SITE-5, KASNA, IND AREA, GR.NOIDA, DADRI	India
S2-184749125	Behavioral Héalth Value Astoicates LLC	38007 49TH AVENUE, WA, AUBURN	US
S2-187051119	YUVA TRADE TRADE LÍMITED CENTER	NO D104, PONNI DELTA, KALLANAI ROAD, SRIRANGAM, Tamil Nadu	India
S2-984513377	एस कंसल्टेंट्स प्राइवेट लिमिटेड	703., KANJURVINAYAK, CHSL DATAR COLONY BHANDUP, MUMBAI, महाराष्ट्र	India
S2-277651427	माँ एस्टेट प्राइवेट लिमिटेड	C-401, GWALIOR, Madhya Pradesh	India
S2-631860073	1155 Inc. Avenue Partners Lexington	603 Wisteria Street, MANSFIELD, TX	US
S2-322496702	Said Assets	5337- GALAPAGOS, TUCSON, AZ	US
S2-134124733	Sri Pratik 5ervices-Private	NO 564- A-37 ROAD NO 12 BANJARAHILLS, HYDERABAD, Andhra Pradesh	India
S2-695981130	RUBY HAYDEN ROYAL VERTICAL LLC	105 LAKE ST, CHISHOLM, MN	US
S2-123304728	Sawant Limited  Center	D/204, TILAK BAZAR, Delhi	India
S2-196190894	Frontier	10 Main Street, FAIRBANK, IA	US
S2-602752671	4096 PARK COURT PARRTFERS INC	GUTHRIES GREEN, SHACKLEFORDS, VA	US
S2-913051141	Byers Psemiter  Tree LLC	NY, 53 Alan Loop, STATEN ISLAND	US
S2-793703768	Adan Leon Optimal Blackstone (Inc)	200 MEADOW LN, PMB 8154, HARTSVILLE, TN	US
S2-281295402	24/15 Karbon Center Inc.	364 Wieuca Road, ATLANTA, GA	US
S2-556216753	Roleor-Kogyo LLC	16RD RD, NULL, VILLAGE OF KRONENWETTER, WI	US
S2-26022949	The Green Analytics Advisors Inc.	23509 MARION RD, NORTH OLMSTED, OH	US
S2-690058075	Colonial Associidstgnno	649 DELAVAN AVE, BUFFALO, NY	US
S2-331503847	Carpenter and Hitchcock	450 LITTLE CREEK DRIVE, DELAWARE, <NULL>, OH	US
S2-50281083	CAPITAL  MINISTRHIES	2923 MASTERS DR, DALLAS, TX	US
S2-967381053	DB Polestar	162 MAPLE AVE, ALTAMONT, NY	US
S2-219281345	>> nahataservicesindia.com	108, NEW CLOTH MARKET, PUR ROAD, BHILWARA, BASANT VIHAR, Rajasthan	India
S2-736882122	SKY HEIGHTS (INDIA) PRIVATE LIMITED	6-20-34, DURGA NAGAR, DURGA NAGAR, PAYAKARAOPETA, YELLAMANCHILI, VISAKHAPATNAM, ఆంధ్రప్రదేశ్	India
S2-878946602	ಏಸ್ ಲಾಜಿಸ್ಟಿಕ್ಸ್ ಪ್ರೈವೇಟ್ ಲಿಮಿಟೆಡ್	NO. 6, VINIR TOWER, STARTTOPIA HUB INTERNATIONAL 100FT MAIN ROAD, BTM 1ST STAGE, BENGALURU, ಕರ್ನಾಟಕ	India
S2-770446190	BISON SCIENCES,	5434- HUNTER RD, OOLTEWAH, TN	US
S2-858606249	Emerick LLC Saul	3307 VEGA STREET, HOUSTON, TX	US
S2-252918323	B 2 D Nexus Llc	9166 MADISON GREENS LANE, ORANGEVALE, CA	US
S2-686083420	Legacy Mobility Union, Ínc	1981 12, LINCKLAEN, NY	US
S2-556758117	पायोनियर डायनामिक हेल्थकेयर लिमिटेड	SR.NO.241/3/A- DATTA MANDIR ROAD WAKAD, MULSHI, PUNE, Maharashtra	India
S2-287216335	Private Thanjai Gold Ltd	12TH CHOPSANI ROAD, CHORAYA, JODHPUR, Rajasthan	India
S2-113444878	MAY Steels-Corp	Uttar Pradesh, B#1-1602, COUNTY 107, SECTOR 107, NOIDA	India
S2-931427778	TIIA (INC)	8702-B CAROL AVENUE, MEA, AZ	US
S2-19037471	The  Freeman and King Black LLC	1102 Norton St, ROCHESTER CTY, NY	US
S2-466091230	Pena Praentorain	ZANESVILLE, 2100 PINKERTON RD, OH	US
S2-883139601	VALUENEWS.COM	1549 ENCORE LANE, WAXHAW, NC	US
S2-344021784	TRAVERS  PACIFIC CMS INC	501 I STREET, ONTARIO, CA	US
S2-236705276	Coeus Projects Associates Company	802, JAGAT TRADE CENTRE FRAZER ROAD, Bihar	India
S2-874982824	COMPLETE EQUITY CENTER	001004 MEADOW CREST DR, PELLA, IA	US
S2-175941411	>> economic development program corporation	1410-1412 LA PAZ DRIVE, OJAI, CA	US
S2-589914503	West M0nroe Children's	032 CAMIC RD, BREWERTON, NY	US
S2-631694489	New Delhi Dealmark Privgate Limited	320/6, B-1, IJS PALACE, DELHI GATE BAZAR, DARYA GANJ, NEW DELHI, Delhi	India
S2-166895362	Partners Puri Company	MAHENDRA SATSANG ROADSWARGADWAR, PURI, ଓଡ଼ିଶା	India
S2-408133333	Harmon Grand Printing L.L.C.	1136 KINZIE AVE, AKRON, OH	US
S2-151540996	>> SOLYUMAKOR	WIEUCA ROAD, ATLANTA, GA	US
S2-402782449	शक्ति मीडिया लिमिटेड	VILL & POST ITIYATHOK MARKET KHARAGPUR ROAD, GONDA, Uttar Pradesh	India
S2-33552760	M/s Kesar Agrotech Pvt	SHED-22 KESHAV INDUSTRIAL PARK, OPP. JAY RADHE RESIDENCY, KATHWADA SINGARVA ROAD, DASKROI, ગુજરાત	India
S2-292396566	Irncfd	820 69RD AVE, CARRINGTON, ND	US
S2-185877078	North Inc Center	IN, HIGHLAN CITY, 9451 KLEINMAN RD	US
S2-869964072	Green Corporation	7-D Hunting Ln, LYNNFIELD, MA	US
S2-834156393	GALORE PAVERS PRIVATE  LIMITED	DOOR NO 1 37-B, AZAD NGR WELF COMM INDIRA NAGAR JARIMARI GALLI-2, KURLA, Maharashtra	India
S2-747929957	Martino and Andrade L.L.C.	765 SONNE DRIVE, ANNAPOLIS, MD	US
S2-579550757	Merilee Luthi, Partners		US
S2-968592743	CARE BROTHERS PRIVATE	NO.1A, SARGUNAR SALAI, NAGALKENI, CHROMPETCHENNAI, SRIPERUMBUDUR, Tamil Nadu	India
S2-444332437	venkataadvisors.com	PITASHRI INDUSTRIES RUPCHAND MHSAKE B51 MIDC PHASE3 NAGEWADI, JALNA, Maharashtra	India
S2-295303000	जैन ट्रेडिंग प्राइवेट लिमिटेड	H.NO 02 RATHOD HOUSE OPP, MUMBAI, Maharashtra	India
S2-503266593	baymontessorischool.com	06135 TECATE DRIVE, BROWNSVILLE, TX	US
S2-669148970	न्यू प्रॉपर्टीज प्राइवेट लिमिटेड	SHIV SHAKTI INTL SCHOOL, NARAYAN VIHAR MODE ASARPURA VILLAGE, GOPALPURA BYEPASS, JAIPUR, Rajasthan	India
S2-305031851	Summit Parybmtent LLC	4529-D BURGSTALLER CT, GROVE CITY, OH	US
S2-665266355	TH0MPSON CAPITAL PARTNERS CARE INC	9709 PERIMETER STATION DR, CHARLOTTE, NC	US
S2-575794988	Chere  Vela	201 MARY LN, CARY, IL	US
S2-460090137	EMBEE LOGISTICS PRIVATE (LIMITED)	NO. 77 , FIRST FLOOR, DESK # 10, 27TH MAIN, 13TH CROSS, HSR LAYOUT, SEC 1, BANGALORE, ಕರ್ನಾಟಕ	India
S2-976967110	इंडियन प्रॉपर्टीज प्राइवेट लिमिटेड	B-00201, OKHLA INDUSTRIAL AREA PHASE-1, NEW DELHI, Delhi	India
S2-807860534	VEER BROTHERS PRIVATE LIMITED		India
S2-992691529	Biddy-T. Ltd O.D. Torres,	2555 ERICKSON STREET, SACRAMENTO CITY, CA	US
S2-449990284	Wilson Reliable Elm LLC	390 ANJOU CIR, SACRAMENTO, CA	US
S2-481330067	JE Com Pvt. Limited	SHOP NO. ##8 1ST FLOOR, POCKET NO. B/70, SECTOR 33, NOIDA, Uttar Pradesh	India
S2-506297969	Surgical LLC Care Frontier	5825 ROCKPORT LANE, FORT WORTH, TX	US
S2-885914330	Meenu Doorstep Limited Center	1601, TOWER-4, UNITECH HARMONY, SECTOR-50, GURGAON, GURGAON, हरियाणा	India
S2-991331165	CORDOVA  PREFERRED INFORMATION	409-D LAWSON ST, HURRICANE, WV	US
S2-342465764	Moczygemba-Fresh Brc		US
S2-860262883	Prime Supply [Holdings]	011937 YARDARM DR, BERLIN, MD	US
S2-631989082	Advanced Office	258, TARBORO, NC	US
S2-254931099	Fox Fact Llc	002813 SARATOGA TRL, BILLINGS, MT	US
S2-447863182	MEGABUILDASSOCIATES.COM	205, 2ND FLOOR, ABHINAV APARTMENT B WING, SHRADDHANAND ROAD, VILE PARLE EA, ST, MUMBAI, Maharashtra	India
S2-343619765	DEMARS,, EVANGELIN PC INC CENTER	#8 WINDSHORE STREET, DENNIS, MA	US
S2-643359232	Metropolitan Legacy Inc Services	3 VILLAGE GREEN, PLYMOUTH, MA	US
S2-688803068	అర్బన్ బిల్డర్స్ ప్రైవేట్ లిమిటెడ్	2-067, E-22, MAHADEVAPURAM COLONY, HYDERABAD, MEDCHAL MALKAJGIRI, Andhra Pradesh	India
S2-953380320	UROLOGY SUPREME #2450	1431 Palladium Drive, CHESTERFIELD COUNTY, VA	US
S2-269662342	Travers Pacific Cms Incorporated	501 I ST, ONTARIO, CA	US
S2-977799543	ONCOLOGY MEDICINE	117 WESTFIELD LANDING, LA VERNIA, TX	US
S2-443971475	STAR AGRICULTURAL ALLIANCE (CORPORATION)	5044 COLLINA PLACE, SACRAMENTO, CA	US
S2-541010989	Innovative It Limited | www.innovative.com	UNIT NO. #309 3RD FLOOR ASHISH INDL EST GOKHALE ROAD SOUTH DADAR, MUMBAI, Maharashtra	India
S2-831254602	Halcyon Llc	19238-D FIELDS ROAD, HOUNSFIELD, NY	US
S2-504836586	Sargent Legacy 0riental  LLC	7760 PINTAIL DR, FAYETTEVILLE, NC	US
S2-554626649	CREEL AND TORRES GENETICS INC	5982A ORCHARD DRIVE, CINCINNATI, OH	US
S2-882882725	Oncology Golden Partners (Inc)	1420 HARMON AVENEU, BISMARCK, ND	US
S2-569617030	Rapid LLC Technologies Construction	317 KENDALL DOWNS BLVD, TONEY, AL	US
S2-298811732	Sunrise Engineering  Private Limited	NO 2 4TH CROSS MUNISWAMY REDDY LAYOUT, RAMAMURTHY NAGAR, BANGALORE NORTH, Karnataka	India
S2-61027505	hasantrust.com	2114 TULL AVENUE, FAYETTEIVLLE, AR	US
S2-705601722	mintathomasbig.com	374 HERRON DRIVE, NASHVILLLE, TN	US
S2-567938383	surgicalhealth.com	7033 VALHALLA RD, FT WORTH, TX	US
S2-558864781	Keque Inc Manufacturing Blue	610- DOGWOOD CREEK LANE, MATTHEWS TWONSHIP, NC	US
S2-155856679	Best Fóundation Private Limited	H.NO 4 HOSAKEREHALLI MAIN ROAD OPP.AGROMORE FACTORY BYATARAYANAPURA, BANGALORE, Karnataka	India
S2-134826424	Venkata Advisors	PITASHRI INDUSTRIES RUPCHAND MHSAKE B51 MIDC PHASE3 NAGEWADI, JALNA, Maharashtra	India
S2-360444015	AY Private Limited Center	023A, MASTER MIND IV, ROYAL PALM, AAREY COLONY MAYUR NAGAR, GOREGAON EAST, NULL, Maharashtra	India
S2-157472749	[LLC] ENVIRONMENTAL NETWORK	18256 KIRSTEN DRIVE, MILFORD, DE	US
S2-291834199	#h3	SANTA CRUZ, CA, 316 BRANCIFORTE AVE	US
S2-44875987	Flores Assets  PC	507 SAWYER RD, HAYS, NC	US
S2-13660715	behavioralhealthvalue.com	49TH AVE, AUBURN, WA	US
S2-797699933	rapidconstructiontechnologies.com	KENDALL DOWNS BOULEVARD, TONEY, AL	US
S2-381784711	Watson Valley Bábcock	TX, 15919 LOST ANCHOR WAY LN, HOUSTON, NULL	US
S2-286505520	Cultural Program	MARION, IN, 3101 1/2 WESTERN AVENUE	US
S2-620038399	Resto, Miller and  Tillson	001301 CEDAR POINT ROAD, SANDUSKY, OH	US
S2-161211014	Chin Frontier Bioworks Corporation	00234 BIRCH AVE, COLLEGE PLACE, WA	US
S2-101197448	-- CLYIS  DEUTSCHE,	CLANNTON TOWNSHIP, AL, 150 RVERSIDE DR	US
S2-835407417	Ace Imaging	EAST PENNSBORO TOWNSHIP, PA, #1328 3ND ST	US
S2-406534692	UIV Labs  Private Limited	RADHA KISHAN COLD STOAGE, N. H. NO. 8, NADIAD, Gujarat	India
S2-567968547	stutzmanprimeplatforms.com	1296 1/2 GLENSTONE AVE, SPINGFIELD, MO	US
S2-881670297	Carroll's Harbor Occupational Therapy L.L.C.	455 RECKER ROAD, GILBERT, AZ	US
S2-254056137	Shanda  Fergrrson North	654 MADISON AVE, LOS BANOS, CA	US
S2-582347085	MOC Global Pvt Pvt Ltd	FLAT NO. 804 URBAN GREENS PLOT NO. GH 6A, SECTOR 39, GURGAON, हरियाणा	India
S2-504414564	AMAR  SANGH COMPANY	C/O SRI SAGAR SONKAR, GHASI TOLA ALAMGANJ, SASARAM, बिहार	India
S2-28372431	Foot & Ankle Specialists Corporation	7 MASON, FRANKLINTON, NC	US
S2-361907731	Lishe Mcvey Grading (Associates)	10011 QUENES OAK COURT, CHARLOTTE CITY, NC	US
S2-726933251	PFK  ROMAN LLC	2249 FIFTEENTH ST, HOWARD LAKE, MN	US
S2-849774151	B/O  Amplify LLC	SUGAR RIDGE LANE, LA OLLETTE, TN	US
S2-622191480	KIRBYPIERRE.COM	4461 RUNKLE AVE EXTENSION, NULL, ASHTABULA, OH	US
S2-397427004	साई एस्टेट प्रा. लि.	A-2, NEAR SRK COLLEGE, ROSHAN GANJ, OPPOSITE SRK PG COLLEGE, GANDHI NAGAR, FIROZABAD, AGRA, Uttar Pradesh	India
S2-688401467	hubbardallen.com	7329 HOOKING RD, MC LEN, VA	US
S2-665310679	Marketing Ms Cast Private [Limited]	A-64, JAI SHIV APARTMENT, C-2, WEST ENCLAVE, PITAM PURA, दिल्ली	India
S2-143813501	Hindon  Nursing Hme		India
S2-8759356	PV Ridge Meshflow	OH, 98538 LAKE SHORE BOULEVARD, EASTLAE	US
S2-715706722	Global Automobiles Limited Services	PNO63, SAPTHAGIRI ENCLAVE, BALAPUR, HYDERABAD, Andhra Pradesh	India
S2-41494945	Marketing Ms Cast	A-64, JAI SHIV APARTMENT, C-2, WEST ENCLAVE, PITAM PURA, Delhi	India
S2-570478566	Quolyra	#2531 W VIEW ACRES AVENUE EXTENSION, HICKORY, NC	US
S2-110651184	MIRA'S COURIERS LLC	11231 27TH AVENUE, VILLAGE OF LAKE HALLIE, WI	US
S2-9028774	Marwadi [Hospital]	159 INDRA PURI COLONY, INDORE, Madhya Pradesh	India
S2-287221035	FLORES ASSETS	507 SDWYER RD, HAYS, NC	US
S2-399817020	Shradha Limited Clinic	SHOP NO.A-72/10 NR, SANTOSHIMATA MANDIR, OLD BUS STAND, JHANSI, Uttar Pradesh	India
S2-791252450	5INGH & BROTHERS PVT  LTD	DOOR NO 151C THIRD FLOOR IMPE, RIAL GARDEN PEERMUCHALLA, DERABASSI, MOHALI, Punjab	India
S2-981194567	Korpyra	6615 LUBARRETT WAY, MOBILE, AL	US
S2-524805407	Urology  Supreme	1431 PALLADIUM DRIVE, CHESTERFIELD COUNTY, VA	US
S2-147587777	kalindiservices.com	##1ST FLOOR, 7/24, SUBZI MANDI, DELHI, Delhi	India
S2-940853336	M/s gréenerassociation.com	C/O VEDPRAKASH PALARIYA, NALLA PUSHKAR PUSHKAR, AJMER, राजस्थान	India
S2-72425777	Atlantic Atlantic Mini,ng Inc	391 PLEASANT STREET, MELROSE, MA	US
S2-36886271	Sapiens Infradevelopers Limited	401, RUSHIRAJ REGENCY, OPP.MAMA MUNGI, GANGAPUR ROAD, NASHIK, महाराष्ट्र	India
S2-738457236	AA BUILDERS PRIVATE LIMITED		India
S2-634508061	Karunamoyee India Pvt.  Ltd.	Maharashtra, SHOP NMO-##24, GRD FLOOR, B-42-43 SHANTI NAGAR SECTOR-1, MIRA ROAD (E), MIRA ROAD (E)	India
S2-280278458	Engineering Álfba Realtors Private Limited	FLAT NO 129  FIRST FLOOR A BLOCK MAHAVEER SEASONS APARTMENT HSR L, AYOUT, BANGALORE, Karnataka	India
S2-345775854	Pathak Farms Farms	Maharashtra, CITI MALL, 2N FLOOR, ANDHERI LINK ROAD ANDHERI - WEST, MUMBAI	India
S2-551472605	Beacon Elite	4802- PALESTINE RD, SPRINGFIELD, TN	US
S2-197277871	layneyfinleycustom.com	#14 LEDYARD STREET, SPRINGFIELD CDP, MA	US
S2-352546318	South Foods Prívate-(Limited)	Karnataka, 35 , 1ST MAIN, 4TH CROSS, NANJAPPA LAYOUT ABOVE SRINIVASA GENERAL STORE, ADUGODI, BANGALORE	India
S2-263708110	कृष्णा कंसल्टेंट्स प्राइवेट लिमिटेड	E-16, BHILWARA TEXTILE MARKET PUR ROAD, BHILWARA, राजस्थान	India
S2-32672681	DERMATOLOGY PHYSICIANS OF HOLLY LP SERVICES	0184 TAR LANDING RD, HOLLY RIDGE, NC	US
S2-254136654	Florella Curtis	0402 JAMESVILLE RD, DE WITT, NY	US
S2-274032250	*** Johnson Inc Thomas and	BANGOR ROAD, LINNEUS, ME	US
S2-601009538	Dr SWARNAVIDYALAYA.COM	SHOP NO. 8, KHANDHA COMMERCIAL CENTER. OPP. RAILWAY STATION. KEVDA WADI, Gujarat	India
S2-164648113	Suryam Services Private	NESARI, TAL-GADHINGLAJ, KOLHAPUR, महाराष्ट्र	India
S2-595623924	Smt RY TRADERS-BANGALORE NIDTH #66371	A-2/512, GROUND FLOOR, TU, BANGALORE NORTH, Karnataka	India
S2-909437087	Shruti & Sons	കേരളം, B-62 JALVAYU VIHAR PANAMPILLY NAGAR, ERNAKULAM	India
S2-490628182	श्री प्रोड्यूसर प्राइवेट लिमिटेड	MANGRULPIR, WASHIM, Maharashtra, NO 356 C/O SUNITA PANDURANG KOTHALE WARD NO. 1 NEAR GRAM PANCHAYAT AT PO SHELUBAZAR	India
S2-283499357	Cultural-Guild		US
S2-9419590	(LLC) Behavioral Health Value Ássociates	38007 49TH AVENUE, AUBURN, WA	US
S2-695324962	Kandivali Ehiacbt Ram Co	801, 8FLR F WING OCTACREST, AKRULI ROAD LOKHANDWALA, KANDIVALI EAST, Maharashtra	India
S2-576434053	CORDOVA PREFERRED ÍNFORMATION INC.	409-D LAWSON STREET, HURRICANE, WV	US
S2-685935406	Aer0 Nursing Home Corp	C-2/3, PREMNIWAS, NATIONAL ROAD BHANDUP (WEST), MUMBAI, Maharashtra	India
S2-845618092	shreetrading.com	राजस्थान, 111/222, GROUND FLOOR, OFFICE NO-6, VIJAY PATH, JAIPUR	India
S2-774008389	Charisse's Skin	40009 MILLINGPORT ROAD, RICHFIELD, NC	US
S2-30057495	SUPREME FRONTIER	7305 MINT CLOVER LN, KNOXVILLE, TN	US
S2-454559037	United  Initiative	0037 MACKENZIE COURT, PMB 3370, NEW CASTLE CITY, DE	US
S2-241575229	Behavi0ral Health Medicine	MAIN STREET, AMESBURY, MA	US
S2-486536782	Corner Barbershop  Inc.	21558 SNOWFLOWER LOOP, CHUGIAK, AK	US
S2-299486628	Davis LLC Services		US
S2-626426386	Zamora Express Private Inc.	27 RIVERS RUN BLVD, OAK RIDGE, TN	US
S2-554623044	SECURE TELECOM LABS	2124 AUTUMN COURT, VILLAGE OF SISTER BAY, WI	US
S2-553960729	CORNERSTONE UNION  PARTNERS	TALLMADGE, OH, 241 OVERDALE DR	US
S2-362137039	BEARD, INIGUEZ AND ESPOSITO (LLC)	550-554 PALM DRIVE, WICKENBURG, AZ	US
S2-871554544	AVADH ACADEMY		India
S2-822241065	Fortune LLP Center	Uttar Pradesh, OFFICE NO.C-5/C 5 FLOOR ACE, CHAMBERS 4/275A RANI GHAT, SWARUP NAGAR	India
S2-80979376	ஆதித்யா மார்க்கெட்டிங் லிமிடெட்	HN 895 55, PILLAIYAR KOVIL STREET, JAMIN RAYAPETTAH, CHROMPET, KANCHIPURAM, TAMBARAM, Tamil Nadu	India
S2-889597478	Kritavi Centre Corp	Tamil Nadu, DOOR NO 38 THANIKACHALAM ROAD, T.NAGAR, MADRAS-17	India
S2-30381283	jssmith.com	16430-16434 SINALOA DR, HOUSTON, TX	US
S2-898124746	@kolkatainfrastructure	DOOR NO #48 JAYASREENAGAR, KOLKATA, পশ্চিমবঙ্গ	India
S2-358894293	Tráding-of OZB Burari Burari	G NO. 127 KH NO. 104/13 B BLOCK, PHASE-9, SANT NAGAR, BURARI, NEW DELHI, दिल्ली	India
S2-993328106	VISION COMPLETE MEDICINE,	Coleman Circle, HAMPSTEAD, NC	US
S2-414573285	Mathieu Total Inflection	3401- Cleveland Ave, VILLAGE OF PLOVER, WI	US
S2-153542143	Western Technologies	Karnataka, NO 93, HOMADEVANAHALLI, BASANTHPUR BEGUR, HOBLI, BANGALORE	India
S2-915871531	ozb trading of burari	Delhi, G NO. 127 KH NO. 104/13 B BLOCK, PHASE-9, SANT NAGAR, BURARI	India
S2-973478389	Mecham Pinpapel LLC LLC		US
S2-125345449	The Dent Pub	#3110 48TH ST, OMHAA, NE	US
S2-32327674	Precision Precision Art	OLD MAIN ST, HARTFORD, KY	US
S2-284244180	സൂപ്പർ ഇൻഡസ്ട്രീസ് പ്രൈവറ്റ് ലിമിറ്റഡ്	KUMARAKOM PO, GROUND FLOOR L-FOMPLEX BUILDING, KOTTAYAM, Keralam, KOTTAYAM	India
S2-364951437	FOOT & ANKLE  SPECIALISTS	2306. CANYON MEADOWS DR, MISSOURI CITY, TX	US
S2-777952536	KORDULA TUMA CENTER	1406 HADWICK DRIVE, ESSEX, MD	US
S2-398597071	ସାଇ କନଷ୍ଟ୍ରକସନ୍ ପ୍ରାଇଭେଟ୍ ଲିମିଟେଡ୍	POLT NO-2333, CUTTACK, Odisha	India
S2-533360173	SILVA RWFLDYA INC		US
S2-891518391	vique.com	6514 Doc Corbett Road, CEDAR GROVE, NC	US
S2-383978073	જય હેલ્થકેર પ્રાઇવેટ લિમિટેડ	105 SAKAR -III OPP OLDHIGHCOURT NR INCOME TAX CIRCLE, AHMEDABAD, ગુજરાત	India
S2-610314660	Yeary Ctacgade Córporate	CHARLES DR, W. VALLEY CITY, UT	US
S2-160536675	Regional Institute	515 DEERBROOK LN, BELINGTON, WV	US
S2-503492251	Sterling Fields LLC	532C CHIMNEY ROCK RD, FORT WORTH, TX	US
S2-109473531	Hanssen Kolar (Center)	SPRUCE STREET, CHARLOTTESVILLE CITY, VA	US
S2-588076775	sapiens infradevelopers	401, RUSHIRAJ REGENCY, OPP.MAMA MUNGI, GANGAPUR ROAD, NASHIK, Maharashtra	India
S2-712977140	யுனிக் வென்ச்சர்ஸ் பிரைவேட் லிமிடெட்	A 6 SENVILLA 30 THIRUMOORTYLAYOUT R S PURAM, COIMBATORE, Tamil Nadu	India
S2-514094492	Superior  Aldel PC	RADFORD CITY, ##712 Tenth Street, VA	US
S2-214846657	Oncology lnc Partners-Golden	1420 HARMON AVENUE, BISMARCK, ND	US
S2-586920349	Johnson Painting Ínc	2262 HOLIDAY RD, CORALVILLE, IA	US
S2-645224306	Eye Center 0f Geneva [On]	GENVA, 4710 LAKE RD, OH	US
S2-215358394	Lauer, Coney & Headtrihsbkno Illinois LLC	##111-39 LEFFERTS BLVD, SOUTH OZONE PARK, NY	US
S2-141971261	Indian  Properties	B-00201, OKHLA INDUSTRIAL AREA PHASE-1, Delhi	India
S2-500083156	BARODA CHITS PVT. LTD.	Gujarat, OLD POLICE LINES NR MAKARPURABUS STAND MAKARPURA, BARODA	India
S2-29055957	Hernandez [Apex]	10280 PARK STREET, ISLE OF WIGHT COUNTY, VA	US
S2-887760324	Office of Environmental	150  COLUMBIA STREET, HEMPSTEAD, NY	US
S2-879106159	Surgical Royal	10548 LATTING ROAD, CORDOVA, TN	US
S2-492363983	Everest Foods	C/O MANDEEP SINGH GILL, MAKDOOMPUR JAITHI KHERA, LUCKNOW, Uttar Pradesh	India
S2-676989818	THIRUVANANTHAPURAM  PRIVATE LIMITED CENTER	ZIGMA, SIVARAM GARDENS KODUNGANOOR P O, THIRUVANANTHAPURAM, Keralam	India
S2-469677289	RENTERIA LLC BLACK	45 CENTRAL AVE, ALBANY, NY	US
S2-908934941	Proctor Legato Inc	5340 HARGROVE RD, WILLIAMSON COUNTY, TN	US
S2-445580172	Bloom Pyrophyte	927 NORTHWESTERN AVE, NULL, FAIRVIEW HEIGHTS, IL	US
S2-205858250	Valencia-Corporation	853 HANNA LEIGH TRAIL, LONDON, KY	US
S2-808820107	Mr COGNITIVE  VENTURES (OIA)	NULL, SN C-593 HINDU CO -OP HSG, PL 12 B NR PREMDEEP BLDG LULLA NAGAR, PUNE CITY, Maharashtra	India
S2-663968121	Regional Énvironmental International LLC	1117 GREGG STREET, <NULL>, RALEIGH, NC	US
S2-546054383	Nion Interests	2168 SPLITWOOD PL, null, TUCSON TOWNSHIP, AZ	US
S2-452101022	Supreme Impex Pvt Ltd.	NO 0836 AROPUR, NISARPURA NAUBATPUR, PATNA SADAR, बिहार	India
S2-429299172	Links Institute of Technology Company	404 B, TIRUPATI BUSINESS CENTER, 22/1 SOUTH TUKUGANJ, INDORE, Madhya Pradesh	India
S2-36380290	Vertical Private Agro  Limited	26, 14TH MAIN JUDICIAL LAYOUT, GKVK POST, BANGALORE, Karnataka	India
S2-885599641	Surya Tech Private	#168, FARWAIN KALAN, SIRSA, N/A, Haryana	India
S2-418056029	EDWARDS ASSOCIATION INC	007714 Chorus Way, N/A, DALLAS, TX	US
S2-234503767	Dixon Starlink Care Inc	1002 MAOY CREEK LANE, WINGINA, VA	US
S2-619980739	Karmen (Mckee,)	143 S FORK DR, PHOENIX, AZ	US
S2-593452620	Metropolitan Network LLC	5281-C SOLDIERS HOME MIAMISBURG ROAD, MIAMISBURG, OH	US
S2-815278453	PUERTA and MCKINNEY	PENNSYLVANIA AVENUE, CHARLESTON, WV	US
S2-227355421	Hancox LLC Wells and	1623-1625 FELDBROOK ROAD, LOCH RAVEN, MD	US
S2-560549712	Center Empire Br0oks	1801 PALM VILLAGE BLVD, PMB 2344, BAY CITY, TX	US
S2-570539367	Clean  Purpose	5166- STABLE DRIVE, <NULL>, LAFAAYETTE, IN	US
S2-197357874	Corner Bárbershop	SNOWFLOWER LOOP, CHUGIAK, AK	US
S2-212063936	Carroll Choiec Melar LLC	1144 HEWITT AVE, CANTON TOWNSHIP, PA	US
S2-394737848	*** SUVIRA SOLUTIONS PVT	VD/01, PUNE, Maharashtra	India
S2-380864381	DOMENIGA INGRAHAM HARBOR CENTER	212 GLORIA STREET, SCHRIEVER, LA	US
S2-698360657	Shaman Technologies Private Ltd	Uttar Pradesh, NO 6/V-256 , SECTOR-6, GOMTI NAGAR VISTAR, LUCKNOW	India
S2-391652608	अरिहंत सॉफ्टवेयर प्राइवेट लिमिटेड	E-8 HIMACHAL SOCIETYPLOT NO 22 SECTOR 17 VASHI, THANE, Maharashtra, NEW MUMBAI	India
S2-923091402	crowder pharma llc	16 FAIRWAY DRIVE, EVANSVVILLE CITY, IN	US
S2-904824622	Toshniwal-Architectural	H.NO 16 , PONNIAMMAAN KOIL STKOTTUR CHENNAI 600 085, CHENNAI 600 085, Tamil Nadu	India
S2-907956855	Prime Regions	216 RAMEYTOWN ROAD, null, CHURCH HILL, TN	US
S2-738811391	Brk (India) Próducer Private Limited	29, 48 CHAMBERS JHOKAN BAGH CIVIL LINES, JHANSI, Uttar Pradesh	India
S2-237082558	R0wland Cortez LLC Center	MA, 6 LOMBARD ST, PLYMOUTH	US
S2-503025816	Value Preferred Taiwan Llc	233 MEADOWS OF WILDWOOD BLVD, GROVER CITY, MO	US
S2-978933518	PRIVATE KHATAU STAR LIMITED	58D, NEW DELHI, दिल्ली	India
S2-578030911	... 5OUL CIRHIC	SH: 702-3, SURAT CITY, SURAT, ગુજરાત	India
S2-707112701	Paulus Value  Hartford	1500 COUNTRY CLUB RD, GEORGETOWN, TX	US
S2-397531852	विजय इंटरनेशनल लिमिटेड	BLOCK B-831 401, ASHISH APARTMENT, RAMDASPETH, NAGPUR, Maharashtra	India
S2-256903560	Integrated  Consumer Enterprises Inc.	253 14ND AVE, MILTON-FREEWATER, OR	US
S2-59992717	Sarthak Services	PLOT NO.12, GROUND FLOOR & 4TH FLOOR, PERFECT TOWER CITY PARK, EGATTUR VILLAGE, MUTTUKADU PA, NCHAYAT, CHENGALPATTU, Tamil Nadu	India
S2-712708854	Intense Súppliers Ltd	HN 92 47, RUKMANI VIHAR, MATHURA BANGAR KRISHNA NAGAR, MATHURA, उत्तर प्रदेश	India
S2-69958934	TEJAVI PLANNERS LTD.	4TH FLOOR, PRABHAVEE TECHNO PARK, BANER, PUNE, Maharashtra	India
S2-271103232	LAKSHMI BUISHINASS LIMITED	BLGD NO. D 2, ROOM NO. 16, 1ST FLOOR, S.S. NAGAR, G.T.B. NAGAR, MUMBAI, Maharashtra	India
S2-794155929	GREEN ENERGY	9/1741, KAILASH NAGAR GANDHI NAGAR, NEW DELHI, Delhi	India
S2-340004429	Sanchita Steels Clinic Company	G-803, A-WING, BUILDING NO.2, SILICON PARK, JANKALYAN NAGAR MALAD-WEST, MUMBAI, Maharashtra	India
S2-951960605	ಏಸ್ ಲಾಜಿಸ್ಟಿಕ್ಸ್ ಪ್ರೈವೇಟ್ ಲಿಮಿಟೆಡ್	6, BANGALORE, BENGALURU, ಕರ್ನಾಟಕ	India
S2-153973994	Back Massage Alley Inc	SAINT CHARLES RD, CAROL STREAM, IL	US
S2-798033313	Needham and Miltenberger	##3440 FUNSTON STREET, WICHITA, KS	US
S2-404195927	FZ-Rothschild LLC	73 TANASI TRAIL, TOWNSEND, TN	US
S2-330893665	Interfaith Leauge	254 47, SARANAC LAKE, NY	US
S2-923499911	ಬೆಸ್ಟ್ ಫೌಂಡೇಶನ್ ಪ್ರೈವೇಟ್ ಲಿಮಿಟೆಡ್	NO 4 HOSAKEREHALLI MAIN ROAD OPP.AGROMORE FACTORY BYATARAYANAPURA, CHENNAI, BANGALORE, Karnataka	India
S2-538314886	HB SLOUTIOFNS PRIVATE LIMITED	JANTA MARKET, SHOP NO, 22-23, SECTOR 18, BEHIND HOTEL SURYA, NEW PANVEL, महाराष्ट्र	India
S2-424564763	ace supply, corp	BIRCHWOOD DRIVE, SALISBURY, MD	US
S2-319232047	WALTMAN DOME OF WASHOUGAL	##1246 G ST, WASHOUGAAL, WA	US
S2-479414390	Beard, Esposito and Iniguez Llc	550-554 PALM DR, WICKENBURG, AZ	US
S2-2613120	इनोवेटिव ग्रीन वेंचर्स प्राइवेट लिमिटेड	PATNA, P. C. COLONY, KAKKARBAGH, Bihar, D- 76, SAMPATCHAK	India
S2-658959967	TOTA1 MOBILITY LABORATORIES LLC	4700 TABOR VALLEY RD, MANHATTAN, KS	US
S2-742772431	Raj  It Pvt Ltd		India
S2-871049814	BEIX.COM	702-A ORLY LN, WILMINGTON, NC	US
S2-282465113	Hari हेल्थकेयर	H.NO.18/1 GROUND FLOOR, 1, ANJANA COLONY, NARSINGHPUR, Haryana	India
S2-702815935	ହାଇଟେକ୍ ସଫ୍ଟୱେୟାର୍ ପ୍ରାଇଭେଟ୍ ଲିମିଟେଡ୍	C/O- MUKTA MANJARI SWAIN, ANAND LANE, RAJENDRA NAGAR, CUTTACK SADAR, CUTTACK, Odisha	India
S2-710038738	MUMBAI  INTERNATIONAL CO	DOOR NO 288 59/60, FLOOR-2 PLOT-25, DNYAN BUILDING P H PUROHIT LANE, CAVEL 1 X LANE, RAMWADI, KALBADEVI, ROAD, MUMBAI, Maharashtra	India
S2-365997698	Anvil Rock (P.C.)	21 BROADWAY STREET, CITY OF EDGERTON, WI	US
S2-843799915	Sunrise Arihant Finance [LLP]	142 GHASFALA ESTATES V ROAD JOGESHWARI (W), MUMBAI, Maharashtra	India
S2-754063541	PHYSICAL THERAPY ASSOCIATES INC CENTER	11203 216TH AVENUE COURT, BONNEY LAKE, WA	US
S2-149164981	Vision Vision Associates	13363 NEW HOPE WAY, CARLYLE, IL	US
S2-335302041	Royal Investment	529 121 SAINT, NWE YORK, NY	US
S2-227329430	Crowder Pharma	16 FAIRWAY DR, EVANSVVILLE CITY, IN	US
S2-788608100	HARBOR UNIFIED BBSEHIBECE BBSEHIBECE LLC	9723 CANDACE TERRACE, HENRICO COUNTY, VA	US
S2-704333412	ലക്ഷ്മി പ്രോപ്പർട്ടീസ് ലിമിറ്റഡ്	BUILDING NO. 424/4 A.K.G ROAD, NORTH KIDANGOOR, ANGAMALY, ERNAKULAM, Kerala	India
S2-615402431	ಕ್ರಿಯೇಟಿವ್ ಎಕ್ಸ್‌ಪೋರ್ಟ್ಸ್ ಪ್ರೈವೇಟ್ ಲಿಮಿಟೆಡ್	Karnataka, MAHADWAR ROAD, CTS NO. 4161/3 AND 4161/4, BELGAUM, 5TH CROSS, BELGAUM	India
S2-368357131	एपेक्स स्टार फाउंडेशन प्राइवेट लिमिटेड	#16 RAGHUNATH PURI, TEJLI ROAD NEAR RAMSARNAM, YAMUNA NAGAR, Haryana	India
S2-251558154	ENCLAVE  HOLDINGS	527-C, DARIYABAD, ALLAHABAD, Uttar Pradesh	India
S2-801536008	Capital  Apex	TYLER, TX, 2854 STEWART WAY	US
S2-96661635	Halterman, Farmer & Baker	928 APPALACHIAN RIDGE ROAD, FLETCHER, NC	US
S2-405188320	Frontier Council LLC	10 MAIN ST, FAIRBANK, IA	US
S2-909318127	லைஃப் கன்சல்டன்சி பிரைவேட் லிமிடெட்	NO 149, VICHOOR ROAD, VELLIVOYAL VILLAGE, TIRUVALLUR, THIRUVALLUR, தமிழ்நாடு	India
S2-763809607	ರಾಮ್ ಗ್ಲೋಬಲ್ ಎಲ್ಎಲ್‌ಪಿ	#B3/23, INDUMATI BUILDING, SAI BASAVA BADAVANE NEAR SAIBABA TEMPLE, KELGERI ROAD, DHARWAD, DHARWAR, DHARWAD, Karnataka	India
S2-181332055	Veolyra	425 STEEPLECHASE STREET, DELAWARE, OH	US
S2-602029869	S0uth Lightadwe	211 CODDINGTON RD, null, CAROLINE, NY	US
S2-257393312	CARLSON AND HECKMAN (LTD)	16  LARKSPUR DR, COLSTRIP, MT	US
S2-856580191	Martinez, Lewis and Lanuza Hair Studio Inc.	209 KAVANEY DR, BISMARCK, ND	US
S2-962354171	Green  Corporation	7-D HUNTING LN, LYNNFIELD, MA	US
S2-101730795	Dadri-Resources Pvt. Ltd.	K-002, SITE-5, KASNA, IND AREA, GR.NOIDA, DADRI, उत्तर प्रदेश	India
S2-643385900	RMS SÁVE PRIVATE ((LIMITED))	H.NO 111 , SAI PRIYA COLONY, DAMMAIGUDA, NEAR ECIL, Telangana	India
S2-125823999	GREEN LOGISTICS	D 50FOUNDRY NAGAR AGRA, UTTAR PRADESH, Uttar Pradesh	India
S2-579185261	SOUTH NUVEEN L.L.C.	2011 NIAGARA ST, BUFFALO, NY	US
S2-68899410	Atlantic Cloliege LLC	704 LANDER LN, VA, BERRYVILLE ITY	US
S2-979334708	Allied Payment Bránds	105 ROOSEVELT DR, MORO, IL	US
S2-341977289	ब्राइट राम इंडस्ट्रीज लिमिटेड	LERHA ROAD, CHAMAN VIHAR COLONY HATHRAS, UTTAR PRADESH, HATHRAS, Uttar Pradesh	India
S2-601813685	शिवम सिस्टम्स लिमिटेड	G-273, SECTOR-23, RAJ NAGAR, GHAZIABAD, Uttar Pradesh	India
S2-862244687	Singh & Brothers Pvt Limited	151C THIRD FLOOR IMPE, RIAL GARDEN PEERMUCHALLA, DERABASSI, Punjab	India
S2-163150719	The Boring Enterprises - 7467563136	11100 Andenwood Dr, AUSTIN, TX	US
S2-108111202	carter capital partners	100  MEMORIAL DRIVE, INTERNATIONAL FALLS CITY, MN	US
S2-298134042	Vikash Public  Smsohol	#2 OC GANGULY SARANI, ALTITUDE BUILDING, 6TH FLOOR, KOLKATA, KOLKATA, পশ্চিমবঙ্গ	India
S2-547782784	Meentech Services Private [Limited]	Haryana, NO C-6TH FLOOR, UNIT 601, SPAZE I T TECH PARK SOHNA ROAD, SECTOR - 49 GURGAON, GURGAON	India
S2-456634662	Alliance Pvt  Ltd Center		India
S2-640155374	Bright Apna Private Limited	H.N.64, NANGLI ABDULLA MACHHRA, MEERUT, Uttar Pradesh	India
S2-168041610	Gibney, Horst [and]	2924 14TH ST, TACOMA, WA	US
S2-18244113	PRIMELOGISTICS.COM	PLOT NO 2, 12TH MAIN ROAD KUBERA NAGAR EXTN, MADIPAKKAM, தமிழ்நாடு	India
S2-315055165	Vk Group	1E, BURMAN STREET, 2ND FLOOR, NAER SARSWAT KHATRI VIDYALAYA, KOLKATA, KOLKATA, West Bengal	India
S2-976855499	Chittoor Dintribtion Private [Limited]	1-349 , KOMMIREDDYGARIPALLI, PURICHERLA MANDAL DEVALAMPETA PANCHAYATH, VANKAYALAPATIVRI, PALLI POST, CHITTOOR, Andhra Pradesh	India
S2-720920830	પ્રાઇમ ઇન્ફ્રાસ્ટ્રક્ચર પ્રા. લિ.	SURAT, HN 213 97, Gujarat	India
S2-438837652	EXCELLENCE  CONSULTING	DOOR NO 500 FLAT NO-C/11 SHRIJI COMPLEX, NR SARASWATINAGAR SOC OPP ONGC BLDG & KABIR RESTURANT, CHANDKH, EDA ROAD, SABARMATI, Gujarat	India
S2-683053598	फ्यूचर कंस्ट्रक्शंस प्राइवेट लिमिटेड	GROUND FLOOR, NEW DELHI, WEST DELHI, Delhi	India
S2-759691429	LLC SIGNATURE INTERSTATE LITHIUM,	11 BOYLSTON STREET, EASTHAMPTON, MA	US
S2-221750878	Pacific Greenland	244 GASTON MCLEAN ROAD, ROCKINGHAM, NC	US
S2-107822131	Person Medical Center	1920 A ST, NE, LINCOLN	US
S2-814088051	Mejia, Devon T,DO, PC	002145 JOYCE PL, CITY OF OXNARD, CA	US
S2-291464347	AM INDIA LIMITED	CHAMBER 1 A 257, SARITA VIHAR, Delhi	India
S2-991804904	Patriot League Co | www.patriotle.com	19403 RIDGE DRIVE, IL, EAST DUBUQUE	US
S2-242228320	Sirius  Corporation	VA, BARCROFT DR, YORKTOWN	US
S2-437436552	#4  BANKING CORP	4413 RUSSELL AVENUE, PEORIA, IL	US
S2-699052220	Marget C. Tully,  DO PLLC	RUSHVILLE, 432 245, NY	US
S2-523399688	Center Infratech KLI	C-2/20 SAFDARJUNG DEVELOPMENT AREA, NEW DELHI, SOUTH DELHI, Delhi	India
S2-200378294	Research (Índia) Bengal Private Limited	G-B3/244, VIKAS NAGAR COLONY, NEAR KETAN HOSPITAL BARGA, GORAKHPUR SADAR, Uttar Pradesh	India
S2-90924571	*** PROPERTIESMARMOESTATES.COM	10-1-29, AMALAPURAM, EAST GODAVARI, ఆంధ్రప్రదేశ్	India
S2-405656887	Xiao  Group	WHALEY ST, NY, FREEPORT	US
S2-319527555	SUPREME-ERA FRONTIER	7305 MINT CLOVER LANE, KNOXVILLE, TN	US
S2-56595726	Amalia N. Eiiccn, DDS, DDS PC	2145 ENTERPRISE ST, GRANDVIEW, IL	US
S2-275477984	SHEPHERD AND WEBSTER CLINIC	##1714 28ST ST, LUBBOCK, TX	US
S2-457034533	OCEAN & ASSOCIATES LLP	S.NO.214/220/221 BLDG A9, FLAT NO.603 KUMAR PARK INFINIA, BHEKRAINAGAR, FURSUNGI, PUNE, Maharashtra	India
S2-248400337	ashlen zucker bold l.l.c.	3703-3707 MOUNTAIN PARK CIR, MOUNTAIN BROOK, AL	US
S2-390208555	vanguardstrategic.com	215 RIVERS EDGE, <NULL>, JAMES CITY COUNTY, VA	US
S2-676110677	premierqualitytexas.com	726 DOWNINGTON AVENUE, SALT LAKE CITY, UT	US
S2-877726089	Rapid Industries Medical  Inc	2382 HOLIDAY LOOP, REIDSVILLE, NC	US
S2-942123578	Lang Coca	41ST ST, ALEXANDER, ND	US
S2-614945810	Firefighters Union Local No  875	009431 LAKESHORE DRIVE, PRESCOTT VALLEY, AZ	US
S2-919789833	Oncology  Heartland Medicine	7333 WILDERNESS WEST, WEATHERFORD, TX	US
S2-301000987	Meentech Private Limited Services	#C-6TH FLOOR, UNIT 601, SPAZE I T TECH PARK SOHNA ROAD, SECTOR - 49 GURGAON, GURGAON, Haryana	India
S2-889273648	RANDALL  INNOVATIVE	##2203 PARADISE DRIVE, WEST END, WI	US
S2-382250416	Maa Estate Prihcaet Limited		India
S2-856369198	Sri Radiant Travels Private [Ltd]	#9-14 FLAT NO-14, LANDMARK SOCIETY, COLLEGE ROAD, NASIK, Maharashtra	India
S2-995106450	ESSENTIALAGROCOM	PLOT NO. #9 GANGA SAGAR PARK NANA MAUVA ROAD, RAJKOT, Gujarat	India
S2-549188150	Swarna Vresaya Limited	SHOP NO. 8, KHANDHA COMMERCIAL CENTER. OPP. RAILWAY STATION. KEVDA WADI, Gujarat	India
S2-175026216	goldencleaningservice.com	43 GLANN RD, APALACHIN, NY	US
S2-941243323	spmautomation.com	DOOR NO 80/52 VADAKEKKARA HOUSE CHERALPARAMBU, WADAKANCHERY, കേരളം	India
S2-661627006	CHARISSE'S SKÍN [CARE]	MILLINGPORT RD, RICHFIELD, NC	US
S2-643618497	Eye Pinnacle Specialists, L.L.C.	STONEHENGE DRIVE, RALEIGH, NC	US
S2-518342798	Platinum Automation Collective	1300 COCONINO RD, IA, AMES	US
S2-807472295	Sullivan, Johnson and Sinella LLC	SAMMAMISH, 1613 229TH AVE, WA	US
S2-269952200	Kalinga Iag Public Limited	C/O MUKESH SINGHAL, AGRASEN COLONY, BARI, Rajasthan	India
S2-659262190	Harbor School of	4851 MOCKIGBIRD CT, N/A, COLUMBUS, OH	US
S2-869957744	सेवन इंजीनियरिंग प्राइवेट लिमिटेड	H. NO.-279, ROHTAK, SUBHASH NAGAR, Haryana	India
S2-180879475	Adwin Group of Codpagines		India
S2-984857648	Universal lndustries-Private Limited	#505 , RAGHUNATH ENCLAVE, BLOCK A, GT ROAD, GANDHI GRAM, RAMA DEVI CHAURAHA, Uttar Pradesh	India
S2-413315526	MINOR, SHERI, M.D.	117 WARNER BRIDGE RD, SHELBYVILLE, TN	US
S2-100235784	Trinity Israel (Ltd)	##313 DEWEY RD, PANGBURRN, AR	US
S2-119151313	W0MENS HEALTH	2109 BROWN STREET, FT WAYNE, IN	US
S2-128724161	ABLES ABLES & ALEXANDER BLOCK LP	AZ, FLORENCE, 24621 OXEN RD	US
S2-842101398	Primary Care  Specialists	2137B GREENWAY AVENUE, SHAKOPEE TOWNSHIP, MN	US
S2-863426284	vqcambridge.com	225 PENNSYLVANIA AVE, FREEPORT, NY	US
S2-409360906	Mckean Utilities óf Prescott Valley	6407 COPPER HILL DRIVE, PRESCOTT VALLEY, AZ	US
S2-581080837	Dee Services Ltd	தமிழ்நாடு, NO C-3C , ELDORADO BUILDING112 NUNGAMBAKKAM HIGH ROAD CHENNAI	India
S2-215218170	Flory's Jewelers (LLC)	622 NEW PRUE ROAD, <NULL>, SAND SPRINGS TOWNSHIP, OK	US
S2-474913360	Pawan Ínternational Corp	H.NO 5 , 3RD CROSS STREET, GANESH NAGAR G K INDUSTRIAL ESTATE, ALAPAKKAM, CHENNAI, Tamil Nadu	India
S2-190701802	जैन ट्रेडिंग प्राइवेट लिमिटेड	H.NO 02 RATHOD HOUSE OPP, APPLE HERITAGE ANDHERI E, MUMBAI, Maharashtra	India
S2-742642418	Quirky Power Limited	DOOR NO 103 , SUMITHRA TOWERS, ANGOL ROAD, NEAR HARI MANDIR, BELGAUM, Karnataka	India
S2-772223650	Mumbai (kerala)  Limited	B - 704, KANDIVALI KESAR ASHISH CHS LTD MAHAVIR NAGAR, KANDIWALI WEST, MUMBAI, Maharashtra	India
S2-152701499	Sri Globe Laboratories Pvt	14D 14TH FLOORATMA RAM HOUSE1 TOLSTORY MARG, NEW DELHI, Delhi	India
S2-241316478	(Chambers) Law Aditya	#203/A, SHRYANAND C.H.S SHIVAJI NGR, THANE W, THANE, Maharashtra	India
S2-539856654	Sandoval, Porter and Johnson	LUSBY, MD, NULL, 1820 ROBIN COURT	US
S2-782988779	NIELSEN MEDICINE INC	17968 ROYAL OAK CT, TINLEY PARK, IL	US
S2-706927087	SCHWARTZ-AND WHITNEY	06964 AIRPORT BOULEVARD, MOBILE, AL	US
S2-495145627	Aldape  Tri-State Plus	NORTH SHORE RD, NORFOLK CITY, VA	US
S2-228798667	Moore Enterprise	107 HALL ST, NEWBERN, TN	US
S2-70664376	Quality Dogecoin	3474 STATE AVENUE, INDIANAPOLIS, IN	US
S2-138022951	Ridhi Entprrbises Private Limited	P.NO.4 AND 4 A, H.NO. 8-2-293, FLAT 303, ANUSHKA TRENDZ BUILDING, ROAD NO.14, BANJ, ARA HILLS, HYDERABAD, Telangana	India
S2-722370747	COASTALJENA.COM	722-726 OAK GROVE ROAD, KINGS MOUNTAIN, NC	US
S2-654191125	COCHRAN & WEST	609 1/2 RANKIN STREET, ATLANTA, GA	US
S2-883848764	Historical Nétwork, LLC LLC	BROWN LN, VICTORVILLE, CA	US
S2-679242784	Forte & Pyohle-Inc	6614 LONDON DR, KANSAS CITY, MO	US
S2-519110123	millsfrontierelitecom	51 MRTLE ST, MALDEN, MA	US
S2-582088467	RHS TRAlNG CO	6549, NEHRU GALI, DHARAMPURA, GANDHI NAGAR, EAST DELHI, दिल्ली	India
S2-78021039	Shri wharyana.com	PLOT NO-5, HYDERABAD, Telangana	India
S2-917260926	Thomes of  Premier Fairview	74. REED RD, FAIRVIEW, NC	US
S2-975655623	MH [Center]	5104 BLUE RIDGE DR, CITY OF EL PASO, TX	US
S2-184997087	sosoftinterests.com	6327-6331 13TH ST, CHESAPEAKE BEACH, MD	US
S2-479577257	TORRES BRIGHT BEIJING INC		US
S2-398832309	Codi Hakgasb Golden Golden	WARD, IA, MC COMB ST	US
S2-271400930	Private Ghaziabad Concept Ltd	C-101, LUCKNOW  HQ REGION, GHAZIABAD, Uttar Pradesh	India
S2-68364315	स्मार्ट केयर प्राइवेट लिमिटेड	OFFICE NO. A-##202, PRAKALP PRIDE, SR. NO. 105/1/1 (P), BANER MAHALUNGE ROA, D, BANER, PUNE, महाराष्ट्र	India
S2-445954305	Monahan Fróntier	1825-D 30TH STREET, TERRE HAUTE, IN	US
S2-511929718	TORRES, CAREY ALL ARCELORMITTAL SUMMIT INC	686 FAIR LINKS WAY, GURNEE, IL	US
S2-607261	Wildlife Program Riverside	22923 LOON LAKE BOULEVARD, ANTIOCH, IL	US
S2-598919603	Permian Corp	4836 HILLCREST DR, PORT ORCHARD CITY, WA	US
S2-843414641	Private BSO Styles Infratech Limited	BLOCK C-889 C-1125, PUNE, महाराष्ट्र	India
S2-397610438	Annissa W. Ortiz, DPM Corporation	SEDONA, OLD INDIAN RD, AZ	US
S2-690620381	THE OLMOS ENGINEERING INC	TN, 877-C SKYLINE DR, HARRIMAN	US
S2-586157545	EP Restaurants LLC	AZ, PRESCOTT, 2320-2324 HILLSIDE LOOP RD	US
S2-311361071	Inc James Limited	5449 BIRK WAY, SACRAMENTO, CA	US
S2-45666371	DENTAL EXPRESS CARE INC.	9404 LAFAYETTE STREET, EVANS, NY	US
S2-659279071	Cbc Mills Corp	DIUL TOWN/VILL- JAGDISHPUR, BHOJPUR, Bihar	India
S2-991705265	Commission on Finance Ltd	6783- RANGECREST RD, BEEWS CREEK CITY, NC	US
S2-837069022	मॉडर्न इन्वेस्टमेंट्स प्राइवेट लिमिटेड	DOOR NO 1, PANVEL, RAIGARH, Maharashtra	India
S2-447998661	Limited -- Ram-Software	##6-189, KAVITI, SRIKAKULAM, Andhra Pradesh	India
S2-46569841	Lakshmi Consultancy Trading Limited	G-1-2 PLOT NO. 16 BLOCK H, NSP, PITAMPURA, DELHI, Delhi	India
S2-773243990	CORNELIUS RÁPID	104 7ND AVE, CHOTEAU  CDP, MT	US
S2-898540608	Devisha Services Limited Private	NO. 97 C/O RAM AWTAR SINGHAL E-60 RRICO IND. AREA KHAIRTHAL, KHAIRTHAL, Rajasthan	India
S2-582426856	व्हाइट सर्विसेज गारमेंट्स प्राइवेट लिमिटेड	AM - 7 SHALIMAR BAGH, दिल्ली, NEW DELHI	India
S2-997540845	TRAUM-PEAK	HILLSBORO, OR, 2ST COURT	US
S2-799366410	dentalrockyassociates.com	2043 FLOWING CREEK DR, FRANKLIN, TN	US
S2-660039939	Batsheva Smít, DDS, PC	SCOTTSDALE AIRPARK, AZ, 6621-B SHARON DR	US
S2-789584810	Herron, Phillips Oliveira LLC Center	312 WESVTIEW DR, MISSOULA, MT	US
S2-506817937	Silver Deep	FAULKNER RIDGE CIR, COLUMBIA TOWNSHIP, MD	US
S2-641847279	Ashima Ventures	FLOOR GRD PLOT D/57 66/68 BANKHARIA BUILD MODI STREET FORT, MUMBAI, महाराष्ट्र	India
S2-755646259	Precision Diagnostic Ventures Partners lnc.	##66 BLISS AVE, ATTLEBORO, MA	US
S2-1937073	summit optimal circle, inc	1119- SHEFFIELD MANOR COURT, CHESTERFIELD, MO	US
S2-976980256	Nelson Doubleline Partners Corp	2915 S 3 ST, IRONTON, OH	US
S2-532734102	YODER OBIC NORTH LLC	19128 Bothell Way, BOTHELL, WA	US
S2-420042179	>> Strategic  Harbor Miluna Inc	5870 VAN BUREN STREET, MERRILLVILLE, IN	US
S2-754021623	Vts Technologies Mathura Co	188-INDRA PURI COLONY, MOJA BAKALPUR KRISHNA NGR, MATHURA, Uttar Pradesh	India
S2-934567866	PIEDMONT  TRUST	1 BROADWAY ST, FRANKFORT, KY	US
S2-6788174	Eastern-Daevet0pers Private Limited	C/O KARAN SINGH SAINI PAC, ROAD NEAR INDIA BANK ATM, MORADABAD, उत्तर प्रदेश	India
S2-286507365	Diamond Innovative Roman (Corporation)	1607 CONIFER DRIVE, BALDWINSVILLE, NY	US
S2-154736259	Prime Grand LLC Miluna	1578 392, CORTLAND, NY	US
S2-283547128	YY  BUILDMART PVT	VETTIKKAPPALLIL THATTEAL HOUSE PALLIPURATHUSSERY P O, VAIKOM, Kerala	India
S2-856895679	ALEX FELLOWSHIP	176 KENWICK DRIVE, ROCHESTER, NY	US
S2-337605255	Smart Semiconductor Consultants Corp.	8433 39TH ST, MARYSVILLE, WA	US
S2-493677982	সানরাইজ সিস্টেমস প্রাইভেট লিমিটেড	8, KOLKATA, HOWRAH, পশ্চিমবঙ্গ	India
S2-931523271	DB DB Sachs PC		US
S2-692691090	Shiva  Techn0logy Pvt Ltd	FLAT NO-302, BLOCK-D, VEENA BIHAR APARTMENT INFRONT OF NITIBAGH COLONY, ADARSH VIHAR, BAILY ROAD, Bihar	India
S2-25615184	Star Retail Inc Consultants	FRAMINGHAM, 61 MAIN ST, MA	US
S2-724850186	রিয়েল ক্রিয়েটিভ ফুড প্রাইভেট লিমিটেড	3/C/2 BON BEHARI BOSE RD, HOWRAH, পশ্চিমবঙ্গ	India
S2-319840773	TOTALBUSINESSPRODUCTS.COM	2325 GARDNER DR, SAINT LOUIS, MO	US
S2-74816548	Colline Fulmer Fresh Digitalbridge Midtown  LLC	1101 SUSQUENANNA AVE, MIDDLE RIVER, MD	US
S2-131267237	Cardiology Tótal Specialists Llc		US
S2-1598802	Calozeph	7824-B Zero Road, CASPER, WY	US
S2-385713256	BEST HOLDING INC.	1626 SEWARD ST, EVANSTON, IL	US
S2-519232691	Urology Group Corp	5779- MONTROSE AVE, CHICAGO, IL	US
S2-114475140	પાયોનિયર ઇન્ફ્રા	SIMADAVAADU SURVEY NO.-185, PLOT NO -1/2/3 JIVAPAR, TANKARA, MORBI, TANKARA, RAJKOT, Gujarat	India
S2-641077860	इनोवेटिव मैनेजमेंट प्राइवेट लिमिटेड	BLOCK C-487 ANTICO BORGO S NO 62/1MUNDHWA HADAPSAR STATION ROAD, PUNE, Maharashtra	India
S2-908182559	Bobinette's Peak Staffing Holdings	107-D 2ND STREET, MARSHFIELD, WI	US
S2-535928294	स्मार्ट सिल्वर इंटरनेशनल प्रा. लि.	C-1, JAIPUR, Rajasthan	India
S2-785926431	Enus Midtown P.L.L.C.	723 7ND STREET, SACRAMENTO, CA	US
S2-977828308	halette cosgrove eye care llc	16833 LORIKEET LANE, BEAVERTON, OR	US
S2-609206933	South Lakshmi Properties [Private]	H.NO. E-87, SECOND FLOOR, NEW PALAM VIHAR PHASE-I, GURGAON, हरियाणा	India
S2-878507180	deltavillage.com	6932 GILLINGHAM WAY, NORTH HIGHLANDS, CA	US
S2-742238771	MAA CONSULTANTS [FOODS]	NO 16  FOURTH FLOOR, 16 C, MADHUBAN, BANK STREET, GIRWA, राजस्थान	India
S2-221290200	Indore  Western Private	H.NO 8 W/O MILIND RUMALE, B-304 RADHE REGENCY RAJENDRA NAGAR, INDORE, Madhya Pradesh	India
S2-298759423	JOHNSON CLEAR CENTER	703B WILDWOOD DRIVE, MINOOKA, IL	US
S2-80808504	gautam marg manufacturers private limited	A-238, S-2, DR. RAJENDRA PRASAD NAGAR, GAUTAM MARG, Rajasthan	India
S2-486080800	ബെസ്റ്റ് ഫുഡ്സ്	FIRST FLOOR ROOM NO 2, ANUPAMA COMPLEX, KOTTAYAM, Kerala	India
S2-446046508	Stokes Engineering	50  GIBSON STREET, CANANDAIGUA, NY	US
S2-60959270	Link Educational Society Enterprises LLP	VASUDA APARTMENT F NO.102, PNO.30 BHAGYANAGAR COLONY, TIRUMALAGIRI, Telangana	India
S2-317366560	Armstrong Affiliated, Llc	CEDAR CIR, TX, CARROLLTON	US
S2-7371225	Christ & Taylor	NY, NEWFANE, Autumn View Station	US
S2-536297507	ENVIRONMENTAL ASSOCIATION INC	9817- CHARLES WHITE RD, FILLMORE, NY	US
S2-116285923	PVT. CHENNAI FUTURISTIC HOLDINGS LTD.	PLOT NO.13, CHENNAI, Tamil Nadu	India
S2-248720500	ONCOLOGY MIDWEST HEALTH ASSOCIATES  INC.	10108 UTAH CIR, BLOOMINGTON, MN	US
S2-63014459	शिव जय केयर प्राइवेट लिमिटेड	4/91, VINEET KHAND GOMTI NAGAR, LUCKNOW, उत्तर प्रदेश	India
S2-330424267	Horizon Automation Solutions Partners	116 BROOKSIDE DRIVE, STANTON, KY	US
S2-482557616	Shelly D.  Condon, DO	NY, 0050 TRUMAN AVE, PLATTSBURGH	US
S2-96934318	Castill0 Launch  LLC	12212 TWIN RIVEBS DR, CHESTERFIELD COUNTY, VA	US
S2-854280490	A Crystal LLC Bny	6365 TWIN SILO DR, PA, BLUE BELL	US
S2-82249377	Pvt Madhava (India) Foundation Exports Ltd	#1-355/4/A/10, JALPALLY ROAD, JALPALLY, SAROORNAGAR, K.V.RANGAREDDY, తెలంగాణ	India
S2-156671848	TRUSTED ANNUITIES	MAIN ST, WILLIAMSTON, NC	US
S2-513472933	VISION HEALTH CO	9290 Elk Ridge Road, MT PLEASANT, TN	US
S2-944003309	Fayeavi	1306 PARK PL, NULL, MARYSVILLE, KS	US
S2-809743117	Dolava Global Corp	17826-B ROJO ROCKS RD, CONROE, TX	US
S2-797952566	Shri Pioneer Consultants Limited Service	177, 2ND MAIN, 2ND FLOOR, SHESHADRIPURAM BEHIND SWASTHIK COMPLEX, BENGALURU, Karnataka	India
S2-378582	The Classic System	2043 GERRITSEN AVENUE, BROOKLYN, NY	US
S2-452863524	Smt Badshah Collieries Holdings Limited	NO 55 SOUTH KINGS PVT LTD, 15/884, S.R ARCADE IMG JUNCTION, KUSUMAGIRI (PO), KAKKANAD, Keralam	India
S2-658794969	FOX HANCOCK	1023 HIGHLAND STREET, SYRACUSE, NY	US
S2-708591721	Desert Homes  (Inc)	213 FADUMA STREET, TRO YTOWNSHIP, NC	US
S2-574304828	Holdings Industrial Marine Innovations	1212 NORTH STREET, PITTSFIELD, MA	US
S2-173024207	Coastal Strategic Pghntnming, Inc	3010  WILLOW OAK DR, GREENSBORO, NC	US
S2-763524314	Ziemer Sumitomo	00553 BAKER AVE, NEW PHILADELPHIA, OH	US
S2-591291281	Systems Solutionsprivate Private	B 186 MEET NAGAR, NEW DELHI, Delhi	India
S2-435055956	Coimbatore Pvt Ltd Center	22MARUITHUMALAI MAIN ROAD VADAVALLI, COIMBATORE, Tamil Nadu	India
S2-579793193	Universal Packaging Consultants Eastgate	8734 RAMSBURY WAY, WILMINGTON, NC	US
S2-61373299	Perez's Dynamic Dynamic LLC [Center]	924 CARSON AVE, PAINESVILLE, OH	US
S2-316060779	Internal Médicine Care Associates Inc	JUNIPER DR, MOUNT PLEASANT, UT	US
S2-856329252	Reba-Fabtex Ltd	DOOR NO 1ST FLOOR, 1190, 3RD CROSS, 26TH MAIN, J P NAGAR PHASE 1, BANGALORE, BANGALORE, ಕರ್ನಾಟಕ	India
S2-744056208	Express Talent Technologies Inc.	PRESTON PARKWAY, HUNTLEY, IL	US
S2-663980552	Scholarship Charities Inc	OFALLON, MO, 516 BOARDWALK SPRINGS PLACE	US
S2-26275672	adititainterior.com	201, GANESH CHAMBERS, 2ND FLOOR 282, RABINDRA SARANI, KOLKATA, West Bengal	India
S2-139737748	CK Bhole Pvt.	239/8, 1ST FLOOR, MASJID MOTH, UDAY PARK, NEW DELHI, दिल्ली	India
S2-132204455	Jsg Hospital	3 & 4, GALI NO.3, EAST GURU ANGAD NAGAR, NEW DELHI, Delhi	India
S2-381137940	SURGICAL HÉALTH, LLC	3049A HIGH SCHOOL RD, INDIANAPOLIS, IN	US
S2-426637673	टेक मार्केटिंग प्राइवेट लिमिटेड	NO 1-03 1ST FLOOR TOWER N, NOIDA, GAUTAM BUDDHA NAGAR, उत्तर प्रदेश	India
S2-269774417	>> @cardiologyhealth	56 MOUNT HUNGER ROAD, HARTLAND, VT	US
S2-90644675	New  Consultants	HOUSE NO 217, DR MUKHERJEE NAGAR, NORTH WEST DELHI, Delhi	India
S2-478191504	Bio Harbor-Artificial	ND, MNIOT, 1124 NORMAL ST	US
S2-999283261	Tessy Davis Custom Bread LLC	42 ROSEMONT ST, N/A, DORCHESTER, MA	US
S2-924086019	Ventures Saif Consulting Ltd	PLOT ##218 A-1202, NEELKANTH MAJESTIC CTS, PL -05, SEC - 17, KALAMBOLI, PANVEL, Maharashtra	India
S2-684134942	Urgent Care Safe Associates	ME, PROSPECT, 45 HEAGAN MOUNTAIN ROAD	US
S2-164086401	3768 Hmgoalnd-Avenue Owners Corp LLC #73555	4804 EASTERN AVE, WASHINGTON, DC	US
S2-860004086	The Quantiq Financial LLC	1718 Twelfth Ave, ROCKFFORD, IL	US
S2-606247575	Rior Fuse Corp	NY, 1384 STONE RD, BRIDGEWATER	US
S2-77565452	-- Smith and Handlin Co	#100 LA RUE STREET, HUNTSVILLE, AL	US
S2-806164723	Creative James  Northside	WI, #N40W23870 SWAN VIEW COURT, CITY OF PEWAUKEE	US
S2-869189967	ಸೌತ್ ಜಯ್ ಕೇರ್ ಟ್ರೇಡಿಂಗ್ ಪ್ರೈವೇಟ್ ಲಿಮಿಟೆಡ್	NO. 484, RK TOWER, 2ND FLOOR, 1ST STAGE, 6TH PHASE, WEST OF CHORD ROAD, BENGALURU, BANGALORE, Karnataka	India
S2-169705183	crystalbroadcastpartners.com	WA, SPOKANE, REGAL ST	US
S2-752226304	The Primary Care-Clinic	274 PENINSULA POINT DRIVE, MONTGOMERY, TX	US
S2-485897754	#1	HUDSON ROAD, SUDBURY, MA	US
S2-866646376	Smt EN6INEERING SERVICES PRÍVATE LTD	NO 8981NAYA MAHALLA PUL BANGASH, DELHI, NEW DELHI, दिल्ली	India
S2-756896183	UNIFIED EVO LLC	325 WALNUT AVENUE, AZLE, TX	US
S2-789181442	Anna Nagar Hospital Pvt	DOOR NO 382 AI - 100, 4TH STREET, ANNA NAGAR, தமிழ்நாடு	India
S2-263588331	Sushant (India) LLP Service	411B/D 4TH FLOOR LEVANA, CYBER HEIGHTS VIBHUTI KHA, LUCKNOW, उत्तर प्रदेश	India
S2-945810394	PRIMARY CARE ATLANTIC MEDICINE CORPORATION	3557 3F- RAMSAY STREET, HIGH POINT, NC	US
S2-837417387	Boykin Pultsc (Inc)	7 A FAYETTE PL, NWTON, MA	US
S2-178268408	Jaisal Constructions LLP-Services	HOUSE NO.3509, SUVISHWA BALLAL SADAN SHIVAJI NAGAR, OPP. SHIVAJI STATUE, KUDAL, Maharashtra	India
S2-916431833	सुप्रीम कंस्ट्रक्शन जनरल लिमिटेड	SSJ 274, KARCHHANA, ALLAHABAD, Uttar Pradesh	India
S2-513907396	Branch's Spa	93 2ND STREET, YOUNG, PA	US
S2-556363885	Campas, Norman & Harper	222 Bowman Drive, VALLEJO CITY, CA	US
S2-656122003	Northern  Aurora	3811  BONVIEW AVE, BALTIMORE, MD	US
S2-574131075	RODRIGUEZ JOINT CORP	4521  142ND PL, <NULL>, BELLEVUE, WA	US
S2-671989878	Imelda Jhnsfon Crystal (Mining)	11214 BARBARA AVE, PEORIA, AZ	US
S2-239790099	Real Enterprises Ltd	Gujarat, NO 685NR WATER TANK, BHAVNAGAR	India
S2-242943179	Rocha Keystone Duke Eastgate,	#514 MCMURRAY BOULEVARD, CASA GRANDE, AZ	US
S2-329306255	Commission on	85 CUTSHALL AVENUE, GREENEVILLE, TN	US
S2-966915160	Team Polytechnic LLP	Tamil Nadu, DOOR NO 269 , AYAPAKKAM NEAR VENKATESWARA TEMPLE, CHENNAI	India
S2-3991720	Premier Prime Infrastructure Public Limited	PLOT NO.-#60, POCKET E-1 SECTOR -7, ROHINI, Delhi	India
S2-585881544	Prime Media Pvt Limited	SHOP NO. B3/201-203 , RAKSHA TOWER, ABOVE DOMINOZ PIZZA CHUNA BHATTI, KOLAR ROAC, BHOPAL, <NULL>, Madhya Pradesh	India
S2-206014111	Jackson Learning Cefer LLC	STONE LAKES DR, LOUISVILLE, KY	US
S2-47281809	Gauger Equity Partners		US
S2-190861651	Sheena Walden Kochav Inc	111 CHEROKEE AVE, DOOTHAN, AL	US
S2-202863157	MILLER AND MHLER ECO LLC	10rd Street, TEMPE TOWNSHIP, AZ	US
S2-29148762	SG Chs Inc	NY, 193  OAK POINT TRL, WEBSTER	US
S2-669025210	Aditiyi Vyapaar	S-21- F/F S BLOCK, MARKET, GREEN PARK EXTENSION, NE, NEW DELHI, Delhi	India
S2-361142131	Innovative Limited Holdings Private Agencies	NO-47/12A, ROBIN NAGAR, 2ND STREET NEMILLICHERRY, CHROMPET, CHENNAI, Tamil Nadu	India
S2-379483768	IDALINE NEWELL,	230 GALLIMORE LN, FLOYD COUNTY, VA	US
S2-752340533	Eloise Cochran, D.O. Center	#185 Briana Marie Way, INDIAN TRAIL, NC	US
S2-438043011	Nova Inc Services	DALLAS, TX, 5044 MATILDA STREET	US
S2-20293012	merle karpinski, do inc.	1536 STRATFORD HAL CIRCLE, MURFREESBORO, TN	US
S2-131279790	Concrete Design Co	AT & PO BADARGADH TA. PALANPUR, BADARGADH, Gujarat	India
S2-887805536	Jm Services	8/39A, SAHID NAGAR 8 1ST FLOOR, P.O. HALTU, KOLKATA, KOLKATA, পশ্চিমবঙ্গ	India
S2-820291285	ierpallonji.com	PLOT 117 C 201, CIVITECH SAMPRITI, GH 02/C, SECTOR 77 RD, SECTOR 77, NOIDA, NOIDA, Uttar Pradesh	India
S2-194881635	Lucky  Seafood	222 SOUTH BLVD, SLAISBURY, MD	US
S2-274606624	Ace Constructions Furniture Limited	Uttar Pradesh, UNIT NO. D/03-29B-, TOWER-A, THIRD FLOOR I.T. SQUARE PLOT NO. 21, SECTOR-K.P.-3, GREATER NOIDA	India
S2-575372241	DAUM SUPPLY		US
S2-78538536	NOVIYUMASYN	PATEL APARTMENT CHITABHAI PATEL ROAD, KANDIVALI EAST, Maharashtra	India
S2-277974152	Lyrahaloflux	##2773 MALVERN RD, ARKADELPHIA, AR	US
S2-436597797	>> Smith Ace Center	1093 24 1/4 STREET, TOWN OF CHETEK, WI	US
S2-414690263	Cancer Treoal Alliance, LLC	CLARENDON PL, ROCK HILL, SC	US
S2-222204248	leolinesheartlandelectrical.com	2711 ANITA AVENUE, BATON ROUGE CITY, LA	US
S2-556207938	PRIVATE RRE LEASING [LIMITED]	DOOR NO 5A ADARSH COLONY SHINDE KI CHAWANI LASHKAR, GWALIOR, null, Madhya Pradesh	India
S2-859288820	Karur Taluk Karur District Technical (Limited)	H.NO 69-74 SIDCO INDUSTRIALESTATE SALEM BYE PASS ROAD ATHUR VENNAMALAI POST, KARUR TALUK KARUR DISTRICT, தமிழ்நாடு	India
S2-249037316	Patriot-Pek Etf	3822 ILLINOIS AVENUE, DALLAS, TX	US
S2-573898964	Valley (Pediatrics)	17255 HUNTSVILLE BROWNSFERRY RD, ATHENS, AL	US
S2-520345950	HIGHLAND LEARNING CÉNTER	680 HAUSER BOULEVARD, HEELENA, MT	US
S2-771276647	Ashcraft  Metals	146 GOLDEN AUTUMN PL, COROE CDP, TX	US
S2-889324337	ಬಿಗ್ ಕನ್‌ಸ್ಟ್ರಕ್ಷನ್ಸ್ ಪ್ರೈವೇಟ್ ಲಿಮಿಟೆಡ್	NO.301, BANGALORE, ಕರ್ನಾಟಕ	India
S2-393221393	परफेक्ट इंडस्ट्रीज एलएलपी	2275-C-2, SOUTH DELHI, Delhi	India
S2-288614765	First Power Private Limited		India
S2-296887094	elitefreightstudios.com	7832 3200, WEST JORDAN CITY, UT	US
S2-396207417	guerrawilliamsomaha.com	9126 FRANCES STREET, OMAHA, NE	US
S2-196076038	SPRING VALLEY ASTS BUILDING HÓRIZON INITIATIVE	##36 LAWRENCE STREET, SPRING VALLEY, NY	US
S2-631805285	Baba International Private		India
S2-297682555	Hubbard, Patrice T.,	1523  LAKE ST, OGDEN, UT	US
S2-793287878	STOVER CORNERSTONE	IL, STEELEVILLE, 601 JAMES ST	US
S2-960342236	Technologies Corporation Dine Aster	#17 , BAGALKOT ROAD, BILAGI TALUK, BAGALKOT, ಕರ್ನಾಟಕ	India
S2-683678097	Everfine & Company	16 LIMAYEWADA NARAYANPETH NC KELKAR ROAD, PUNE, महाराष्ट्र	India
S2-233315048	नॉर्थ सिस्टम्स प्राइवेट लिमिटेड	D-14/92-93. U.G FLOOR, SECTOR 8, ROHINI, NORTH WEST DELHI, दिल्ली	India
S2-335616816	कृष्ण ग्लोबल प्राइवेट लिमिटेड	##312-313, 4TH FLOOR, SAIRAM PLAZA, 63, MANGAL NAGAR, OPP. RIGNOL, INDORE, मध्य प्रदेश	India
S2-44083793	Direct Kongsberg	8053-8055 STODDARD AVENUE, MO, KANSAS CITY CITY	US
S2-565165501	Studstill Imperial	4134 COUNCIL RD, RATCLIFF, AR	US
S2-895588936	CCWN AI PVT. LTD.	#99, GANDHIDHAM, KACHCHH, Gujarat	India
S2-948502865	Desert Interests	##170 BREWERS BOULEVARD, BELGRADE, MT	US
S2-15968179	Omni 5tores Pvt Ltd	C/O SUSHILA DEVI W/O BABU LAL JANGID 4, NEW COLONY, BHARIJA ROAD, JOBNER, Rajasthan	India
S2-811669561	modernspring.com	412- LICKING STREET, FALMOUTH, KY	US
S2-816447368	Direct Value	44 STREET B STREET, SACATOON TOWNSHIP, AZ	US
S2-188793175	Olanoari Community LLC	103-107 HIGHVIEW STREET, NULL, WESTWOOD, MA	US
S2-593326306	Clear-Optimal Hair Studio Inc	UT, DRAPER CITY (SL CO), 0011715 STATE ST	US
S2-565522310	Heritage Foundation LP	23168 DARBY AENUE, TUALATIN, OR	US
S2-448046452	Martinez, Walkup and Million L.L.C. Center	230TH ST, OH, NORTH OLMSTED	US
S2-141861426	VALLEYFOUNDATION.COM	2804 KOLBY CORT, BLOOMINGON CITY, IL	US
S2-144859356	Empire Vertical Valier LP	563 FLOA ST, VALIER, IL	US
S2-827264710	Pediatric Health Inc	10601 ITHACA LN, MAPLE GROVE, MN	US
S2-352114975	platinum capital otg inc.	7TH AVENUE, BROWNTON, MN	US
S2-486247404	Positive Shree Private	ST. NO. 1  OVERLOCK ROAD, LUDHIANA, Punjab	India
S2-462041062	Ank  Trading Industries	835 6, 2ND FLOOR, ARADHANA, SIR M.V ROAD, ANDHERI (E), MUMBAI, Maharashtra	India
S2-51257961	Bright LLC Science	1632 CAMBRIA DR, GREENVILEL, NC	US
S2-69340334	Rev It  Up Cleaning Service LLC	10325 KNIGMAN ST, PHOENIX, AZ	US
S2-460557149	ਮਾਂ ਇਨਫੋਟੈਕ ਐਲਐਲਪੀ	HN 645 ST NO. 3-R RAM NAGAR, JAGRAON, LUDHIANA, Punjab	India
S2-466757492	ராயல் பில்டர்ஸ் பிரைவேட் லிமிடெட்	NO.27/1 TRNK ROAD, WALLAJAH, VELLORE, Tamil Nadu	India
S2-223264816	RYZ Express	227 PLK AVENUE, FRONT ROYAL TOWN, VA	US
S2-931315468	Harikrishna Deals	HN 874 38/3, PLOT NO 9, 13, 14 BAPAT NAGAR, BAPAT NAGAR CHANDRAPUR, CHANDRAPUR, महाराष्ट्र	India
S2-429907545	BEUTEL SARATOGA INC	10 MADISON AVE, HAMPTON BAYS, NY	US
S2-506816161	Andr0mache Taylor Scientific	##6420 CHURCH LN, CHARLES CITY, VA	US
S2-761862456	Anderson Rexford Llc	28 NEWPORT AVE, NEWPORT EAST, RI	US
S2-285815318	स्टार वेंचर्स प्रा. लि.	101, 1ST FLOOR, GLEN EAGLE CHS LTD, PLOT NO. 7 GULMOHAR ROAD, J. V. P. D. SCHEME, MUMBAI, Maharashtra	India
S2-126177875	ईस्टर्न फाउंडेशन प्राइवेट लिमिटेड	WEST DELHI, NEW DELHI, Delhi, HN 340 H NO. G-1/140-152 SECOND FLOOR	India
S2-431481404	Kalyan Leader Private	FLAT NO.422 ; BLDG.NO.6, WIMCO NAKA MATOSHREE, KALYAN, Maharashtra	India
S2-152667742	WOLF LÍMITED	25816 THORNHILL DRIVE, PEORIA, AZ	US
S2-479705972	Coastal Illumination Co	#17533 STOCKTON LN, CHAGRIN FALLS, OH	US
S2-919731460	Dooley Trústed Aldel Inc	WILLIAMSBURG LANE, OVILLA, TX	US
S2-114246965	Family Partners L.L.C.	4404 RIVER RD, TOWN OF JANESVILLE, WI	US
S2-30712041	Lyran Vii	162 BELLA SQ, SMITHFIELD, NC	US
S2-914884090	L.L.P. Mercury Autotech	A - 415, ANKLESHWAR, RAJPARDI, ગુજરાત	India
S2-510998073	RIDGE COMMITTEE LAKESIDE	001622 POETS GLADE DR, APEX, NC	US
S2-354383009	turner cascade oak riverside llc (ID: 44537)	216 E ST, DICKINSON, ND	US
S2-23776051	Blue Association LLC	0164 TREMONT ST, BOSTON, MA	US
S2-931522512	DE Huds0n Huds0n	41173 ARBOR AVENUE, SAN TAN VALLEY, AZ	US
S2-238075320	Delhi  Services	HOUSE NO. 022/46 WEST PATEL NAGAR, DELHI, Delhi	India
S2-433768180	Molina's Center	IN, 4925 OPAL RIDGE LN, INDIANAPOLIS	US
S2-22816165	శక్తి హాస్పిటాలిటీ ప్రైవేట్ లిమిటెడ్	C/O M, Andhra Pradesh, PRAKASAM, KOMAROLE, KONDAIAH, VASAVIRES, 503;04-DZONE; NA, LAWYER	India
S2-710949723	COZY PUB PARTNERS  CORPORATION	79 BUFFALO AVE, BROOKLYN, NY	US
S2-969385618	Gulf Health Center Downtown	224 HARDING AVE, LIBERTYVILLE, IL	US
S2-933244056	Quinn and Wagner Care Greater Inc.	320 A 15 ST, BROOKLYN, NY	US
S2-356145291	Family Group Ltd	IL, WOODSTOCK, 10503 SADLDEBRED TRL	US
S2-76130349	Federal Preparatory	27000 BASS PRO DR, SPANISH FORT, AL	US
S2-46609990	Marketing & Sos Holdings	4-64A, RING ROAD, AZADPUR, Delhi	India
S2-146176992	गोल्डन एनर्जी प्राइवेट लिमिटेड	NO. 02 C/O KAMLESH AGGARWAL, BRAHUMPURI, G.T. ROAD, GAUTAM BUDDHA NAGAR, NOIDA, Uttar Pradesh	India
S2-209420188	tr guaranty midtown llc	39W 353 W BURNHAM LN, GENEVA, IL	US
S2-128823648	Preferred  Learning	300 1/2 MAIN ST, MINOA, NY	US
S2-644441619	LLC Frontier Signature Shanghai	SEVEN HILLS ROAD, ASHTABULA, OH	US
S2-989540957	LLC Delta School of Miocnie	12132 ANGELL RD, SILVER CREEK, NY	US
S2-414570318	Williams-Sihsiodn Holdings	526 GEORGETOWN AVE, ELYRIA, OH	US
S2-180586451	Lelia Lucas Ithax	106 RIVER STREET, VICTORIA, TX	US
S2-329501280	C0ok and Nunez	1617 89RD ST, BIRMINGAHM, AL	US
S2-110420546	Colonial Industries Co	2524 EISENHOWER AVE, VALPARAISO, IN	US
S2-416023084	Mnm Properties  Ltd	BLOCK A-207 E-64, STREET NO-8 SHASHI GARDEN MAYUR VIHAR PHASE-I, Delhi	India
S2-703927490	Aplus Public School Company	AT - CHAPARALA, POST - KACHARALA TALUKA - BHADRAWATI, CHANDRAPUR, Maharashtra	India
S2-759306506	M/s Roots Vascu1ar Private	#716 OFFICE NO 924 -925, PLOT NO 14B GROHITAM BLDG, SECTOR -19, VASHI, NAVI MUMBAI, THANE, महाराष्ट्र	India
S2-950136819	*** Norman First [Center]	OH, 3453-3455 53ND ST, CLEVELAND	US
S2-227538914	... Seven Systems Prívate Limited	Rajasthan, JAIPUR, 1/62, MADHYAM MARG MANSAROVER, JAIPUR	India
S2-615043574	orthopediccarepartners.com	3756 RICKWOOD CAVERNS ROAD, HAYDEN, AL	US
S2-619552133	Clean Defense Dígital, (Ltd)	167 BOXWOOD DR, FRANKLIN, TN	US
S2-802486396	Sristi Limited Advisors - 8124138365	OFF -9-207 A WING OM DIVYA APT CTS NO 59/59/1 TO 11 NEXT TO CINEMA TRIKAMDAS RO, MUMBAI, Maharashtra	India
S2-961059884	Vcs  Management Enterprises Limited	B3/19/12, HADDOWS ROAD NUNGAMBAKKAM, CHENNAI, தமிழ்நாடு	India
S2-636667865	SN Ameren Co	N4833 EZ RD, TOWN OF ROYALTON, WI	US
S2-6857840	Bamonet Rapid Box,	5006 MILLS DRIVE, ANCHORAGE, AK	US
S2-550266347	Zaex Inc.	11375 MAINSAIL COURT, FISHERS, IN	US
S2-387282743	environmentalcommitteeiii.com	6 NATIONAL ST, BOSTON, MA	US
S2-314718273	Big  Hair	28903 KEHRES ST, ELKHART, IN	US
S2-553871772	ईस्ट टेक प्रा. लि.	DOOR NO #5 CIVIL LINE, OPPOSITE ROHILA HOTEL, BAREILLY, उत्तर प्रदेश	India
S2-394461462	TECHNOLOGIES BAFNA COTFAB CORPORATION CORPORATION	FLAT NO. A##1, LA BLOSSOMS, 10/15 SURENDAR NAGAR 4TH STREET, ADAMBAKKAM, CHENNAI, Tamil Nadu	India
S2-209798310	@ANDERSONHAYES	8412 DELMAR BOULEVARD, SAINT LOUIS, MO	US
S2-798364159	PD Proshares	4154 LOCKBOURNE INDUSTRIAL PKWY, COLUMBUS, OH	US
S2-383922309	Ganapati Sanskar Private  Limited	Delhi, C 1-9, NIZAMUDDIN WEST, NEW DELHI	India
S2-241400948	BARNETTVENDOME.COM	3133 COURTNEY AVE, AZ, KINGMAN	US
S2-860838347	Piedmont Inc Center	OH, 1251 GLENOAK DRIVE, TALLMDGE	US
S2-252993600	SILVER PRIME FIVE LP	45 CLEMMONS ST, ASHEVILLE, NC	US
S2-824270943	Dental-Group	9114. SPRING HILL RD, SUSSEX COUNTY, VA	US
S2-507051632	Shrushti Energy Private (Limited)	H.NO 7/637 OPP NEW, POLICE STATION ROAD, KHAMBHALIA, Gujarat	India
S2-564006836	[Services] Hitech LLP	DOOR NO 537 VPO JASAUR KHERI, BAHADURGARH, JHAJJAR, हरियाणा	India
S2-599060170	Center Shuster Inc	LAMBERT ST, INDIANAPOLIS, IN	US
S2-530243860	Summit  Council LLC	1 WISTERIA DR, NEWARK, DE	US
S2-881455992	LEWIS & GÁLVAN LLC	140 EAGLE CIR, ELYRIA, OH	US
S2-36262258	Mars Age Pvt. Limited	ఆంధ్రప్రదేశ్, 17-02-01/20, FLAT NUMBER 404, SESHADRI APARTMENTS JAMINDAR METTA, SEETAMPETA, SRI RAM NAGA, R, RAJAHMUNDRY	India
S2-568563119	Z & Y Orion Holdings	778 10, PHARSALIA, NY	US
S2-696660565	Smt The Cd Institute of Technology	6 TOP FLOOR PRIYA ENCLAVE, OPP. KRKARDOOMA COURT, NEW DELHI, Delhi	India
S2-640098886	NEXUS CÉNTRAL	400, ROYAL CENTER, IN	US
S2-776935106	Agro Bútta Estate Private Limited	Gujarat, 901-906, SURANA-101, TOWER-, B, SAHARA DARWAJA, UMARWADA, SURAT CITY	India
S2-960883482	Layton LLC Auto All	3120-3124 OLD FRISCO ROAD, NORMAN, OK	US
S2-438329351	Family Mfbniotsies Inc	CHURCH STREET, NULL, KELSO, WA	US
S2-389206475	Pediatric Dsntasity R0yal Associates, Ltd	1865 LARKSPUR DRIVE, ARLINGTON, TX	US
S2-19770394	Samson  Packaging Pvt Ltd	#5-0 OPPOSITE RMV ROA,D UDAIPUR, Rajasthan	India
S2-152315157	Paul Paul Biomedical	30896-30898 GOODMAN RANCH PLACE, MARANA, AZ	US
S2-443516628	Rudra  Sangh Ltd	5/46, INDUSTRIAL DEVELOPMENT AREA PUDUSSERY, KANJIKODE WEST, കേരളം	India
S2-812116200	Raviora Farmer of Puen Limited	98, 1ST FLOOR, BLDG A, GAGAN GALAXY BIBVEWADI KONDHWA ROAD, MARKET YARD, PUNE, Maharashtra	India
S2-358136942	CASSY [FRANKLIN]	TEMPLE, TX, null, 2601 DANIEL BOONE TRL	US
S2-237963849	RGPRIVATE.COM	H.NO.48-526, GANESH NAGAR, CHINTAL, JEEDIMETLA, HYDERABAD, Andhra Pradesh	India
S2-441080848	DELHI MODA PTREA LIMITED	BG-354 SANJAY GANDHI TRANSPORT NAGAR, DELHI, Delhi	India
S2-519102559	PR Fresh Aberdeen, Incorporated	8514 WASHINGTON ST, PEORIA, AZ	US
S2-130171752	The-Ingrid The-Ingrid Miranda Continental Jewelers	1307 SPRING VALLEY DRIVE, NACOGDOCHES, TX	US
S2-436104079	Genome Hospital  Private Limited	PLOT 3-487 FLAT NO. SNA 206, BLOCK:A, SHIPRA NEO, INDIRAPURAM, GHAZIABAD, Uttar Pradesh	India
S2-154677740	Ear Nose & Throat Cascade Physicians Inc Board	983 EAST ALEXANDRIA PIKE, NEWPORT KY, KY	US
S2-44682137	>> Infra Parth Technologies Pvt [Ltd]	18-222/24-1, WARANGAL, తెలంగాణ	India
S2-314440114	New Sciences Delhi Pvt. Ltd.	1/10317, F/F, GALI NO.1, WEST GORKH PARK NEAR DURGA MANDIR, NEW DELHI, दिल्ली	India
S2-609160322	ड्रीम ट्रेडिंग प्राइवेट लिमिटेड	OFFICE NO 917 9TH FLOOR, GAUR CITY MALL SECTOR-4, GAUTAM BUDDHA NAGAR, NOIDA, Uttar Pradesh	India
S2-654133306	ANCHOR FINANCIAL  SYSTEMS,	338 OSCAR PATTERSON ROAD, MERIDIANVILLE, AL	US
S2-378585384	Mariam Ecott Silverbox lnc	296 OSSIPEE TRAIL, LIMINGTON, ME	US
S2-762272654	Lukaszewski's Atlantic Hdgsr-Studio		US
S2-549171843	#tylervaneck	4221 43RD AVE, SEATTLE, WA	US
S2-392994785	Darda Rodriguez-Five [Clinic]	4990 MISTY BAY DR, DULUTH, MN	US
S2-703227683	CARITTA'S DELTA  CENTER	2300 LOCUST ST, WILMINGTON CITY, DE	US
S2-507247758	Lacee Ellis Piedmont [Oil]	368 MUSSON ERWIN RD, null, BUTTERNUTS, NY	US
S2-619224731	Castillo Coastal Community Inc.	NM, 281 STATE ROAD 215, EL RITO	US
S2-940449303	Emmaline Ramirez-Quasaredge Ramirez-Quasaredge P.C.	9526 THORNBUSH AVE, MESA FOUR PEAKS, AZ	US
S2-936159952	Ear Nose  & Throat Care Associates LLC	707 GIFFORDS LN, STATEN ISLAND, NY	US
S2-165808625	Foundation Lambodar-Udyog Corp	10-3-37- , .SAMBASIVA PET, GUNTUR, Andhra Pradesh	India
S2-477248385	ਜੈ ਹਾਸਪਿਟੈਲਿਟੀ ਪ੍ਰਾਈਵੇਟ ਲਿਮਟਿਡ	H.NO ##510, Punjab, MULLANPUR, MOHALI, GROUND FLOOR, BLOCK B, OMAXE CASSIA, PHASE 3, NEW CHANDIGARH	India
S2-893336664	Baroque Hospital		India
S2-111613195	Tine Porter Sílver Molecular	003414 FAIRVIEW AVENUE, PO BOX 3934, WICHITA, KS	US
S2-398059877	Chittoor Marbles Llp	NO 112, 7TH MAIN, 27TH CROSS 4TH BLOCK, JAYANAGAR, BANGALORE, Karnataka	India
S2-731674376	Padgett Desert Ramaco Inc	Princess Pl, SURPRISE, AZ	US
S2-658400660	BICKFORD THERAPY LP	994 LUCK RD, ASHEBORO, NC	US
S2-692135412	PLLC Vance's Cyrlsal Entertainment	GLOUCESTER COUNTY, VA, 6264-6266 GLENNS RD	US
S2-29822548	Berry Hemingway Robinhood Co	001354 54 ST, BROOKLYN, NY	US
S2-134271791	Dr indiagasesprivate.com	DOOR NO 11/685 5TH FLOOR AMINA MANZIL SUPARI GALI, CHOWK BAZAR, S, URAT, SURAT, Gujarat	India
S2-763486581	Entrust  Tut	#555 8-2-293/82/A/119, MEENAKSHI, PLOT NO 119, ROAD NO 10, JUBILEE HILLS, SHAIKPET, Telangana	India
S2-964595179	private trans events ventures limited	66, BETHEL ILLAM, ASANUR ROAD, SANDAPET, TIRUKKOYILUR, VILLUPURAM, TIRUKKOYILUR, TIRUKKOYILUR, VILLUPURAM, Tamil Nadu	India
S2-707719204	Halcent Harvard,	UNIONTOWN HWY, UNIONTOWN, AR	US
S2-190799067	*** GALVAN CHEMICAL LLC	2714 BLUE ROCK BOULEVARD, GROVE CITY, OH	US
S2-106361775	The Ear Nose & Throat Physicians LLC	CLEE ELUM, 141 SANCTUARY CT, WA	US
S2-275279539	First  International Private Limited	उत्तर प्रदेश, AN 1040 GAUTAM NAGAR, COLONY SUSUWAHI VARANASI, VARANASI	India
S2-377574745	Rodriguez-Rising-Inc	2104 5TH AVENUE, MAYWOOD, IL	US
S2-632011302	Advanced Financial  Systems LLC	N/A, OZARK, ##310 THIRD ST, AR	US
S2-898473413	राम मीडिया बेकरी प्राइवेट लिमिटेड	L-286, PANIPAT, हरियाणा	India
S2-971975127	overseas vidyalaya	GALI NO 3., KESHAV NAGAR, NARNAUL, हरियाणा	India
S2-177136326	Zephan Ubs	38 GREENE RD, TAPPAN, NY	US
S2-643121091	Pvt Thane Global Enterprises Ltd.	THANE, PLOT 0127 FLAT NO B 108 B WING SANT NAMDEV PITHAEE APT GURU THANE MCORP, Maharashtra	India
S2-845188161	Community Society-L.L.C.	1509. 28, WARRENSBURG, NY	US
S2-30165364	BEDI PIMGM LLC	ALEX, 309- G SAINT, OK	US
S2-997944958	New Delhi Limited [Services]	FLAT-504 , SHREE RAJPAL RESIDENCY CHS PLOT-25, SECTOR 17, ROADPALI, KALAMBOLI, RAIGARH, महाराष्ट्र	India
S2-155141674	Brigida Edwards Auto Co Service	2537 STARLING AIRPORT ROAD, ARNOLD, MO	US
S2-898992585	Wall Anchor [Oddtdse]	#5235 700, SOUTH WHITLEY, IN	US
S2-406329332	Oncology Physicians  of Glendale	7541  107ND DRIVE, GLENDALE CITY, AZ	US
S2-19072198	Pediatric Dental Metro Care Associates Partners	808-812 CHANNING PLACE, WASHINGTON, DC	US
S2-548306701	ശ്യാം ഫൗണ്ടേഷൻ പ്രൈവറ്റ് ലിമിറ്റഡ്	DOOR NO 13/250 A, 1ST FLOOR, ZIBA COMPLEX, SAROVARAM BIO PARK ROAD, KOZHIKODE, Kerala	India
S2-252095967	Classic-Services	HIGH STREET, SALEM, OR	US
S2-804814270	M0UNTAIN  PREPARATORY ACADEMY	10029 OLCOTT AVE, ST. JOHN, IN	US
S2-544204966	Select Cloud Partners	PINE ST, ADAMS, MA	US
S2-323284139	પ્રીમિયર માર્કેટિંગ પ્રાઇવેટ લિમિટેડ	44/1/1, HARI BAHVAN OPP. VISHNU PETROL PUMP, AMRAIWADI, AHMEDABAD, Gujarat	India
S2-364769546	बॉम्बे एक्सपोर्ट्स प्राइवेट लिमिटेड	NO 1/C, DELHI, NORTH WEST DELHI, Delhi	India
S2-610525683	Cure Barbershop	3001. LIBBY LANE, EDMOND, OK	US
S2-407850014	INTEGRATED 5UPERIOR FEUL HOLDINGS	11311  JEFFERSON ST, PO BOX 2783, MAYER, AZ	US
S2-510176768	గ్రేట్ బిల్డర్స్ ప్రైవేట్ లిమిటెడ్	DOOR NO 010-28-2/1/8, VIZAG, VISHAKHAPATNAM, Andhra Pradesh	India
S2-277842434	Dailey Presidio		US
S2-322099604	BOBINA LABRECQUE LIGHT L.L.C.	1601 TRAPELO ROAD, WALTHAM, MA	US
S2-644231147	AE Diamonds  Company	#241F BRINDAVAN ROAD, IVTH CROSS, FAIRLANDS, தமிழ்நாடு	India
S2-302698201	Ace Beacon Accounting Corp	1632 1/2 PRIMROSE AVENUE, GRANITE CITY, IL	US
S2-973955053	Dermatology Group	7781B JOURNEY LANE, SCOTTSDALE, AZ	US
S2-479835805	Star Royal Private Estate Limited		India
S2-161657771	adyarhandicrafts.com	30/2, VENKATRATNAM NAGAR, ADYAR, Tamil Nadu	India
S2-447747394	Gaya Electronics-LLP	बिहार, NEW KARIMGANJ ROAD NO.- 5, P.S- CIVIL LINES, GAYA	India
S2-482725078	Patton Ingredients LLC LLC	DOVER, DE, 51 PINEWOOD ACRES AVENUE, PO BOX 1132	US
S2-953125651	Sri Varsha Prakash Private Limited	1/22, MATADIN MISHRA BUILDING, OLD NAGADAS CROSS ROAD, ANDHERI (EAST), Maharashtra	India
S2-983737599	प्रीमियर कंस्ट्रक्शंस प्राइवेट लिमिटेड	SJS HOUSE 04TH DELHI ROAD, HAPUR, MEERUT, Uttar Pradesh	India
S2-389198684	रॉयल मॉडर्न मार्केटिंग	H.NO ##717 A, THE UMED HEIGHTS, JODHPUR, राजस्थान	India
S2-49027903	Corp Fiex	3019 ENGLEWOOD DR, KINSTON, NC	US
S2-910570350	జైన్ ఇండస్ట్రీస్ ఎల్‌ఎల్‌పీ	Telangana, H.NO.7-3-224/1/B 402, VISHNU CLASSIC, MADHURA NAGAR, HYDERABAD	India
S2-81975904	Cascade Supreme Tech Group	33 CANTERBURY LANE, BERGEN, NY	US
S2-290857782	Colonial Council	7 BUSHNELL STREET, CONNING TOWERS-NAUTILUS PARK, CT	US
S2-364082163	ગેલેક્સી ટેક પ્રાઇવેટ લિમિટેડ	H.NO 708 501, SWAGAR, C.G.ROAD, AHMEDABAD, ELLISBRIDGE, Gujarat	India
S2-356718236	लक्ष्मी फाइनेंस लिमिटेड	DOOR NO 111A/73A ASHOK NAGAR, AURONTHARPUR, Uttar Pradesh, KANPUR	India
S2-405660343	Frontier Technology Inc	OAKLAWN DR, IRONDEQUOIT, NY	US
S2-85606080	Stay Vidyalaya Limited	HOUSE NO A23 FLOOR GROUND, GUPTA BIAWAN BLOCK - A CC COLONY, DELHI, दिल्ली	India
S2-293096395	Mcnellis Gold	BARBOURSVILLE, 8 HANCOK CT, WV	US
S2-983009329	MUMBAI INDUSTRIAL EXPORTS PRIVATE LIMITED	H.NO ##17 GROUND FLOOR, BLDG 5/2, SHREE SHIV SHAKTI CHS, VAISHET PADA, KURAR VILLAGE, MALAD (E), MUMBAI, Maharashtra	India
S2-267996717	Unified Biomedical Solutions Holdings	389 Hidden Forest Trl, TN, SPRING CITY	US
S2-922790446	प्रीमियर फॉर्च्यून इन्वेस्टमेंट्स ज्वेलर्स प्राइवेट लिमिटेड	C/O ABHILASHA MISHRA BHATTA NO 6 HARNAMPUR MAIHAR, MAIHAR, SATNA, Madhya Pradesh	India
S2-74468218	Foundation Tashvi Ínfratech Center	FLAT T-#1 3, MALAD TRISHUL, C.H.S L.T.D SUNDAR NAGAR, S.V. ROAD, MALDA (WEST), MUMBAI, Maharashtra	India
S2-514666096	Bushway,  Potts & Beltran-LP	#559 County Road 104B, BUCKHOLTS, TX	US
S2-308919655	Clean-Marine	116 1/2 MONTEREY DR, <NULL>, KELSO, WA	US
S2-285608733	Equinox	OH, WILBERFORCE, Us 42	US
S2-772822062	Vaicque LLC	75 WINTHROP AVE, REVERE, MA	US
S2-344331823	RH Technologies Private (Limited)	A6/11/4, MILLENNIUM TOWER, SECTOR 9, SANPADA, THANE, Maharashtra	India
S2-850018601	South  Care Private Limited	A2/912 LOK GAURAV COMPLEX, LBS MARG OPP.EMPIRE PLAZA, MUMBAI, Maharashtra	India
S2-223758246	Vibrant Ventures Pvt Ltd	DOOR NO 662 FLAT NO-1013, 10TH FLOOR, PLOT NO-16, RAJKAMAL PARK CO-OP HOUSING SOCIETY LTD, SANEWADI, HAVELI, महाराष्ट्र	India
S2-751001440	Coastal Health Center [LP]	1440 YELLOW DESERT WAY, WENDELL, NC	US
S2-543477338	Bush Precision	3705 CLEAR SPRINGS RD, MASCOT, TN	US
S2-518007655	Tiphanie's Empire Foods Inc.	##9325 DORCHESTER ST, HIGHLANDS RANCH, CO	US
S2-498522910	3948 3948 Third Place Co	1 7TH STREET, N MNACHESTER, IN	US
S2-707495333	Urgent Care First Partners Partners	OH, NAAPOLEON CITY, 0866 VOCKE STREET	US
S2-444733397	Peralta and Heck Partners	CA, 011759 MALAGA DR, RANCHO CUCAMONGA	US
S2-843170450	FRE5H HYPNOSIS CORP	6227 MARAVICH LANE, BATON ROUGE CITY, LA	US
S2-195850208	Dr Indian Developers Textiles	68A/179, RAJA SUBODH CHANDRA MULLICK ROAD, BAGHAJATIN COLONY CALCUTTA, KOLKATA, পশ্চিমবঙ্গ	India
S2-312788043	KUSHAL CART PRIVATE LIMITED	H.NO. B3/1-8-203 BALASAMUDRAM, HANAMKONDA, తెలంగాణ	India
S2-22446624	jssupply.com	3230 Aurelia Court, ELKG ROVE, CA	US
S2-375671914	Crum & Tedesco	250 HICKCRY RD, SOMERSET TOWNSHIP, PA	US
S2-595477409	Tabitha Taylor	2941B OLD ROAD N, FARMERS BRANCH, TX	US
S2-308159109	Urban Deli Ltd	1000 ALLISON DRIVE, CA, VACAVILLE	US
S2-309711558	Desert-Institute	OH, 536 FOURTH SAINT, GREENVILLE	US
S2-138004653	Threadgill Investors of-Inc. Center	102 SOMERSET AVENUE, NORTH DIGHTN, MA	US
S2-859892843	Murrell, Yu and Brewsaer	CRAWFORDSVILLE, 1413 500, IN	US
S2-685356377	Rb Infra Pvt Ltd.	1/139, HARIPARWAT CROSSING, NR.POPULAR CYCLE SHOWROOM, AGRA, Uttar Pradesh	India
S2-319418605	Datha Rue, DO	14300 BELL ROAD, SURPRISE, AZ	US
S2-918390867	Lee and Lawson Llc	1702 PINE AVE, CITY OF MENOMONIE, WI	US
S2-341080133	Capital Computers Limited Services	13C, SHRUNGAR SHOPPING CENTRE, 80, M.G.ROAD, BANGALORE, Karnataka	India
S2-274061978	VALIDA CHAVEZ GRAVITY CORP	001031 BROOKLYN RD, ELSINORE, UT	US
S2-462580731	Prime Academyprivate Private Limited	78 , SAMBATHAM STREET, 2ND FLOOR, KUNDRATHUR, OPP TO RAMACHANDRA MAHAL, CHENNAI, Tamil Nadu	India
S2-752704865	acspa.com	4974 STATE ROUTE 73, HILLSBORO, OH	US
S2-640310838	INM Media Ltd	BK ARCADE, OM HOUSING SOCIETY, OPP. DOOD DAIRY, MURTIZAPUR ROAD, AKOLA, Maharashtra	India
S2-122352972	SOLUTIONS WINDSOR LIMITED TRADINGPRIVATE	FNO-5/1/7 RAMALI, A/P SHIRUR TAL SHIRUR DIST PUNE, PUNE, महाराष्ट्र	India
S2-961474354	Constancy Khg Innovative Indonesia	4403 July Dr, KILLEEN, TX	US
S2-165725432	D+  Inc Services	1119-D CRABTREE DR, ARLINGTON HEIGHTS, IL	US
S2-493001895	Divine Global Pvt.	12 , UDAY PARK, LSC, MASJID MOTH EXTENSION-2, NEW DELHI, Delhi	India
S2-688993106	Pvt NYV Systems Ltd	309 DURGA BUILDING VEERA IND ESTATE B/H MUKTA ART STUDIO ANDHERI WEST, MUMBAI, Maharashtra	India
S2-482520715	Dr General Enterprises Private (Ltd)	NO #33 CHITTARANJAN AVENUEROOM NO 20, KOLKATA, West Bengal	India
S2-108250722	Mv Avenues Private Ltd	DOOR NO ##55 3RD FLOOR, SANT NAGAR, EAST OF KAILASH, NEW DELHI, Delhi	India
S2-270091202	Commission on Buildings  Ltd		US
S2-322508389	MOONSTAR TRADERS (PVT-LTD)	61 , MCLEOD STREET, KOLKATA, KOLKATA, West Bengal	India
S2-671487414	Eye  Clinic Center Inc	211-11 93 ROAD, QUEENS VILLAGE, NY	US
S2-342477484	Star Nutrition LLC Collective,	50-52 MERRITT PL, NEW HARTFORD, NY	US
S2-793408870	Delhi Builders Pvt	UNIT NO, 304 AGGRAWAL SQUARE PLAZA, MLU PKT-7 PLT NO-9 SEC-12 DWARAKA NEW DELHI, DELHI, Delhi	India
S2-363169411	Clyent Inc  Diagnostics	962 DAVID SMITH ROAD, WINSTON-SALEM, NC	US
S2-443262983	टेक इंफ्रास्ट्रक्चर	S/O BIRBAL MEENA, KOTA, SAWAI MADHOPUR, Rajasthan	India
S2-480039533	INTOUCH EMPOWERMENT-LIMITED	SHOP NO -152, 1ST FLOOR, CITY MALL, NEW LINK ROAD, ANDHERI WEST, MUMBAI, Maharashtra	India
S2-340482561	INDIANHOSPITALITY.COM	NO-28-5-154-, 1ST FLOOR, HOUSING BOARD COLONY, ANANTAPUR, Andhra Pradesh	India
S2-880837647	Suryaendra Stcy	08/B, RAMESWAR PARK B/H. PURSHOTTAM PARK CHANDLODIA, AHMEDABAD, Gujarat	India
S2-53561294	CORPORATE MORTGAGE CONCEPTS	5232 89RD SAINT, MARYSVILLE, WA	US
S2-489554387	Grp  Enterprises Pvt. Ltd.	C 46 KH NO 216 S/F, CHATTARPUR ENCLAVE PH-2, SOUTH WEST DELHI, Delhi	India
S2-474156194	tri-state custom general downtown llc	5138 POND BLUFF WAY, PMB 196, MCKINNEY, TX	US
S2-973715735	Liberty Tree	1755 Boris Drive, COLUMBIA, MO	US
S2-604404697	PARBATI PVT LTD CENTER	GAT NO 168, CHIMBLI KHED, KHED, Maharashtra	India
S2-584070862	Gonzalez-Metropolitan Pizza LLC	3505 PAINTER RD, CALIFORNIA KY, KY	US
S2-209166948	Foundry Lakeside  Inc	545 5RD SAINT, OSWEGO, NY	US
S2-688848969	CYC Titna North LLC | www.cyctitna.com	5283 ASTORIA DR, BATON ROUGGE CDP, LA	US
S2-150400622	Harbor Centre	CT, RIDGEFIELD, 82 SOUNDVIEW RD	US
S2-991943200	PIPEFITTERS  LOCAL 678		US
S2-745113687	CO METROPOLITAN COMMUNICATIONS	730 REX DRIVE, HILLSBOROUGH, NC	US
S2-566177842	Sk Imports L.L.P.	67/1A, NAINAN PARA LANE BARANAGAR, KOLKATA, West Bengal	India
S2-167106526	Ward and Puig Floating	108 LOWE STREET, LAWNDALE, NC	US
S2-711015884	Lin  Staffing	911 FLY AVE, GOREVILLE, IL	US
S2-168605458	Yvette's Hospitality (Group)	NORTH HILLS, NY, 032 SUTTON PLACE	US
S2-857888975	Rl-LLC	2822 WALKER AVE, INDIANAPOLIS, IN	US
S2-476897247	Eye Health	PARK RIDGE DR, NOLMSTED, OH	US
S2-99175349	प्राइम एक्सपोर्ट्स हार्डवेयर लिमिटेड	H.NO 6ND FLOOR KESHAV COMPLEX 16, VEER SAVARKAR BLOCK, SHAKARPUR, NEW DELHI, SHAKARPUR, Delhi	India
S2-566789039	Moseley Continental  Rocket Inc.	400- Tryon Street, CHARLOTTE, NC	US
S2-746161295	Mr GANDHARVA LOGISTICS PRIVATE LIMITED	SECOND FLOOR, 22, 7TH, CROSS STREET, TVS NAGAR, AMBATTUR, தமிழ்நாடு	India
S2-372006716	Crystal Software Alliance Metro Group	7354- NORMANDIE CT, HAZELWOOD, MO	US
S2-652464994	CONTINENTAL COUNCIL (LLC)	802 IOWA STREET, MEDIAPOLIS TOWNSHIP, IA	US
S2-647125788	Richmond City Baptist Services Northside	1017 HICKORY ST, RICHMOND, VA	US
S2-771240375	शिव प्रॉपर्टीज प्राइवेट लिमिटेड	9, PRAKARTI ENCLAVE BICHOLI HAPSI ROAD, INDORE, Madhya Pradesh	India
S2-407880192	Supreme Business Products of Amarillo West	TX, AMARILOL, 415 KEYSTONE DR	US
S2-463244110	BUCK FAMILY OFFICE	IRONWOOD HILL DRIVE, TUCSON, AZ	US
S2-452659557	VYOMA SOLUTIONS (GROUP)	FLAT NO:F-5. SINDHUR CASCADE, NEW NO:2 KRISHNAN STREET, T NAGAR, CHENNAI, Tamil Nadu	India
S2-598109121	besthospitality.com	#3 SAPPHIRE CHSL, S V ROAD EAST BEHRAMBAG, JOGESHWARI WEST, Maharashtra	India
S2-169877683	Sheets-[Crown]	001296 FRANKLIN AVE, OH, COLUMBUS	US
S2-340674193	Beacon Electronics Networks	2231 REXFORD RD, CHARLOTTE, NC	US
S2-784761966	Co Singh Safeguard óf Huntsville	224 SALEM DRIVE, HUNTSVILLE, AL	US
S2-515250885	Family First Associates LLC	4422 HAWTHORNE ST, WASHINGTON, DC	US
S2-132718305	Ear Nose & Throat Hsbaeslth Corp	831 BOWEN ST, CITY OF OSHKOSH, WI	US
S2-795018494	IQ Consultancy Piie Limited	DOOR NO 383 SHOP - 33 AND 35, 1ST FLOOR, YASHWANT PLAZA, NAVAPUR NAKA, PALGHAR, BOISAR (CT), PALGHAR, Maharashtra	India
S2-171876899	Hayes, Susana Soulpower Northside LP	746 ECHO RD, VESTAL, NY	US
S2-88040812	Edwards Mountain Lease Corporation	662 HAMILTON CROSSINGS, PMB 2649, NASHVILLE, TN	US
S2-510251404	Hager Werner Midland Group	29774 THREE NOTCH ROAD, CHARLOTTE HALL, MD	US
S2-609008047	Mala Limited Trading	Tamil Nadu, 28/1, MUSIRI SUBRAMANIAM ROADMYLAPORE MADRAS 600 004	India
S2-997873446	uptown seafood llc	321 FOURTEENTH ST, IN, BLOOMMINGTON	US
S2-346568875	Nerty Sawyers Tinto Inc	NY, 114 BISHOP MCGANN DR, ISLIP	US
S2-39261686	Priviate Dhanvi Care Overseas Limited	UGF-22 TO 30, UPPER GROUND FLOOR, AMBA DEEP, 14 KASTURBA GANDHI MARG, MUMBAI, <NULL>, Delhi	India
S2-567516284	Great-Federation		US
S2-335468648	Rb Art Private Limited	Haryana, DOOR NO A-32 OLD DELHI ROAD, OPP OFFICERS ENCLAVE SECTOR-14, GURGOAN HARYANA	India
S2-906956300	Jaipur & Brothers	H.NO 214 3-5-44/1, FLAT NO.105, ARCADIA APARTMENTS RAMKOTE E GARDEN, HYDERABAD, తెలంగాణ	India
S2-399059600	Llc Vanguard Peak Services	MARION ST, OTTUMWA, IA	US
S2-245063592	certified algonquin group	4520 RIMROCK TRL, AUSTIN, TX	US
S2-983427538	Mullins College	IN, 1119 JEANNE CT, N/A, CROWN POINT	US
S2-46328506	Southern  Value Harbor Capital Group	15 COLONIAL VILLAGE COURT, SAINT LOUIS, MO	US
S2-14255850	Knight Management Co	524 BOURNE RD, PO BOX 8670, PLYMOUTH, MA	US
S2-586742424	Direct Ventures LLC Services	1 KING FISHMR LN, MUOND CITY, KS	US
S2-889525370	Rapid Skin Care Llc		US
S2-557892438	Little D!	19680 LONNIE WALKER ROAD, CITRONELE, AL	US
S2-291126332	Mr Dhanapati & Ventures Co	PLOT 719 S.NO. 8, PRISTINE ROYAL FLRT NO. 602, BLDG C1 BEHIND SPICER COLLEGE NR BREMEN CIRCLE, PUNE, PUNE CITY, Maharashtra	India
S2-249482631	Pvt Raj Projects (Ltd)	C/O RAJU PAL 222, ALLAHABAD, Uttar Pradesh	India
S2-968849710	HAVARD GREAT LIFE L.L.C.	2210 JACKSON STREET, <NULL>, PRINCETON, TX	US
S2-348325517	आदित्य टेक्नोलॉजीज प्राइवेट लिमिटेड	H NO 359, AURANGABAD, Maharashtra	India
S2-577173759	Patna Office Ltd.	40/4, WARD NO 19 RAJKUMAR GANJ GM ROAD NEAR RELIANCE JEWLARS LALBAGH, PATNA, बिहार	India
S2-726048884	Vihari Infra Corp (ID: 3571)	44 C/O MEENA SHARMA, C4-0103 PURI DIPLOMATIC GREENS, SEC-110A & 111 DWARKA EXPRESSWAY, GURGAON, Haryana	India
S2-536931691	NQ Ores Private Ltd	NO 248 II FLOOR, GANPATI PLAZA M.I. ROAD, JAIPUR, राजस्थान	India
S2-887474733	P 4 X Home Care-LLC	MAIN SAINT, WAREHAM, MA	US
S2-142488090	Precision-Printing Union Inc	1170 PLEASANT RIDGE COURT, LITTLE ROCK, AR	US
S2-787891609	PCL MEDICAL CARE INDUSTRIES SERVICES	NO. 872 OFFICE NO. 409, 4TH FLOOR, CERAMIC EMPIRE, OPP. KESAR HALL, MORBI, Gujarat	India
S2-604816547	RAEANN R. WALLACE,	1233 BROAD STREET, GRINNELL, IA	US
S2-962776914	IQ FOMWEERS PRIVATE [LIMITED]	284, MAHARAJA NANDA KUMAR ROAD, ALAMBAZAR (NORTH), KOLKATA, KOLKATA, West Bengal	India
S2-180915916	TARA MORRIS RMG ÍNC	301 AARON STREET, VILLAGE OF STAR PRAIRIE, WI	US
S2-437247598	Horn Horn Aberdeen Service	27184 97TH PLACE, AZ, SCOTTSSDALE	US
S2-832364444	Department of Services	60 DAWES AVENUE, CT, HAMDEN	US
S2-873688023	गुरु वेंचर्स प्राइवेट लिमिटेड	H.NO 2 FLOOR BAJAJ BHAWANGOVINDGANJ SHAHJAHANPUR, UTTAR PRADESH, PILIBHIT, उत्तर प्रदेश	India
S2-949322483	Ventures Shiv Trading-Private  Limited		India
S2-489978996	HPFLAGSTAR.COM	2106 BRACEY AVE, MISSION, TX	US
S2-73205041	Louk System, L.L.C.	49. LOWELL SAINT, METHUEN, MA	US
S2-697932945	womens health modern group	296 SAN LIN CON LN, BULLHEAD CITY, AZ	US
S2-470851653	Green Clinic Traders  Enterprises	719, SIDDHARTH COMPLEX, R.C. DUTT ROAD, ALKAPURI, VADODARA, Gujarat	India
S2-287934420	Mcmullen Hair Studio of Houston Valley PLLC	HOUSTON, #14123 WHITLOCK DR, TX	US
S2-418586669	I S MUELLER JAMES INC	4 1/2 FLOWER CT, LAKESIDE PARK, KY	US
S2-884657044	Legacy Rocky Pennymac P.L.L.C.	##723 Pine Street, GOLDSBORO, NC	US
S2-801929670	Smith  Innovative Plumbing	5371 HIGHWAY 87, MOUNTAIN VIEW, AR	US
S2-642347146	SCM MEP PRIVATE LIMITED	OFFICE NO 101, SHIVAM APT A.B. ROAD, CHENDANI KOLIWADA, THANE, Maharashtra	India
S2-539441	Enis Strtilgc Biotech	RAINBOW DRIVE, QUARTZSITE, AZ	US
S2-81344818	BERNARDO  HELTHCARE LLC	905 ATTAWAY LN, BATH SPRINGS, TN	US
S2-793065141	கோல்டு டெவலப்பர்ஸ் இனிப்பகம் பிரைவேட் லிமிடெட்	CHENNAI, KUNDRATHUR MAIN ROAD KUMANANCHAVADI, 36, Tamil Nadu	India
S2-29367077	Management Law Chambers  Corporation	FLAT NO. 202., II FLOOR, VARALA NIWAS KAMATGHAR, BHIWANDI, महाराष्ट्र	India
S2-494723911	Plumbers Union Local No 669 Central	8431 TEELIN RD, VIENNA, NY	US
S2-910292243	MXC-CONSULTASNTS PRIVATE LIMITED	320, KUCHA GHASHI RAM, CHANDANI CHOWCK, DELHI, Delhi	India
S2-533300454	Moreno Anchor  Iris	94991 241, COOS BAY, OR	US
S2-890666537	JVV Private Limited (Center)		India
S2-943987171	9 Fgfhth Blvd Partners Inc	HOUSTON, TX, 12315- LANNY LANE	US
S2-750442369	Lium Companies	7289 MAIN STREET, BRYANT, IN	US
S2-200515379	Scubvfi Edu	PLOT 589 A-64, JAIPUR, राजस्थान	India
S2-773724875	Clyeus (Copley)	972 BEVELRY DR, ROCK HILL, SC	US
S2-572332174	हरि लक्ष्मी इंफ्रा टेक्नोलॉजीज प्राइवेट लिमिटेड	BUILDING R7 FLAT NO C/2102 LIFE REPUBLIC KOLTE PATIL VEN TOWNSHIPS MARUNJI, PUNE, Maharashtra	India
S2-290180643	कृष्णा एंटरप्राइजेज प्राइवेट लिमिटेड	JAIPUR, राजस्थान, PLOT NO-8 SHANKAR VIHAR-B GOVIND PURA	India
S2-304715044	Allied Lbgiue	900-902 WICKLOW RD, BALTIMORE, MD	US
S2-997537580	Education Ínitiative Co	PARIS, 310 COLLEGIATE DRIVE, TX	US
S2-603561411	Sison Wave Llc	MT, 110  JEFFERSON AVE, CHESTER	US
S2-520102812	(india) Durva  Niryat Private Limited	#13/2/1 , OPPOSITE BHARAT PETROL PUMP, URULI DEVACHI, TAL. HAVELI, PUNE, PUNE, Maharashtra	India
S2-185165652	TOPREHABILITATION.COM	H.NO 326 KALASAGAR SHOPPING HUB, OPP. SAIBABA TEMPLE, SATTADHAR CROSS ROAD, GHATLODIA, AHMEDABAD, Gujarat	India
S2-715246221	LIBERTY SIZZLE BROFDIN	10-12 SARATOGA AVENUE, BROADALBIN, NY	US
S2-287757026	Lucine C. Maurer, Ph.D., DDS	4131 RIVERTOWNE DRIVE, JOLIET, IL	US
S2-366910632	FY COUTURE	608 UNAKA AVE, JOHNSON CITY TOWNSHIP, TN	US
S2-723623287	Aumkar  &	D-103, RIDDHI SIDDHI, COMPLEX CHSL, GOREGAON WEST, Maharashtra	India
S2-124946749	Sweet Mbntgsosri School	007941 W CHESTER RD, WC HESTER, OH	US
S2-910249164	Hernandez's Services	1755 650, BUTLERVILLE, IN	US
S2-625488753	REGIONAL ASSOCIATION  INC.	N/A, MISSISSIPPI RIVER PVT, BROWNSVILLE, TX	US
S2-919506031	National Law Chambers Ventures	#33 JODH SINGH, AMLIYAR, AMLIYAR, DHANEEN, RAJSAMAND, RAJASTHAN, RAJSAMAND, राजस्थान	India
S2-362832949	तिरुपति वेंचर्स प्राइवेट लिमिटेड	02, BUILDING NO.8, AVENUE G, RUSTOMJEE EVERSHINE GLOBAL CITY, BEHIND YAZOO PARK, VIRAR (WEST), THANE, Maharashtra	India
S2-414365211	CBN Cslm Holdings	4022 SILVER RUN RD, OXFORD, AL	US
S2-853488857	Redd  5olana, LLC	WICHITA, KS, 1000- WOODLAWN BLVD	US
S2-975406757	STEELWORKERS UNION LOCAL NO 393		US
S2-975807705	Aurora Preferred-PLLC	3315 5TH STREET, SIOUX CITY, IA	US
S2-88592093	SORRELL, PROKOP-AND CASLER HOVNANIAN COASTAL,	21-24 BROADWAY, N/A, ASTORIA, NY	US
S2-485835443	Smt Perfect Trading Private Ltd	महाराष्ट्र, RAKSHAK NAGAR GOLD, BL B-2, S NO 4/1/2 KHARADI PUNE, PUNE CITY	India
S2-81237075	Colonial Complete Services	158 LINDEN STREET, YONKKERS CITY, NY	US
S2-879112064	Zen Infra (Limited)	0910 , SWARAN PARK, VILLAGE MUNDKA, NEW DELHI, Delhi	India
S2-717648134	Conway And Demarco Of Charleston LLC	1050. SEVENTH ST, CHARLESTON, IL	US
S2-849368107	WHITE MOBILITY  INCORPORATED	68 STREET, RIDGEWOOD CDP, NY	US
S2-100803091	तिरुपति इंजीनियरिंग एजेंसीज	AN-23-D SHALIMAR BAGH, DELHI	India
S2-942748866	Terrain Holdings	E-76 BASEMENT, SAKET DELHI, DELHI, Delhi	India
S2-335566952	FIVUE FAMILY OFFICE	64 OAK HILL CIR, ARGO, AL	US
S2-960567103	Brooks Hair Harbor Studio	002335 VIRGINIA AVENUE, HYATTSVILLE, MD	US
S2-420042526	Delhi New Overseas	PLOT-C-157A BLOCK A, SHYAM VIHAR-1, NEW DELHI, SOUTH WEST DELHI, दिल्ली	India
S2-889446109	Zaragoza, Gant Aguilar, LLC Center	127 CLARK AVENUE, PO BOX 3312, BETHL, OH	US
S2-124484524	Pune City Cnosutlahcry Private Limited	S47903 B048001 B048101, FL 210, GERA GARDEN, PUNE CITY, महाराष्ट्र	India
S2-200343078	Fresh National	2004  LONGMONT DRIVE, NC, WAKE FOREST	US
S2-702619505	DIAMOND AIMEI INC.	128 Western Avenue, LNN, MA	US
S2-85551735	रेड ट्रेडिंग प्रा. लि.	C/O PUSHP RAJ SINGH, JARI, ALLAHABAD, Uttar Pradesh	India
S2-547187679	Publishing, Meggi Express Huston Inc	ANDERSON, IN, 1086 600	US
S2-865613793	Southern Services	NO. 960 225, CHITARANJAN AVENUE, 1ST FLOOR, ROOM NO- 1A, KOLKATA, KOLKATA, West Bengal	India
S2-38851824	SPHINX (INDIA) SERVICES PRIVATE LIMITED	FLAT: 108, VRS CITADEL APARTMENT BALAGERE ROAD, VARTHUR, BANGALORE, ಕರ್ನಾಟಕ	India
S2-9157783	Catalyst Services  Limited Private	21-786/9, RAILWAY GATE, 11-MURUKAMBATTU, MURAKAMBATTU, Andhra Pradesh	India
S2-822525544	SAI PRODUCTS PRIVATE-LTD (ID: 10692)	Maharashtra, #5101 EVEREST J P ROADVERSOVA ANDHERI WEST, MUMBAI	India
S2-317464194	Jai (india)	PLOT 795 R - 57G, 5TH FLOOR DILSHAD GRADEN, SHAHDARA, NEW DELHI, Delhi	India
S2-578765027	Bharuch Límited Foods	A-Z/B-16  RATAN NAGAR, BHARUCH, Gujarat	India
S2-152127697	Potts, Lisetta G., Esq.	OH, 4300 MILLIKIN RD, HAMILTON	US
S2-995338072	Furniture Service	#26, MAHAMAYA MANDIR ROAD MAHAMAYATALA, GARIA, KOLKATA, West Bengal	India
S2-652513990	Urgent LLC Physicians Care	215 STATE STREET, HAMEL, IL	US
S2-881464119	New Delhi Consultancy (LLP)	NO 3. SECTOR-6, R. K. PURAM, NEW DELHI, Delhi	India
S2-851057989	Infra Comprehensive Comprehensive Containers Private Ltd	C.S. NO NA 432, SISODRA ARAK, JALALPOR, JALALPORE, Gujarat	India
S2-369463062	FOOT & ANKLE TRUSTED PARTNERS LLC	12 BANFILD LN, BLOOMFIELD, CT	US
S2-410464077	Poulos Insurance, LLC	53-A THRUSH DR, BRENTWOOD, NY	US
S2-68118099	P.C. Zasoft Rammacoo	53 TAYLOR RD, COLCHESTER, CT	US
S2-618277768	PRIVATE FORTUNE DIGITAL ENTERPRISES LTD	C-21/2, DIVREPORTINGCIRCLE, CENTRAL DELHI, Delhi	India
S2-104590031	Prashant  Management	उत्तर प्रदेश, 101/15, WARD NO. 3 MEERA TALAB, MARATHIPURA, MAUDAHA, HAMIRPUR	India
S2-962175887	हाईटेक कंसल्टिंग प्राइवेट लिमिटेड	#220- D-1989, SADAR BAZAR, Haryana, PALAM VIHAR, GURUGRAM, GURGAON	India
S2-511781543	Wortham, Rodriguez & Kríck LLC	FOURTH AVE, LOWELL, MA	US
S2-205568861	Swayam Private Limited Partners	Gujarat, 6/SRI SURYADEV APRT, C 27, SRI MAHADEV NAGAR SOC, NR. STADIUM, NAVRANGPURA, AHMEDABAD	India
S2-305488499	CONSULTING ORGANICS MODERN PRIVATE LIMITED	BLOCK E-85 D-146, GROUND FLOOR, BLOCK-D SECTOR-8, DWARKA, NEW DELHI, Delhi	India
S2-818828672	VASQUEZROYAL.COM	3812 KIMBERLY LANE, FT WRTH, TX	US
S2-139785638	Ridge Strategic  Valuence Holdings	10035 MERIWETHER TRAIL, JOINT BASE LEWIS MCCHORD, WA	US
S2-533184342	BLACK EXPORTS PRIVATE LIMITED	ROOM NO.5, MARWADI CHAWL, DATTAPADA PHATAK ZAVERI COMPOUND, BORIVALI EAST, MUMBAI, Maharashtra	India
S2-819100701	RDH Private Limited Service	MAUJA GOBINDPURI, MAUNA LAXMI NAGAR, VIPIN KARYANA STORE, YAMUNA NAGAR, JAGADHRI, Haryana	India
S2-635348299	AVIATION SUMMIT ETHERIDGE	04405 RAMSEY AVENUE, AUSTIN, TX	US
S2-498169493	శివ్ ట్రేడింగ్ ప్రైవేట్ లిమిటెడ్	#575 PT NO - 129 / A, VIDYANAGAR CHANDANAGAR, HYDERABAD, Andhra Pradesh	India
S2-138068880	Board of Parks and  Recreation	251 DUNDEEN STREET, CHARLOTE, NC	US
S2-11032309	crest ai private limited	702, HEENA GAURAV HEIGHT, NEXT TO REL NORTH ZONE, S V RD, KANDIVALI WEST, MUMBAI, महाराष्ट्र	India
S2-194176318	Bostic Metro Shipping-[LLC]	KS, SYRACUSE, 506 DURFFEE ST	US
S2-674672130	altamont yield llc - 4901830738	KS, 21 Huston Ave, ALTAMONT	US
S2-624694380	Garcia Preferred Cloud	54 MAIN ST, ADDISON, NY	US
S2-497990930	Capital Trust Corp	1221 SAXON AVENUE, BAY SHORE, NY	US
S2-183893359	शिवा प्रोडक्ट्स लिमिटेड	Maharashtra, RAIGARH(MH), PANVEL, SEC-19, PLOT, 26, PHHI, SHREEJIKRUPA, FLAT NO 00403	India
S2-111041594	Fall Holding	2702 SHADY CREEK DRIVE, PEARLAND, TX	US
S2-492568	Suresh Motors Associates Limited	56/6., 17TH CROSS MALLESWARAM, Karnataka	India
S2-78010127	SYNTAX  + BROTHERS PRIVATE LIMITED	HOLDING NO-734 GR FL SHOP, SANTA DA PASUPATI COMPLEX, BARABANI, West Bengal	India
S2-774679266	Delta Spartacus Co	4043 70TH AVE, GIG HARBOR, WA	US
S2-726436492	MUNN CORNERSTONE  EQUIPMENT CORP	1403 COTONWOOD CIR, NOBLESVILLE, IN	US
S2-90394637	Harrison (Capital)	21W 491 PARK AVE, ADDISON, IL	US
S2-563747602	HC Preferred	CA, RIALTO, 2539 Via Lindo Dr	US
S2-879398964	Grace Apparel LLC	BEAR CITY, 00156 ANTLERS LANE, DE	US
S2-129225844	North School óf Medicine LP	24 DIMOND PL, SARATOGA SPRINGS, NY	US
S2-800113576	NLE	101. HANCOCK AVE, WILLIAMS, AZ	US
S2-19107909	NJ Tubes	Kerala, NO:17/764-A&B, OPP:HP PETROL PUMB TIRUR ROAD, KUTTIPPURAM, MALAPPURAM	India
S2-749422930	LTD. MUMBAI INFO	E-54, NEW CHANDRA CHS LTD, DATTAJI SALVI MARG, MUMBAI, Maharashtra	India
S2-416604221	Urgent Care (Health)	1016 ALEXANDRIA JACKSONVILLE HWY, NULL, ALEXANDRIA, AL	US
S2-368227030	అర్బన్ సర్వీసెస్ ప్రైవేట్ లిమిటెడ్	DOOR NO B3/302, VASANTHA CLASSICS APARTMENT, VASANTHA EMERALD GARDENS, GUTTALABEGUMPET, SHAIKPET, HYDERABAD, Telangana	India
S2-392821824	CYBER & BROTHERS  PVT. LTD.	PLOT NO 202 RING ROAD, NAGPUR, Maharashtra	India
S2-781079485	Private Aeonian Technologies Limited	L-9 MAHIPALPUR EXTN., SURENDER SINGH BUILDING, SOUTH DELHI, NEW DELHI, Delhi	India
S2-28113339	LLC Cypress Électrical	416 BECK RD, LINDENHURST, IL	US
S2-873027927	Safe Healthcare Llc		US
S2-596873999	Nizar Marin Ventures Pvt Ltd	"NO ##90 KOHINOORHOUSE, OPP.SURATCITYGYMKHANA, PIPLOD, KOHINOOR HOUSE"", OPP. SURAT CITY GYMKHANA, PIPLOD, NIZAR, Gujarat"	India
S2-271809352	फॉर्च्यून एंटरप्राइजेज प्राइवेट लिमिटेड	FLAT NO #27, AMARPALI APARTMENT, PLOT N NO.96, I.P EXTENTION, PATPARGANJ, EAST DELHI, Delhi	India
S2-851455005	Hoppe Worldwide, Group	1440 ALLYN AVENUE, ONTARIO, CA	US
S2-236988400	(LLC) Veva Superior Jackson	9-11 MEADOWCREST DR, PARKERSBURG TOOWNSHIP, WV	US
S2-163680954	TAMILNADU INTERNATIONAL	H.NO 256 134, I FLOOR, 4TH MAIN ROADRAJAJI NAGAR INDL .AREA, Karnataka	India
S2-68376018	Caressa's Family Practice Ltd	21315  UPPER FORT HAMPTON ROAD, AL, ELKMONT	US
S2-975760570	xenium group of companies pvt ltd	Karnataka, NO.G-21/5 , THALAGHATTAPURA, KANAKAPURA MAIN ROAD, BENGALURU	India
S2-315161506	Shyambaba Micro Private	HN 893 F. NO. A12, JN 1/48, SEC., 9, VASHI, NAVI MUMBAI, THANE, Maharashtra	India
S2-414123566	Annemarie'S Landscaping	416 MINIER AVE, MINIER, IL	US
S2-744780220	ವಿಜಯ್ ಮ್ಯಾನೇಜ್‌ಮೆಂಟ್ ಹಾರ್ಡ್‌ವೇರ್ ಪ್ರೈವೇಟ್ ಲಿಮಿಟೆಡ್	NO.A-403, BANGALORE, ಕರ್ನಾಟಕ	India
S2-570792175	Subramanian, Mortensn and Nelson LLC	506-508 ELAM CIRCLE, KILLEEN, TX	US
S2-694667190	गोल्ड प्रोजेक्ट्स प्राइवेट लिमिटेड	D - 95, SOUTH DELHI, OKHLA INDUSTRIAL AREA, PHASE - I, NEW DELHI, Delhi	India
S2-735725824	New Delhi Designs LLP	23A HAUZ KHAS, NEW DELHI, दिल्ली	India
S2-217162767	Urgent Care Center of Services	NC, 491 PINEDALE BOULEVARD, LUMBERTON	US
S2-378330846	International  Kaveri Products Pvt Ltd	P.NO.1074/4, SF SEC - 23A, GURUGRAM, Haryana	India
S2-328076641	GYT Tri-State Cney LLC	5923 HARVEST RIDGE ROAD, RED OAK, NC	US
S2-304770181	XKC Quantumsphere Central Corporation	1816 2100, OGDEN, UT	US
S2-460968661	Beacon Liquidity Ínc	26933- 136TH PL, KENT, WA	US
S2-319486500	ईस्ट इंफोटेक प्राइवेट लिमिटेड	JAMIA NAGAR, Delhi, SOUTH DELHI, HN 529 C-280/13, GROUND FLOOR SHAHEEN BAGH, THOKAR NO. 8, ABUL FAZAL E, NCLAVE-II	India
S2-491127589	Northern Evo	431 WOOD DUCK LN, GIMER, TX	US
S2-165158930	Apex LLC Systems [Retail]	8596 S POINT DR, STOEKSDALE, NC	US
S2-166619299	The Metropolitan Best Growth of Dallas		US
S2-759091748	Rays Consortium Pvt. Limited	335/4 , MEDAVAKKAM MAIN ROAD KEELKATTALAI, CHENNAI, Tamil Nadu	India
S2-674371531	Pinnacle Select	8238 MADISON AVENUE, KANSAS CITY, MO	US
S2-260200658	K0ppal Life Pniice [Limited]	KOPPAL, DOOR NO 9/2/127WARNEKAR COMPLEX, KOPPAL, Karnataka, OPP.CENTRL BUS STOP MNRD	India
S2-845441583	Douglas, Valentine Co Newson &	6048-6050 QUAKER HOLLOW ROAD, ORCHARD PARK, NY	US
S2-121992974	रियल प्रोजेक्ट्स लिमिटेड	720, MIDAS, SAHAR PLAZA COMPLEX, J.B. NAGAR, ANDHERI EAST, MUMBAI, Maharashtra	India
S2-572345398	Ravian Hospital Private Limited	SHRI KRISHNA NAGAR, BEGUSARAI, Bihar	India
S2-664837005	24hr Homecare, Llc	24 CHARLOTTE AVENUE, CINCCINNATI, OH	US
S2-786866052	SECURE FRONTIER TRANSPORTATION PARTNERS	415 MAIN ST, RIGGINS, ID	US
S2-508054306	బాబా బిజినెస్ ప్రైవేట్ లిమిటెడ్	3-6-415/1, HIMAYATNAGAR, HIMAYATHNAGAR, HYDERABAD, తెలంగాణ	India
S2-968207870	maryjofmacias.com	05 PERRY ST, KINSTON, NC	US
S2-363431962	DELHI LIMITED PRIVATE RETAIL	F-100 & 101, SIDHARTHI ENCLAVE, GALI NO-13, BHAGWATI GARDEN EXTENSION, UTTAM NAGAR, DELHI, Delhi	India
S2-911675043	3-Point, Group	3835-3837 NORTHSHORE TRAIL, BROWNSVILLE CDP, TX	US
S2-575929818	Asr & Brothers	7A, OLD KRISHNAGIRI ROAD RAYAKOTTA ROAD, NEAR RAGAVENDRA TEMPLE, HOSUR, KRISHNAGIRI, Tamil Nadu	India
S2-230867798	Prime Properties Limited	UNIT NO. T##3 430/431 BLOCK T3 PLOT NO 32, GOLDEN-I TECH ZONE- IV GREATER NOIDA WEST, GAUTAM BUDDHA NAGAR, Uttar Pradesh	India
S2-710223011	GPN  Lmeesbrhg		US
S2-917793549	Quality Ínfrastructure Ventures LLC	832 35TH AVENUE, OMAHA, NE	US
S2-30649180	URGENT CARE SPECIALISTS OF JERUSALEM	3842 1/2 SKYLINE DRIVE, JERUSALEM, NY	US
S2-636958997	star planet center	NY, #10 Field Place, HUNTINGTON STATION	US
S2-489641298	Big Díner Westgate	106 MANGANITE DRIVE, CHESWOLD, DE	US
S2-577896032	GURGAON FOOD PUBLIC	A - #226 SOUTH CITY PHASE I, GURGAON, हरियाणा	India
S2-751028375	Curtiss, Spangler	WILLAARD CITY, MO, 7644-C FARM ROAD 88	US
S2-247599872	Smart Dynamic Safe, Inc	213 MAN-O-WAR BLVD, DANVILLE, KY	US
S2-986042091	हरि हॉस्पिटैलिटी प्राइवेट लिमिटेड	B-40 AHUJA TOWERS CHS LTD, MUMBAI, Maharashtra	India
S2-147690330	DYNAMIC [SERVICE]	Q AVE, ANACORTES, WA	US
S2-999871859	Blue Tattoo	RUNNELS STREET, FORT WORTH, TX	US
S2-716033847	Lucky Pub,	206 MAIN ST, GALENA, KS	US
S2-794317287	PC Heritage [Reliable]	7 MORE CT, MANCHESTER, MA	US
S2-48833257	एसएस कंसल्टेंट्स कंस्ट्रक्शंस प्राइवेट लिमिटेड	DOOR NO 45 BLOCK-C, NOIDA, GAUTAM BUDDHA NAGAR, Uttar Pradesh	India
S2-717186149	Nan Neil United Foods Eastgate	64 GROSVENOR RD, BELLA VISTA, AR	US
S2-896267128	Lorilee Watley Cyber Holdings	1252-1256 1200, LOGAN CITY, UT	US
S2-383353005	Muvattupuzha Trade-Private Limited	Kerala, VIII/0435, PALEKKUDY, VAZHAKKULAM P O KAVANA, AVOLI, MUVATTUPUZHA	India
S2-727145276	primary care bay partners p.c.	NULL, IL, LENZBURG TOWNSHIP, 1635 WINTER RD	US
S2-726811231	ഫ്യൂച്ചർ സോഫ്റ്റ്‌വെയർ പ്രൈവറ്റ് ലിമിറ്റഡ്	EDUPOWER TOWER OPP. HP PUMP KANNAPURAM CHETTUPUZHA P O, THRISSUR, Keralam	India
S2-428017899	Schmidt, & Robinson Osborn Inc	3271 OLDTOWN VALLEY RD, <NULL>, NEW PHILADELPHIA, OH	US
S2-180950973	BEACON EDUCATlON BRANDS (L.L.C.)	29215 347rd St, OSAWATOMIE, KS	US
S2-91353936	Shirey and Steverson Ameren	16 MOTT ROAD, BALDWINSVILLE, NY	US
S2-953052697	Thoms, O.D. Ermina,	1149 21 STERET, BROOKLYN, NY	US
S2-691943394	Sarabia Trust Inc	6929- Barkwood Dr, LEWISVILLE, NC	US
S2-221536937	MEJIA SERVICES	22 TENTH ROAD, MARSHFIELD, MA	US
S2-297757021	Questqueen Alloys Holdings	NO 335 OFFICE NO 304 FIRST FLOOR SHREE SHANTI MADHAV HEIGHTS, GOLE COLONY, GANGAPUR ROAD, NASHIK, Maharashtra	India
S2-335548197	4d-Corners	116 INDUSTRIAL DRIVE, GILBERTS, IL	US
S2-126463443	Hall, Gill &  Dillon Fisheries L.L.C.	TUCSON, AZ, 14360 Rolina Ln	US
S2-677178311	Schafer Glass Ínc.		US
S2-115125974	Teri's  St Cafe	5024 H SAINT, WASHINGTON, DC	US
S2-674834096	India Arbutus Infrastructuredevelopment Pvt Ltd	671, SHAKTI KHAND IV INDIRAPURAM, Uttar Pradesh	India
S2-622913426	SHREE LIMITED SERVICES	HN 548 C/O, SRI KUMAR JAINANDAN PRASAD BALUAHI BALUAHI, U KHAGARIA, Bihar	India
S2-449232320	Bright Supply Digriatl LLC	1813 KENWOOD AVENUE, SPRINGFIELD, OH	US
S2-483035602	Primary Care Select Associates, Incorporated	917 DRUID AVENUE, CHARLOTTESVILLE, VA	US
S2-228334641	Bir Associates-Group	1963, 18TH FLOOR, WISTERIA, GAUR SAUNDARYAM PLOT NO.GH-05C, SETOR TECHZONE IV, SURAJPUR, उत्तर प्रदेश	India
S2-183967502	Granger's Design Silver Greater	3144 BUCKINGHAM ROAD, STURTEVANT, WI	US
S2-461566475	Verron Tailwind	7-C BEER SHAVA ST, KIRYAS JOEL, NY	US
S2-870162159	Spangler Tr-toe Publishing	16497-C SMITH ROCK SAINT, HAPPY VALLEY, OR	US
S2-112533658	New Delhi Fashion	454 E-13/29, FIRST FLOO, HARSHA BHAWAN, CONNAUGHT PLACE, NEW DELHI, NEW DELHI, Delhi	India
S2-417802735	Romero Madison Llc	6465 CHERRY CREEK RD, COOKEVILLE, TN	US
S2-232294524	wiser group	RAJIV SANJIV APPT, K VILLA ROAD, THANE, Maharashtra	India
S2-473607638	ZD Futurewave	521-525 C ST, EDEN, NC	US
S2-10173946	Boley Resources, (LLC)	744 Grand Ave, VILLAGE OF THIENSVILLE, WI	US
S2-973226070	Mr Rural Solutions Ltd	H.NO 405 SHIV KRUPA, A-1 CHS LTD, SHANKAR JOSHI ROAD, MISQUITA NAGAR, DAHISAR (E), DAHISAR EAST, महाराष्ट्र	India
S2-737454849	INC. HOUCHIN AND PUENTE SHORE	3233 1750 RD NORTH, OAKWOOD TOWNSHIP, IL	US
S2-272974281	PEDIATRIC [PHYSICIANS]	KING STREET, HLILSBORO, IA	US
S2-864474939	Mr Vivid Ifnrrarsucture LLP	FLAT NO 186A-FF, PASVNATH PANCHVATI TAJNAGRI PHASE 2 TAJGANJ, AGRA, Uttar Pradesh	India
S2-557634012	NG Limited Private Indiaprivate	NO. 240 HOUSE NO. 208L MODEL TWON, ROHTAK, हरियाणा	India
S2-351387649	Avikor Council	LAKEWOOD, ##1276 ANDREWS AVENUE, OH	US
S2-99480854	ASPEN SERVICE	MUNGER SHAW RD, COTTON, MN	US
S2-386904121	Fisher Metropolitan	1307 POCATELLO DR, BISMARCK CDP, ND	US
S2-852402771	Housing Coalition V	##2496 FREE STATE ROAD, GAINSEBORO, TN	US
S2-790414679	H H 3 THERAPEUTICS, LLC	##1350 VAN BUREN ST, PMB 4749, PHOENIX DP, AZ	US
S2-658958037	Rev It Up Bistro Ltd	23513  22TH AVE, PO BOX 5584, BOTHELL, WA	US
S2-799471998	డిజిటల్ ఎంటర్‌ప్రైజెస్ ప్రైవేట్ లిమిటెడ్	#3  &4, STREET NO.8, NALANDA NAGAR, RAJENDRANAGAR, N/A, Telangana	India
S2-965345956	East  Clean Made LLC	WI, MARHSFIELD, 514 FELKER AVE	US
S2-182868227	Jai Foods Restaurant Pvt Ltd.	#20 , UPPER BASEMENT FLOOR, INTERNATIONAL MARKET, SEVOKE ROAD, SILIGURI, পশ্চিমবঙ্গ	India
S2-445239419	EBT Gulf Tpg Uptown	69-4 ALDERTON STREET, REGO PARK, NY	US
S2-671848358	AGRO SJB SHARDA PRIVATE LIMITED	8-1-402/305, SHAIKPET P.GOLCONDA SEVEN TOMBS, TOLICHOWKI, HYDERABAD, తెలంగాణ	India
S2-947842122	SALAZAR  DENTAL	32720 WIDGEON RD, OCEAN VIEW, DE	US
S2-57827894	CONSTRUCTION DATA SERVICES  PVT LTD	BEHRAMPUR ROAD, OPP UTI ATM 38 KM STONE, JAIPUR HIGHWAY, KHANDSA, GURGAON, Haryana	India
S2-901956177	Quetta Híghland Enmiva	32- VERA ST, EAST HAVEN, CT	US
S2-572503266	रेड हॉस्पिटैलिटी प्रा. लि.	GROUP DELPHOENIX, MUMBAI, Maharashtra	India
S2-71977508	MANN'S INTEGRATED INTEGRATED	MURRAY, 1471 GRAHAM RD, KY	US
S2-411399514	ਏਸ ਮਾਰਕੀਟਿੰਗ ਲਿਮਟਿਡ	DOOR NO 92 435, Punjab, LUDHIANA	India
S2-301101050	first creative partners	##3121 HAMPTON RIDGE ROAD, FAYETTEVILLE, NC	US
S2-657887613	Daix Advantage		US
S2-692519793	Nagraj Cap	BLOCK D-244 MOH BATWAL NEAR SON PLAZA, SHOP KE PASS AMROHA, AMROHA, Uttar Pradesh	India
S2-743972274	Mtg Brothers Pvt Ltd	Maharashtra, #1  TO 3, NAHAR DEVELOPERS, BLDG NO 6, 1ST FLOOR, STADIUM COMPLEX, M G ROAD, NASHIK	India
S2-728322359	Peritum Sebfag Samiti	R. NO.9/6, OM SAI PRASAD CO OP HSG SOC JIVDANI RD, VIRAR EAST, PALGHAR, Maharashtra, <NULL>	India
S2-567571898	સિલ્વર ઇન્ડો ફૂડ પ્રાઇવેટ લિમિટેડ	BLD.NO-B.4 FLAT NO-902, SURAT CITY, SURAT, Gujarat	India
S2-70856998	North Foundation Group Atlantic	3230 MARLIN AVE, NULL, SAINT PAUL, MN	US
S2-221508931	Sri SCA PVT. MINING LTD.	628/336, SHAKTI NAGAR, LUCKNOW, Uttar Pradesh	India
S2-673912567	DEVELOPERS & CO	C-91, SHREE KRISHNA VIHAR, INDORE, Madhya Pradesh	India
S2-600436106	Empire Offshore, Holdings	001621 MAIN AVE, MOORHEAD, MN	US
S2-945186042	Hotel South-Consultants Private Limited	SHOP NO-D/2, PLOT-80A NEW NO.-RZ-104, NAND VIHAR, KAKROLA, NEW DELHI, दिल्ली	India
S2-99669544	Smt Nagappa Brothers Private	Delhi, C-8-82, OKHLA INDUSTRIAL AREA, PHASE-I, NEW DELHI	India
S2-232962019	SILVER CONTINENTAL HOLOGRAM LLC	COLUMBUS, LAKE SHORE DR, OH	US
S2-324965458	PRIME CREATIVE	3513 FERGUSON ROAD, NULL, SOUTHLAKE, TX	US
S2-177217927	Jagat  &	H NO -938, AT-WANIKOND, MAHAD, Maharashtra	India
S2-667551760	Private Virar Limited Marketing	DOOR NO 237 BHOOMI ACROPOLIS, L 906 MMRDA LAYOUT SECTOR 3, OFF CHIKHALDONGARI ROAD, VIRAR WEST, VIRAR, THANE, Maharashtra	India
S2-227673322	All Staffing Partners Associates (Ínc)	1973  PARK RIM WAY, UT, RIVERTON	US
S2-651626488	Private Green Producer Hardware Limited	H.NO 0052 C/O MADHUSOODAN SINGH S/O BALWANT SINGH RAJPUT, VILLAGE SENA TEHSIL BALI DISTRICT PALI, PALI, राजस्थान	India
S2-244485696	Chakra Chakra Cloth	20A BKANNOTHUMCHAL, KANNUR, Kerala	India
S2-548558045	Wildlife Folunndatie Co	519. DEWEY AVENUE, EUREKA, MT	US
S2-679760721	COMPLETE SKIN CARE LTD	BARBER RD, STOCKTON, NY	US
S2-712017858	बॉम्बे इंडस्ट्रीज प्राइवेट लिमिटेड	72, NEW DELHI, SOUTH DELHI, Delhi	India
S2-814424475	सिल्वर ट्रेडिंग प्राइवेट लिमिटेड	F-147, NEW DELHI, WEST DELHI, दिल्ली	India
S2-946951056	Dayna G. Simon,  MD, M.D., LLC	60 HWY, RONDA, NC	US
S2-947502159	bcrescent.com	126 BAILEY AVE, MERIDEEN, CT	US
S2-28908620	सन बिल्डर्स Private Limited	T3-6B/1 THE OZONE PARK APT., SECTOR 86 TIGAON ROAD, NEW DELHI, हरियाणा	India
S2-401031159	BUR Procap #93666	2015-2017 MOUNT HOPE RD, TUSCARORA NATION TRIBAL LANDS, NY	US
S2-427165260	AUROUSINDIAMEDIA.COM	DOOR NO 5543PHASE IV DLF CITY GURGAON, HARYANA, दिल्ली	India
S2-574402372	ଶିବ ଫାଇନାନ୍ସ୍ ଏଲ୍‌ଏଲ୍‌ପି	AT: 46, BHUBANESWAR, CUTTACK, ଓଡ଼ିଶା	India
S2-770628807	Shiv Ventures	H.NO 403/6 4TH FLOOR, SANTOSHI MATA CHS BLD NO A KAJU PADA, R B KADAM MARG GHATKOPAR W, MUMBAI, Maharashtra	India
S2-746854966	Chennai  Electricals (Limited)	BLOCK E-B3/926 C 40, NARUMUKHAI APARTMENTS, BRINDAVAN NAGAR EXTN, 2ND ST, ADAMBAKKAM, CHENNAI, Tamil Nadu	India
S2-725422340	DENTAL PREMIER AOHAITES LLC	5822 LONGFOREST DRIVE, HOUSTON, TX	US
S2-57731970	Desert Program II	2608 4TH AVE, COUNCIL BLUFFS, IA	US
S2-826078120	Apex Biankhedres Group	360-362 WHITETHORN CT, GREENE COUNTY, VA	US
S2-391760564	All International School Pvt Ltd	A/4-513, 5TH FLOOR, SHALIGRAM LAKE VIEW, VILLAGE: KHORAJ, GANDHINAGAR, GANDHINAGAR, Gujarat	India
S2-252713136	आदित्य रॉयल मीडिया प्राइवेट लिमिटेड	B3/106, MUMBAI, Maharashtra, MUMBAI	India
S2-601594866	A1een Hicks Granite Inc	43220 MAIN STREET, PENDLETON, OR	US
S2-623363496	Legendre First Priority  Corporation	407 DELAWARE ST, MOUTN GILEAD, OH	US
S2-347421806	बेस्ट बिल्डर्स प्राइवेट लिमिटेड	159, हरियाणा, VILLAGE- MAROT, MALIKPUR, JHAJJAR	India
S2-95855726	deortexas.com	5529 UNION VALLEY ROAD, CUBA, NY	US
S2-750805503	সানরাইজ মিডিয়া প্রাইভেট লিমিটেড	DOIR NO 50/2 LENIN SARNI2ND FLOOR, BHANGORE BIJOYGANJ SOUTH  TWENTY FOUR PARGANAS, CALCUTTA, West Bengal	India
S2-608543244	Zephora Highland Associates LP	1075 BACCARAT DR, COLUMBUS, OH	US
S2-578671107	ADF Elite Gores	120 DESR LN, BASTROP, TX	US
S2-524886140	Pediatric Fhes Center Partners	002222 FARRINGTON LN, HURST, TX	US
S2-661394399	Arushi Works	A-404, CHARKOP BHAVNEET CO-OP. HSG. SOC. LTD., PLOT NO.27, SECTOR 8, CHARKOP, KANDIVALI, (WEST), Maharashtra	India
S2-339264913	foot & ankle harbor medicine	484 CARIBOU ROAD, FORT FAIRFIELD, ME	US
S2-837101414	Eadie PC DDS, Nolt,	25 ISLAND RD, HARKERS ISLAND, NC	US
S2-253440912	Jai Silver Estate Enterprises	A-740, SIDDHI VINAYANK TOWER - A, SURVEY NO -212/2, TPS-84/B, B/H DCP OFFICE, OFF S.G.HIGHWA, Y, MAKRBA, AHMEDABAD, <NULL>, ગુજરાત	India
S2-339044699	Gennxt  Brothers Private Limited	C/O SHRI SHAKIL JAMIL AHMAD TO KALLAMDIST OSMANABAD SHIRADHONE, OSMANABAD, महाराष्ट्र	India
S2-684956123	LLC Physical Thérapy Capital Health	099 DAYTON RD, MADISON, OH	US
S2-488852041	Cascade  Committee	2120 32ND AVE, ISSAQUAH, WA	US
S2-930399979	Aurova Principal LLC	003113 WINDSOR DRIVE, SACRAMENTO, CA	US
S2-41333763	Inndrendra Holistic	H.NO 7-JASWANT NAGAR QUTUBPUR, REWARI, Haryana	India
S2-248698309	heli0smanvel.com	4216 1/2 Bald Cypress Ct, MANVEL, TX	US
S2-618957259	Morgan Mroetr Supply, LLC	155 SOUTHSHORE DRIVE, JACKSON, TN	US
S2-710289216	Cardiology Physicians Llc	824 153, TX, WHIETSBORO CDP	US
S2-144274199	Pappu Law  Chambers | www.pappulaw.com	NO.402, EDINA, HIRANANDANI, RAJIVGANDHI SALAI, EGATTUR, CHINGLEPUT, Tamil Nadu	India
S2-842227579	City Of	704 ARCADIA DR, BLOOMINGTON, IL	US
S2-920014437	Orthopedic of Lynn Corp Center	127 UNION SAREET, PO BOX 7761, LYNN, MA	US
S2-34316426	Synus Prime Galata LLC	1125 1/2 KINGSBURY STREET, SPRINGFIELD, MO	US
S2-720630037	Aj Pvt Ltd Services	Uttar Pradesh, CHHOTI BAZAR OPPOSITE JAIN TEMPLE, BANDA	India
S2-668334376	Midwest Clean Chiron	118 OAK DR, DUNBAR, WV	US
S2-451259386	COOK PRECISION AMPERCAP INC	601 PLANIS ROAD, TURNER, ME	US
S2-114175074	Natividad T. Ótis, DPM	8501. BRUSHWOOD WAY, <NULL>, ELK GROVE, CA	US
S2-682762288	Boutte Antimony Inc	2807. HOLTON AVE, FORT WAYNE, IN	US
S2-576970842	PC FACKLER ÁND MENDOZA	#58 MOSS LANDING DR, SELMA, NC	US
S2-16842575	Camile Mcelr0y, P.A.	00451 239, NACOGDOCHES, TX	US
S2-366964213	Cleveland Virtus (Inc)	925 ROAD 5881, CLEVELAND, TX	US
S2-662203925	FED Charles	775 FORSYTH BOULEVARD, SAINT LOUIS, MO	US
S2-694175832	Blue સર્વિસીસ	79, SHAKUNTAL BUNGLOWS GHATLODIA, AHMEDABAD, AHMEDABAD, Gujarat	India
S2-448645075	Corp D J & M Pebhria	0472 VIOLA AVENUE, HUBBARD, OH	US
S2-366697652	Chiropractic Classic Care Inc.	13011 GARFIELD LN, AUUSTIN, TX	US
S2-897023114	Behavioral  Health Care	WA, 4013 1/2- MAGNOLIA ST, SPOKAEN	US
S2-608434563	Halceusyn Texas	654 FLAT TOP ROAD, BLAND, VA	US
S2-877983617	MANAGEMENT DESTINY  ICE PRIVATE LTD	#2/3 , SRI SAKTHI NAGAR ARUMBAKKAM, CHENNAI, Tamil Nadu	India
S2-408668086	PRIVATE NATH AYURVEDIC VENTURES (LIMITED)	HARJINDER NAGAR, KANPUR NAGAR, Uttar Pradesh, H N- 652	India
S2-718272802	Abad, Crawford & Jackson	7089 COULTER LAKE ROAD, FRISCO, TX	US
S2-643170055	HINTZE PIABIE DETAILING DETAILING P.C.	1416-A SHIELDS LN, SOUHT JORDAN, UT	US
S2-229771716	Arr Private Limited Center	C/O GYANENDRA PRATAP SINGH 1 VILL BELWA SUDAM POST JHANGA, KUSHINAGAR, उत्तर प्रदेश	India
S2-733733943	Ss Builders Pvt	B-1105, ARSHA SUMAGALAM, SECTOR-14, LUCKNWO, Uttar Pradesh	India
S2-125136695	KIZZIE CASIRY, CPA DOWNTOWN	423 6TH ST, LACYGGNE, KS	US
S2-134111262	TATE, CL + ERNST LITHIUM PARTNERS	1052 214 STREET, BRONX, NY	US
S2-500970437	Olanora Services	4460C CHURCH STREET, GREENBRIER, TN	US
S2-207890702	बेस्ट इंटरनेशनल प्रॉपर्टीज प्राइवेट लिमिटेड	#28 DEVCHAND BLDG, 1ST FLOOR, 3, DAULAT NAGAR BORIVALI (E), MUMBAI, MUMBAI CITY, महाराष्ट्र	India
S2-188467754	mayur media limited	68/1 MAIN ALIPUR ROAD, NARELA, NEW DELHI, Delhi	India
S2-290258368	गुरु कंसल्टिंग प्राइवेट लिमिटेड	NO. 878 C/O RAJEEV SHARMA S/O LAXMAN SWROOP BAREILLY NAGARIY SADAT, BAREILLY, उत्तर प्रदेश	India
S2-271213604	Llc Quality View,	37 PRIDEMARK LN, ATTLEBORO, MA	US
S2-108358769	SMART ROBOTICS  LLC		US
S2-125628583	MCCOLLUM CENTER	00311 HOWE STREET, SEATTLE, WA	US
S2-344779925	Flynn ánd Reagan South	45 WASHINGTON ST, <NULL>, AYER, MA	US
S2-21629968	Pioneer Modern Karman Partners LLC	#5804 JUNIPER RIDGE, MC FRALAND, WI	US
S2-535345006	North Group  Private Limited Partners	KHATA NO-30, PLOT NO-720, SINGIPUR, CHHATRAPUR, Odisha	India
S2-505319766	NUNNALLY DÉLTA BAIN	132 WILSON ST, STRUTHERRS TOWNSHIP, OH	US
S2-924615855	Renew Technology	#79 NO-22, BALAMBAL NAGAR MAIN ROAD, BALAMBAL NAGAR PUZHUTHIVAKKAM, Tamil Nadu	India
S2-401296222	LYNNEA JACQUES IR0N LLC	BIXBY, N/A, 20227 137TH AVENUE E, OK	US
S2-624875831	ROMAS, DIXON AND PARTRIDGE PRIORITY LLC	1417 PLYMOUTH LN, PO BOX 8509, TUSCALOOSA, AL	US
S2-69473463	Ltd 6eorge Group Pvt [Center]	8-830/24, OPP. GIDC WATER TANK NO. 3, GIDC ESTATE, BHARUCH, JHAGADIA, Gujarat	India
S2-839388899	WK Voya Midtown LLC Center	21328 GOOD HOPE RD, VILLAGE OF LANNON, WI	US
S2-143765180	ગોલ્ડન એનર્જી પ્રાઇવેટ લિમિટેડ	SF-12., SATYAM COMPLEX, AHMEDABAD, DASKROI, Gujarat	India
S2-432082419	GR AUTO PRIVATE LIMITED	NO.0243/2 W-2, SVB GARDEN, MAIN ROAD CHINNAMANUR, UTHAMAPALAYAM, THENI, Tamil Nadu	India
S2-558361181	Orion,-LLC Partners	2000 HONEYSUCKLE ROAD, HARTSVILLE, TN	US
S2-370918531	& MCKENZIE CMOLLINS	9273 306, GLENWOD, AL	US
S2-730477775	PFY Búsiness	B-748., II ND FLOOR, GREEN FIELD COLONY, FARIDABAD, Haryana	India
S2-599006450	Raj Builders Private Ltd	NO. 31 SH NO-22 L - 1/2/3 POONAM VIHAR MIRA ROAD EAST, THANE, Maharashtra	India
S2-452210288	Gulf Charities Corp	1361-1365 KING STREET, GREENWICH, CT	US
S2-124314974	Brown Investments  Group	2500 YEOMAN LANE, WEST LAFAYETTE, IN	US
S2-413753659	All Food (LLP)		India
S2-188852434	Womens Health All Medicine Inc.	1220 HARRILL STREET, CHARLOTTE, NC	US
S2-429392982	Back-Alley Auto Body LP	383 FOSTER ROAD, HISKELL, TN	US
S2-383838451	evansfortenberry.com	CRAWFORD ST, SALINA, KS	US
S2-444786126	Smith Imaging North Inc.	1720 BILLET ROAD, PONTIAC, IL	US
S2-589941448	Aurio Starry	BARRE, 75 NICHOLS RD, MA	US
S2-839919176	Gibson Colonial	14740 STUTZ ST, <NULL>, HAM LAKE, MN	US
S2-358700595	A 7 W BETTER LLC	729 34ST ST, MOORHEAD, MN	US
S2-229527627	ALLEN  PIEDMONT LAUNCH HARBOR	724 HIGHLAND AVENUE, NULL, SAN BERNARDINO, CA	US
S2-140962413	MUNDRA BUSINESS PRIVATE LTD	BLOCK METER P-##32, SATYA DOCTOR ROAD, KOLKATA, KOLKATA, West Bengal	India
S2-699387261	Buckley,  Holmes and Lee Inc	2746 Cedar St, SAN BERNARDINO, CA	US
S2-253837033	PURUSHARTH ENGINEERING PRIVATE LIMITED	C/O PRAVEEN KUMAR SINGH, KATHAR BUTHNI, LAMTI, MANKAPUR, उत्तर प्रदेश	India
S2-486917856	Favaify LLC	SAINT PAUL STREET, GRAYSLAKE, IL	US
S2-2194866	Shri RADHA CITY PRIVATE (ID: 89645)	DOOR NO 95- C/O LAXMI SALES AND SERVICE PVT LTD, NH 6 CANAL AVENUE, SAYAN, GURESIRA, BARGARH, ଓଡ଼ିଶା	India
S2-75179828	M/s Hyderabad Memorial  Center		India
S2-416133828	LLP Fp Civil Ventures	##450 SA-113, SRINILAY GYANDEEP APARTMENT DWIVEDI COLONY, BORGAON ROAD, NAGPUR, KATOL, Maharashtra	India
S2-530498469	Smt Taurus Limited Private-Real	NO.11, 3RD CROSS, GREENLEAF EXTENSION KORAMANGALA, BANGALORE, Karnataka	India
S2-889548553	THE PEDIATRIC SUMMIT GROUP	3001 FIFTH STREET, PORT ARTHUR, TX	US
S2-650264792	ईस्टर्न प्रोजेक्ट्स प्राइवेट लिमिटेड	C-126&127, T-EXTN, PART-3, JAIN COLONY, NEW DELHI, GHAZIABAD, Delhi	India
S2-602655329	स्काई फाइनेंस प्रा. लि.	A-8/6, BLOCK-A, PH-1, NARAINA INDUSTRIAL AREA, SOUTH WEST DELHI, DELHI	India
S2-509667934	-- Sarvhit Industries Group	T.C/27/1663 DANIEL AVENUE, THIRUVANANTHAPURAM, TRIVANDRUM, Kerala	India
S2-534258379	LLC Stern Elite Fígx South	NE, OMAHA, 2036 70ST AVE	US
S2-270007142	empiresignaturestudios.com	#320 GREENVIEW DR, TEMPLE, TX	US
S2-861131536	Federal Wellness  Industries LLC	1316 ALTO DR, RICHARDSON, TX	US
S2-770528646	PREMIER  LIMITED PARTNERS	Tamil Nadu, NO 101 SIVA NAGAR ROADMADURAI MADURAI, MADURAI	India
S2-45054807	ROYAL DEALERS PRIVATE LIMITED		India
S2-751291596	ಸೂಪರ್ ಇನ್‌ಫೋಟೆಕ್ ಲಿಮಿಟೆಡ್	FLAT ##104 EARTH GREEN NO 10 EAGLE STREET LANGFORD TOWN EAGALE STREET, BENGALURU, BANGALORE, Karnataka	India
S2-714940712	Jv Star Pvt Ltd	LANE 11, BUILDING NO-1, BUDHARAJA, SAMBALPUR, Odisha	India
S2-216696195	Ballabgarh Luxe Private	H.NO.-1648 SECTOR-3, BALLABGARH, BALLABGARH, Haryana	India
S2-426673652	Birch Inc Services	9741 MILLSTONE COURT, HIGHLANDS RANCH, CO	US
S2-417650530	LLC Western Coastal Utilities	01172 BROKEN ARROW TRL, ANGLETON, TX	US
S2-986716340	Empire Institute IV	TARBORO, 704 HENRY LANE, NC	US
S2-552110420	Scholarship Center Córporation	IA, HUXLEY, ##55833 OAK BEND RD	US
S2-445930721	Access Services (India) Private Limited	Maharashtra, NO D/11 , FIRST FLOOR, DAGA LAYOUT NORTH AMBAZHARI ROAD	India
S2-810061384	Lumola Átlanta Corp	741-A DILL AVE, ATLANTA CIITY, GA	US
S2-146183179	ARIHANT PRIVATE  SYSTEMS INDIAN LIMITED	56, METCALFE STREET, 2ND FLOOR ROOM NO.2F KOLKATA, KOLKATA, KOLKATA, West Bengal	India
S2-931664923	Mckenney National	4153. BELFAIR VALLEY RD, PO BOX 2854, PORT ORCHARD, WA	US
S2-405937274	ENTERPRISES BASAVA SERVICES LIMITED	9/875 PREM GALI-3GANDHI NAGAR, DELHI, दिल्ली	India
S2-251672671	Laurianne Morris Grand Twin	WILLIS AVENUE, PERRY, IA	US
S2-672841483	(LLC) FIELDS & SMITH MELLON	411 PEORIA ST, OK, POORUM CITY	US
S2-589980873	Ilise Mcdonald Monte	7001 1/2 29TH AVE, SEATTLE, WA	US
S2-498860800	Dh Education Private Limited	Keralam, HOYSALA D'ZIRE, FL NO.502, EDACHIRA, IX 571, A44, ERNAKULAM	India
S2-96742596	Royal Infrastructure Associates	58 ZIMMERMAN AVENUE, BASTROP, TX	US
S2-660081305	Midlothian Aroeimfal Hospital	1408 HILLSIDE DRIVE, MIDLOTHIAN, TX	US
S2-679623177	Mr Trichy Fabricators Fabricators	Uttar Pradesh, C/O NARENDRA, GYASI RAM, RAJNAAGR MAHLYMAHOLY, MATHURA	India
S2-872713483	ಏಸ್ ಇನ್‌ಫ್ರಾಸ್ಟ್ರಕ್ಚರ್ ಪ್ರೈವೇಟ್ ಲಿಮಿಟೆಡ್	D/18, VIJAY SURYA RESIDENCY FLAT G2, 4THMAINROAD SARASWATHIPURAM, JOGUPALYA, ULSOOR, BANGALORE, Karnataka	India
S2-916723743	Vitiello, Treminio and Reavis LLC	##79 EVANS ST, TORRINGTON, CT	US
S2-862153042	Davila, Ailee, Esq., PC	4211-B MULEDEER DRIVE, AIR FORCE ACADEMY, CO	US
S2-37241873	CANN PLTIITNUM  PBC INC.	3222 25TH AVENUE COURT, PUYALLUP, WA	US
S2-126961599	Strategic Modern Token	2213 SANTA BARBARA ST, LAREDO, TX	US
S2-489035781	LLP Mtl Cfostultmancy	GURHAON, N/A, Haryana, UNIT NO.#226	India
S2-798411809	GOBICHETTIPALAYAM TECH LTD - 1508747637	NO 0102 , NATHIPALAYAM ROAD, KALARAMANI, MODHACUR, GOBICHETTIPALAYAM, Tamil Nadu	India
S2-44796269	Vachi-Certifications Pfdadte Limited	Uttar Pradesh, Q-801, PRATEEK WISTERIA SECTOR-77, NOIDA, NOIDA	India
S2-9317449	Clasen Complete Restaurant  LLC	507 GARNESY RD, PERINTON, NY	US
S2-240005108	Fluxevovantage	1255-1259 EL MIRAGE RD, ADELANTO, CA	US
S2-102599942	Signature LLC Transition,	127 1/2 BROOKFIELD DR, NEWPORT, TN	US
S2-418952292	West Karman	3407 HUNTER BEND COURT, PMB 5926, MANSFIELD, TX	US
S2-346255402	Y T + L Grade Incorporated	111 51st St, OAK ISLAND CDP, NC	US
S2-117032050	Peridaru Áspac LLC	##490 TRACY DRIVE, CLIFTON, CO	US
S2-310890879	Zetaonyx Council L.L.C.	128 HORNER LN, MOUNT PROSPECT, IL	US
S2-192914855	NEWDELHI-IDNIMA LIMITED	BLOCK G-24 H NO C 160 NEW DDA FLAT SAHAPUR JAT ANDREWSGANJ, NEWDELHI, Delhi	India
S2-575256781	Obic Feltman West	206 LESLIE STREET, null, GOLDSBORO, NC	US
S2-564685807	Kalina Martinez Sáfe	BUMPASS, 819 Pottiesville Road, VA	US
S2-464110447	CÓNTINENTAL BOATWRIGHT'S GRILL	MN, DETROIT LAKES, 24374 22	US
S2-907324873	DOVAQUO	R.P.S. MORE, PATNA, Bihar	India
S2-402142757	Physical Therapy Group Group  Co	##1259 GENTRY DR, CLARKSVILLE, TN	US
S2-269053295	Holmberg  Metro Equipment PLLC	20022 MERCER ROAD, MIDDLETON TWP, OH	US
S2-974055230	FAN HARDWICK, D.D.S., PC CO	9627 HILLIDE DR, DELHI, CA	US
S2-586465966	Great Cmhpial	7910 KARLOV AVE, SKOKIE, IL	US
S2-786683770	sibbie reyes all brc inc	RICHMOND, 243 MARINA DRIVE, VA	US
S2-407472220	TI ACP-CNGROTER	393 COUNTRY CLUB LN, HAVERSTRAW, NY	US
S2-157687907	ब्राइट टेक लिमिटेड	HN 620/2 E - 314, NEW DELHI, SOUTH DELHI, Delhi	India
S2-439692253	SAFE-HYPERLIQUID	200 NATCHEZ TRACE ROAD, CAMDEN, TN	US
S2-688031027	கிரீன் கன்சல்டன்சி	6/1133A/8, VIRUDHUNAGAR, INDIRA NAGAR, SIVAKASI, தமிழ்நாடு	India
S2-727148368	जय ग्लोबल प्रा. लि.	O1905 19TH FLOOR BLOCK O GH-01 PAN OASIS SECTOR 70, NOIDA, GAUTAM BUDDHA NAGAR, उत्तर प्रदेश	India
S2-775345393	ONCOLOGY PARTNERS LLC TRUST	3699 CAMDEN AVE, PMB 4773, QUEEN CREEK, AZ	US
S2-784824496	ശക്തി ബിസിനസ് ലിമിറ്റഡ്	DOOR NO 1188/A, Kerala, NULL, KOZHIKODE, WARD NO 68, CHAKKORATHUKULAM	India
S2-217362214	BRIGHTORAER ARCELORMITTAL	2339 VANDALIA RD, NC, GREENSBORO	US
S2-244766535	Hyderabad Imports	PLOT 1, FLAT 403, KOPPULA TOWERS ST NO 1, BUDHA NAGAR, UPPAL, HYDERABAD, Telangana	India
S2-558348732	Accounting Wall Inc.	3644 BLAISDELL AVE, MINNEAPOLIS, MN	US
S2-70647328	Erma's Ltd Center	261 SOUTH PINES, WINFIELD, WV	US
S2-744541231	Dillon Ness, & Btfta Cafe	2115 GOLDEN WILLOW CT, CARY, NC	US
S2-926370838	CHENG VA1LEY VANECK  PC	139 KINGSLEY GROVE STREET, MONTGOMERY, TX	US
S2-541914877	ಸಿಟಿ ಎಕ್ಸ್‌ಪೋರ್ಟ್ಸ್ ಪ್ರೈವೇಟ್ ಲಿಮಿಟೆಡ್	#5, 5TH CROSS, IST MAIN, SUDHAMANAGAR, BANGALORE, ಕರ್ನಾಟಕ	India
S2-490690985	Helen-Elizabeth Frechette International Valley	303 PLAYA DEL REY, RANCHO MURIETA, CA	US
S2-898096770	Primary Care Píedmont Partners LLC	1126 SUNSET DR, FAYETTEVILLE, AR	US
S2-568193180	Tdanonex LLC	119 JASON PLACE, NORTH WALES, PA	US
S2-256094159	बेस्ट अल वेंचर्स एलएलपी	C/O BBITA DEVI, VILLAGE-, SAHASPUR, MADHUBANI, Bihar	India
S2-477000825	3874 Lincoln Ave Realty Holdings	60 300, AMERICAN FORK, UT	US
S2-784552033	டெக் புராடக்ட்ஸ் பிரைவேட் லிமிடெட்	110/1D/1Q, POLE PETTAI, TUTICORIN, THOOTHUKKUDI, Tamil Nadu, TUTICORIN	India
S2-864034829	CLEAR LIBERTY FUEL LLC		US
S2-642923962	eqnational.com	02085 WASHINGTON ST, NULL, ROXBURY, MA	US
S2-251383191	Ali Treasury North LLC Services	7265 HARTRICK BLUFF RD, TEMPLE, TX	US
S2-403212864	Banet	15123 TAYLOR STREET, GOODYEAR, AZ	US
S2-190385828	शिव कंस्ट्रक्शंस लिमिटेड	SECTOR -45, Haryana, GURGAON, PARAS TRADE CENTER, SECTOR2, GWAL PAHADI, GURGAON SECTOR 45, GURGAON, SECTOR-45, HARYANA, INDIA, 416	India
S2-446004775	Orion  Incorporated	#1031 Westfield Drive, PRINCE FREDERICK, MD	US
S2-449722166	NAVARRO HERRLALD BROKERAGE, INC	SHERBURNE AVE, SAINT PAUL, MN	US
S2-945900767	Bright Ice Cream Ltd	7958 LOWRANCE RD, MEMPHIS, TN	US
S2-552063226	>> HANSON SAFE GOLD	SUFFOLK AVENUE, ISLIP, NY	US
S2-373469180	Integrated & Company	PROPERTY NO. 229 BLOCK & POCKET - D-14, SECTOR 7, ROHINI, Delhi	India
S2-817197053	Raja Logistics (India) Private	DOOR NO 220 UNIT NO. 1256-1257, B WING, MITTAL TOWER, MG ROAD, BANGALORE NORTH, Karnataka	India
S2-293232804	Tanet  Resources Southside Inc.	LIBBY, MT, 129 RESERVE ROAD	US
S2-868596878	Good  Foundation	SHOP NO ##3 & 4, VAISHNAV LAXMI SOC, NEAR NAGZIRA LAM ROAD, DEOLALI CAMP, NASHIK, महाराष्ट्र	India
S2-709227221	HARIHAR LIMITED PRIVATE INDIA	DOOR NO 9TH FLOOR, SIGAPI ACHI BUILDING, NO 18/3, RUKMANI LAKSHMIPATHI SALAI, EGMORE, EGMORE NUNGAMBAKKA, Tamil Nadu	India
S2-295526736	ఫార్చూన్ హాస్పిటాలిటీ ప్రైవేట్ లిమిటెడ్	NO 117 DOOR NO:2-2-1125/157/1, NALLAKUNTA MUSHEERABAD, HYDERABAD, Telangana	India
S2-901188703	BENJAMIN, DAVIS ÁND HARRINGTON LLC	SAN ANTONIO CITY, TX, 152D ANTELOPE VALLEY	US
S2-789943389	Main Street Massage Corp	447. NATHAN ELLIS HWY, MASHPEE, MA	US
S2-137008828	Pryor,  Rebbecca, Harbor DDS PC CPA, LLC	182 JOHNNYCAKE STREET, VT, MANCHESTER	US
S2-955932853	भारत शिव मैनेजमेंट प्राइवेट लिमिटेड	POLT NO-582, AURANGABAD, Bihar	India
S2-582778074	परफेक्ट हेल्थकेयर प्राइवेट लिमिटेड	PATNA, BHOJPUR, Bihar, #947 VILL AND PO- PAREO BIHTA	India
S2-836478195	Dermatology Rapid Care [Associates,]	1518 TENTH ST, ROCKFORD, IL	US
S2-268329094	JN Foundation Public Limited	H NO. 184/6- VIVEKANAND NAGAR, GOKAK, Karnataka	India
S2-700599368	గోల్డ్ వెంచర్స్ ప్రైవేట్ లిమిటెడ్	302, MAHALAKSHMI TOWERS, BALAJINAGAR, CBM COMPOUND, VISAKHAPATNAM (URBAN), VISAKAPATNAM, VISHAKHAPATNAM, Andhra Pradesh	India
S2-26451057	TOPTRADERS.COM	202 AMANS ALID B. BLOCK, 575 R MAHALAXMI NAGAR, INDORE, मध्य प्रदेश	India
S2-174395464	RBR ENGINEERING PRIVATE LTD	PRINCE INFO PARK NO.81, B BLOCK 5TH FLOOR 2ND MAIN ROAD, AMBATTUR, Tamil Nadu	India
S2-238863183	DIAMOND CCOION	5010 ELIZABETH CITY ST, HOUSTON, TX	US
S2-516734906	Dhanlabh Trading	HOUSE NO. 3/85A, OLD NO. 198/19, 1ST FLOOR, GALI NUMBER 2, SANTOSHI MATA MANDIR, SHIVAJI NAGAR, SADAR BAZAR, Haryana	India
S2-477163684	Mr Surya-Management Prbivae Limited	WEST RABINDRANAGAR, KHALPAR, KOLKATA, KOLKATA, West Bengal	India
S2-331512769	Janisha-Enterprises Private (Limited)		India
S2-704605273	Jones LLC Lakeside Bleichroeder	21224 HAWTHORNE RIDGE ROAD, DOWNS, IL	US
S2-797225053	PREMIER MEDICAL-CENTRE INFRATECH PVT. LIMITED	FLAT NO-512, 5TH FLOOR, CRYSTAL ISLE -1, ROYAL PALMS ESTATE AAREY MILK COLONY, GO, REGAON (E), MUBAI, Maharashtra	India
S2-155060154	Alam Atlantic Triumph Valley	ERIN, NY, 1630 BREESPORT RD	US
S2-291103275	Pell Suma Llc	6611 CANYON CREST DR, TX, FORT WORTH	US
S2-770849242	Midwest S0ciety	TOLIVER RD, MOLALLA, OR	US
S2-99763326	lndo Chambers Law	NO. 190 G NO. 113/7B, SHIVCHAITNYA, NAGAR, KHANDOBA MAL, PUNE, Maharashtra	India
S2-176264446	Osmanabad Frieght Exports Private [Ltd]	H.NO 31- ATHARDI TQ. KALLAM, DIST.OSMANABAD, OSMANABAD, Maharashtra	India
S2-896976706	Patna Bio Private [Limited]	C/O SMT.MIRA DEVI, H.NO. - 570/, NEHRU NAGAR, SADAKAT ASHRAM, THANA - PATLIPUTRA, PATNA, Bihar	India
S2-387330674	GONSALEZ INC CENTER	835 2050, ROY, UT	US
S2-67183258	Private Varshiya Refrigeration Ltd	24, LEE ROAD, KOLKATA, HOWRAH, West Bengal	India
S2-352007865	Emerald Telecom Co	11314 WOODBANK DR, TUSCALOOSA, AL	US
S2-730560228	National Cbre LLC	LITTLE ROCK, AR, VALLEY CREST COURT	US
S2-316983964	Surgical Associates Corp	80 PIERSON DR, WALLINGFORD, CT	US
S2-913733450	Chu, Metcalf and Abbott Bitwise of Hill Tower Inc	302 FREEMORT ST, TOWER HILL, IL	US
S2-728515986	Pvt Yuthika Borthsr Infratech Ltd	NO 8-89 ANKUR, MUMBAI, SHOP NO 138 DADABHAI ROAD NR BHAVAN'S COLLEGE ANDHERI W, Maharashtra	India
S2-865903042	Modern Engineering Garments Private Limited	KHATIYAN NUMBER 271/612, NUA SHAI ROAD, WARD NO.12, KARANJIA, ଓଡ଼ିଶା	India
S2-893494932	ASAR COLLECTIVE PRIVATE	A-234 OKHLA INDUSTRIAL AREA PHASE-12, NEW DELHI, Delhi	India
S2-69064563	Schroeder Interstate Medicines	38220 272ND AVENUE, ENUMCLAW, WA	US
S2-646560800	Sri NIRANTSAI.COM	12/1A, MARIS NAGAR, MALAI KOIL, TVR, TIRUCHIRAPPALLI, Tamil Nadu	India
S2-298491551	Infra Peepul Melting Pvt.		India
S2-461891049	frontiercomstock.com	FAWNBROOK LN, DUBLIN, OH	US
S2-175836225	हरि प्रोडक्ट्स लिमिटेड	481 C-19, NIZMUDDIN WEST, DELHI, DELHI, SOUTH DELHI, दिल्ली	India
S2-236443228	xnc smart alchemy inc		US
S2-972166324	DEVA-SERVICE	232 STRALEY AVE, CHEEKTOWAGA, NY	US
S2-529876059	reliablebroadband.com	CT, GREENWICH, 20 GRAND STREET	US
S2-448201629	Co Kgn & Sons Enterprises	45, BHAVANA ENCLAVE, PHASE III, NEW BOWENPALLY, SECUNDERABAD, HYDERABAD, Telangana	India
S2-289912061	Zetanovi	6722 DICKSON WAY, HOUSTON, TX	US
S2-666733002	Veterans Inttiatervi	471 HIAWASSEE AVENUE, KNOXVILLE, TN	US
S2-534389783	Shyam Finance Private (Limited)	#396 FLAT-1 A, 153, N.S.C BOSE ROAD, KOLKATA, KOLKATA, West Bengal	India
S2-857250803	Cohen Silver Tailwind Group	719 73ND STREET, KANSAS CITY, MO	US
S2-39500265	Horizon Classic	72B WESTLAND AVE, MA, BOSON	US
S2-99585747	CURE BAKERY  LP	1. CREAGERSTOWN RD, WOODSBORO, MD	US
S2-837428500	li airport	610 Gravitt Street, S BOSTON, VA	US
S2-432093938	Jawahar Jawahar Marg Gps Private [Limited]	325, JAWAHAR MARG, Madhya Pradesh	India
S2-986317261	Anilika Freight Corporation	GALA NO. 6, BLDG. NO. 1-4, SHRI ARIHANT COMPLEX, KOPAR, महाराष्ट्र	India
S2-438757870	ಗುಡ್ ಮಾರ್ಕೆಟಿಂಗ್ ಪ್ರೈವೇಟ್ ಲಿಮಿಟೆಡ್	NO 52/2, COLUMBIA AALTIUS, VEERASANDRA, NEXT TO STANLY GLOBAL EMPORIO HEBBAUDI, BANGALORE, Karnataka	India
S2-870154672	Sweet Hair-Studio	714 SCOTT ST, N/A, WHEATON, IL	US
S2-159068159	NIQUE	549 Freeman Road, WICKLIFFE, KY	US
S2-711943213	Ayala Water	321 HICKORY VALLEY ROAD, MAYNARDVILLE, TN	US
S2-686549674	elitetalentgroup.com	4907 WESTHILLS ROND, BALTIMORE, MD	US
S2-442174813	INNOVATIVE GULF FIELDS CO	558 OAKDALE AVENUE, MASSAPEQUA PARK, NY	US
S2-447124683	Gulf Montessori School Ltd	134 1/2 DIVISION AVE, null, MASSAPEQUA CP, NY	US
S2-614678853	K/K Lion	2793 BONIFAY GRITNEY ROAD, BONIFAY, FL	US
S2-880713988	FOODS-GAJALAKSHMI TECHNOSYS CENTER	SQ 42, SIDDARTH ENCLAVE ASHRAM, NEW DELHI, Delhi	India
S2-193675753	Sri OPTIMA LIMITED PRIVATE (TECH)	DOOR NO 03- NILKANTH BUNGLOW, OPP NAND BHUMI, V V NAGAR RD, ANAND, null, Gujarat	India
S2-974102424	ಜೈನ್ ಬಿಸಿನೆಸ್ ಪ್ರೈವೇಟ್ ಲಿಮಿಟೆಡ್	DOOR NO 18, BASAVA, 2ND FLOOR 1ST CROSS, KURUBARAHALLI, BASAVESHWARNAG, AR, BANGALORE, Karnataka	India
S2-841022890	benchmark (india) cabs pvt ltd	BLOCK D-544 B-1/2, ROYAL GEMS, VAPI DAMAN ROAD, PARDI, CHALA, VAPI, Gujarat	India
S2-183623938	bricklayerslocalunioncom	505 DEBORAH LN, BERNE, IN	US
S2-834327975	Sherry Morales Biopharma	#3129 SUSSEX COURT, LATONIA KY, KY	US
S2-858375478	Dr Gujarat Marketing Public Limited	DOOR NO 8-812 , VIVEKANANDA NAGAR COLONY, KUKKATPALLY, HYDERABAD, Telangana	India
S2-764639096	Ampsolar Infrastructures Private	#2 , PLOT NO 11, GURU SHRI BUILDING, TARUN BHARAT CHS LTD, CHAKALA, MUMBAI, Maharashtra	India
S2-531943585	Emerald Llc	1115-1119 OXBOW DRIVE, IRVING, TX	US
S2-368971618	Maridel Escandon-Platinum Vance	WINCHESTER, 70 IRVING STREET, MA	US
S2-551180630	6m Public	KOLKATA, West Bengal, HOWRAH, #03RD FLOOR 9/1B, TALBAGAN LANE, KOLKATA	India
S2-793007325	Innovative Desert LLC Services	##75 SPRINGWOOD RD, SOUTH PORTLAND, ME	US
S2-240787430	Gréen-Legacy-Keen	50TH TERRACE, KANSAS CITY, MO	US
S2-948424969	ananta (india) drugs private limited	#3-2 F NEETHI APARTMENTS, 84 I.P.EXTN, PATPAR GANJ, Delhi	India
S2-482185517	Elnore'S Realty Group	137 ORHCARD CIR, BLANCHESTER, OH	US
S2-380030049	Pediatric Dentistry Dynamic Physicians Llc	12064 JANTZEN BEACH AVE, PORTLAND CITY, OR	US
S2-489161311	KBD Cbre	1286 INEZ, KETTLE FALLS CDP, WA	US
S2-539376442	LEGACY STANDARD	1223 WISTERIA DR, CHANDLER, AZ	US
S2-568545453	LLC Collins and Lee Home Improvements	20042 Hardwood, SPRINGDALE, AR	US
S2-178026345	Straight Edge Diner - 3633542706	6131 Stefani Dr, DALLAS, TX	US
S2-177928556	XT  Jena,	872 EAGLE PASS, ROSE CITY CDP, TX	US
S2-799715943	Murfreesboro Community Center LLC	1615 Maymont Dr, MURFREESBORO, TN	US
S2-135829456	American Guild	OR, 1905 9ND PLACE, EUGENE	US
S2-28351273	3970 Commerce Avenue Partners Co	876 PECOS ROAD, CHANDLRE, AZ	US
S2-500099266	Panchratan Wings Prívate Limited		India
S2-919685048	& Greengold Co Infratech	D-C-7/8132, VASANT KUNJ, NEW DELHI, दिल्ली	India
S2-218446074	RYAN DYLHNlC BIO (LLC)	837 HOLLYOAK LN, AURORA, OH	US
S2-448111800	Chris Grove Royal	WHISTLING LANE, FULSHEAR, TX	US
S2-938984602	East Redwood Holdings	2831 ROCKY SPRINGS RD, PINEY FLATS, TN	US
S2-875981549	SECURE FREIGHT DYDAIMS	IN, 1121- WESTFIELD CT, INDIANAPOLIS	US
S2-328949630	Optimum Group Exports	NO 60. DNTANESHWARI, PLOT NO. 93, SECTOR 20, KHARGHAR, NAVI MUMBAI, Maharashtra	India
S2-442858816	fevaque international inc	BIEDERBECK DRIVE, CHARLOTTE, NC	US
S2-84706107	Andersen, Kassie, Service	300 MUSGRAVE LN, SALEM, OR	US
S2-908082720	Sweet Hypnosis Corp	#229 Hawkins Drive, CAHOKIA, IL	US
S2-220780488	YBARRA YBARRA AIRPORT (LLC)	1620 Van Buren Street, WASHINGTN, DC	US
S2-583181090	আরবান কনস্ট্রাকশন প্রাইভেট লিমিটেড	PLOT NO-47, BL-GB, 1619 RAJDANGA MAIN ROAD, LP-KMDA-4, KOLKATA, KOLKATA, HOWRAH, West Bengal	India
S2-116691292	Polynice Procap Inc	1648 COLUMBIANA LISBON RD, COLUMBIANA, OH	US
S2-493652060	BROWN HOLDINGS	JAY INDUSTRIES C/O PLOT NO. B 62, NICE AREA, ROAD NO. 5, MIDC SATPUR, NASHK, Maharashtra	India
S2-113135007	Global Quality Construction Riverside	15. MANSION STREET, POUGHKEEPSIE, NY	US
S2-291935792	FELIX BROTHERS PRIVATE	Telangana, 7-1-27/2, FLAT NO.301 SURAJ MANSION, AMEERPET, HYDEABAD	India
S2-98267665	Ross and Gamez	12 4600, WASHINGTON TERRACE, UT	US
S2-292651123	YINGLING, TAYLOR  AND BOYINGTON BANKING	2213 ROCKWATER TER, HENRICO, VA	US
S2-169463781	Vargas  Cslm	SALISBURY, 712 COLLEGE LANE, MD	US
S2-833599306	यूनिवर्सल कंसल्टेंसी प्राइवेट लिमिटेड	FLAT NO 102 PLOT NO B 110 A WING SECTOR 23 GES, THANE, DHARAVE, Maharashtra	India
S2-472865649	Stott Partners PLLC	QUAPAW ROAD, APPLE VALLEY, CA	US
S2-918068611	FIRST VENTURES MOBILITY	GRANT AVENUE, PRAIRIE GROVE, AR	US
S2-587301345	Danna's Staffing Llc	140 PENNYWISE PATH, EDGARTOWN, MA	US
S2-531833658	ஹை டெவலப்பர்ஸ்	40/44, AMBATTUR, TIRUVALLUR, தமிழ்நாடு	India
S2-979225667	Mr Winsome India L.L.P.	EUCHARISTIC CONGRESS BLDG NOII CONVENT STREET COLABA, MUMBAI, Maharashtra	India
S2-539089174	A1l Pony	02 1ST AVENUE, SEATTLE, WA	US
S2-280939699	Curley Lifeco  Ltd	18404 GLADDEN LN, LAKEVILLE, MN	US
S2-526480902	Hwang,, Frederica DO Partners	385 KEEL HOLLOW ROAD, DOVER, TN	US
S2-696427087	... valueeye.com	92 WALLMAN DR, HENIETTA, NY	US
S2-802267376	ಇಂಡೋ ಅಗ್ರೋ ಲಿಮಿಟೆಡ್	DOOR NO 880 7TH CROSS 6TH MAIN, V V MOHALLA, MYSORE, ಕರ್ನಾಟಕ	India
S2-443198232	Miles's Security Coastal	9069 STEVEN POLLARD AVE, MESA, AZ	US
S2-788996581	Mr Shetty Ssatr  Pvt Ltd		India
S2-154079436	Custom Interstate Interstate Pecnmina, LLC	IL, 1213 MIDWEST LN, WHEATON	US
S2-738824953	LLC WEST CENTERS	6024 HARRISON ROAD, CINCINNATI, OH	US
S2-631017490	Nanni Bowden, Services	16641 133RD TER, KING CITY, OR	US
S2-361830153	यूनिक फाउंडेशन प्राइवेट लिमिटेड	H. NO. 10 VILLAGE SIKRI POST CHHIBO, CHITRAKOOT, Uttar Pradesh	India
S2-454477276	Complete-Commercial Dlynbmis LLC		US
S2-744563986	Unickon Steels Prívate Limited	CTS 1175, BHAKTI PARADISE FLAT NO 8, BLDG 3, LINK RD, CHINCHWAD, PUNE, Maharashtra	India
S2-303108352	abilitytrading.com	31 , 2ND CROSS, JOURNALIST COLONY JC ROAD, BANGALORE, Karnataka	India
S2-815678048	Prosser's Quality Retail LLC	9137 DEERSHIRE COURT, RALEIGH, NC	US
S2-256572921	Candie Wierr Apex Outdoor LLC	MALONE TOWNSHIP, 5375 EIGHTH STREET, FL	US
S2-184444003	MCGRATH ASSET	1384-1388 788, IDER, AL	US
S2-758613415	Universal Semiconductor Labs Summit LLC	#55 JACKSON STREET, HEMPSTEAD, NY	US
S2-938522197	श्याम हेल्थकेयर प्राइवेट लिमिटेड	G/F MADARSA ROAD KASHMIRI GATE, 1589, CENTRAL DELHI, Delhi	India
S2-328331764	Izl Techno Private Limited | www.izltechno.com	SHOP NO 25 GROUND FLOOR, POONAM PARK VIEW, VASAI, Maharashtra	India
S2-231782147	Chance, Turner & Horn Holdings	329 Washington St, PEEKSKILL, NY	US
S2-625289664	Doralia Mcfadden Bsp LLC	CLEVELAND, 3831 136TH ST, OH	US
S2-977938438	5track Pacific Jackson Corporation	WEST GLACIER, 12545 2, PO BOX 3930, MT	US
S2-55267192	M/s Symbol Symbol (índia) Private Limited	FL. NO. F 4-504, ISHAN SHRUSHTI, S. NO 131 /A(P), WARJE, PUNE, Maharashtra	India
S2-351450072	Salasar Focu Private Limited	UNIT-901 , 9TH FLR, THE SUMMIT BUSINESS BAY ANDHERI KURLA ROAD, PRAKASH WADI, CHAKALA, ANDHE, RI (EAST), MUMBAI, महाराष्ट्र	India
S2-961468639	The India Jai Stop Exports  Private Limited	B-8 SHEETAL APARTMENTS OPPOSITE CHANDAN CINEMA JUHU, MUMBAI, Maharashtra	India
S2-8303637	Shri SUNRISE (ÍNDIA)	OFFICE NO C-303, SR NO 36/1/1 B OLYMPIA PHASE 1, PUNE CITY, Maharashtra	India
S2-148387963	Twisted  Diner Group	5067 NEBRASKA AVENUE, HUBER HEIGHTS, OH	US
S2-900934960	BANGALORE LÍMITED PRIVATE PRIVATE (MANIFOLD)	1-1, ATRIA TOWERS, CORPORATE LOBBY, PALACE ROAD, BANGALORE, Karnataka	India
S2-213592	Dain Group	4720 WRENWOOD AVENUE, BALTIMORE, MD	US
S2-924251175	KAIRA  GRAINS LIMITED	BLOCK B-#664 OFFICE NO. 316, 306, MCCIA TRADE TOWERS, 3RD FLOOR WING  A, SENAPATI BAPAT ROAD, PUNE, Maharashtra	India
S2-699937392	स्वस्तिक मीडिया प्राइवेट लिमिटेड	A 1804, GARDEN ESTATE, B2, LAXMI NAGAR, LINK ROAD, MUMBAI, MUMBAI CITY, महाराष्ट्र	India
S2-979696491	Palaus	LONG BEACH, 100 BROADWAY, NY	US
S2-914003172	Meridian Ltd	DICKEY VALLEY ROAD, HARRIMAN, TN	US
S2-606670003	Regional Tribeca	16 MESSER RD, CLYDE, NC	US
S2-645690377	Back Alley Coffee of	NY, ROCHESER, 1249 Clinton Ave	US
S2-433787005	Universal Bíomedical Enterprises of Waller	SCHMIDT RD, WALLER, TX	US
S2-135731913	Parsons, Diaz and Wag Corp	QUARTZ LANE, PETERSBURG, WV	US
S2-572599965	Perfect Southern Properties Prívate Limited	SHED NO GF-C-56, KALPATRU INDUTSRIAL PARK, AHMEDABAD, Gujarat	India
S2-726631805	International-Healthcare Private-Limited	DOOR NO 729 NYATI ENCLAVE MOHMMADWADI BLDG, SILVER BILL, PUNE CITY, Maharashtra	India
S2-719869890	BLUE KODIAK INC	SANTA ROSA, NM, 1019 LOS SENAS RD	US
S2-822510813	SEEX.COM	5462 N MAYO TRAIL TRL, PIKEVILLE, KY	US
S2-607741425	Guru Education (Ihdia) Limited	हरियाणा, H.NO C-572/7 SECOND FLOOR, ADARSH NAGAR NEW RAILWAY ROAD, GURGAON	India
S2-712086455	Faulkner, Gutowski and Acosta	002695 JONATHAN PARK WAY, PMB 6724, COLUMBUS, OH	US
S2-51654052	Lia Brown  Westin Westgate	253 OSBORN ROAD, PHOENIX, AZ	US
S2-455932355	Shri lndustrial Traders	MADHAVA VILAS, THIRUVANANTHAPURAM, TRIVANDRUM, Kerala	India
S2-954861980	Innovative Engineering  Pvt	SH NO- A-32, GR FLOOR, A WING, BL NO-3, MULUND(WEST) JATASHANKAR DOSA ROAD, LOK KAILASH CO-OP, HSG SCTY, MUMBAI, Maharashtra	India
S2-149694886	COZY BIKE SHOP INC	20023 CAPE CLOVER TRAIL, RICHMOND, TX	US
S2-42667338	Future Ventures Bright Private Limited	TF/320, 73 EAST AVENUE, SARABHAI CAMPUS, VIKRAM SARABHAI MARG, WADIWADI, VADODARA, Gujarat	India
S2-529961099	બ્રાઇટ ફૂડ્સ પ્રા. લિ.	PLOT NO. 115, DASKROI, AHMEDABAD, Gujarat	India
S2-505836483	Java (India) Ltd Finlease		India
S2-669404219	GORAKHPUR INDIA CLINIC CENTER	58A, SHIVPUR JHARKHANDI, NEAR GS ACADEMY SINGHRIYA, GORAKHPUR SADAR, Uttar Pradesh	India
S2-1979879	Hari Healthcare Pvt Limited	DOOR NO 65 C/O NIRANKAR SINGH, HAFIJPUR, PEEPLI DAUD, HASANPUR, Uttar Pradesh	India
S2-112295776	Mahalakshmi Institute	448/242 ZEHRA COLONY, THAKURGANJ, LUCKNOW, Uttar Pradesh	India
S2-179523555	Borough  Of P.C.	1101 A-1103 FIFTEENTH STREET, PORTALES, NM	US
S2-322602137	AIR (INDIA) RETAIL PRIVATE LIMITED LIMITED	C/O RAJANI KANTA YADAV BESIDES LAXMI TEMPLE, NEAR SWAMI VIVEKANANDA CLUB, WEST, RUKUNDIPUR, RATUA, MALDA, West Bengal	India
S2-962020175	Kunvarji (India) Automation Límited	14, NITYADHAN MUKHERJEE ROAD, ULUBERIA - II, West Bengal	India
S2-129098102	Vo & & Rohn Center	11241 OMELVENY RD, OAK HILLS, CA	US
S2-912816709	lenhartharrison.com	1902 MAIN STREET, ROSWELL, NM	US
S2-617832617	PRONET OPTIMAL	WINDHAM, ME, 367 ROOSEVELT TRL	US
S2-599693514	Kingston  Trading		India
S2-822071163	Eye Medicine LLC	010620 FOUR MILE RD, ALBUQUERQUE, NM	US
S2-809385125	All Asset lndustries		US
S2-429191834	स्टार प्रॉपर्टीज प्राइवेट लिमिटेड	VEERMAA PARADISE SHOP NO 8, PLOT 68, SECTOR 20, KAMOTHE, PANVEL, NAVI MUMBAI, RAIGARH, Maharashtra	India
S2-192086296	ग्रेट एस्टेट प्राइवेट लिमिटेड	H.NO 868 358, NAVI PETH L.B. SHASTRI ROAD, PUNE, महाराष्ट्र	India
S2-164968734	PSZ COMMUNITY INC.	4675 HASKS EYE LN, CHATTANOOGA, TN	US
S2-785427438	Nexriza	9890B SHORE PINE LN, BAYSIDE GARDENS, OR	US
S2-191651045	PAINTERS LOCAL ÚNION 665 LLC	291 Oarlock Cir, NULL, MANLIUS, NY	US
S2-906446105	MIDAS ESTATES PRIVATE	BISHUNPUR KISHUNDEO PO - KHAIRWAR DARP, SHEOHAR, बिहार	India
S2-139076951	royalqualitybraves.com	27 Summit Drive, SEARCY, AR	US
S2-635818353	saidridgeinvestors.com	2104 WESTCHESTER CIR, MEMPHIS, TN	US
S2-285343321	The ADX Hennessy [LLC]	3511 878, WAXAHACHIE, TX	US
S2-241376749	Vns Projects Enterprises Pirave Limited	HOUSE NO. C-17/10, LOWER GROUND FLOOR WAZIRPUR INDL AREA, DELHI, Delhi	India
S2-33493	Universal Infra Privtdte Limited	D-0039 POLICE COLONY, AISHABAD, PATNA, Bihar	India
S2-918590468	ইউনিভার্সাল ভিশন ইঞ্জিনিয়ারিং প্রাইভেট লিমিটেড	ENGLISHBAZAR, West Bengal, MALDA, PLOT 667 MOUZA JADUPUR	India
S2-86799295	ARUN NURSING HOME LTD	HN 233 7-80/12, VENKATARAMANA, COLONY, TARAPURI COLONY, RANGAREDDY, Telangana	India
S2-134072281	Malik Hospital Pfdde Limited	SURVEY / BLOCK 1071, DHANRJA ESTATE, DHAMATVAN TO UNDREL ROAD, DASCROI, ગુજરાત	India
S2-706932976	A 8 Cure All	##9 VINCENT PLACE, NORWALK, CT	US
S2-29904374	Vonny Garza, P.A. LLC	935 25ST AVE, SEATTLE, WA	US
S2-985670392	PORTLAND CANCER PEAK LEAGUE PC COUNCIL	COLUMBIA BLVD, PORTLAND ITY, OR	US
S2-995351525	ഗ്ലോബൽ ഫൗണ്ടേഷൻ പ്രൈവറ്റ് ലിമിറ്റഡ്	C/O RAJEEV K M, ERNAKULAM, PARAVUR, Keralam	India
S2-470193740	Stag Precious Corp	THREE WAY, 10 SMALL OAK DR, TN	US
S2-966007663	Goss Unified Boral Ínc. #73332	190 BRANDON ST, WICHITA, KS	US
S2-993386039	Navi Mills Private Ltd	DOOR NO C-224 R-1, 1302 13TH FLOOR ROSE, MARY-1 GULMOHAR GARDEN, GHAZIABAD, उत्तर प्रदेश	India
S2-436231062	Zero Land Limited Private	405-406, KEWAL INDUSTRIAL ESTATE, SENAPATI BAPAT MARG, LOWER PAREL (W), MUMBAI, Maharashtra	India
S2-354535487	SANJEEVANI  (INDIA) SERVICES	Karnataka, #29, 14TH CROSS CHOLURPALYA, BANGALORE NORTH	India
S2-964112626	lanternbrookfield.com	1005 HAWKEYE RD, ALTON, IA	US
S2-395843740	Primary Care Center,	5977- WILLIS RD, GEORGETOWN, IN	US
S2-239957871	Hestia Medical Centre Overseas Pvt Ltd	BLOCK G-274 C/O JAGRAT SHARAD DESAI 14, KARMBHUMI BUNGLOW KOTLAV, PARDI, Gujarat	India
S2-919908566	Llc #Tisoft Templeton	4287 SULIN COURT, MOBILE, AL	US
S2-596490972	प्रीमियर डिजिटल सर्विसेज गारमेंट्स प्राइवेट लिमिटेड	C-947, SUSHANT LOK PHASE I, SECTOR 43, GURGAON, GURUGRAM, हरियाणा	India
S2-187064185	SHREE CLINIC OVERSEAS	MAPLE BLK 5, B6-3044, SOBHA FOREST VIEW APT, ADARSHA LYT, LINGADHEERANAHALLI, OFF KANAKAPURARD, VAJARAHALI, BANGALORE, Karnataka	India
S2-597191633	HEALTHCARE PRABODH  INSTITUTE VENTURES	NO 178 C R AVNUE, KOLKATA, West Bengal	India
S2-827982409	Socey Welfare Bb	SHOP 28., VISHAL RESIDENCY OPP. KASARWADI RAILWAY STATION, PIMPRI CHINCHWAD, PUNE, महाराष्ट्र	India
S2-712030726	Big Hair Studio Holdings Services	190 300, PROVO, UT	US
S2-887748502	lyrix prime p.c.	682 79ND STREET, TULSA, OK	US
S2-344445906	COLONIAL IDAHO LLC	308 Riva Lake Rd, TN, WINCHESTER TOWNSHIP	US
S2-941186757	Sunrise United Power Private	K-11/13, DLF-II GURUGRAM, GURUGRAM, Haryana	India
S2-489069373	Tasha Ciollis Unified Jewelers	CHICAGO, 3818 38TH ST, IL	US
S2-752348787	MATURBHANJ MULTITRADING INDUSTRIES PVT. LIMITED	DEBENDRAPUR MAYURBHANJ GOV LEND MATURBHANJ, MATURBHANJ, Orissa	India
S2-964165747	Camacho & Donmidse	817 PARK STREET, WORTHINGTON, KY	US
S2-456385846	Hx Unified Columbus	221 ROCKAWAY AVE, BROOKLYN, NY	US
S2-570453243	शिवा अल फाइनेंस प्राइवेट लिमिटेड	INDORE, 87/1 SHRI NAGAR, Madhya Pradesh	India
S2-626743976	United LLC Partners	4817 UNIVERSITY AVENUE, CEDAR FALLS, IA	US
S2-830631791	YRW Capital Inc Services		US
S2-44569059	Arihant Media Agencies Private Limited	PLOT NO.33 AND 33, HANUMAN NAGAR, MARUTI ESTATE ROAD, AGRA, उत्तर प्रदेश	India
S2-142075515	SDAMON HOLDINGS	451 SYCAMORE STREET, SHELBURE, VT	US
S2-951569730	UY Exports	P NO 42, NARTH PART, RAJASHAKER COLONY, GHATKESAR, Andhra Pradesh	India
S2-679752524	regional ministries uptown	14 JOHNSON STREET, ONANCOCK TOWN, VA	US
S2-194073433	Womens Health Regional Center ([LLC])	WI, 118 SECODN ST, MADISON CDP	US
S2-793130287	GONZALEZ ÓPPORTUNITY		US
S2-833854182	jodhpur infra pvt. ltd.	HHUSE NO. 5-E-74 KUDI BHAGTASANI HOUSING BOARD, JODHPUR, Rajasthan	India
S2-711124791	Solutions Hightech Analytics Holdings Private Ltd	DOOR NO 734 D-180/196 GANESH NAGAR, PANDAV NAGAR NEAR FAZALPUR, SHAHDARA, दिल्ली	India
S2-763875799	Neer Magcmhinary Limited	HN 417 OFFICE NO.C-1, 3RD FLOOR, S.NO. 732/2A/2B, CTC 1909, BIBVEWADI, PUNE, महाराष्ट्र	India
S2-889107629	#karynserrano	742 PINE DRIFT DRIVE, MD, ODENTON	US
S2-34904039	Serrano, Helton And Herrera Spa Uptown LLC	5604 HARRISON TRACE DR, CHARLOTTE, NC	US
S2-172617646	Tejavy India Private Limited	FLAT NO B/10 115 SIMPLEX, BDA ALUR FLATS, HUSKAR RD, NELAMANGALA, Karnataka	India
S2-254970109	Ahern's Vanguard Petroleum Ltd	28 DICKINSON CROSSING, FAIRPORT, NY	US
S2-75816425	X G Wintergreen Perez	344337 750 RD, AGRA, OK	US
S2-593638092	लोटस इंफ्रा प्राइवेट लिमिटेड	ANNA CHAWL PARUPAK CHAKALA ROAD ANDHERI EAST, MUMBAI, MUMBAI CITY, Maharashtra	India
S2-918473567	इनोवेटिव एंटरप्राइजेज प्रा. लि.	DOOR NO 501, S. NO 29A/1/38, CTS NO 237 DECENT RESI, RAMWADI, WADGAON SHERI, POONA, PUNE, Maharashtra	India
S2-822258587	Xylosol	F-10GREEN PARK EXTN, NEW DELHI, null, दिल्ली	India
S2-388761312	sangeeta group co	2003/04-EKTA SUPEREME, HOUSING LAKE LUCERENE - D, MUMBAI, Maharashtra	India
S2-333199502	Spinning & Broches [Limited]	Delhi, OFFICE NO. 2-, BASEMENT, B-36, GURU NANAK PURA, LAXMI NAGAR, DELHI	India
S2-100195963	E & N TECHBCIACL, HOLDINGS	9025 HICKORY GLEN TRL, FORT WWAYNE, IN	US
S2-350327470	Rajeev Nagar Textiles Private Ltd	SHYAM SAVITRI ENCLAVE VIR KUWARSINGH PATH, RAJEEV NAGAR, Bihar	India
S2-843134840	Community [Association]	##69306 SISTERS VIEW DRIVE, SISTERS, OR	US
S2-613706860	TEJVA REALITY PVT LTD	#10-98/1 , 1ST A CROSS, SHISHU GRUHA SCHOOL MAIN ROAD, NEW THIPP, ASANDRA, BANGALORE, ಕರ್ನಾಟಕ	India
S2-232043271	HALCIUM FUEL	8291 BRIAR RIDGE CT, HUBER HEIGHTS, OH	US
S2-10811099	Lakshmi Technologies Private  Limited	H.NO 3 , SR NO. 50, SANGITA COLONY, BHAVSINGPURA RAOD, Maharashtra	India
S2-136401010	Prairie Medical Center Llc	819 CAESY DR, MINOOKA, IL	US
S2-213304225	Garvey, Gaspard ánd Dehne Foods Highland Inc	416 NORMA DR, IRVING, TX	US
S2-679196892	Aarviya Medicare Private	206-20, SECTOR 6 IMT, MANESAR, GURGAON, GURGAON, हरियाणा	India
S2-177969172	Late Center | www.latecente.com	1, LSC BLOCK A3, JANAKPURI, NEW DELHI, Delhi	India
S2-366052678	Suvidha Medica1 Centre Limited	6TH FLOOR, NAVKAR PLAZA, BAJAJ ROAD, VILE PARLE WEST, Maharashtra	India
S2-635649066	Dr Shyam Enterprises Private Limited	44 , TRICHY CHENNAI TRUNK ROAD MAMBALASALAI T. V. KOVI, TIRUCHIRAPPALLI, தமிழ்நாடு	India
S2-582649761	Walczyk Wlllls Group	007426 STEEPLECREST CIR, LOUISVILLE, KY	US
S2-450983187	Infratech Shipping (India) Pvt Limited	FLATSF-0-2, PEARLCHAMBERSPLOT.NO.21, RUKMANINAGARMAINROAD, PER, UMBAKKAM, CHENNAI, Tamil Nadu	India
S2-792390385	Oncology  Care	STONEHAM, 32 LEE ST, MA	US
S2-796272601	REFRESH CONSULTIBG PVT LTD	H NO 273, GOPALPURAM RAWLI ROAD, MURADNAGAR, GHAZIABAD, Uttar Pradesh	India
S2-910291451	THE LOA TECHNICAL LLC	13 SWEETGRASS RD, WESTHAMPTON, NY	US
S2-71317674	Choice Wielbss Union Inc. Inc.	9006 1/2 CHARRED OAK DR, BETHESDA, MD	US
S2-974919957	Grant Mountain Apogee Llc	11293B HILLSBORO DRIVE, HUNTLEY, IL	US
S2-295275835	Star Bárdays Bárclays Group	434- PINNACLE VIEW DR, GEORGETOWN, TX	US
S2-494814237	एस पावर प्राइवेट लिमिटेड	5/96, LUCKNOW, उत्तर प्रदेश	India
S2-538745875	YUN INTEGRATED PRIVATE LIMITED	3RD FLOOR, BIGRAHPUR, RANJAN GALAXY, NEAR NUTAN HARI SEWA APARTMENT, SAMPATCHAK, Bihar	India
S2-56519368	Punjab Tráding Private Limited	DESK-43, CW-59, 1ST FLOOR SANJAY GANDHI TRANSPORT NAGAR, DELHI, Delhi	India
S2-998806800	Kenney  Signs LLC	101 JACKOSN BLVD, ERWIN, NC	US
S2-601984186	Dumra Pharma LLP	Bihar, PLOT 438 36, WARD-03, NEAR MAHARANI, ASATHAN, MADHUBAN, DUMRA	India
S2-497444309	Traex Group Group Services	250 TELEGRAPH ROAD, FILLMORE, CA	US
S2-884728678	PATEL COMPUTING LLC	19 RICHARDSON CIR, SAUGUS, MA	US
S2-41889605	Pediatric Dental Care Associates Company	14112 GRACE WOOD COURT, MIDLOHIAN TOWNSHIP, VA	US
S2-448438771	Gulf Animal Hosoial LLC	523 OLD COUNTY RD, ROCKLAND, ME	US
S2-690420894	W &  Q Ethereum Holdings	6268 SAN MATEO DR, SECURITY-WIDEFIELD, CO	US
S2-713151971	Getech	FOURTH AVENUE, EUGENE, OR	US
S2-13990266	avall0nemock.com	SKYVIEW TRAIL, TRAFFORD, AL	US
S2-876640046	*** Browner Academy  L.L.C.	NIIANTIC CDP, CT, 9 LUCE AVENUE	US
S2-684787846	Samudra Wefcaer Society Industries	C 1216, THE FIRST, NEAR KESHAV BAUG B/H ITC HOTEL, VASTRAPUR, AHMEDABAD, Gujarat	India
S2-413728166	Internal Medicine Associates  LLC	22100 NEW HAMASHIRE AVE, BROOKEVILLE, MD	US
S2-848144767	Time Inetitute	KALAMBAGH ROAD, RAJENDRA PURI PS- MOTIJHEEL, Bihar	India
S2-442773518	Carillo Fresh Commerce	133 BAKER CIRCLE, W. END, NC	US
S2-540223957	Preferred Rice Summit Inc.	116 B ST, WAINWRIGHT, OK	US
S2-703713688	Mani Foods Private Ltd	36, BARUN, TOWN/VILL- BARUN, ANCHAL- BARUN, DISTT- AURANGABAD, AURANGABAD, Bihar	India
S2-487065746	टेक हेल्थकेयर इलेक्ट्रॉनिक्स प्राइवेट लिमिटेड	66, INDORE, Madhya Pradesh, INDORE, VAIBHAV LAXMI NAGAR	India
S2-318262823	3 roman 13	9717 FOURTH ST, MIDWEST CITY, OK	US
S2-966193210	Bowens Alpha Incorporated	NEW BEDFORD, MA, 159 FREDERICK STREET	US
S2-545468240	DESERT FÉLLOWSHIP	5021 ANDREW STREET, LACEY, WA	US
S2-598981877	MCCULLOCH GLOBAL [ADVISORS]	16400 PEA BRIDGE ROAD, LAURINBURG TOWNSHIP, NC	US
S2-799549950	Arogyam Academy Overseas	PLOT NO. - 212, 204, 205, 2ND FLOOR MAA GOURI COMPLEX, INFRONT OF KEDAR GOUR, I TEMPLE, BHUBANESWAR, Orissa	India
S2-640589513	SKE Auslsa LLC	BROAD MEADOWS BLVD, OH, COLUMBUS	US
S2-97121425	J Y Beil Beil Rotnegs		US
S2-540002448	FUTURE HIGH INVESTMENT PRIVATE PRIVATE LTD	PANKAJ NAGAR, NAVAVAS, MADHAPAR, BHUJ, BHUJ, Gujarat	India
S2-847417651	Sai  Constructions Private	H.NO 1002 , 10TH FLOOR, LULU CYBER TOWER 2, INFOPARK SPECIAL ECONOMIC ZONE, KAKKANAD, KOCHI, ERNAKULAM, Keralam	India
S2-140933797	HEARTLAND CENTER		US
S2-722478209	Universal Contractors (India) Exports Private Límited	தமிழ்நாடு, 41/7, T M MAISTRY STREET, VANNATHURAI, MADRAS	India
S2-543168394	Kapileshwar & Sons Ventures Pvt	C-214, EASTERN BUSINESS DISTRICT, NEPTUNE MAGNET MALL, LBS MARG, BHANDUP WEST, MUMBAI, Maharashtra	India
S2-432334537	Hudnall Rmg of	23844 COBBS CORNER RD, CHEROKEE COUNTY, OK	US
S2-257547610	फर्स्ट राज टेक प्राइवेट लिमिटेड	CHANDAULI, NO 12. PARAHUPUR, Uttar Pradesh	India
S2-196473745	लक्ष्मी इंफ्रास्ट्रक्चर ट्रेडिंग प्राइवेट लिमिटेड	A-428, BASAI ROAD, हरियाणा	India
S2-316768839	Partners Pediatric Dental Partners of Rancho Cúcamonga	7907 ELM AVE, RANCHO CUCAMONGA, CA	US
S2-391131064	The New Bedford Wildlife Wildlife Ridge Foundation Group	68 FOREST STREET, NE WBEDFORD, MA	US
S2-977315039	New Delhi Ioetca Ventures Private Limited	E-38-A, EAST OF KAILASH, NEW DELHI, Delhi	India
S2-446919804	Valley Commercial LLC	305 BOWERS DR, NY, HORSEHEADS	US
S2-78141335	Doex Cell Co	VA, WISE, 0010526 SALEM RD	US
S2-230827239	MALLARD, CHARIN GREAT CHILE NORTH LLC	822  SARAGOSA STREET, CHANDLER, AZ	US
S2-188734263	Pediatric Dentistry Associates Harbor	307 IMUS RANCH ROAD, RIBERA, NM	US
S2-166226428	THOMPSON SIGNATURE MITSUI LLC	KING STREET, ELKTON, MD	US
S2-952894085	Freddy Mcrae  Delta Center	NC, CANTON, 255 COUGAR TRAIL	US
S2-701381039	Mercator Services Clinic  Corporation	WARD NO: 31 BASTI, SAHARSA, Bihar	India
S2-132929935	SOUTHERN LLC MÉTALS	MO, 12 WIMBLEDON CT, OFALLON	US
S2-178003946	BOWERS JHONOSN	#1901 HILLWOOD DR, MONTGOMREY, AL	US
S2-230979041	Private Aristocrat (India) Cargo Ltd	3RDFLOOR, BANGALORE NORTH, BANGALORE, Karnataka	India
S2-370107323	Pvt Meennendra Fcae Ltd	#93 C/O ALLIED BATTRIES PARA, NAWABGANJ, BARABANKI, Uttar Pradesh	India
S2-804698769	SILVER COMPANY (SUPPLY)	TX, 2007. SADDLECREEK DRIVE, HOUSTON	US
S2-855865008	ALPHA SOLUTIONS (INDIA) PVT  LTD.	Bihar, C/O RAVI KUMAR RAUSHAN, BEGAMPUR, PATNA SADAR	India
S2-764375810	JS SACHEM INC	64 TWENTY FIRST STREET, WYANDANCH, NY	US
S2-459535304	CLASSIC IRON WORKS, INC	26419-A PRAIRIE SCHOOL LN, PMB 6010, KATY CTY, TX	US
S2-646750123	स्काई फूड्स प्राइवेट लिमिटेड	BISHAMBHAR BHAWANRAILWAY GANJ HARDOI, UTTAR PRADESH, HARDOI, Uttar Pradesh	India
S2-290916281	Lyrapyra	4131 BEAVER DAM ROAD, EAGAN, MN	US
S2-64637832	Trading Maps Tech Private  Limited	KALYANI NAGAR, CUTTACK, Odisha	India
S2-733190349	kolkatachits.com	##4 A ACRE ROAD, KOLKATA, KOLKATA, West Bengal	India
S2-634620606	APSARA &  SONS PVT.	PLOT 400 N-39, 2ND FLOOR, NGEF LANE, INDIRANAGAR FIRST STAGE, BINNAMANGAA, BANGALORE, Karnataka	India
S2-355166620	Domeniga Íngraham Harbor PLLC (ID: 15955)	1015 MAIN STREET, PLEASANTON, KS	US
S2-32979719	& Renaissance (Co)	FLAT-G-903, MUMBAI, MUMBAI CITY, महाराष्ट्र	India
S2-598247192	PRIVATE CHIT BRASS LÍMITED	22 MOTIJHEEL AVENUE, CALCUTTA, SOUTH 24 PARGANAS, West Bengal	India
S2-354072606	टेक मीडिया लिमिटेड	H. NO 686 SHOP NO-S-11, DIOMAND PLAZA, JAIPUR, Rajasthan	India
S2-466876421	हरि मॉडर्न कंसल्टिंग प्राइवेट लिमिटेड	OFFICE NO. 8/23 MUKUND NAGAR, PUNE, Maharashtra	India
S2-427369267	Verre0n Oxford	22223 1/2 MOSS FALLS LANE, SPRIGN, TX	US
S2-769206469	NCV Pvt Ltd Center (ID: 86153)	PLOT NO. 18. & 19, PAVAN INDUSTRIAL PHRK, BAKROL, BUJRANG ROAD, DASKROI, DASCROI, Gujarat	India
S2-580688429	First Chapel  Inc.	798. STEVENS AVENUE, <NULL>, PORTLAND, ME	US
S2-876186769	CAPITAL LP CENTER	ELLINGTON, 15 CRYSTAL LAKE RD, CT	US
S2-489619775	Glp  + Co Ventures	1-122, SITE-C, SURAJPUR I, GAUTAM BUDH NAGAR, MAICHA, Uttar Pradesh	India
S2-52002040	Garg Associates &	D-A-6GALI NO-4 GANGA VIHAR, NEW DELHI, Delhi	India
S2-311890448	Josie's Pet Care  Partners	1126B FOXBOW CV, LELAND, NC	US
S2-450224467	North Finvest Pvt	DOOR NO 7TH FOOR, 706, CITY CENTRE 2, NEAR HEER PARTY PLOT, NEAR SUKAN MALL CROSS ROAD, SOLA, AHMEDABAD, <NULL>, Gujarat	India
S2-881906373	Hersey Aviation	312 CEDARHURST AVE, CEDARHURST, NY	US
S2-440351881	ಶಕ್ತಿ ಫುಡ್ಸ್ ಪ್ರೈವೇಟ್ ಲಿಮಿಟೆಡ್	E-303., SURAJ GANGA SOCRATES, VAJRAHALLI, KANAKAPURA MAIN ROAD, BENGALURU, NULL, Karnataka	India
S2-288997261	Inc Franco, Montemayor & Jhnson	17553 TUSCANY LN, CORNELISU, NC	US
S2-627548050	First Supply-Innovations Metro LLC	9606 600, FOUNTAINTOWN, IN	US
S2-89703399	स्वस्तिक इम्पेक्स प्राइवेट लिमिटेड	SAN MAHU COMPLEX, 5BUND GARDEN ROAD OPP POONA CLUB, PUNE, Maharashtra	India
S2-937409352	Mr Micron Industries Industries Corporation	H.NO 188/C , 8-3-19, SANJEEV REDDY NAGAR, KHAIRATABAD, Telangana	India
S2-848213094	VIJAY PRJNOESST PRIVATE LIMITED	C/O BHAGWAT PRASAD PANDEY, KAMLA NEHRU NAGAR, NEAR SHUKLA FLOUR MIL KALYAN, MUMBAI, Maharashtra	India
S2-167986117	લાઇફ કન્સ્ટ્રક્શન્સ લિમિટેડ	DOOR NO 655 406, AHMEDABAD, AHMADABAD, Gujarat	India
S2-794265801	ಆಲ್ಫಾ ಇನ್ವೆಸ್ಟ್‌ಮೆಂಟ್ ಪ್ರೈವೇಟ್ ಲಿಮಿಟೆಡ್	H.NO 08 MBR SIGNITY APTS ROYAL LAKE FRONT RESIDENCY KOTHANUR DINNE JP NAGAR 8TH PH, BENGALURU RURAL, BANGALORE, Karnataka	India
S2-585939347	Jrs Enterprises  Pvt Ltd	#55 C/O DEVANTI GUPTA, 2116051, DARIYAPUR, KADAM KUAN, SAMPATCHAK, Bihar	India
S2-434900786	Oneal Rócky LLC	MA, HAVERHILL, 10 OBSERVATORY AVENUE	US
S2-528557189	CT Managers Private	DOOR NO 917 C 104 ODYESSEY BLDG, BHAKTI PARK NR IMAX ADLABS OFF ANIK WADALA LINK ROAD, WADALA, महाराष्ट्र	India
S2-365640762	Smt Innovative Construction Private Límited	BHARAT DIAMOND BOURSE FC, FC201 2012 G BLOCK BKC, MUMBAI, Maharashtra	India
S2-690126461	Urgent Reliable Care Partners Inc	531 1/2 EVERGREEN AVE, HAMDEN, CT	US
S2-652109246	mayankbrothers.com	#23/1. 2ND FLOOR, RAJ COMPLEX NGEF LAYOUT 80FT ROAD NAGARBHAVI, BANGALORE, Karnataka	India
S2-965187559	Harris Energy	2447 Lower Wetumpka Road, MONTGOMERY, AL	US
S2-243424692	Valma Mitchell Hamilton, Holdings	T 169B FLONACHER RD, ZACHARY, LA	US
S2-772114056	હાઇટેક ટેક્નોલોજીસ એન્ટરપ્રાઇઝિસ પ્રાઇવેટ લિમિટેડ	D-1117, 11TH FLOOR, GANESH GLORY 11, GODREJ GARDEN CITY ROAD, AT JAGATPUR, TAL, . DASCROI, AHMEDABAD, Gujarat	India
S2-16300755	Westde1hi Assurance Private Limited	HOUSE NO 1086/D/1  2ND FLR, BLK-WZ, VILL BASAI DARAPUR LANDMARK NR ESI WATER TANK, WESTDELHI, Delhi	India
S2-881586892	Melissa Cultural Fund Group	4411 WOOD FERN ROAD, MELISSA, TX	US
S2-388396601	Private Ortho Developers Ltd	ELEVENTH FLOOR NO-1105, AHMADABAD CITY, AHMEDABAD, Gujarat	India
S2-62018481	Youth Cáscade Chiropractic Inc	SOL DRIVE, KENT, NY	US
S2-798895434	FOOT + ANKLE RAPID CARE,	168  BELL ROAD, SCARSDALE, NY	US
S2-490012389	स्वस्तिक इंटरनेशनल प्रा. लि.	H-13, SITE-4, KASNA INDUSTRIAL AREA, GREATER NOIDA, DADRI, GAUTAM BUDDHA NAGAR, Uttar Pradesh	India
S2-298670993	DOLPHIN SOLUTIONS PVT LTD.	B-#53 GROUND FLOOR, KH NO-212 & 210 GALI NO 4 JAGATPURI NEAR VISHWAKARMA GATE, DELHI, NULL, Delhi	India
S2-176359689	रॉयल लोटस फूड प्राइवेट लिमिटेड	HN 27 L-2/41, F/F, L-2 BLOCK, MOHAN GARDEN, UTTAM NAGAR, NEAR RAGHUBIR SINGH SCHOOL, WEST DELHI, NEW DELHI, दिल्ली	India
S2-267822977	Renet LLC	317 SAINT ANDREWS ST, FERGUS FALLS, MN	US
S2-288553347	Aggarwal Borflhers Industries Private Limited	F-47A, STREET NO-7, SUBHASH CHOWK, LAXMI NAGAR, Delhi	India
S2-790804944	Bruno Vanaspati Private Limited	982/A, THUNDATHIL HOUSE, CHATHANADU, PADAMUGAL, KAKKANAD, കേരളം	India
S2-800574304	Nimble Advisory Private Ltd	AJR ARCADE, FLAT G2, PLOT 9&10 OPP. ANDHRA BANK, MANIKONDA, Andhra Pradesh	India
S2-298136932	Green Natura1 Private	DOOR NO 30 , 2ND STREET, B.N.ROAD, T-NAGAR, CHENNAI, தமிழ்நாடு	India
S2-962764744	Kiley Ace Ace Rgefali, [Inc]	CO, HIGHLANDS RANCH, 0022 FALCON HILLS DRIVE	US
S2-423415741	Carpenters Local 472 Corp	28313 PINE DR, EVERGREEN, CO	US
S2-624353205	Highland Summit Holdco LP	4602 MAPLECREST AVE, PARMA, OH	US
S2-775199576	... Ear Nose & Throat Medicine,	96 LONE OAK DR, PMB 9170, JACKSON, TN	US
S2-446798211	vhchoi.com	1651 69, GREENVILLE, TX	US
S2-731143928	Sushi1a Trading Pvt Ltd	A-002/1403, 14TH FLOOR TOWER A 2, GARDENIA GLORY NOIDA SECTOR 46, NOIDA, Uttar Pradesh	India
S2-613526667	Skelton Grading  Inc	277 1/2 12TH ST, ELMIRA HEIGHTS, NY	US
S2-399224515	Youth Guild	1229 G STREET, WASHINGTON, DC	US
S2-773957449	Chandra Brothers (Private)		India
S2-453626268	Sri AVI LOGISTICS [SERVICES]	28, VASUNDHARA COLONY TONK ROAD, JAIPUR, राजस्थान	India
S2-698222969	UNIFIED ÉXPRESS OPPORTUNITY LLC	511 GOLFWOOD DR, BALLWIN, MO	US
S2-395572523	Ferrayx Data Co	OH, 4601 TARA WAY, TROTWOOD	US
S2-347741817	कृष्णा सॉल्यूशंस प्राइवेट लिमिटेड	86-A, KAILASH NAGAR, GALI NO.1, JHOTWARA, JAIPUR, Rajasthan	India
S2-253224049	TAVOLUMARC	1201D LA MESA AVE, GRESHAM, OR	US
S2-555329534	சூப்பர் புராடக்ட்ஸ் பிரைவேட் லிமிடெட்	#709 36/9, COIMBATORE, Tamil Nadu	India
S2-794233739	syntech	211 CENTER ST, BOSWELL, IN	US
S2-319528096	Platinum Asset Laboratories Llc	Kodiak St, ANCHORAGE, AK	US
S2-651836592	गोल्डन क्लासिक आईटी एलएलपी	E-532 BASNI II PHASE MARUDHARA INDUSTRIAL AEA, Rajasthan, JODHPUR	India
S2-292809872	PEDIATRIC SPECIAILEST  LLC	4816 PONDEROSA AVENUE, ALBUQUERQUE, NM	US
S2-535791733	CORPORATION CAPRICORN + CO	NO. 993 B.P ROAD, DARJILING, DARJEELING, West Bengal	India
S2-38344583	digitalenterprisespackaging.com	400 LEE RD, <NULL>, GRANVILLE, NY	US
S2-390386954	COLBURN, SHANNON & BUZZARD CO	329 PAMELA ST, GASTONIA, NC	US
S2-849461247	Wilson PC Services	510 15TH AVENUE, KIRKLAND, WA	US
S2-300164643	Pinnacle Valley Aberdeen Clinic Ltd	5193 271, GILMER, TX	US
S2-837217994	CV Integrated Insight	917 MAIN STREET, ROSE HILL CITY, NC	US
S2-131862705	ஆதித்யா Builders	NO.1, Tamil Nadu, FIRST CROSS THILLAI NAGAR, TIRUCHIRAPALLI	India
S2-604830815	N J Truong Technology, Co	37 I OAK HILL ROAD, LITTLETON, MA	US
S2-798158529	एसएस सॉफ्टवेयर प्रा. लि.	KAMALIYA MILL, WARSALIGANJ, NAWADA, बिहार	India
S2-40787955	Call Cyber Ventures Private Limited	Andhra Pradesh, 1-7-314., MG ROADSECUNDERABAD SECUNDERABA, SECUNDERABAD	India
S2-793710331	Modern Nugent LLC Solana	8820 GLENN DRIVE, GLENDALE, AZ	US
S2-321980932	PEAK PIEDMONT LAFAYETTE PARTNERS CO	4116 MCGEE ST, KANSAS CITY, MO	US
S2-135614000	Value Security Concepts LLC	CONCORD, NC, 933 PINEY CHURCH RD	US
S2-925820597	TIGER BROTHERS PRIVATE LIMITED	7A, BENTICK STREET ROOM NO 205, 2ND FLOOR, KOLKATA, West Bengal	India
S2-345170772	Pune Residency Ltd Pvt	H.NO. 162, TRIVENINAGAR TALAWAD, TAL-HAVELI, PUNE, Maharashtra	India
S2-345912006	Environmental  Co Initiative	18033-18037 CLUB VIEW DR, BATON ROUGE, LA	US
S2-744796348	Mandi Gobindgarh Capital Private Ltd	G.T. ROAD, SIRHIND SIDE BACK SIDE GOYAL MOTORS, MANDI GOBINDGARH, Punjab	India
S2-464836459	ഈസ്റ്റേൺ ഇൻഫ്രാസ്ട്രക്ചർ	Keralam, THRISSUR, KALLUR P.O., EBENEZER BHAVNA PALAKKAPARAMBU	India
S2-863585431	M/s man0ramabrotherscom	C/O TATA ELEMTRONICS SYST, ACHCHATHANAHALLI VILLAGE, KOLAR, Karnataka	India
S2-504921395	Meenikaer Global Pvt. Ltd.	H.NO 10-3- 2ND CROSS LANCER, ROAD MATADALLI R T NAGAR, BANGALORE NORTH, Karnataka	India
S2-8032078	Yamuya Eletroncis  LLP	தமிழ்நாடு, 150, PHILOMINA NAGAR, 2 ND STREET NK ROAD, THANJAVUR., THANJAVUR	India
S2-923595204	Beatrice Tessch, Ph.D., P.C.	HIGHWAY 141, MARBLE, NC	US
S2-889334880	Vanguard Commercial Innovations P.L.L.C.	1911 24TH ST, ANACORTES, WA	US
S2-619417301	SMARTMORTGAGECONSULTANTS.COM	TENTH STREET, FORT DODGE, IA	US
S2-35220046	@physicaltherapy	1705 MEADOW CREST LANE, MANSFIELD, TX	US
S2-761237960	Finn Wor1d Inc.	490-492 WALL ST, KANKAKEE, IL	US
S2-711410436	Painters Lócal Union 293 P.C.	#8501 BLUE SKY DRIVE, LINCOLN, NE	US
S2-830010127	Zeigler Associates Dental	3380 WEYBRIDGE ROAD, MIDDLEBURY, VT	US
S2-489729204	HQN Parkash Private Limited	2 , SHANING RESIDENCY, BASAVA COLONY 2ND CROS, AZAM NAGAR, BELGAUM, Karnataka	India
S2-548812638	Mountain Cnnadani	OH, 3221 LIST ST, MASSILLON	US
S2-959790123	-- Zadyne [Inc]	31173 BEACH COVE DRIVE, MILLSBORO, DE	US
S2-679542599	DELIGHT CO-&	141 B-1 CHANDPUR SALORI, ALLAHABAD, Uttar Pradesh	India
S2-454962641	Kirk & Lautenschlager Center	2579 ROANOKE AVE, NEW ALBANY, IN	US
S2-790464439	Davue Physical	705  CREEK RIDGE RD, GREENSBORO, NC	US
S2-297205714	South, Mosley & Stock LLC	331. SWEENY DR, RALEIGH, NC	US
S2-628223539	Mazzella and Gaatlin Inc	839 PLEASANT ST, BROCKTON, MA	US
S2-375181583	proclarvaclinic.com	7642 PARKTOWN DRIVE, WEST CHESTER, OH	US
S2-378027501	Atlantic Resourecs Inc	13164 SNAPDRAGON WAY, HAGERSTOWN, MD	US
S2-992088841	Zacarias Group	320C MONTGOMERY DRIVE, TIMBERLAKE, NC	US
S2-746077815	Solola Rate	801-805 ELMWOOD ROAD, SATESVILLE, NC	US
S2-676262834	Furman Pearl LLC	3309 NORTHGLEN DRIVE, PMB 427, CLVIS TOWNSHIP, NM	US
S2-656560902	न्यू फाइनेंस एलएलपी	425. PACE CITY II SECTOR 37 GURGAON, GURGAON, Haryana	India
S2-775946175	1 800 MOVERS CORP	741 43 STREET, NULL, BROOKLYN CITY, NY	US
S2-400622088	Rosette Macek, CPA Partners	10294 WELLINGTON RD, STREETSBORO, OH	US
S2-163066327	Oberoi (India) Limited  Construction	H.NO G-10, S/F, VIKASPURI, NEAR PVR CINEMA, NEW DELHI, Delhi	India
S2-79639174	Levin 5olutions PC	9445 KENTON AVENUE, SKOKIE, IL	US
S2-35452147	Cozy Yoga Co	814. HERON DR, SUISUN CITY, CA	US
S2-313124410	Killingsworth Flex Llc	9189 BLUE STAR LN, ROSEMONT, CA	US
S2-846167776	Dental Group of Houston Holdings	4133 Northfield Lane, NULL, HOUSTON, TX	US
S2-513950928	Perfect Enterprises Private Ltd	RAHE MURTAZA SHOUKAT ALI ROAD, CIVIL LINES, RAMPUR, Uttar Pradesh	India
S2-877023040	Shikha lndia LLP	P-3-1, WAZIRPUR, NETA JI SUBHASH PLACE PITAMPURA, LANDMARK DISTRICT CENTRE, NEW DELHI, Delhi	India
S2-845898736	PRINCE HOLDINGS CORPORATION	NO.001/115 , LAKSHMI KOIL ST, JAGANATHA PURAM, PONNERI, Tamil Nadu	India
S2-210316736	Martin's Data C0	00113 G, null, BIRMINGHAM, AL	US
S2-835879746	नॉर्थ ब्लू कंस्ट्रक्शन प्राइवेट लिमिटेड	GNO.30/1, 2, 3, PN.03, FN.402, SHYAMPARV APRTMNT MUKTAI, JALGAON, महाराष्ट्र	India
S2-964557629	Murphy Iron Center	2570 LEXINGTON CT, LAFAYETTE, IN	US
S2-490687543	শ্রী অ্যাগ্রো প্রাইভেট লিমিটেড	8, OLD POLICE LINE BERHAMPORE, MURSHIDABAD, MURSHIDABAD, KADAI, পশ্চিমবঙ্গ	India
S2-762846291	Cancer Initiative IV Corporation	11 STERLING RD, HOLYOKE, MA	US
S2-117821712	Agneta Richardson, P.C. Center	VT ROUTE 30, WEELLS, VT	US
S2-986002570	Zeva Muzer0	1631 NEW JERSEY AVENUE, NEEW CASTLE, DE	US
S2-10312714	JOELA ELLIS GREAT NEWBURY PLLC	PORTLAND ST, N/A, COLUMBUS, OH	US
S2-184376119	SU Producer Private	FIRST AND SECOND FLOOR, NEW NO.672, OLD NO 639/4 POONAMALEE HIGH ROAD, AMINJIKARAI, Tamil Nadu	India
S2-962000322	Atlantic Institute LP	007281 MILLER COUNTY 306, TEXARKANA, AR	US
S2-150612103	Vanton Lion	43 1/2 HOTCHKISS LN, CANDLER, NC	US
S2-226000727	Thrissur Logistics Enterprises Private	DOOR NO 69 VALATH HOUSE P.O MANALUR, THRISSUR, Kerala	India
S2-309115859	Faor Sterling  Kogyo	515 100, SALT LAKE CITY, UT	US
S2-528202	BIENAIME CLASSIC ENTERPRISES, L.L.C.		US
S2-279635277	Silver Deli Valley PC	2507 ELMWOOD AVE, SIOUX FALLS, SD	US
S2-299215903	Miraxylo	4520 TRACK SIDE RD, SALEM ICTY, IN	US
S2-904382982	RIDGELINE TERRA CORP	133 WASHINGTON SQUARE, SYRACUSE, NY	US
S2-928352221	V & S Electric Group	MISSOURI CITY CITY, 02027 EASTFIELD CIRCLE, TX	US
S2-20837104	twisted yoga	24. MACARTHUR RD, NATICK, MA	US
S2-149944151	Superior Motor Ltd	2214-2216 HAYWARD LANE, SPRING HILL, TN	US
S2-324249990	Baba  Ventures Private Limited	#8 KHASRA NO 184/2 KHOKRIYA, JODHPUR, Rajasthan	India
S2-871062813	CITYPUNE.COM	PUNE, PUNE CITY, महाराष्ट्र, A 1301, SR.NO. 17 AND 18, VISHAL NAGAR, PIMPLE NILAKH, DOOR NO 24K OPULA	India
S2-166190183	Ridge Pdosrm	814. FIFTH AVE, RAGLAND, AL	US
S2-372292048	Maa Producer Limited	11-51, SECOND FLOOR, BJR NAGAR, TIRUMALAGIRI, Telangana	India
S2-353829855	शिवम ईस्टर्न इंटरनेशनल हार्डवेयर	825/7, MUMBAI, महाराष्ट्र	India
S2-389091471	జై యూనిక్ ఆగ్రో స్టీల్ ప్రైవేట్ లిమిటెడ్	1-710, VEERAMUSTIPALEM, CHITTOOR, SRIKALAHASTI, Andhra Pradesh	India
S2-403023000	Kaveriyaer Excellency Limited	C/O CHARANJIT SINGH, 01ST FLOOR, 250 A, VPO DUDWINDI, KAPURTHALA, Punjab	India
S2-981020018	Arha Brothers Pvt	C/O SHRI. PRAKASH SAMPATRAO GADAKH KALAS KHURD, TAL AKOLE, AHMEDNAGAR, Maharashtra	India
S2-89687121	Fcg Solutions Private  Limited	#A-1ST FLOOR JAYARAJ PLUS BUILDING, MURINAPALAM, THIRUVANANTHAPURAM, N/A, Kerala	India
S2-695998567	Ramirez Group Gróup	220 COUNTRYSHIRE DRIVE, OFALLON, MO	US
S2-160184036	Matthews, Washington and Hall Cyber of	03 JAMISON AVENUE, ROANOKE, VA	US
S2-200296848	STAR  PRIORITY	386 1/2 INTERNATIONALE BLVD, BOLINGBROOK, IL	US
S2-293104526	Bangalore Products-Limited	#21, VAIBHAV JASMINE, G-1, 13TH MAIN, SARASWATHINAGAR, BANGALORE, Karnataka	India
S2-518793357	Valley National Transalta	012 FISH POND LANE, OHKAY OWINGEH, NM	US
S2-675233284	Marroquin Mustang Mustang	3800-3802 POWELL LANE, FAIRFAX COUNTY, VA	US
S2-994548349	Moonlink-Exim Pvt. Ltd.	Maharashtra, FL-D-210 TANISH PARK, SNO-228/229/1/2 MALIPETH, KHED	India
S2-592149691	Inc. Fiix Tri-State Kensington,	4207 IRISH HILLS DRIVE, SOUTH BEND, IN	US
S2-610557272	Ridge Partners	5501 ST RT 60, MORGAN TWP, OH	US
S2-608840832	Abr Home Center	MANOJ KUMAR JHA WARD NO- 04, KASERA POKHAR, PACHMAHA, MADHUBANI, Bihar	India
S2-757671411	Schofield's Óccupational Therapy	PA, 202 BALLIGOMINGO RD, CONSHOHOCKEN	US
S2-838750165	DREAM PRODUCER PRIVATE LTD Enterprises		India
S2-166843620	Mr Southern Healthcare Public Limited	37, FIRST FLOOR COMMUNITY CENTRE, EAST OF KAILSH, Delhi	India
S2-299096996	Onyxvera Onyxvera Newtorlk	5499-5503 BERMUDA BAY DR, COLUMBUS, OH	US
S2-886585815	Lloyd and Poore Westgate LLC	584 FRED POWELL ROAD, WHITEVILLE, NC	US
S2-130837963	Vasavi (India) Producer Private	#321 63/2B, BEGACHIA ROAD ULTADANGA, NORTH-24 PARGANAS, KOLKATA, KOLKATA, West Bengal	India
S2-798596213	ಸುಪ್ರೀಮ್ ಕನ್ಸಲ್ಟಿಂಗ್	Karnataka, BENGALURU, BANGALORE, NO.33 2ND FLOOR 1ST MAIN 1ST STAGE 6TH MAIN MAHAGANAPATHI NAGAR RAJAJINAGAR	India
S2-553562991	Dhyey Tlreg Private Limited	GRAM -KHAIRA, POST - BHAGAULI TEHSIL - FATEHPUR, BARABANKI, उत्तर प्रदेश	India
S2-356469341	Tank, Atkins Clem and LLC LLC	#2286 Libbie Lake Street W, HENRICO COUNTY, VA	US
S2-788514135	Anand Ínfra Private Limited	IMPERIA24/P, NEXTTOWARD6OFFICEMADHAV NAGARCHARRASTA, OFFOLDPADRARO, AD, Gujarat	India
S2-120485132	*** Secure Alto	5089 QUEENS WOOD DR, BURKE CIYT, VA	US
S2-519699403	Aadeshwar Savings	<NULL>, NO 80 C/O VIJAY KR BABRA, S/O LT BAIDNATH CHOUDHARY, RPS MORE DNP, DANAPUR, Bihar	India
S2-381500424	Blueport Kestio Inc.	1106 REDWOOD ROAD, SALT LAKE CITY, UT	US
S2-57012938	Smt High Nétwork (India) Pvt Ltd	NO 55 E INDUSTRIAL ESTATE AMBATTUR, CHENNAI, Tamil Nadu	India
S2-514382416	Silinia Corp Center	2767 KENNEDY AVE, DAYTON CITY, OH	US
S2-309069361	Mrd India Public Limited	B-A-3/115, SNO..6P & 7PRISM CO-OP HSG SOCIETY, SIDDHARTH NAGAR, AUNDH, PUNE, <NULL>, Maharashtra	India
S2-77714968	MATSUO LITTLE & LLC	926 SAUK RIDGE TRAIL, MADISON, WI	US
S2-521002542	Sova (Center)	4283 TOWNSHIP LINE ROAD, SKIPPACK TOWNSHIP, PA	US
S2-257208454	Imran, Mcbride &  Mace	268 SARATOGA RD, PMB 699, SCHENECTADY, NY	US
S2-127057508	लक्ष्मी एस्टेट प्राइवेट लिमिटेड	H.NO. 9-2156, KARAUNDIYA BHATTA SADAR, SULTANPUR, Uttar Pradesh	India
S2-782297087	ಸ್ಮಾರ್ಟ್ ಕನ್ಸಲ್ಟೆನ್ಸಿ ಪ್ರೈವೇಟ್ ಲಿಮಿಟೆಡ್	#14, BANGALORE, Karnataka	India
S2-528744268	Primary Care Medicine P.L.L.C.	3903 ELKHORN CIR, BOWIE, MD	US
S2-891892604	Pasava Corp	WEST FRANKFORT, 1709 POPLAR STREET, IL	US
S2-798082077	REINEKE PACELINE SOUTH INC	22 ROMSEY STREET, BOSTON, MA	US
S2-23983856	Ltd Sarasansh Home	PRANAVAM, THIRUVANANTHAPURAM, TRIVANDRUM, Kerala	India
S2-293457306	Solutions Mcd Data Limited Center	142, 02 VILLAGE- KUSAP, PS-TEKARI, PO-MAHMANNA, TEKARI, बिहार	India
S2-177441647	brooksmaerzclear.com	219 STEEPLECHASE LANE, MONROE, OH	US
S2-567354657	Nexlivue	9190 LOST CANYON LAKE DR, STEEDMAN, MO	US
S2-128958115	Grand Ino	PMB 522, MA, 63 CHAPMAN STREOT, WATERTOWN	US
S2-684426769	CRYSTAL NÉXUS	102 County Road 4402, DAYTON, TX	US
S2-725354131	સેવન ફૂડ્સ સોલ્યુશન્સ પ્રાઇવેટ લિમિટેડ	DOER NO 974 SHOP-328 ANUPAM BUSINESS, VADODARA REGION, Gujarat	India
S2-14511520	Danielson, Ormsby and Garcia	421 BROADWAY, PMB 6582, BROOKLYN, NY	US
S2-272543320	Cooper-Andretti Hárbor Inc	LENOIR CITY, 249 SCENIC HILL LN, TN	US
S2-948762212	ಕ್ಲಾಸಿಕ್ ಕನ್ಸಲ್ಟಿಂಗ್ ಪ್ರೈವೇಟ್ ಲಿಮಿಟೆಡ್	NO.102, BANGALORE, Karnataka	India
S2-83492810	Group Global Media Digital	##5431 FLORAL VALLEY LN, KATY, TX	US
S2-887891612	Alleman, Nelson-& Piland East [LLC]	28 TEN EYCK AVE, GREENWOOD LAKE, NY	US
S2-563351726	METRO INTEGRATED INTEGRATED FRANKLIN INC	3007 GROVEN ST, HOUSTON, TX	US
S2-207380369	Nx LLC	7382 TIMBERPOINT COURT, FAIRVIEW HEIGHTS, IL	US
S2-707321234	Halcance Braemar	7464 STAPLEY DR, MESA MOUNTAIN VIEW, AZ	US
S2-745406000	Cardiology Élite Physicians Partners	76413  MCKINLEY ROAD, WASHBURN, WI	US
S2-653885919	GRAND BUMRUNGRAD CO	3330 WASHINGTON ST, BROKEN ARROW, OK	US
S2-382195466	Zephmira	VIPUL NIWAS, SHOP NO 4, B WING, TELKOSWADI, SHASTRI NAGAR DR NEMADE LANE, OLD DOMBIVALI ROAD OLD D, OMBIVALI W, MUMBAI, MUMBAI CITY, Maharashtra	India
S2-686554604	ఆల్ ఎస్టేట్ ప్రైవేట్ లిమిటెడ్	5-4-9, NAMPALLY, HYDERBAD, Telangana	India
S2-569367236	Pranesh Bsiness Co	WARD NO #3 JOGWADA ROAD, NEAR MASJID, SENDHWA, Madhya Pradesh	India
S2-623288737	Amrit Poultry Pvt	B-102, LAXMAN TOWER LINK, CHS LTD, KANDAR PADA, DAHISAR EAST, <NULL>, महाराष्ट्र	India
S2-921373627	Smt greentechnologies.com	LG-071, EXPRESS ZONE MALL, A WING, WESTERN EXPRESS HIGHWAY, OPP. ADANI ELECTRICITY, MALAD EAST, Maharashtra	India
S2-473675728	United Fund Associates Lakeside	8803-B EP TRUE PKWY, WEST DES MOINES, IA	US
S2-995442868	8ehavioral Health LLC Partners	9917 MONROE ROAD, CHARLOTTE, NC	US
S2-581124015	ROUSH LLC CENTER	5041 TRAVIS DR, INIDANAPOLIS TOWNSHIP, IN	US
S2-629894671	டிஜிட்டல் பிசினஸ் ஜவுளி பிரைவேட் லிமிடெட்	NO:31/50 A, 7TH LANE SASTHRI NAGAR, ADYAR, KANCHEEPURAM, CHENNAI, Tamil Nadu	India
S2-405978266	reliable paper corp	107 CHERRY DRIVE, PMB 4449, OSCEOLA, AR	US
S2-37084389	TECHNOLOGIES ALLIANCE  MONEY PVT LTD	SHOP 63, 33/33/1 CHETLA CENTRAL ROAD 26 & 27 J MISTRY, KOLKATA, KOLKATA, West Bengal	India
S2-121924033	Massage! Urban Inc	908 VIRGINIA AVENUE, NORTON CITY, VA	US
S2-345204564	वन मार्केटिंग प्राइवेट लिमिटेड	H.NO 2-0 A MAHESHWARI MANSION 34 LJAGMOHANDAS MARG, MUMBAI, Maharashtra	India
S2-595481496	INC FAIS HFCCO	601- TWELFTH ST, KANNAPOLIS, NC	US
S2-346214692	Literacy Cmuil	MO, 976 INNERBELT BUSINESS CENTER DRIVE, SAINT LOUIS	US
S2-121088715	CLUTCH lNFO PRIVATE LIMITED	DOOR NO 3RD FLOOR, RAMDHIRI HOUSE DADIJI LANE BORING ROAD, PATNA, Bihar	India
S2-138588134	DOUGHTIE'S PINNACLE CONSULTING  LLC	367 DUMBARTON BLVD, OH, RICHMOND HEIGHTS	US
S2-765948315	Walker Disciplined Partners	9139 COURTHOUSE RD, SPOTSYLVANIA, VA	US
S2-233975590	h & e popular	4022 RIDGETOP DR, FORNE YCDP, TX	US
S2-195696877	Silver Transit	13521 NAVAJO RD, null, APPLE VALLEY, CA	US
S2-705010341	Future Agro Private	6-3-251/3, 3/A, ERRAMANZIL COLONY, KHAIRATABAD, Telangana	India
S2-182567634	Wíndsor, Maryrose Chadwick Inc	5A MERRILL RD, WILBRAHAM, MA	US
S2-95966533	1763sunsetblvd.c0m	GORDONSHIRE CT, INDIANAPOLIS, IN	US
S2-230915185	Private Reliance Commosale Limited	K.V.RANGAREDDY, Telangana, SURVEY NO. 363, RAJENDRA NAGAR	India
S2-224546468	F+  Block	3826 TERKA CIR, PMB 7033, RANDALLSTOWN, MD	US
S2-632818918	Varia Infrastructure Pvt  Ltd	NO.181, 2ND CROSS, KORAMANGALA, I BLOCK BANGALORE, Karnataka	India
S2-153786408	Nais L.L.C.	102 COUNTRY CLUB DRIVE, LEESBURG, VA	US
S2-89300030	Lumayyn Encore	190 DORLLND AVE, BEREA, OH	US
S2-62317744	Chandni Tracon  Private Ltd	20  S NO 106/6/7, MANISHA BLITZ PUNE, PUNE CITY, Maharashtra	India
S2-568502443	యూనివర్సల్ ఇన్వెస్ట్‌మెంట్స్ ప్రైవేట్ లిమిటెడ్	#33 CHINNADUDYALA PSOT, MUDDANUR MANDAL, CUDDAPAH, ఆంధ్రప్రదేశ్	India
S2-693466747	ASSET FUND BUILDING HOLDINGS	2418 UNIVERSITY DR, MCKINNEY, TX	US
S2-646799050	Beacon Tokyo LLC	MALLARD CT, GRAFTON, IL	US
S2-569054176	Infra B0mbay Info Pvt Ltd	C/ORAHUL BALASAHEB JADHAV, 149, SAROLA KASAR NAGAR, AHMEDANGAR, Maharashtra	India
S2-249285541	sh machines private limited	206/8, THIRD FLOOR, LEFT SIDE GOVINDPURI, KALKAJI, DELHI, Delhi	India
S2-899918103	Happy Book Store-LLC	15 SUMMIT LAKES DR, ATHENS, AL	US
S2-233209967	Delta Minitsmies Inc	29780 GAMBLE PL, KINGSTN, WA	US
S2-108882095	Smt PARTY INTERNATIONAL SCSAOHTL-PRIVATE LIMITED	PLOT 207  SHOW ROOM NO.84/2, SITUATED VILLAGE AT SHAI MAJRA, SECTOR 58, SAS NAGAR MOHALI, Punjab	India
S2-179113969	Future Arrow Limited	FLAT NO PVH40720, PAVILLION HEIGHT, TOWER NO. PVH004 FLAT NO. 0715, SECTOR-128, NOIDA, उत्तर प्रदेश	India
S2-64750106	6reat Trust LLC	14583 STONEGATE CT, CARMEL, IN	US
S2-284809820	S 2 O Procap L.L.C.	10633 PAGE AVE, SAINT LOUIS, MO	US
S2-219103133	Brear's Ptrolefcmo	2800 28, AL, HALEYVILLE	US
S2-489657478	Fortune Software Furniture Private	BLOCK E-208 L-88, SURAJ BHAWAN, LAJPAT NAGAR -II, NEW DELHI, Delhi	India
S2-308274408	PRIME VISTA VISTA CARE	500 ENTERPRISE DR, LKAE MILLS TOWNSHIP, WI	US
S2-118785865	Frontier Holdings Inc	NC, DURHAM, 322-326 LASALLE ST	US
S2-513192483	atlanticdentalassociates.com	526 Hathaway, DENISON, TX	US
S2-398411049	FEDERAL FEDERAL CENTER MINISTRIES	037778 VERA CRUZ DR, MARIOPA, AZ	US
S2-110886928	Parekh Heart Private Limited	HOSHIYAR SINGH KULERI, HISAR, Haryana	India
S2-104316845	Sbg Pfgwr	304 WESTERN EDGE-1 CCI COMPOUND WESTERN EXPRESS HIGHWAY, BORIVALI EAST, MUMBAI, Maharashtra	India
S2-89905257	Domini Watts Keystone	7460 CLEAR FORK CREEK ROAD, BLAND COUNTY, VA	US
S2-716323133	CARMA KCHGBI HARTFORD LLC	163. ARNOLD ROAD, WICHIT AFALLS, TX	US
S2-685881797	Morton Veterans Society	323 MAYWOOD STREET, MORTON CITY, IL	US
S2-159482216	JAMES PURPOSE (L.L.C.)	3321 WESTMINSTER AVENUE, UNIVERSITY PARK, TX	US
S2-292983232	Kriya (&entertainment)	F-199, EPIP, RIICO SITAPURA IND AREA TONK ROAD, JAIPUR, Rajasthan	India
S2-764675853	A TOTAL STARLING	6599 EDGEMOOR AVE, SOLON, OH	US
S2-166847031	Robinson, Partners and Levenson Créscent Arrington	2804 INDIAN TRAIL ROAD, ELOY, AZ	US
S2-439699683	valley academy llc	26318-26322 WALKER MIST LN, KATY, TX	US
S2-97851508	कृष्ण हेल्थकेयर प्राइवेट लिमिटेड	NO 131A, PATEL NAGAR, GOREWADA ROAD, BORGAON, NAGPUR, महाराष्ट्र	India
S2-602215071	Pediatric Dentistry Medicine East  (LLC)	402 DYNASTY DR, PIKE ROAD, AL	US
S2-695369328	Shanks, Village (Of)	59 JAKE SAVILLE RD, SHANKS, WV	US
S2-792765571	FISHER TRIS-TTE TAILWIND LLC	46 RUTHVEN STREET, SPRINGFIELD, MA	US
S2-478579154	Legacy-Innovations Inc Services	2100A WEST BLVD, BELLEVILLE, IL	US
S2-80962314	Classic-Lloyds Inc	CO, FRUITVALE, 520-A 30 Rd	US
S2-287388819	BEHAVIORAL HEALTH PHYSICIANS, L.L.C.	FORESTVIEW DR, CLEVELAND, TN	US
S2-435764862	FLYNN OFFICE OF MINNEAPOLIS CORP	CEDAR AVE, MINNEAPOLIS, MN	US
S2-364856171	Cj &-Brothers Private Ltd	C/O RAM SHARAN MANDAL, RANGHA MILIK, TOLA RANGHA MILIK, PANCH-RANGRA, RANGRA CHOWK, BHAGALPURA, बिहार	India
S2-676091017	Agro Fantom Kuries Industries Ltd	FLAT NO 406- , SRI KRISHNA RESIDENCY, SRI SAI NAGAR COLONY, HYDERNAGAR, MALKAJGIRI, Andhra Pradesh	India
S2-640694530	Alden & Hayes	8718 DARTMOOR PL, MINT HILL, NC	US
S2-338756193	DORALYN MIMLLER BRAND LLC	1113 ROBBERSON AVENUE, SRPINGFIELD CITY, MO	US
S2-83679815	Grand Intelligence	25221 Grover St, ELKHART, IN	US
S2-420390013	PVT EAST FÓOD LTD	SFNO.647&648THILLAI NAGAR, KURICHI, POLLACHI MAIN RD, COIMBATORE, COIMBATORE SOUTH, Tamil Nadu	India
S2-10814866	The Karia E. Gilmore, CPA	108 GREEN ST, SAN PIERE, IN	US
S2-999252819	Health Fund  LLC	143 TEAKWOOD DR, NROMAN, OK	US
S2-374027731	EOLANDA ALVAREZ LIGHTWAVE CORP	1450 CALAPOOIA ST, ALBANY, OR	US
S2-809668366	Builders Cellca Travel Private Limited	C/O VIERA SEAMLESS PVT LTD, PLOT NO.D4/4, MIDC, INDL, AREA, UMRED, NAGPUR, UMRED, Maharashtra	India
S2-689024936	kamakhyainfratech.com	76, GANPATI VIHAR SAKET NAGAR, TANSEN ROAD, Madhya Pradesh	India
S2-382323745	Prerna Private Limited Service		India
S2-782541802	Wilson Appliance	142 1/2 CHACO TRL, BRACEY OTWNSHIP, VA	US
S2-508957756	COLONIAL TRUST INC.	#3232 ASHDON DRIVE, NEWBURGH, IN	US
S2-90596646	Adisha Cgmomsltnsy  Pvt Ltd	#65/2 , CIPCN HOUSE, MILLERS ROAD, Karnataka	India
S2-939357011	Innovative Sangh Ltd Ltd	NO. 27 FT.NO A0611, 6TH FLOOR, A WING S MONDO APTS., SERI LINGAMPALLY, NULL, Telangana	India
S2-903902570	ஃபர்ஸ்ட் சிஸ்டம்ஸ் கன்ஸ்ட்ரக்ஷன்ஸ் பிரைவேட் லிமிடெட்	CHENNAI, தமிழ்நாடு, 49TH STREET ASHOK NAGAR, CHENNAI, NO.4/4 (OLD NO.2/1)	India
S2-543911549	TECH BUSINESS PRIVATE LIMITED	#1581 , SANSKAR RESIDENCY PUSHPENDRA NAGAR, AURANGABAD KHALSA, RBL ROAD, LUCKNOW, Uttar Pradesh	India
S2-698603228	Quoveravio	PHOEIX, 4355 LYNNE LANE, AZ	US
S2-199083736	Reynolds, Janot L.,	##42 BOYLSTON ST, BOSTON, MA	US
S2-858883663	ग्रेट डायनामिक कंसल्टिंग	C 7(3)- TIRUPATI UDYOG VIHAR, KALADERA, TONK, JAIPUR, Rajasthan	India
S2-79006235	astrum power private limited	NO 20 , DOLLARS RESIDENCY, FLAT NO.2, 1ST MAIN 4TH CROSS, DOLLARS COLONY, RMV 2ND STAGE, Karnataka	India
S2-377286245	Dr Lil Clinic  Private Limited		India
S2-70679541	Ethan Arts-Limited	#0448 , PARVTAIYA COLONY SECTOR 22, FARIDABAD, Haryana	India
S2-476947592	>> Simpson Stehrdbg Holdings	1716  JACKSBORO PIKE, LAFOLLETTE, TN	US
S2-19711553	CHEN AND READ ADVISORY	702D ERMA AVE, MISSION, TX	US
S2-199930676	First Immunopharma Immunopharma Clínic Ltd	325 BRIGHTLEAF DR, WHISPERING PINES, NC	US
S2-304105770	Consolidated Consumer Ventures	2008. LYNN WAY, LOUSIVILLE CDP, KY	US
S2-533915652	Sanchit &	PLOT NO #449 , ROAD NO 19, SHAIKPET, Andhra Pradesh	India
S2-341202646	Lynx Grówth	238 GODWIN GATE STREET, LNIDEN, NC	US
S2-341255771	Global Ministries of Lower Providence Township L.L.C.	2626 RIDGE PIKE, NORRISTOWN, PA	US
S2-939848769	Elshaddai Amio Public Limited	830 , 3RD CROSS, R K HEGDENAGAR, DR S.R.K NAGAR POST, BANGALORE, Karnataka	India
S2-644899591	Best Agro	தமிழ்நாடு, 496, C-4, CAG CENTRAL, COIMBATORE	India
S2-798158194	coastal corporation	MD, BALTIMORE, 3434 2nd Street	US
S2-268746219	modernbusiness.com	PLOT NO.-54, VENKATRAM NAGAR COLONY, HYD, Andhra Pradesh	India
S2-984391988	Aurelie Goelbmfitt Preferred P.C. | www.aureliego.com		US
S2-534489315	Martin Superior Works of [Ridgefield]	1  GREENFIELD AVE, RIDGEFIELD, CT	US
S2-20542236	Lucas  Solar	87  TEAKETTLE LANE, DUXBURY, MA	US
S2-238019597	Swastik Food Public Limited	M-67, FF GREATER KAILASH PART-1, M BLOCK MARKET, NEW DELHI, Delhi	India
S2-495536771	Image  Consumer Private Limited	S-370, BASEMENT PANCHSHEEL PARK, NEW DELHI, Delhi	India
S2-815427108	Scarlett Foster Lifestyle, Inc. Services	19976 231ST PL, QUEEN CREEK, AZ	US
S2-566767203	Ashoka Consultants  Associates	1001 AKASH DEEP BUILDING, 26-A, BARAKHAMBA ROAD, Delhi	India
S2-133570700	(india) Áshvin Fintech Infratech Private Limited	OFFICE NO. 412, SOLUS BUILDING, THANE, Maharashtra	India
S2-703992415	Sodyne LP	0015426 LEONA LANE, MINNETONKA, MN	US
S2-886053294	Shree  Holidays	A-1. / 101, VAJRESHWARI, COMPLEX, VIRAR EAST, VASAI, THANE, VASAI, महाराष्ट्र	India
S2-57891301	Limited Honest Sons Private Services	NO.27A, KANCHEEPURAM, தமிழ்நாடு	India
S2-765552879	ಲೋಟಸ್ ಎನರ್ಜಿ	M. NO. 24/1, 1ST CROSS KARAGAPPA GARDEN, BANGALORE, BENGALURU, Karnataka	India
S2-673990365	Russell,  Deanne, O.D. Corporation	001671 GOODLAND DR, HUDOSN CITY, OH	US
S2-361281268	Midwest Federation P.C.		US
S2-219398213	Cook Complete Citizens Inc	1316  HILLTOP ROAD, CENTER, PA	US
S2-641781649	শিবম এনার্জি প্রাইভেট লিমিটেড	P 3 NEW C I T ROAD 4TH FLR, KOL, SOUTH 24 PARGANAS, West Bengal	India
S2-516908086	Mcclure, Stutsman and Amaya Xcel, L.L.C.	7766 RIVERSIDE PARKWAY, TULSA, OK	US
S2-666798275	Help & Sons Ltd	B-#12 IST FLOOR, BAREJA SADAN MARKET MAIN MATHURA ROAD BADARPUR, Delhi	India
S2-420801711	Oronogo-Solar	25772-B OAK HILL LN, ORONOGO, MO	US
S2-468212514	COSTAVA LLC	505 THIRD AVENUE, CANBY, OR	US
S2-986193310	DDL Prime	Stoneybrook Drive, MINNETONKA, MN	US
S2-349911254	Vision Frontier Health Corporation	253-07-257 CRAFT AVE, ROSEDALE, NY	US
S2-681875443	Beacon Jtdn Jtdn		US
S2-24804048	Laxmi Services Private Límited	HN 22/7 E 6, KALINDI COLONY RING ROAD, Delhi	India
S2-41960938	Movue Worldwide	WINSTON DR, LILLINGTON, NC	US
S2-620298209	Stinson Allied Berkley LP	MAPLE ST, BRUCETON, TN	US
S2-142406309	Direct Industrial Labs LLC	SOUTHINGTON, CT, 48 High Tower Rd	US
S2-56954192	ZIIX  PARTNERS	6828 Heatherbrae Dr, PHOENIX, AZ	US
S2-185532478	FGW Pvt Ltd Center	PART 41\3 UP\G GALI NO.27 JAWALA NAGAR SHAHADRA NEAR RAILWAY QTRS, SHAHADRA, Delhi	India
S2-254136530	MODERN LIBERTY STARLINK INC	500 32ST SAINT, OCEAN CITY, MD	US
S2-753189942	श्री एस्टेट प्राइवेट लिमिटेड	5, KING'S INTERNATIONAL HOUSE, JUHU TARA ROAD, JUHU, MUMBAI, महाराष्ट्र	India
S2-67147915	Steel Global	Maharashtra, PLOT 814 S-F002, SALASAR COMMERCIAL CENTRE BHAYENDER PHATAK ROAD, BHAYENDER EAST, THANE	India
S2-998347325	Sai Ventures (India) Private Ltd	SURVEY 43/2, 4TH FLR, ARKA, ROCHISH BLDG KHAJAGUDA RD, RANGAREDDY, Telangana	India
S2-831012068	সাই ইনফ্রাস্ট্রাকচার প্রাইভেট লিমিটেড	PLOT 92 24B, KOLKATA, HOWRAH, West Bengal	India
S2-110559901	WSE Cold Private	महाराष्ट्र, PLOT 473 ROOM NO. 8, 2ND FLR., NEW VORA HOUSE, GRAMPANCHAYAT ROAD, ABOVE KAJAL JEWELLERS, GOREGAON (W, EST)	India
S2-645462101	D B (Du1l)	506 AIRPORT DRIVE, LINCOLN, AL	US
S2-665849289	Venable Custom Truist Ltd	3618 200, GREENSBURG, IN	US
S2-963267603	ॐ मार्केटिंग	LODPIUR, CHIRAND, SARAN, Bihar	India
S2-84595698	NIEMEYER CONTROLS OF HAYS, INC.		US
S2-805606097	Ltd Integrated Digital Networks	OAMHA, NE, 16668 DORCAS CIR	US
S2-176809050	Miflova Lane Riverside  Inc	845. WILLOW AVENUE, TOLEDO, OH	US
S2-823372389	Aurentyn Meridian	620 Ohio Ave, WICHITA FALLS, TX	US
S2-385751718	Devanth Ifndena Pvt. Ltd.	108 KANUNGO PARK, GARIA, P.S. PATULI, KOLKATA, KOLKATA, West Bengal	India
S2-595555292	PEDIATRIC CARE LLC	4752 ATRIUM CT, WILMINGTON, NC	US
S2-874413017	फर्स्ट इंटरनेशनल प्राइवेट लिमिटेड	VINTAGE PEARL, A-401, 4TH FLOOR 29TH ROAD, BANDRA WEST, MUMBAI, Maharashtra	India
S2-237794192	Mrg (India)-Brother Pvt Ltd	Maharashtra, SR.NO.279/1, RAISONI INDUSTRIAL PARK, HINJEWADI, PH-II, VILL, MAN, MULSHI, PUNE	India
S2-37871386	Hansa Facility		India
S2-255026901	Taravayn Partners	DOOR NO 226 142, URBAN ESTATE, PHASE-I, Punjab	India
S2-933108146	Dr ACQUAINT 5WAMY PRIVATE LTD	H. NO. 1804D , SOMWAR PETH, BHANDARI HIGHSCHOOL ROAD, SINDHUDURG, Maharashtra	India
S2-123825968	Z D &  J FOUR-LLC	15 Wagner Court, WASHINGTON COURT HOUSE, OH	US
S2-253230005	Slate Aspac	6418 STTE HIGHWAY 151, BLYTHEVILLE, AR	US
S2-829488198	Ggr Medical Centre Public Limited	NO 27 C/O VASIM BEGAM, HAR DAYAL KUCHA, POWAYAN, Uttar Pradesh	India
S2-117403622	ಗುಡ್ ಕನ್‌ಸ್ಟ್ರಕ್ಷನ್ ಪ್ರೈವೇಟ್ ಲಿಮಿಟೆಡ್	HN 908. C/O GUNASEKARAN NO 10 1ST CROSS, KOLAR, Karnataka	India
S2-885689791	Private Samsan Web Ltd	BLKC 785 RNO 1569 & 1570, THANE, 2ND FLR 204 GHANDHI ROAD, महाराष्ट्र, KALYAN	India
S2-307733748	vithalwadiindia.com	99, VITHALWADI, Maharashtra	India
S2-657652296	Basalt Ltd		US
S2-577907686	Patriot Citizens	714 HASTINGS LANE, WATSONVILLE, CA	US
S2-816682038	JONES JÁWS [LLC]	FIRST ST, N. FAIFIELD, OH	US
S2-330599670	Shoemaker Remibble Adr North	10 BALDWIN ROAD, DEATUR, AL	US
S2-743196701	Jayanti (India) Scaffolding  Private Limited	25, RAJENDRA MARG, MEHIDPUR, Madhya Pradesh	India
S2-814332173	Roberson Smart Prcuoe	#36 MORGAN DRIVE, HAVERHILL, MA	US
S2-996421874	Clean Best Insurance Corp	WV, WHITE SULPHUR SPRINGS, 142 ELOISE CIR	US
S2-877457517	Vanda Dyer, DO	3593 MAEJSTIC VIEW PLACE, GAMEWELL, NC	US
S2-285122175	बालाजी इंफ्रास्ट्रक्चर प्रा. लि.	E-203 LAJPAT NHGAR-10, NEW DELHI, GURGAON, दिल्ली	India
S2-891316676	Steel Wellness Limited Private	2, II FLOOR, MAMATHA COMPLEX, 25 (OLD NO.13) WHITES ROAD, ROYAPETTAH, CHENNAI, தமிழ்நாடு	India
S2-277786629	ગોલ્ડન સોફ્ટવેર પ્રાઇવેટ લિમિટેડ	C#92, NEBULA TOWERS, NEAR TGB, BODAKDEV, AHMEDABAD GUJARAT, AHMADABAD CITY, AHMEDABAD, Gujarat	India
S2-618268554	Sri Sbm Energy Group Prívate Limited Limited	894 11/13, BLOCK NO. 13, JAWAHAR MARG, NEAR GREENHOTEL, INDORE, Madhya Pradesh	India
S2-875476289	Rev It Up Hair Studio LLC Services	9740 138RD DR, PEORRIA TOWNSHIP, AZ	US
S2-185161995	अरिहंत सॉल्यूशंस हार्डवेयर लिमिटेड	877 SECTOR 30, KURUKSHETRA, THANESAR, Haryana	India
S2-854693995	HAPPY ((GRILL))	##508 NORTH AVENUE, WAKEFIELD, MA	US
S2-960203445	Thane Holdings		India
S2-946894374	Shri Manvi Das Limited Center	NO 87 SECOND FLOOR, BLOCK D, PLOT NO. 13, SY. NO. 64 PART, HITEC CITY LAYOUT, SHAIKPET, Telangana	India
S2-390865745	ब्राइट इंटरनेशनल प्रा. लि.	25/252, CIVIL LINE, NOORI, CHOWK, OPP.SAIRAJ MEDICAL, GONDIYA, GONDIA, महाराष्ट्र	India
S2-918972750	synraotrust.com	10536 CADIZ SAINT, ALBUQUERQUE, NM	US
S2-105137668	Brana's Audio Installation Services	35530 GLEN DR, EASTLAKE, OH	US
S2-911216832	Fuentes's Precision  Chemical LLC	1222 DIXON ST, DURANT, OK	US
S2-511623446	Private Satej Mpany Limited	Karnataka, BANGALORE, BANGALORE NORTH, 2ND FLOOR ROSEWOOD J-BLOCK	India
S2-368767547	RUZ Realestate [Limited]	PLOT NO-304, GUPTESWAR ENCLAVE PATRAPARA, AIIMS HOSPITAL, BHUBANESWAR, Odisha	India
S2-774270402	Ridge Endocrino1ogy Endocrinology	#1717 WABASH STREET, KOKOMO, IN	US
S2-645944817	MICHEL CHOICE  THAYER MIDTOWN CORPORATION	109 RAWSON ROAD, ARLINGTON, MA	US
S2-950349947	GOLDENTECHNOLOGY.COM	#7/105 E-5 VILLA 3 SWAROOP NAGAR, KNAPUR, Uttar Pradesh	India
S2-741743046	फर्स्ट फूड्स ऑटोमोबाइल्स लिमिटेड	70 FATEHPURA BEDALA ROAD, UDAIPUR, Rajasthan	India
S2-565243604	SUN SOLUTIONS PRIVATE LIMITED CENTER	#29/2 JANKI-RAGHUNATH, 622 PULACHI WADI, DECAN GYMKHANA, Maharashtra	India
S2-224319762	LIBERTY  STRATE6IC	NY, 460 FORBES AVENUE, RENSSELAER	US
S2-243921396	URBAN CLEANING SERVICE PARTNERS	191 HOWELL DR, DENTON, NC	US
S2-34020660	SCHULTZ SOUND OF FORT MOHAVE	4699 95, FT MOHAVE, AZ	US
S2-218055373	Innovative Oil Inc	0012130 CATTAIL RD, NEW KENT COUNTY, VA	US
S2-365567480	pcpartners.com	040 MULBERRY ST, QUITMAN, AR	US
S2-18063483	@pacificmobility	485 88, ONEONTA, NY	US
S2-407750813	SV Granite Holdings	OGDEN CITY, 1806-D QUAIL RUN DR, UT	US
S2-977982625	NT Eagle  LLC	755 FOURTEENTH AVENUE, SANTA CRUZ, CA	US
S2-485950130	BRIGHT  METRO CABLE	TX, 8648 ANACORTES STREET, HOUSTON	US
S2-616024937	PRECISION HOSPITALITY  HOLDINGS	3811- BLOCK DR, IRVING, TX	US
S2-19096181	MAIN STREET TATTOO	222 SECOND ST, RUSSELL, KS	US
S2-921050936	FAMILY FÚND	11106- ACME AVE, LUBBOCK, TX	US
S2-768221758	Burke's Services	##99 WANDLE AVE, BEDFORD, OH	US
S2-450151655	Wetzel Rapid Pet  Care LLC	#119 ALDEN DRIVE, PORT JEFFERSON, NY	US
S2-866144711	COULTER, JENSEN & RODRIGUEZ  LLC	1875 STUART CT, GILBERT, AZ	US
S2-762341338	सुप्रीम कंसल्टेंसी प्राइवेट लिमिटेड	B-D/167-C VIGAHN NAGAR, JAIPUR, KHATIPURA, राजस्थान	India
S2-813194099	paynecoastalrare.com	3403- TULIPAN STREET, MISSION, TX	US
S2-564550927	Cary Resorts | www.caryresor.com	488 SEVEN LAKES DR, NY, HAVERSTRAW	US
S2-523553925	Silver Bistro Corp	19 OLD CARRIAGE ROAD, AUBURN ITY, ME	US
S2-923153883	Arts Assoiation IV	2904 OVERBROOK CIRCLE, NORTH LITTLE ROCK, AR	US
S2-122079289	DEPARTMENT OF HEALTH	69 1/2 ROGER DR, NORTH HEMPSTEAD, NY	US
S2-326642555	Veterans Program Inc	17 DORCAS ST, OSWEGGO CITY, NY	US
S2-987538097	Kala Flowmhrs Optimal Boa LLC	5910 1/2 METROPOLIS LAKE RD, WEST PADUCAH, KY	US
S2-917212019	TRIBENI (INDIA) SALES CENTER LLP	E/3 212, ARERA COLONY, BHOPAL, मध्य प्रदेश	India
S2-549370610	Price & Rgha Hyperliquid Midtown LLC	6533. SHASTA CREEK WAY, PMB 5697, ELK GROVE, CA	US
S2-928777476	Vision Vision Partners Corp	404 CLEVELAND AVE, TN, ATHENS	US
S2-209084822	MOODY METLIFE	1245 DUCK ROAD, KITTY HAWK, NC	US
S2-907339665	Monarch Brothers Infratech Ltd	7-24/9, FLATNO 403, 4TH FLOOR, MARS PYRAMID APARTMENT, NELLORE, Andhra Pradesh	India
S2-609161284	Inc Cocco Box	212 JEFFERSON STATION PLACE, WEST JEFFERSON, NC	US
S2-478529575	M/s Beena Infrastsrucludbe Public Limited	Gujarat, KRISHNA CHAMBER -A, ST FLOOR, NEAR SBI BANK, STATION RAOD., BHUJ	India
S2-248682658	Ivvenon Medicines Incorporated	110 VINEYARD ST, WEATHHERFORD, TX	US
S2-497669700	साउथ शिवा इंफोटेक प्राइवेट लिमिटेड	H.NO 34/7 G/F VILL KHANPUR DEVLI ROAD, SOUTH DELHI, NEW DELHI, Delhi	India
S2-77281577	अल फूड्स प्राइवेट लिमिटेड	M NO 29 A/P LINGNOOR K NESARI GADHINGLAJ LINGNOOR K NOOL, KOLHAPUR, Maharashtra	India
S2-58290099	Co Ridge Grupo	#17 COLLEGE STREET, SCHENECTADY, NY	US
S2-322432028	Aaomcs,, Hedda D.D.S., PC LLC	43 MARTIN STREET, MA, NULL, MILLBURY	US
S2-175131896	गैलेक्सी सिटी कंस्ट्रक्शन प्राइवेट लिमिटेड	C/O SATISH GOVINDRAO, GHARPENDE JAMNAGAR, NAGPUR, NAGPUR, Maharashtra	India
S2-722442291	R K PURAM INFRAHEIGHTS LIMITED CENTER	null, Delhi, B - 7, ARD COMPLEX SECTOR 13, R K PURAM	India
S2-919733312	INTERNATIONAL EXCELLENCE PRIVATE LIMITED	SHOP NO. PF 21 TOT MALL, 1ST FLOOR BLOCK C 58/15A, NOIDA, Uttar Pradesh	India
S2-884552418	-- routestechnology.com	44 BYRATHI VILLAGE DODDAGUBBI POST OFFICE, BANGALORE, Karnataka	India
S2-322674999	Ltd Liberty Universal	தமிழ்நாடு, NO 577 H 20, NAMAKKAL, HOUSING BOARD TRICHY ROAD	India
S2-618897766	SUN (INVESTMENTS)	V-95, PLOT-17B, 17C&18 NAVI MUMBAI (MCORP), THANE, Maharashtra	India
S2-756646483	Ira &  Co	KOLHAPUR, #895 RS.NO.788/PLOT NO 45, Maharashtra, KARVIR	India
S2-550156386	Anchor Supply	LAKE NATOMA DR, ORANGEVALE, CA	US
S2-930406946	VOT Fdgcudasetioon LLP	F-159-160 SITAPURA INDUSTRIAL AREA, TONK ROAD, Rajasthan	India
S2-230293265	#davismcanulty	##3940 HASTINGS RD, <NULL>, KERNERSVILLE, NC	US
S2-615706698	Graham Cbre Care Downtown	107 LOWER CLINTON STREET, CANOE, PA	US
S2-12037562	internationalfreightnetworks.com	MIDDLESBORO, 905 12TH ST, KY	US
S2-269587782	brown & williams l.l.c.	23702 BERRY LN, SPRING, TX	US
S2-93972256	Royal International School	#2 , GR.FLOOR., A/WING, VINAY UNIQUE RESIDENCY, BUILDING NO. 3, VILLAGE-BOLINJ, TALUKA-V, ASAI, VIRAR, महाराष्ट्र	India
S2-913459712	HERNANDEZ LLC CHIRON	MILL STREET, GREENE, NC	US
S2-35478432	LEELA'S CAPITAL ASSOCIATES CORP	EDWARDS MILL RD, RALEIGH, NC	US
S2-284494507	*** Crista Butler  Properties	146 WATERMOSS DR, CLEVELAND, NC	US
S2-162097087	ഹോട്ടൽ പ്രൊഡക്ട്സ് പ്രൈവറ്റ് ലിമിറ്റഡ്	MALAPURAM, MALAPPURAM, കേരളം, PULIKKAL, KONDOTTY, MALAPPURAM, 0013/477	India
S2-641649150	गोल्ड सॉल्यूशंस प्राइवेट लिमिटेड	VILL-PURNIA (MCORP) TOLA-SHAKTI NAGAR PANCH PURNIA BLOCK, PURNIA, C/-RENU KUMARI JHA, बिहार	India
S2-287317267	Precision  Corporation Service	321 BROADWY, CAMBRIDGE, MA	US
S2-314919885	Udupi Services Pvt Limited	383 SHRI TIRMULA, NANDIGUDDA CHANTHAR, BRAHMAVARA, UDUPI, UDUPI, Karnataka	India
S2-401241450	भारत फाइनेंस प्राइवेट लिमिटेड	226., EAST DELHI, Delhi	India
S2-289468407	arihantmanagement.com	FLAT NO B-10/506 HINOTIYA, ALAM, HUZUR, मध्य प्रदेश	India
S2-53152097	Venkateshwara Hotesl Limited	C/O RAMKESHI BIND, BAURAI NANDGAWAN CHAINPUR, MOHANIA, बिहार	India
S2-528135763	Facets  Law Chrmabelr Limited	SUNDER VILLA R/H NO-D-2, VRUNDAVAN NAGAR ADGAON, NASHIK, Maharashtra	India
S2-961951211	Star LLP Seating	H.NO 26 , 7TH MAIN ROAD, RAJAGOPALA NAGAR MAIN ROAD, PEENYA 2ND STAGE, NA, BANGALORE, BANGALORE, KARNATAKA, INDIA., BANGALORE NRTH, Karnataka	India
S2-596143833	Dogan Maywood Ínc	424-426 CRESCENT DRIVE, WHEELING, IL	US
S2-113630648	At1antic College Inc	00805 PIVOT POINT WAY, CITY OF OXNARD, CA	US
S2-811450163	Lumial Center	CA, SACRAMENTO, 7905 VIEWPOINT ST	US
S2-878529561	गुड प्रोजेक्ट्स प्राइवेट लिमिटेड	HN 470 C/O ASHA TANDALE, DHANGAR GALLI, GHANSAWANGI, JALNA, Maharashtra	India
S2-53226494	Glyn Olszewski Supreme Harmony LP	9239 UNION MEADOW LN, CYPRESS CITY, TX	US
S2-484970264	ಬ್ರೈಟ್ ವಿಜಯ್ ಗ್ಲೋಬಲ್ ಪ್ರೈವೇಟ್ ಲಿಮಿಟೆಡ್	303, 7TH CROSS DOMLUR LAYOUT, BANGALORE, ಕರ್ನಾಟಕ	India
S2-480779938	KAVERTECHPRODUCER.COM	C/O APPASAHEB PUNDLIK THOMBARE H. NO. 31, ADGAON KH, AURANGABAD, Maharashtra	India
S2-26404946	INCORPORATED LGC REGIONAL UBS	180 COWAN LN, ONEIDA, TN	US
S2-144617286	Six Brothers LLP	HN 571 DOOR NO X/107 B1 FIRST FLOOR, CSEZ P O, KOCHI, കേരളം	India
S2-791764718	R0a Biracilik Biracilik Corporation	1851 HOWARD STREET, LITTLE ROCK, AR	US
S2-226906944	Sts Freight Private	FLAT NO. C 910, BRIGADE PALMSPRINGS 24TH MAIN, JP NAGAR 7TH PHASE, BENGALURU, Karnataka	India
S2-890054675	Bell Spring Valley  Inc	1767 1/2 MAIN STREET, OR, ALANY	US
S2-862064184	Maddi S. Hódson, L.C.S.W., DDS PC	309 MATTERHORN ST, TUCSON, AZ	US
S2-842332505	TECHNOLOGIESVINTAGEASSAY.COM	C-A/1C, JANAKPURI, दिल्ली	India
S2-794107246	Behavioral Health Medicine	NC, 506 Flint Street, LINCOLNTON	US
S2-441594355	Paradise Haavy Private Limited	B3/29, GOLIMAR GARDEN, OPP. LAS WEGAS HOTEL SAHKAR MARG, 22 GODAM CIRCLE, JAIPUR, Rajasthan	India
S2-479722556	Vaayuin Milk Public Limited	8 , NEW NO 11, 1ST FLOOR, SHARMILA STREET, KAMAKSHI COLONY, TAMBARAM, Tamil Nadu	India
S2-587631248	Modern Best Inc Hotel	MD, 5423 BRENNER ST, CAPITO LHEIGHTS	US
S2-234276328	LH Enhanced Corp	1206 HERMANN STREET, MYRTLE POINT, OR	US
S2-923792884	Brathwaite, Mhbn and Markley LLC	337 PRAIRIE AVE, WHEATON, IL	US
S2-27955436	CRUZ, SHERIDAN AND GODFREY LLC GALAXY	2815 ALMA SCHOOL ROAD, MESA CITY, AZ	US
S2-967991829	Straight Edge Auto Body	Broadway Avenue, GOODLAND, KS	US
S2-273976620	Preferred Regional Grid Downtown	1805 Swinson Rd, JAMESVILLE, NC	US
S2-951927105	Mohali  Private Pharmaceuticals Limited	INDUSTRIAL SHED NUMBER 157C, JANTA INDUSTRIAL ESTATE, SECTOR 82, S.A., S NAGAR, MOHALI, Punjab	India
S2-544243340	FEDERAL SOCIAL	203-205 GERMANTOWN RD, CHATTANOOGA, TN	US
S2-879026083	Lindi Lindi Robinson Cascade Bérto LLC	2402 16TH STREET, YUMA, AZ	US
S2-108301235	HALL-LLC SERVICES	10 SEA CLIFF AVE, GLEN COVE, NY	US
S2-215057867	Tratech Management LLC	147  Wallins Corners Road, AMSTERDAM, NY	US
S2-720505917	Hunger Program Inc.	5121 BEAN-OLLER ROAD, DELAWARE, OH	US
S2-267837121	Lurlene Markey Seneca LLC Center	#801 ESSEX VILLAGE, LYNNFIELD, MA	US
S2-212525619	Andrade De1ta Índustrial	4776 1/2 GUADALUPE RD, GILBERT, AZ	US
S2-901920143	Colonial Alphabet	9908 PEBBLEKNOLL DR, CINCINNATI, OH	US
S2-513106953	Devore Sterling  Manufacturing	7428 1/2 SCHMIDT RD, TOWN OF MILTON, WI	US
S2-31073094	Midwest Canadian Group	016 NORPORT DRIVE, WESTPORT, CT	US
S2-927750881	Rocky-Investments	MODDISON AVE, SACRAMENTO, CA	US
S2-799350704	Black  Prodperties	MD, GWYNN OAK, 3921 MAINE AVENUE	US
S2-306736495	SUFFOLK CITY ECONOMIC-DEVELOPMENT EXPRESS PROJECT INC	5104 WEST CREKE COURT, SUFFOLK CITY, VA	US
S2-876437969	Hahn Custom Banco	2404 WILMA ST, NULL, WICHITA, KS	US
S2-138903258	Memorial Program West L.L.C.	2016 SWIFT BLUFF DRIVE, COLONIAL HEIGHTS, VA	US
S2-577402482	CO Lng (LLC)	1550-C BEACON STREET, KEYSER, WV	US
S2-799111023	जय प्रोड्यूसर प्राइवेट लिमिटेड	B - 506, ORCHID, FILMCITY ROAD, DINDOSHI MANTRI PARK, GOREGAON (E) NR, NAGRI NIRWA, GOREGAON(E), MUMBAI, MUMBAI CITY, Maharashtra	India
S2-674967934	Physical Therapy  Platinum Clinic Inc	912 THIRTEENTH AVE, DICKINSON, ND	US
S2-540393979	2620 main avenue realty llc	445 REGENCY DRIVE, BARNSTABLE, MA	US
S2-534691359	Prompt  Plastics Ltd	OFFICE NO.7, 3RD FLOOR, 72A-75A COMPLEX, DEEPAK VIHAR, SECTOR 62, NOIDA, Uttar Pradesh	India
S2-524826830	KEYSTONE FLEXIBLE	4845 AUTUMN HINL, GRAND PRAIRIE, TX	US
S2-959548844	Aman Real  Private Limited	DOOR NO 28/2/239/708 BIDHAN ROAD, SILIGURI, West Bengal	India
S2-908377137	Falcon	360 WELSH RD, CHARTIERS TOWNSHIP, PA	US
S2-873732539	गुजरात हेल्थकेयर प्राइवेट लिमिटेड	#39, BETINA, BHAINSARA, TEH-POKARAN, JAISALMER, राजस्थान	India
S2-773951799	Green  Trading Infratech	36-H, SHIMOGA BHADRAVATHI AREAMACHENAHALLI, SHIMOGA MACHENAHALLI, Karnataka	India
S2-461238982	Bright Bakery Inc	10838 DOUGLAS AVENGE, JENK CITY, OK	US
S2-138342398	The Ormsby's Highland Software	680 302, KARNES CITY, TX	US
S2-739153995	Department of Public	208 GRENEWICH DR, ALBANY, NY	US
S2-945307724	Smart Industrial Networks Inc	3689 CAOAWBA RD, BLACKSBURG, VA	US
S2-726077203	शक्ति रॉयल टेक प्राइवेट लिमिटेड	H. NO.-624/105 YAMUNA VIHAR CHINHAT, LUCKNOW, Uttar Pradesh	India
S2-693793327	Cozy Cleaning Service Ltd	24 HAIES RD, BARKHAMSTED, CT	US
S2-662915785	Daisey Midtown Custom Oaktree Perrodin LLC	##392 A BROADWAY, CHELSEA, MA	US
S2-802360147	I W & M Indrtssatihs LLC	138 MADDOX FARM ROAD, SAFORD, NC	US
S2-10922466	Pediatric Dental Pyhisigins Company	7636 IRON CANYON LN, WEST JORDAN CITY, UT	US
S2-859656554	Horizon Marine  Works	##4101 HOHENSEE DRIVE, LINCOLN, NE	US
S2-325574916	Beth Church LLC	3 FAIRHAVEN BLVD, PMB 245, OYSTER BAY, NY	US
S2-871007551	All Construction	PP 20/649 ARANYAKATHIL, THENGAMAM PO, PATHANAMTHITTA, Kerala	India
S2-367079532	Bradish Properties Holdings	6558 68, SPENCERVILLE, IN	US
S2-745239337	Axil Contracting (India) Private [Limited]	5A, CHOWRINGHEE LANE, GROUND FLOOR, SUITE NO - 1A/2, KOLKATA, KOLKATA, West Bengal	India
S2-756755058	CLYIQ LÉNDING L.L.C.	5005 OAK LANE, MT PLEASANT, IA	US
S2-636594933	তিরুপতি হসপিটালিটি প্রাইভেট লিমিটেড	ORCHID SQUARE STATION FEEDER ROAD, West Bengal, ###628 C/O ANANDA DAS, JALPAIGURI, SILIGURI	India
S2-957044283	BROWN HARBOR LLC	0635 300, PRICE, UT	US
S2-136783145	Scholarship Coalition Co	01839 CHRISTMAS RUN BOULEVARD, PO BOX 405, WOOSTER, OH	US
S2-228898082	Yuva Western Limited Center	KH - 12596 SHERPUR, DELHI, दिल्ली	India
S2-563350551	Janice Bonham Cbre  Partners	9030 1/2 HYLAND CREEK ROAD, BLOOMINGTON, MN	US
S2-359455060	Llc Buneify Hawaii	189 GARDEN VIEW DRIVE, APPLE VALLEY, MN	US
S2-253706833	Peak Wireless Technologies Incorporated		US
S2-876859996	Cordial Bróthers Private Limited	9-16-2 , FIRST FLOOR, SATYA APTS, CBM. COMPOUND, VISAKHAPATNAM (URBAN), VISAKHAPATNAM, Andhra Pradesh	India
S2-828160172	Empire Fannie LLC Center	8722D HICKORY CT, LOUISVILLE, KY	US
S2-993483145	Bharat  Agro Private	FLAT NO.10. , E/D/14-83, SAWALI SOCIETY, PREMLOK PARK, MULSHI, Maharashtra	India
S2-986300266	VAISHALI ACADEMY (INDIA)	H.NO 202/5533 PANT NAGAR GHATKOPAR EAST, MUMBAI, Maharashtra	India
S2-292279137	Foot & Ankle Signature Physicians Physicians LLC	4650 HIGHLAND DRIVE, SALT LAKE CCITY, UT	US
S2-153515064	PROFESSIONAL MOBILITY ÁLLIANCE-CLINIC ÁLLIANCE-CLINIC	1 KINGSTON PL, WADESBORO, NC	US
S2-734728030	Franciska's Design	6850-B TWISTED HICKORY ROAD, BLADENBORO, NC	US
S2-807211917	Pediatric Dentistry Medicine,	6949 HARLAN CT, NULL, COLUMBINE, CO	US
S2-921286585	Pvt Gallops (oInmdia) Department Ltd	10/11 PRINCEP STREET, KOLKATA, CALCUTTA, পশ্চিমবঙ্গ	India
S2-198437002	Shiflett Block	#5993 Arden Dr, MENTOR, OH	US
S2-567336807	wzj cément	C/O DOLLY KUMAR, SUBHASH NAGAR LINE PAR NEW VIKAS NAGAR, LILA BUILDER SUPPLIER, BAHADURGARH, हरियाणा	India
S2-370600105	League City Regional Rócky Services LLC	2211 CASTLE DR, LEAGUE CITY, TX	US
S2-395544485	Pranin Pvt Ltd Partners	H.NO 27 210, ARUNACHAL BUILDING, 19 B K ROAD, NEW DELHI, Delhi	India
S2-472818335	A Cure 9 IT Inc	104 VINE STREET, LAKE VIEW, IA	US
S2-21564247	Smart હેલ્થકેર પ્રા. લિ.	H.NO 4TH FLR, FLAT-403, METRO TOWERS, RING ROAD, SURAT CITY, Gujarat	India
S2-672354476	PIONEERGALATA.COM	023 EMMAJEAN RD, N/A, TOLEDO, OH	US
S2-818066387	@ANCHORCALAMOS	1020 CYPRESS CT, LOS LUNAS, NM	US
S2-87368793	ड्रीम फूड्स लिमिटेड	C/O SMT SAMES S/O SATYAPAL SINGH ##03, DAURALA, MEERUT, Uttar Pradesh	India
S2-329827733	Central Regional Architecture Giustina's	628 DOSER GLEN DR, NASHVILLE, TN	US
S2-244671206	Narayana So1utions Private Limited	PLOT NO. A-3-1/32 NIGHOJE, CHAKAN, महाराष्ट्र	India
S2-912027305	Onyxbelo	OH, 860 HUBER ST, AKRON	US
S2-666267859	Mr Shardha  & Partners Exports	1-10-84/12, MAYUR MARG, BEGUMPET, HYDERABAD, Andhra Pradesh	India
S2-502226127	Kanha Apps (India) Private (Limited)	Uttar Pradesh, DOOR NO 701/CC-3 JAYPEE GREEN RESIDENTIAL JAYPEE GREEN, GREATER NOIDA	India
S2-676349871	Horizon Term	1750 FM 1536, SULPHUR SPRINGS, TX	US
S2-227983707	Onyxnex Airlines	1967 MILL CREEK DR, PROSPECT, OR	US
S2-511858431	DHARIWAL LOGI5TICS PRIVATE PRIVATE LIMITED	G-13, BANKIM CHATTERJEE STREET, KOLKATA, KOLKATA, পশ্চিমবঙ্গ	India
S2-37004464	Goa Ltd Trading	UNIT NO 310, PLOT NO.H-2, APRA NORTHEX PLAZA NETAJI SUBHASH PLACE, PITAMPURA, DELHI, दिल्ली	India
S2-37705000	Primary Care Center Inc. Society	1480. SUGAR CREEK BLVD, SUGAR LAND TOWNSHIP, TX	US
S2-738885239	Benzo (India) Projects Pvt	SHOP NO. 1, GDA MARKET, SEC-5, RAJENDRA NAGAR, SBD, GHAZIABAD, Uttar Pradesh	India
S2-307656220	@voyager	Delhi, A-1/24, ROAD SRI AUROBINDO AZAD APARTMENT RESIDENTIAL, HAUZ KHAS, DELHI	India
S2-681368190	GULAB BRÓTHERS ENTERPRISES PVT LTD	H.NO 5-13 GORAI DISHA CHS LTD, L.T. ROAD BORIWALI WEST, BORIVALI WEST, Maharashtra	India
S2-801484244	Lanham, Sáflne D., D.O.	2. FLINT COVE, HARY, AR	US
S2-928265836	ডিজিটাল রয়্যাল অ্যাগ্রো লিমিটেড	HOOGHLY, DOOR NO 07/1 DAKSHIN PARA MAIN RDP O BANSBERIA, পশ্চিমবঙ্গ	India
S2-813123126	BHARATWIND.COM	DOOR NO 624- GROUND FLOOR, CC100 STREET NO 233, ACTION AREA1, NEW TOWN, DIST 24 PARGANAS NORTH, NEW TOWN, West Bengal	India
S2-475715707	Prime Royce Holdings	<NULL>, HOUSTON, TX, 10526 PILLOT ST	US
S2-343195207	Industrial Désign International-Star City	1003 GARNETT ROAD, STAR CITY, AR	US
S2-109257976	Jk Foods Public Limited	Maharashtra, 415, SOHAM PARK, HARIOM NAGAR MULUND (E), MUMBAI	India
S2-54919275	BALAJI S0LUTIONS PRIVATE (LIMITED)	NO 288 , NEW GRAIN MARKET, SHAHABAD MARKANDA, SHAHABAD, Haryana	India
S2-51754906	రామ్ టెక్నాలజీస్ ప్రైవేట్ లిమిటెడ్	HYDERABAD, Telangana, NO. 151 HN 11-5-454/FLAT NO.403, URBAN	India
S2-809189694	SHYAM INVESTMENTS HOTEL PRIVATE LTD	PLOT 11 UNIT NO.10 3RD FLOOR RABULDINGNO.72 MARSHALLS ROAD EGMORE CHENNAI-29, EGMORE CHENNAI-08, Tamil Nadu	India
S2-721550427	Private Marketing Plus Ltd	NO 101, 10-3-15/1, MAPHER ORCHID HUMAYUN NAGAR, MEHDIPATNAM, HYDERABAD, Telangana	India
S2-397675308	Regional Solid [Corporation]	374-378 MERRITT RD, PATASKALA, OH	US
S2-168509712	indiumhotelsprivate.com	LINE NUMBER 5 YASHODA NAGAR NUMBER 2, AMRAVATI, Maharashtra	India
S2-649703213	Thornton, Carlson and  Sftsk Retail PLLC	008120 A M LUTTRELL RD, TN, KNXVILLE	US
S2-252669463	Delta Mufteimdira LLC	147 RIVERINE DR, WINFIELD, WV	US
S2-597201798	MD, Barbabra Boyce,	1306 BERRY LAKE WAY, BROWNSBURG, IN	US
S2-839091268	Supreme Chimera	84-19 1/2 91 AVENUE, <NULL>, WOODHAVEN, NY	US
S2-941343784	GULF HEALTH CENTER CENTER	1355 SUNSET DR, APPLE VALLEY, CA	US
S2-644280813	Kolkata  Grufarads	পশ্চিমবঙ্গ, BANAWARI SARAN KHANDELWAL, 7/A, GFL, GOPAL NAGAR ROAD, KOLKATA, KOLKATA	India
S2-603953734	Llc Gennie'S Midwest Book Store	511D NICHOLS LANE, MOAB CITY, UT	US
S2-52363105	Elysha Tomlin Games Corp Service	6613 KNOBLE ROAD, SPANAWAY, WA	US
S2-490154604	വിഷൻ ശിവാ മാനേജ്മെന്റ് പ്രൈവറ്റ് ലിമിറ്റഡ്	HN ##86 AATTURPADAM, PALAKKAD, Kerala, PALAKKAD, ANNAKODE, PALLASSANA P.O	India
S2-259654416	Stover, Vasquez & Figaro Silverbox L.L.C.	CA, PLAZA SERENA, ONTARIO	US
S2-805278402	Golden Auto Body	124 CROWNPIECE ST, TROUTMAN, NC	US
S2-583133355	Seven Silver Care	18, N.S. ROAD, 1ST FLOOR, KOLKATA, KOLKATA, West Bengal	India
S2-545670181	PDP Vinayak Pvt Ltd	Delhi, H NO-154-B  KH-124/7-PH-2, JAI VIHAR, NAJAFGARH ROAD, DELHI	India
S2-715926015	LLC CLYIAL SCÍENTIFIC	104 BILL WALLACE LANE, TRADE, TN	US
S2-337913615	Johnson, Keating and Burrell Cráne	318 I ST, WASHINGTON, DC	US
S2-160053398	MATHEWSON DIAMOND ANGEL INC	1603 SAINT ROBERT DR, CITY OF GREEN BAY, WI	US
S2-839299463	DOWNTOWNCLEANINGSERVICE.COM	6C GREEN TREE DR, SOUTH BURLINGTON, VT	US
S2-621702218	alliedaerospaceventures.com	#230 BLAKE AVENUE, BROOKLYN, NY	US
S2-598555052	Kaltenbach, Godiva, L.C.S.W. Midtown	640 ST RTE 305, OH, CORTLAND	US
S2-856732067	Belden-Resougrs, LLC	6565 CANARY RD, WESTLAKE CITY, OR	US
S2-984321955	WIV Finvest (Corporation)	NEW NO:43, OLD NO:22, REAL ENCLAVE, JOSIER STREET NUNGAMBAKKAM, CHENNAI, Tamil Nadu	India
S2-723363560	AHMEDABAD TRADING (LIMITED)	F BLOCK-302, SARJAN TOWER, NR. SUN VILLA ROW HOUSE GURUKUL ROAD, MEMNAGAR, AHMEDABAD, Gujarat	India
S2-479424988	Chandrva lnfotel Pvt Ltd	HOUSE NO.063, BHOIR ALI, NR GRAMPANCHAYAT OFFICE, THANE, Maharashtra	India
S2-908215258	SHARLINEGOYNECION.COM	161. 5th St, CHILLICOTHE, OH	US
S2-607547703	ಬ್ಲ್ಯಾಕ್ ಎಂಟರ್‌ಪ್ರೈಸಸ್ ಪ್ರೈವೇಟ್ ಲಿಮಿಟೆಡ್	Karnataka, BANGALORE, 1ST FLOOR, DESK#18A, 27THMAIN, 13THCROSS, SECTR1, #677	India
S2-806302221	PYRAAVISYN	CALVIN PARK BOULEVARD, N/A, ROCKFORD CITY, IL	US
S2-886460145	Peify Pinnacle Signs	1747 ASCOT RD, CO, STRATMOOR	US
S2-380844582	United Keystone Offshore Ltd	1134 NANTICOKE SAINT, BALTIMORE, MD	US
S2-651818522	Pvt Regal Holiday Ltd.	A-604, SOLITAIRE SQUARE, NR.GANESH VIHAR FLAT, GOVARDHAN, GALAXY ROAD, NEW NIKOL, AHMEDABAD, ગુજરાત	India
S2-452643425	Chrissy Spivey LLC Center	3907 TREELY RD, CHESTERFIELD COUNTY, VA	US
S2-922767993	Inc. Paz Coernrstotane Grupo	3561 NORTHWOOD DR, PMB 3420, MEMPHIS, TN	US
S2-161398080	Services Group North	NO 113/96SWAROOP  NAGAR KANPUR, KANPUR, UTTAR PRADESH	India
S2-685747606	The  Horizon Cloud Intemational		US
S2-829039688	LLC Colonial Keyctoe Armour	MEDFORD, 1080 1/2 BARLYNN ST, OR	US
S2-569403866	Baex Crott Healthy	600 COUNTY LINE RD, HIGHLANDS RANCH, CO	US
S2-435986420	Gilreath American Resource of Louisville Inc.	2643 OLIVE ST, LOUISVILLE, KY	US
S2-969495732	സൺ ഇംപെക്സ് പ്രൈവറ്റ് ലിമിറ്റഡ്	5/494 M, THRISSUR, Kerala	India
S2-404323940	Grand Nexera Corporation	1581C CROWNSVILLE RD, CROWNSVILLE, MD	US
S2-807695493	Vision Center North, LLC	4234 LINSTROM DR, BATON ROUGE, LA	US
S2-135778426	Dental Modern Modern Clinic,	148 HAMAKER STREET, DECATUR, AL	US
S2-231043284	A Cure 9 You Care LLC	3110 ABELL AVENUE, BALTIMORE, MD	US
S2-450055833	Global  Unified Security Services	2795 WILLAMETTE STREET, EUGENE, OR	US
S2-814405332	Global Eastern Technology Private Ltd	HOME CENTER MUKKAM BYPASS ROAD, KOZHIKODE, <NULL>, Keralam	India
S2-25122085	Coastal Resources	34747 FREEMAN DR, CARTHAGE, NY	US
S2-215181478	Swastik Enterprises Pvt [Ltd]	PRABHUDAS GANPAT KALAMBE S/O GANPAT DAYARAM KALAMBE HO.NO. 320, HANUMAN WARD, WARTHI, महाराष्ट्र	India
S2-159688311	Prarovhe Digital It Limited	###12B 12TH FLOR DOOR NO.2-91/5, TRENDSET JAYABHERI CONNECT, K.V.RANGAREDDY, SERILINGAMPALLY, Andhra Pradesh	India
S2-6281404	Smart Insurance	##1036 PINEWOOD DR, <NULL>, DOWNERS GROVE, IL	US
S2-602611350	PLATINUM-ATHENE LLC		US
S2-865546502	Amin Slsycstms Holdings	S NO. 47-1-PL-17, SWAYAMSIDHA SOCIETY KOTHRUD, PUNE, महाराष्ट्र	India
S2-752715945	Bahadurgarh Techn0logies  Ventures Ltd	H.NO-32, SECTOR-2, HD-440, BAHADURGARH, हरियाणा	India
S2-991083712	Muiiln Eqv LLC	MAPLE STREET, CITY OF VENTURA, CA	US
S2-218273875	Camden 0ptimal  Planet L.L.C.	570C MAPLE, CAMDEN, AR	US
S2-871077469	The Pilgrim Triumph LLC	301 KORBEL DR, PRINCETON, NC	US
S2-859951279	[LLC] CORNERSTONE,	4405 3, CLIFTON, NY	US
S2-21697450	Internal Internal Medicine Associates Co	6001 DUPONT AVE, PMB 2591, BROOKLYN CENTER, MN	US
S2-491620603	South हॉस्पिटैलिटी प्राइवेट लिमिटेड	DOOR NO 20 GRD FLR GALI KRISHNA PAHAR GANJ, DELHI, दिल्ली	India
S2-202154837	Apex Investors, Royal LLC	1640 Harvill Rd, CLARKSVILLE, TN	US
S2-790312152	AB Watches	SHIV SUSHIL BHAWAN, D - D/219, VIVEK VIHAR - 1 NEW DELHI, NEW DELHI, Delhi	India
S2-609408264	HB Sérvices Private Limited	32/C- DOCTOR LANE, KOLKATA, West Bengal	India
S2-280180242	Education Ster1ing Counacil	4413 BETHANY HOME RD, GLENDALE, AZ	US
S2-730595426	Christensen and Kintd Air	1322 1/2 1250, CLEARFIELD, UT	US
S2-77644998	(india) shiva fashion private [limited]	NO 99 DASNAC ANNEXE I ECE HOUSE, 28A KASTURBA GANDHI MARG, DELHI, Delhi	India
S2-889346772	MEGATECH PHARMACEUTICAL PUBLIC LIMITED	SY NO.35/4/1-2-3-4-10 GROUND FLOOR VALLABHA NISHANTH APARTMENTS, NET TO HP GAS GODOWN VASANTHA VALLABHA NAGAR, BANGALORE SOUTH, Karnataka	India
S2-516074280	KALI DABNEY FACTORY INC	CEDAR ST, WOBURN, MA	US
S2-985176665	Vértex	ABIGAIL WAY, PENNSBURG, PA	US
S2-738413712	മാ സൂര്യ അഗ്രോ പ്രൈവറ്റ് ലിമിറ്റഡ്	MALAPURAM, BLOCK F-627 NO.V/249P, OPP.A.V.H.S GROUND MADATHIL COMPLEX, PARA, PUTHANPALLI, PONNANI, Keralam, MALAPPURAM	India
S2-395004376	ಸದರ್ನ್ ಕನ್‌ಸ್ಟ್ರಕ್ಷನ್ಸ್ ಪ್ರೈವೇಟ್ ಲಿಮಿಟೆಡ್	#906, BELGAUM, Karnataka	India
S2-105846965	Avila Sky Partners	TN, CONCORD, 1738 BREEZY RIDGE TRL	US
S2-480051738	Western &	H.NO 1625 BADNAPUR, BADNAPUR, JALNA, Maharashtra	India
S2-582418701	టెక్ కన్‌స్ట్రక్షన్స్ ఫర్నిచర్ ప్రైవేట్ లిమిటెడ్	NO 27 O\O.NILE LIMITEDINDUSTRIAL ESTATE NACHARAM, HYDERABAD., Telangana	India
S2-107631918	DAVIS'S STERLING SUPPLY	11897 MARLOWE DRIVE, DAKOTA RIDGE, CO	US
S2-656679002	Earth Limited Services	PLOT NO. 0383-C , KH NO.-3, 14/2, VILLAGE NANGLI, NEW DELHI, Delhi	India
S2-800253109	GENIUS RAESORNS PVT. LTD.	PLOT NO.N/6-265, JAYDEV VIAHR, BHUBANESWAR, Odisha	India
S2-826945262	BEHRENS CLEAR STAFFING LLC	210 BATTLE AVE, WHITE PLAINS, NY	US
S2-196535132	Hollingsworth Systems Partners [LLC]	2367 30TH STREET, MOLINE, IL	US
S2-990814331	Shri Structure Estate Private  Limited		India
S2-372738616	Kim & Knuth	12825 PALO ALTO DR, VICTORIVLLE, CA	US
S2-150520889	Fiable Centre  Medical	C/O RABINDRA NATH SHARMA, PURANI BIJALI COLONY, JEHANABAD, बिहार	India
S2-829379762	Secure Concord	8927 EAGLE RUN ST, LA PORTE, TX	US
S2-939286954	Behavioral Health Care Óf Mesa	1546 CAPRI AVENUE, MESA DOBSON, AZ	US
S2-352197962	Foundation Lakhani Solutions-Private Ltd	4624, PKT-B-5&6 VASANT KUNJ, Delhi	India
S2-516939399	Dale Lewis Cléár Vista	CLEMENTS STREET, PADUCAH, KY	US
S2-52012761	मॉडर्न लॉजिस्टिक्स प्राइवेट लिमिटेड	472, PERIN VILLA, GHOLVAD BORDI ROAD, GHOLVAD, DAHANU, THANE, Maharashtra	India
S2-614029777	VANMETER GLOBAL	ALDERLY COURT, INIANAPOLIS, IN	US
S2-412109901	Blue Health Center Center	34A HOOD ROAD, CAMDEN, TN	US
S2-775123169	silver marine holdings		US
S2-83966990	सूर्य बिल्डर्स लिमिटेड	SHIV COMPLEX, NEAR RAILWAY STATION, MAINPURI, उत्तर प्रदेश	India
S2-858440545	INC. DIMAS, BUDLONG & HONG	TAMMY DRIVE, FAIRFAX COUNTY, VA	US
S2-919218989	lnfra Mk Solutions Provte Limited	THE CAPITAL G- BLOCK, BANDRA KURLA COMPLEX BEHIND ICICI BANK, PLOT - C70, BANDRA -, EAST, MUMBAI, MUMBAI CITY, Maharashtra	India
S2-824535892	Northern Corp Center	17791 WHITE TAIL CV, OWASSO CITY, OK	US
S2-162725717	Urban Pizza  Co	1435 THNKFUL CH RD, BOOMER, NC	US
S2-288682869	ग्रीन आईटी प्राइवेट लिमिटेड	NASHIK, SHAMKALYANI APTBOYS TOWN RD NASHIK, Maharashtra, FLAT N.3A	India
S2-179552115	Athena Fletcher National Newhold  LLC	12134 ST RTE 93, PO BOX 2180, LOGAN, OH	US
S2-99761188	lnspiration Fóundation LLP	കേരളം, ERNAKULAM, MUMTAZ, P.H ROAD KACHERIPADY, 68/1392-A, ERNAKULAM	India
S2-322108709	FAMILY HCBABCLT,H INC	3871 1100, FAIRMOUNT, IN	US
S2-375862638	എയ്സ് ഇന്റർനാഷണൽ പ്രൈവറ്റ് ലിമിറ്റഡ്	NO.#4/461, ERNAKULAM, Keralam	India
S2-670896428	A Smart	WEST DES MOINES, 64ND STREET, IA	US
S2-815307322	Midaia Ventures Group	5922 RIDGE, SAYBROOK TWP, OH	US
S2-731764146	L.L.C. ENGELKE, YU AND LEHMAN	31 J R LANE, PMB 8181, CANDLER, NC	US
S2-169895608	Pruitt Matthews & P.C.	17061 15, AUDUBON, MN	US
S2-336699886	Prime Commercial Cóllective PLLC	2528-A MCKELLIPS RD, MESA MOUNTAIN VIEW, AZ	US
S2-152738861	Walton, Noggle & Roberts LLC	5322-D BUTTERFIELD STREET, CAMARILLO, CA	US
S2-45808101	రాయల్ రెడ్ సిస్టమ్స్ లిమిటెడ్	DOOR NO 8-2-293/174/4/B/B/3, HYDERABAD, KHAIRATABAD, తెలంగాణ	India
S2-227971501	Electronic Márketing Studios LLC | www.electronic.com	526- LIBERTY HILL ROAD, PO BOX 8872, MORRISTOWN, TN	US
S2-879520998	Nexora  Fortis	72 BEVY CT, PMB 6393, BROOKLYN, NY	US
S2-762629823	અલ ટેક્નોલોજી પ્રાઇવેટ લિમિટેડ	Gujarat, PLOT NO ##448, KACHCHH, SECTOR 2 KANDLA SPECIAL ECONOMIC ZONE, GANDHIDHAM	India
S2-920354135	Nguyen Smrinmt Purecycle  Inc	042745 GELDING SQ, LOUDOUN COUNTY, VA	US
S2-649643841	BRIGHTOS BSP	1A ROBINWOOD RD, PMB 4346, BUZZARDS BAY, MA	US
S2-114609676	Dental  Sapceiasicts	17812 Hidden Garden Ln, ASHTON, MD	US
S2-526250796	Diex Kongsberg	AK, 3541- MELNITSA LN, KODIAK ISLAND BOROUGH	US
S2-683384481	ARIALYRA	121 Valley Court, PERRYVILLE, KY	US
S2-407424166	Gevaa Service	7625 LOMA VISTA DRIVE, KANSAS CITY, MO	US
S2-984739490	Carolee Gill Alchemy P.L.L.C.	##100 ROBBINS BOULEVARD, DAPHNE, AL	US
S2-763996652	Harbor Harbor Health	6027 POWELL DR, INDIANAPOLIS, IN	US
S2-445424201	PIONEER CREATIVE OUTDOOR	213 MOONSTONE CT, JACKSONVILLE, NC	US
S2-675013595	ARGUETA & [TAFOLLA]	233 17nd Street, SAN BERNARDINO, CA	US
S2-637492417	loken, drake & cruz group	NY, GLENFORD, #55 GLENFORD WITTENBERG ROAD	US
S2-223166020	NEW DELHI PHARMA PRIVATE LTD	KU-5 PITAM PURA, NEW DELHI, Delhi	India
S2-470280675	Nextgen Millsprivate  Piravte Limited	7- 61, CHINNAKONDRUPADU POST, PRATHIPADU MANDAL, ఆంధ్రప్రదేశ్	India
S2-23543501	Saurashtra Plantation Infratech Private	A-69 SUNCITY, BAREILLY, उत्तर प्रदेश	India
S2-213466678	Jaipur Management Private	H.NO 16 BUS STAND AANDHI, PANCHAYAT SAMITI AANDHI, TEHSIL-JAMWARAMGARH, JAIPUR, राजस्थान	India
S2-189288205	A Advanced-Acilnce		US
S2-164927096	SUMMIT TRUST COMPANY	F-3-134, RIICO INDUSTRIAL AREA, PHASE-II, राजस्थान	India
S2-164551436	Blue Developers Private Limited	PLOT NO.##80 , KIRAN ENCLAVE SIKH ROAD, SECUNDERABAD, Telangana	India
S2-698269975	రామ్ బిల్డర్స్ ప్రైవేట్ లిమిటెడ్	FLAT 412., D BLOCK, APILA APARTMENTS, K.V.RANGAREDDY, RAJENDRA NAGAR, Telangana	India
S2-110256592	Mark Memorial Services	उत्तर प्रदेश, B 136- POCKET 2 KENDRIYA, VIHAR SECTOR 82 MAHARISHI, NOIDA	India
S2-483471195	Precision United Printing Center Inc	1200 MULBERRY DRIVE, NULL, MARBLE FALLS, TX	US
S2-413254444	श्री सॉल्यूशंस इंडस्ट्रीज प्रा. लि.	FLAT NO 8 ANKUR APPT B-23, NASHIK, महाराष्ट्र	India
S2-265495770	Behavioral Health Spécialists LLC LLC		US
S2-67690071	बाबा कंस्ट्रक्शंस प्राइवेट लिमिटेड	BUILDING NO 13/1401, MUMBAI, MUMBAI CITY, Maharashtra	India
S2-689272442	Williams, Windsor & Espinosa Árchimedes LLC	2 STROPKOV COURT, KIRYAS JOEL, NY	US
S2-17143986	BEAR INFOSYS PRIVATE	NO ##24 C/O BRIJESH KUMAR, SIPAH, IBRAHIMABAD, MADHUBAN, Uttar Pradesh	India
S2-63037002	Narayan Propertiesprivate Public Limited	D-00237, KUSUM VIAR, JAIPUR, Rajasthan	India
S2-607876776	Lozano Sterling Pharma PLLC	1358 1420, LINTON, IN	US
S2-473106638	south bend cultural initiative	##2030 S BEND AVE, SOUTH BEND, IN	US
S2-933898303	Redwood Inc	2635 GREEN RIVER RD, EVANSVILLE, IN	US
S2-438976183	dattatradingclinic.com	Uttar Pradesh, PLOT #175 A1 24 FLAT NO 3 UPPER GROUND FLOOR DLF DILSHAD EXTENSION II SAHIBABAD GHAZIAB, AD	India
S2-553624789	gupteshwarproducts.com	B-5-802, SATGURU COMPLEX, I.A.K. VAIDYA MARG, GOREGAON (EAST), Maharashtra	India
S2-273693721	DREAM BROTHERS PRIVATE LIMITED [SERVICE]	Maharashtra, H NO. 00311 BEHIND PETROL PUMP PARIKHA, ICHALKARANJI	India
S2-703760330	Fais Inc	444 WHISPERING PINES DR, SCOTTS VALLEY, CA	US
S2-19864969	HERNANDEZ, DUFRENE &  OLlVA HOUSING, L.L.C.	5036. LAMBETH SAINT, SALT LAKE CITY, UT	US
S2-665738	Ltd. Armour Fresh	OFFICE NO.34, RAIGARH, PANVEL, Maharashtra	India
S2-332903943	studiohairurban.com	8951 COMMERCIAL AVE, CHICAGO, IL	US
S2-958880816	Little Bike Shop! Inc.		US
S2-572413797	मॉडर्न विजय टेक्नोलॉजीज प्राइवेट लिमिटेड	712/23, LAXMI GARDEN, GURUGRAM, NEW DELHI, GURGAON, Haryana	India
S2-162679837	क्लासिक गुरु एग्रो प्राइवेट लिमिटेड	I., MUMBAI, B-110, Maharashtra, CRYSTAL PLAZA, ANDHERI LINK ROAD, ANDHERI (WEST), MUMBA	India
S2-976764875	Cris's Empire Hospitality, [Incorporated]	32 BEDFORD STREET, WYANDANCH, NY	US
S2-538057798	JESSAMINEBLACKKEYSTONE.COM	ATLANTIC COAST ST, CAMERON, NC	US
S2-14371349	4826 First Way Apartments West Incorporated	2845 HARDING AVE, BRONX, NY	US
S2-735623776	Rd & Brothers	###520 SECOND FLOOR, VILL RAJPUR KHURD NR DEFH, SOUTH DELHI, दिल्ली	India
S2-970954955	Liberty (Charities)	724-C BRUNS LANE, <NULL>, SPRINGFIELD, IL	US
S2-857125609	Silver Line	NC, 2133 STONEHENGE STREET, NEWTON	US
S2-436367575	Lumoli View	#289 SECOND SAINT, PERU, IN	US
S2-420712677	PINNACLE BOLD LTD	378 OAK HILL COURT, PMB 6657, WAXAHACHIE, TX	US
S2-373072197	Shri ECO ESTATE HOLDINGS PRÍVATE LIMITED	A/506, MIRA VIHAR A/4 CHS LTD, NR. S.K. STONE, MIG COMPLEX, MIRA BHAINDAR ROAD, MIRA ROAD EAST, Maharashtra	India
S2-313799340	Threads Sangh Co	AA-1/56/10, SECTOR-21, TURBH, VASHI, महाराष्ट्र	India
S2-799279854	Eye Healt LP LP	202 Cameron Rd, BEDFORD COUNTY, VA	US
S2-216144906	Shri poonamskinindia.com	506, 513, 17G, VARDHAMAN CHAMBER, CAWASJI PATEL RD, HORNIMAN CIRCLE, FORT, MUMBAI, Maharashtra	India
S2-850255256	Brianne G. W0ods, Ph.D. [Midtown]	3430 149TH AVE, GOODYEAR, AZ	US
S2-689273074	Brittani's  Direct Fiaolsherees	CAMBY, 8502 FINLEY ST, IN	US
S2-506772550	FOOT & ANKLE STRÁTEGIC GROUP	211 MCKINLEY AVE, CHARLESTON, WV	US
S2-815038162	Gripp Dixon Piedmont	2015 WIDGEON POINT, LEBANON, TN	US
S2-450884766	Sgk Sons Private Limited Center	NO 66 6-1-276/A/5, PADMARAO, NAGAR, SECUNDERABAD, Andhra Pradesh	India
S2-863290950	... Straight Edge Taever! LLC	8711 DEER MEADOW DR, HOUSTON, TX	US
S2-944156972	Jerrilee Myers, DO, DDS PC Partners Co	3291 GRISWOLD AVENUE, <NULL>, BRONX CITY, NY	US
S2-525479440	Classic Sgolfithogns Pvt Ltd	FLAT NO 302 3RD FLR GOKULANANDANA RESIDENCY PB NAGAR OLD SAFILGUDA, HYDERABAD, Andhra Pradesh	India
S2-761431548	Rdbt Group	96- TERRACE DR, BROWNSVILLE, TX	US
S2-218458180	ಹೈಟೆಕ್ ಪವರ್ ಪ್ರೈವೇಟ್ ಲಿಮಿಟೆಡ್	NO. 55, PALM GROVE AVENUE, UTOPIA LAYOUT, OLD BANGALORE RESORT, TARABANAHALLI, CHI, KKAJALA PO, BANGALORE URBAN, BANGALORE, Karnataka	India
S2-101876367	लाइफ इन्वेस्टमेंट्स प्राइवेट लिमिटेड	NO ##4 SAPTAGIRI WAREHOUSING, GAT NO.211, SAVLI. TAL- MIRAJ, DIST-SANGLI, SANGLI, SANGLI MIRAJ KUPWAD, महाराष्ट्र	India
S2-34382123	STORMPATTONSECURE.COM	3398 SALISBURY RD, RICHMOND, IN	US
S2-394982707	Veque Tri-State Services	##300 KENYON ST, OLYMPIA, WA	US
S2-649763297	MIDWEST PROGRAM LLC	Grant Avenue, INDIANAPOLIS, IN	US
S2-454451946	Venkata (Índia) Exports Pvt Ltd	504, 4TH FLOOR, SULTANPUR, MG ROAD EMPIRE APARTMENTS, NEW DELHI, Delhi	India
S2-848857882	Smt ML  & CO OVERSEAS CO	OFFICE NO.D/716, CTC NO 256, SR NO 2/3A, WEST AVENUE, HAVELI, Maharashtra	India
S2-701822794	CHEF CO +	F/3/16/1, SREEMA PROJECTS, JALAKAL, MAHESHTALA, BUDGE BUDGE TRUNK ROAD, KOLKATA, West Bengal	India
S2-700453080	বিগ প্রডিউসার এলএলপি	West Bengal, HOWRAH, KOLKATA, HARE STREET, 5TH FLOOR ROOM NO. 501, ASHOKA HOUSE, KOLKATA, 003A	India
S2-315574689	Krittech India Limited Service	Uttar Pradesh, C/O SUNITA DEVI 0, RAM NAGAR SAHSON, SAHSON	India
S2-495403693	Visoft Co	9669 STAFFORD ST, RANCHO CUCAMONGA, CA	US
S2-656248620	Beacon Siddhi Strategic	NEPHI CITY, UT, 340- 700	US
S2-295127694	Holdings India Gms	294. - 721, JHADESWARPUR, JALESWAR, JALESHWAR, Odisha	India
S2-656781280	Dr Nirmitee Estates Overseas Pvt. [Ltd.]	Maharashtra, A-25, ANJENEYA SOCIFTY, YAVATMAL	India
S2-93284194	Cascade Center Corp.		US
S2-400296273	Pushpak-Nursing Home	SHOP 701 INTERNATIONAL BUSSINESS CENTER, DUMAS ROAD, PIPLOD, CHRYASI, Gujarat	India
S2-720472225	5tar Hospital [Corp]	137 SINDH CO OPERATIVE HOUSING SOCIETY, PUNE, महाराष्ट्र	India
S2-206003291	Gallant Proucts Pvt. Ltd.	Bihar, C/O- NAIYER RAHMAN AT- PHULWARI SHARIF TOLA- CHAND COLONY BLOCK-PHULWARI SHARIF, PATNA	India
S2-520225789	Scon  Distribtros Limited	B3/27, AMARNATH ESTATE DEHGAM ROAD, NARODA, Gujarat	India
S2-401917823	Smt Tak Udyog  Exports Pvt Ltd	BLOCK C-162 OFFICE NO.2, 6, 7, 1ST FLOOR, AYODHYA TOWER, 511/KH, E, KARVIR, महाराष्ट्र	India
S2-648233629	PEDIATRIC  MIDWEST CARE ASSOCIATES	CHATSFORD COURT, PEORIA, IL	US
S2-426034194	jonesboro autism assistance legacy trust inc	312 SHTDOW RIDGE DRIVE, JONESBORO, AR	US
S2-929904575	Family United Midtown (Center)	558-A AUTUMN AVE, BROKLYN, NY	US
S2-713392452	Tri-State Harbor Llc	18565 BASELINE RD, BEAVETON, OR	US
S2-224197700	Advanced  Keystone Vance Holdings	151 DEVILS TRAMPING GROUND ROAD, BEAR CREEK, NC	US
S2-680673230	Veex Ínc	137. CARLISLE ST, PMB 9038, MOORESVILLE, IN	US
S2-813983514	Platinum Diagnostics Southside Incorporated	313 57TH AVENUE, PORTLAND, OR	US
S2-637362321	YASH JI PRIVATE  LTD	FLAT NO 1/1201. , ACROPOLIS, BLDG NO 3, SECTOR NO 3, VASAI, Maharashtra	India
S2-421024338	Dr JOHN CO CENTER	SURYAMAHAL B3/5TH FL5 BURJORJI BHARUCHA MARG FORT, MUMBAI, Maharashtra	India
S2-744832269	Jenks, Óelschlager and Brown PLLC	GROTON, CT, 155 D St	US
S2-264153628	Silver Co  Holdings Center	SARBAT ALI CHAWL ROOM NO22 JAMIL NGR RD BHANDUP, BHANDUP, Maharashtra	India
S2-401196526	Scott Associates Meshflow	027 RIDGE RD, GASPORT, NY	US
S2-927192015	Foot and  Ankle Better L.L.C. Center	0098 FERNHILL ROAD, CATHLAMET, WA	US
S2-845815666	jaytech.com	7-32 A, POCKET A-2, MAYUR VIHAR PHASE-3, DELHI, दिल्ली	India
S2-386950762	మా సదర్న్ ప్రాజెక్ట్స్ ఎలక్ట్రానిక్స్ ఎల్‌ఎల్‌పీ	NO 00323, 'C' BLOCK, ADITYA ELITE LANE BESIDES KIRTILAL JEWELLERS, SOMAJIG, UDA, HYDERABAD, Telangana	India
S2-74221250	India Parasmani Products-Co	NO 11 B/H GIRIBSHA PIRDARGAH BHAVNAGAR-RAJKOT ROAD SIHOR, D BHAVNAGAR, Gujarat	India
S2-946549126	Hofstetter Sfceufe Resilience Downtown (LLC)	001023 TAMARIND DR, GALESBURG, IL	US
S2-978566009	Qutubullapur Trading Private Ltd	FLAT NO: ##202, PLOT 67, 68, GOTHIC PRUTHVI APARTMENT, QUTUBULLAPUR, Telangana	India
S2-383319640	Koral's Sales Partners	PO BOX 3969, BRIDGEPORT, TX, EDISON STREET	US
S2-410979167	Lemus, Kern and Williams Security Services LLC	1824 PENNLAND CT, TOWAMENCIN TOWNSHIP, PA	US
S2-495870014	Kullampalayam Post Ceramic Private	NO 1/110 NATHIPALAYAM VILLAGE, KULLAMPALAYAM POST, Tamil Nadu	India
S2-872854547	-- Apex Tri-State  Commodity Inc	755 RUST ST, SAINT ALBANS, WV	US
S2-710193303	Gordon Jpmorgan North LLC	34-C IMPERIAL LN, STOCKPORT, NY	US
S2-409681797	Noviorbifaye	150 FRONT SAINT, WI, PRESCOTT TONSHIP	US
S2-336246596	फॉर्च्यून एग्रो प्राइवेट लिमिटेड	62, DATTASHRAM, 1ST LANE, HINDU COLONY, DADAR EAST, MUMBAI, MUMBAI CITY, Maharashtra	India
S2-335103314	Foot &  Ankle Center LLC	2500 DAVE WARD DR, CONWAY, AR	US
S2-721115199	Navjeevan & Sons Industries Private	Maharashtra, 412 HILL VIEW INDUSTRIAL ESTATE KL B S MARG AMRUT NAGAR GHATKOPAR (WEST), MUMBAI	India
S2-748394966	Risley, Rosebrock and Bussell LLC	30 BLODGETT AVENUE, CLARENDON HILLS, IL	US
S2-671439142	Regional Services	3730 ARCHER AVENUE, N/A, CHICAGO, IL	US
S2-844405789	M/s Fairfield  Polytechnic Private Limited	HN #952 WARD NO. 6, MOH- SIDDHESHAWER, TULSI SAGAR LANKA, GHAZIPUR, उत्तर प्रदेश	India
S2-402691983	LKU Panacea Private [Ltd]	Keralam, T.C 17/1160, SRA 34, SHASTHA NAGAR, PANGODE, THIRUVANANTHAPURAM, THIRUVANANTHAPURAM	India
S2-692222477	Human Álliance Rights - 2107896183	725D BROADWAY ST, PO BOX 5843, SHELBURN, IN	US
S2-735983239	PRIVATE SOUTH SHIVAM HOSPITALITY LIMITED	544 TO 546, SANGINI TEXTILE HUB-B, SURAT, CHORYASI, ગુજરાત	India
S2-264225732	All Infrastructure Private Ltd	H.NO 23/7 , BLOCK - E GOELA VIHAR, NAJAFGARH, NEAR ST. THOMAS, SCHOOL, NEW DELHI, Delhi	India
S2-456846984	shyammedia.c0m	B/36 1209 PAIKI, VAIKUNTH VIHAR SOCIETY, DASKROI, ગુજરાત	India
S2-298234540	ROBINET M. TRAVIS, DDS	35 HAROLD ST, BOSTON, MA	US
S2-806755110	lines solutions llp	H.NO 34 A SAGAR APARTMENT 6TILAK MARG, NEW DELHI, Delhi	India
S2-135889825	Novexyn Ftai	1105 LAMPTON LANE, DEERFIELD, IL	US
S2-257196284	Korzeta Project LLC	5726 WALID LANE, ROSENBERG, TX	US
S2-37456315	Stirgg Inc	1210 6TH AVENUE, YAKIMA, WA	US
S2-217294948	WH Craitta, Inc	9141 43TH TERRACE, KANSAS CITY, MO	US
S2-707685189	Batech Empire LP	4030 LAMONTE STREET, SPOKANE, WA	US
S2-611773211	Royal Championsgate	10045 ROBERTS RD, PARIS, NY	US
S2-334229196	लोटस सुप्रीम सिस्टम्स प्रा. लि.	DOOR NO 35/1 MANSAROVAR, JAIPUR, Rajasthan	India
S2-759443556	cóastalcommittee.com	3867- 8, WEVERTWN, NY	US
S2-584638543	Kolkata Services Private Limited	A-4, MIDDLETON STRRET, KOLKATA, KOLKATA, পশ্চিমবঙ্গ	India
S2-83176061	NOEX LLC  CENTER	5373 TAYLORSVILLE ROAD, NULL, DALE, TX	US
S2-871641838	L.L.C. Villegas Laboratories	325 8RD ST, GLENCOE, MN	US
S2-680521909	Foot & Ankle Optimal  Health	1015 GWINMAR RD, INDIAN TRAIL, NC	US
S2-522201538	LTD RAJVEER FOUNDATION PVT	H.NO 208 FLAT NO B9, HOUSE NO 24/253/14, KRISHNA HOMES, ACHUTHAM APPARTMENTS, THRISSUR, KOTTAPPURAM, Kerala	India
S2-109676819	PIONEER MEDICAL UNION LLC	450 146RD ST, URBANDALE, IA	US
S2-37582433	Urgent Care-Center LLC	61 GRANDVIEW AVENUE, HUBBARD, OH	US
S2-594111267	Express Motors	1125 PACKARD PLACE, AUBURN, IN	US
S2-158287925	HELIOS  INC	FALLS CHURCH, 2084 GILLEN LANE, VA	US
S2-593097221	Pediatric Associates (Inc.)	314 BRAXTON RD, <NULL>, LUNENBURG COUNTY, VA	US
S2-751758246	Z+ LLC Center	28 WESTPOINTE DR, HUNTINGTON, WV	US
S2-903157595	DITEEX DOMINION LLC	10210 BOUGAINVILLEA DR, CASA GRANDE, AZ	US
S2-763383606	Mangalnayak &  Sons Associates	14, V K N NAGAR T V S NAGAR, COIMBATORE, Tamil Nadu	India
S2-894744347	PRIME LLP-PARTNERS	TURKHA VILLAGE, PALIYAD ROAD, ROAD 66 KV, BOTAD, Gujarat	India
S2-901236386	COMMUNITY COUSCIL III	ROCHESTER, WA, 17948 DANBY DR	US
S2-216424826	Goldmine Brothers Prvigte Limited	0024, HEMANTA BASU SARANI, MANGALAM-A, 3RD FLOOR, ROOM NO. 309, KOLKATA, KOLKATA, West Bengal	India
S2-507621395	ALIPORE GREEN LIMITED	DOOR.NO 2804.EDINA.HOUSE OF HIRANANDANI I.5/63.OMR.EGATTUR, CHENNAI, தமிழ்நாடு	India
S2-334299986	Aquino, Martin and Marble Partners Co	17658-A MARCONI AVENUE, SURPRISE, AZ	US
S2-517209859	अरिहंत फूड प्राइवेट लिमिटेड	135, SADASHIV PETH GADRE CHAMBERS, 1ST FLOOR, FLAT NO. 5, PUNE, Maharashtra	India
S2-689506093	>> Premier Data	3795 HIGHWAY 270, AR, PENCIL BLUFF	US
S2-593128432	Cascade Chraitise	125, CHUMONT, NY	US
S2-280628819	Gershon and Ds	4006. MONACO DR, INDIANAPOLIS, IN	US
S2-630938152	शक्ति प्रोड्यूसर प्रोविजन	F.NO.C-6, GANGADARSHAN, HSGSOC, JAIL ROAD, NASHIK, NASHIK, Maharashtra	India
S2-18297886	Krishna Estate Estate Private Ltd	#814 GAT/4592, NEAR TRINETY SHIRUR SHIKRAPUR, PUNE, Maharashtra	India
S2-784883030	SOFTWARE GAURIKA LIMITED CENTER	#305 C/O SHYAM KAMAL KUNDU KARANDIGHI, TUNIDIGHI, West Bengal	India
S2-384071640	Behymer Rocky Pharmaceuticals Inc	05384 DAVIS CREEK RD, JUNCTION CITY, KS	US
S2-646085998	Eye-Partners [Inc.]	5 1/2 Dolores Dr, TEWKSBURY, MA	US
S2-940588155	Fuller Arrow	1247 150TH ST, ST ANTHONY, IA	US
S2-410362592	Drumm, Beechler and Mulcahy	TRAP POND RD, LAUREL, DE	US
S2-978428190	Silverline Beverages  Ventures	H.NO 646 S NO.127/2175/8, SILVER SKYSCAPES, WAKAD, FLAT-D/502, PUNE, Maharashtra	India
S2-413122972	LLC CREATIVE WAVE	318 CEDAR GROVE RD, EDGEWATER, MD	US
S2-269070497	Summit Pediatrics Holdings	421 TUCKEY LANE, MARYVALE, AZ	US
S2-772847947	Unified Technologies North LLC	61 COURT ST, GALLIPOLIS, OH	US
S2-113851294	ZRN KAKA PRIVATE	G -25, SAMAAN COMPLEX, OPP. KAMESHWAR SCHOOL, JODHPUR CROSS ROAD, SATELLITE, AHMADABAD CITY, ગુજરાત	India
S2-264918574	Doum  Ventures	BUCKINGHAM AVENUE, MILFORD, CT	US
S2-122782052	... TIO Rent	5088 MAPLE GROVE RD, HERMANTOWN, MN	US
S2-513894467	savitrisons.com	341, IST FLOOR, BEHRA ENCLAVE, PASHCHIM VIHAR, DELHI, Delhi	India
S2-105465040	Hamilton Swanson & Harvey Value Clinic	#6343 BOSFORD ST, NAVARE CITY, OH	US
S2-94674746	Anchor Hospitality Concepts	LILLINGTON, NC, 35 MAIN STREET	US
S2-869867321	PERIDAN LAFAYETTE LP	641-D MAIN STREET, WOBURN CDP, MA	US
S2-546015762	NEIDERT TRUSTED  BRIGHTHOUSE	3723 4TH STREET, DUUTH CITY, MN	US
S2-841771596	POWELL CENTER  PRUDENTIAL	8202-8206 OLD STATE RD, BREESE, IL	US
S2-17841368	Mullen and Estes Properties Inc	AR, #76 BODIFORD LN, CALRENDON	US
S2-441429025	प्राइम कंसल्टेंट्स	71, E, ANNAPURNA NIWAS, PAREL VILLAGE, MUMBAI, MUMBAI CITY, महाराष्ट्र	India
S2-711813637	Scholarship  Foundation Corporation	Madison Ave, GRANITE CITY, IL	US
S2-863107661	*** KEITH ELITE LNG L.L.C.	414 1/2 LINCOLN AVENUE, KS, WAMEGO	US
S2-560872521	Salem Cornerstone Broadband Associates Corp		US
S2-944572844	Sharpe and Salter Pizza	OK, 11423 99TH STREET, OWASSO	US
S2-138167806	Mr VIJAYSHREE & CO	OFFICE NO. C ##23, ALOKNAGARI, NEAR PAWALE CHOWK, 1305, KASBA PETH, महाराष्ट्र	India
S2-345870018	Shree Sai Enterprises Private	23A NANDPURI MARG, NANDPURI COLONY, HAWA SARA, JAIPUR, राजस्थान	India
S2-83264003	SYNDREXBRIX	2341. CAROL ST, IL, E SAINTLOUIS	US
S2-62866490	Super  Software	86A TOPSIA ROAD HAUTE STREET, KOLKATA, KOLKATA, পশ্চিমবঙ্গ	India
S2-496281180	Rozalie Currier-Auto Service		US
S2-180488571	NEXUSA CLEANING SERVICE-LLC	TAYLOR, TX, 808 RICES CROSSING RD	US
S2-345109926	PERL FHAI INC	#74 600, RICHFIELD CITY, UT	US
S2-76614026	Bangalore Land L.L.P.	NO 527, 3RD FLOOR, 4TH CROSS, CMR ROA,D 2ND BLOCK, HRBR LAYOUT, KALYAN NAGAR POS, T, BANGALORE, Karnataka	India
S2-254980478	DYNAMIC LIMITED CENTER	PLOT 71 HOUSE NO 44 FLOOR 1ST BLOCK BALI NAGAR NEW DELHI, DELHI, Delhi	India
S2-982686602	Smt PATODIA & SONS-NAJAFGARH CORP	NO 2-A , KH NO 56/10, BLK -B GOPAL NAGAR, NAJAFGARH, Delhi	India
S2-3479621	Great Inc Center	WI, 126 SERENA LANE, BURLINGTON CITY	US
S2-288776150	अरिहंत कंसल्टिंग	FLAT NO. B4-503, PUNE, Maharashtra	India
S2-329680640	Owens Electric	NY, 484-488 ROCK AVENUE, CHESTER	US
S2-131193224	Western Certified Arrived Metro	8468 MUIRWOOD TRAIL, FORT WORTH, TX	US
S2-494136833	Diamond Comlerdcal Brands (Holdings)	856  BARRETT AVENUE, EUGENE, OR	US
S2-971814766	SOUTHERN (INDIA) METAL PRIVATE LIMITED	BLOCK B, PLOT NO 16, SHYAM ENCLAVE VILLAGE PASAONDA, PARGANA LONI TAHSIL, GHAZIABAD, Uttar Pradesh	India
S2-933456851	Summit Anmdl [Hospital]	72 CRYSTAL OAK LANE, ARLINGTON, TX	US
S2-335954010	साउथ डेवलपर्स प्राइवेट लिमिटेड	38., GURGAON, हरियाणा	India
S2-35157160	अरिहंत टेक	NO 96 C-401 TO404 RAYLON ARCADE, RAMKRISHNA MANDIR ROAD, MUMBAI, Maharashtra	India
S2-712293812	Peak LLC [Center]	ROCKFORD RD, SHELBY CITY, NC	US
S2-411934572	The Universal Medical Technologies Ínc	8544 RED FOX LBNE, WHITE MOUNTAIN LAKE, AZ	US
S2-262169408	Hogue First Pioneer Associates Inc.	7126 PINE RIDGE DR, DENVER CITY, NC	US
S2-330173720	Caudill Liberty Community	WV, 1548 LONG RUN RD, LOST CREEK	US
S2-956877732	FINA K. GAA,T O.D. PARTNERS	625 EVERGREEN STREET, SILVER SPRING, MD	US
S2-218752245	M/s MAA SOLUTIONS PRIVATE	PLOT 175 C-3/19 G/F VASHISTHA PARK, DELHI, दिल्ली	India
S2-21919591	Franzese's Silver Audio (Installation)	1722 PECAN PARK DR, ARLINGTON, TX	US
S2-521880320	Inc. Pediatric Denta1 Care Associates	##281 2121, CANTON, TX	US
S2-125139033	Safe Champi0nsgate  L.L.C.		US
S2-851902901	Ziravi Ltd Partners Partners	527, VILLAGE - ISLAMPUR SOHNA ROAD, POST OFFICE SOUTH CITY II, Haryana	India
S2-771847225	Cedar Surgical Priftae Limited	Andhra Pradesh, 3-344/4 , FLAT NO.103, SRI SAI RESIDENCY, 1ST FLOOR, 9TH LINE, PANDARIPURAM, CHILA, KALURIPET, GUNTUR	India
S2-658085818	ब्लैक इंटरनेशनल एलएलपी	C/O JAGDISH PRASAD, DEGABAS, TARANAGAR, CHURU, Rajasthan	India
S2-887822218	Silver Storage  LLC	2304-B RIDDLE AVE, WILMINGTON, DE	US
S2-739739295	Romero Continental Universal PLLC	146 1/2 COUNTY ROAD 3107, HILLSBORO, TX	US
S2-739151869	SMART ALL  THERAPEUTICS INC		US
S2-366593030	UNIFIED FINANCIAL DYNAMICS CLINIC  LP	260 4nd St, RAMONA, OK	US
S2-819765288	Mosoft Blue Pipeline [LLC]	249 VAN HOLLOW ROAD, KY, MCKEE	US
S2-727772082	Sree &	G-2., MIDC AREA, AMBAD, Maharashtra	India
S2-299828312	Malagon Víii Saba &	00401 KINGSTON AVENUE, ROCKWOOD, TN	US
S2-712429055	Falkner and Keith L.L.C. Services	7146 AVON RD, CARROLLTON, OH	US
S2-879042021	Total Agricultural Industries	GERONIMO CT, GLBERT, AZ	US
S2-603186927	Global Tankers Holdings	6974 11, TULLY, NY	US
S2-45497080	EMPIRE CENTER	205 BUSCHER AVE, VALLEY STREM, NY	US
S2-960524356	PEAKAEROSPACEPARTNERS.COM	6547 PATO ROAD, ALBUQUERQUE, NM	US
S2-540775047	dhdigital.com	3552 1/2 LILLOET STREET, WEST VALLEY CITY, UT	US
S2-108987177	ஷ்யாம் சொல்யூஷன்ஸ் மெடிக்கல்ஸ் பிரைவேட் லிமிடெட்	766/10, ANNA SALAI, THOUSAND LIGHTS, CHENNAI, Tamil Nadu	India
S2-981573492	Pesce First Prgcpial Partners	183. Belle Avenue, DELAWARE, OH	US
S2-77576720	Diamond Equity  Technologies Inc	28 AUSTIN AVE, CARPENTERSVILLLE, IL	US
S2-302050908	Reyna Vogel, D.C., Inc	14041 24TH WAY, PHOENIX, AZ	US
S2-485613234	group metropolitan allspring	10591 BERGTOLD ROAD, CLARENCE, NY	US
S2-711477101	Adams Pnacifc Alliancebernstein LLC	11362- DE RUNTZ AVE, MARRYLAND HEIGHTS CDP, MO	US
S2-482852549	Tayal Chemicals	83 , 2ND FLOOH, BLOCK - B, NARAINA VIHAR, NEWDELHI, DELHI, Delhi	India
S2-882447381	Market Filaments Private	BN-55, KACHORE PATIL NAGAR, CHINCHUBHUVAN, NAGPUR, Maharashtra	India
S2-912232233	ALLRED, THAO AND SOUTHSIDE MOLINA CLINIC RECRUITING	353 SIXTH ST, COSHOCTON, OH	US
S2-39412944	Harbor National  Banc LLC	CHICAGO, IL, 7218 CLARENCE AVENUE	US
S2-685291262	silverconsultancy.com	H.NO 415 M-54/A FIRST FLOOR ABUL FAZAL ENCLAVE-1 JAMIA NAGAR OKHLA, NEW DELHI, दिल्ली	India
S2-660230807	Peliex LLC	2021 1/2 INVERNESS AVENUE, MESA, AZ	US
S2-811230655	Khan & Partners Ltd	HN 544 B-176/2, OKHLA, NEW DELHI, <NULL>, Delhi	India
S2-254038073	Modern Food L.L.P.	NO 18 WADHWANI COMPLEXNETAJI CHOWK, YAVATMAL, महाराष्ट्र	India
S2-624684032	Services Rj Services Private	#82/B KATARIA COLONY233 CADELL ROAD, MUMBAI, Maharashtra	India
S2-539457674	Cedar	424 FRIENDSHIP RD, SENECCA, SC	US
S2-761791629	Lorette LLC Properties Brackett	CHARDEL RD, NOTTINGHAM, MD	US
S2-321694737	Services Jai Tech Private	C/O ARUN KUMAR SHARMA, B-5-392, NEAR UPKASHOPPING CENTRE, JDA COLONY, MAL, VIYA NAGAR, JAIPUR, Rajasthan	India
S2-311755504	GREAT MARKETING	NO 34 , KAMARAJ IV STREET, SRINIVASA NAGAR, PADI, CHENNAI, தமிழ்நாடு	India
S2-339798051	Pai,, Bennie L.C.S.W.	2843C BOBWHITE CIRCLE, WINGATE TOWNNSHIP, NC	US
S2-79267619	Management Pickup  Infotech	VIKRANT TOWER -G-4 RAJENDRA PLACE, NEW DELHI, Delhi	India
S2-215194914	FEDERAL LEARNING LEARNING CENTER	416 DOC MILLER ROAD, <NULL>, COOL RIDGE, WV	US
S2-969624203	Group Rodriguez Gcadel	83 WOODSMEADOW LANE, ROCHESTER CDP, NY	US
S2-387582316	ଶିବ ଲାଇଫ୍ ମିଡିଆ	C/O- USMAN KHAN, BHADRAK, Odisha	India
S2-448331266	Smt tidesystem.com	C/O P NO23&24, SHREE GOPAL NAGAR, JAIPUR, राजस्थान	India
S2-704313483	Phillips Direct Inc. [Trinity]	ADAMS AVE, RIVERTON, WY	US
S2-746777974	Washim  Electronics	26-69, KAMARGAON, BEHIND Z.P. HIGH SCHOOL, WASHIM, Maharashtra	India
S2-556569487	Cobalt of	9289 COUNTY ROAD 70, REEDS, MO	US
S2-949151121	Maldonado Institute óf Technology | www.maldonado.com	ST. PAUL, 2238-2242 CLARK STREET, MN	US
S2-399207700	United Inlmiaflvie IV LLC	1616 COVENTRY LANE, ALLEN, TX	US
S2-656353639	Jrb & Overseas Private Limited Services	LS 152 FP 135 TP 40, OPP. YASH PLAZA RAYSAN, GANDHINAGAR, GANDHINAGAR, Gujarat	India
S2-614237407	Baker Elite Emerging	103 KNAUP DR, BEAVE DAM, WI	US
S2-282838001	Jauregui Brand	2119 CANAL STREET, PORT ARTHUR, TX	US
S2-446012647	Board of Parks and	6879 LEONARD ROAD, DEFORSET, WI	US
S2-501076962	General Intelligence LLC Center	##601 INCA DR, PUEBLO, CO	US
S2-143416727	HOWELL AND LOPEZ WESTGATE LLC	2017 WILLOW BEND DRIVE, OAK LEAF, TX	US
S2-622689104	Phoenix Polypropylene Private	FLAT NO 115 A BLOCK POTTAPUS HIMA SAI SRINIDHIM HYDERGUDA, HYDERABAD, Telangana	India
S2-890915093	Sri Zion Leasing Exports	30ABDUL  RAHIM ROAD RACE COURSE, COIMBATORE, Tamil Nadu	India
S2-84443320	hudsonfamilycare.com	48 WASHINGTON STREET, PO BOX 7505, HUDSON, MA	US
S2-762051190	Highland Partners Inc	16 RADCLIFFE DRIVE, REHOBOTH BEACH, DE	US
S2-683814713	Raj Developers Private	C/O - MR. NAWAL KISHORE PANDEY, SHRI RAM MRI SCAN CENTER, HOSPITAL ROAD, SWN-URBAN, SIWAN, Bihar	India
S2-442945510	Solutions Hstdfel (india) Private Limited	S/O:RAJNATH SINGH, VILL-DUMRA, DIST-ROHTAS, SASARAM, Bihar	India
S2-510534480	ALLIED COUNCIL [CLINIC]	707 1/2 HIGH ST, CHARLESTOWN, IN	US
S2-749233173	Private Chetak Land Ltd	DOOR NO 12-169/13 (SF-3), VISAKHAPATNAM, VISHAKHAPATNAM, Andhra Pradesh	India
S2-336491833	All Infrastructure Pvae Limited	Maharashtra, DOOR NO 14/18- VITHOBA LANEVITHALWADI KALBADEVI, MUMBAI	India
S2-30176990	inc gilbert integrated processing	2045 Belgrave Ct, CITY OF SIMI VALLEY, CA	US
S2-69652888	Mumbai Powergen Limited	H.NO 56 , BLOCK NO 7 KANJUR C-OOP HSG SOCIETY, BHANDUP, MUMBAI, Maharashtra	India
S2-5097977	Tech Solutions Private		India
S2-105307108	Pazos And Delk Osprey Llc	2728 ANDREWS DR, SUPPLY, NC	US
S2-742201405	Bay Center Learning	#15 ARDEN STREET, BRIGHTON, MA	US
S2-175176140	Citizens Charitable Private	PLOT NO. SP 02, ROAD NO.4 IPA, KOTA, KOTA, Rajasthan	India
S2-353155387	GARG HOLDINGS LIMITED CENTER	NO 62 FIRST FLOOR, DOOR NO.F-2/A-2SECTOR-9, VASHI, NAVI MUMBAI, MAHARASHTRA., Maharashtra	India
S2-253326293	Smt Divergent Builders-Panchkula	403 THE ALAKNANDA APARTMENT, GH 04, SECTOR 20, PANCHKULA, PANCHKULA, PANCHKULA, हरियाणा	India
S2-451438408	cosisko.com	WILLIAMS, AZ, 3541 BNCH RD	US
S2-277659602	Apex Digital Products Inc	207 PATTON AVE, ROCKWOOD, TN	US
S2-397534660	Z O LEHLE JAB	2069  GYRO DR, WINSTON-SALEM TOWNSHP, NC	US
S2-50570536	Ortega Integrated Westin (Llc)	1763 KNOX HIGHWAY 7, VITORIA CITY, IL	US
S2-310334291	Division óf Health	10585 WESTOFFICE DR, HOUSTON, TX	US
S2-152710193	HEALTH [LEAGUE]	39. WILDFLOWER APARTMENTS, ELLICOTTVILLE, NY	US
S2-657884219	Super Producer Automobiles Private	Delhi, WZ-432, B-I NAAINA	India
S2-203762733	CHINSURAH ITADAI VENTURES PVT-LTD	DOOR NO 17 C/O. AMIT KUMAR MUKHERJEE, GOROSTHAN ROAD, CHINSURAH, CHINSURAH, পশ্চিমবঙ্গ	India
S2-120591832	Brightbill Highland	8075 HORSESHOE COTTAGE CIR, FAIRFAX COUNTY, VA	US
S2-625229250	Stan Cónsultants Private Limited	HN 474 A-211, SECOND FLOOR, GREENWOODS CITY, KANAHI 73, SECTOR -45, Haryana	India
S2-346951651	Dharashiv and Sons Private Limited	HN 82 402, 4TH FLOOR, PLOT 2, 708, RAHEJA XION, DR. BABASAHEB AMBEDKAR MARG, JETHA COMPOUND, BYUCLLA EAST, MUMBAI, Maharashtra	India
S2-489948620	Primary Care Specialists of  City Of Manitowoc East	WI, MANITOWOC CITY, 2114 Western Avenue	US
S2-584627501	Varsha Memorial Trust (Company)	FLAT NO: D4, PANDURANGAPURAM, VISAKHAPATNAM, Andhra Pradesh	India
S2-412978126	INC WILSON AND LANGDON WORKS	PULASKI ST, WI, VILLAGE OF PULASKI	US
S2-833853219	Aditan Ventures Pvt. Ltd. Center	1/8G KHAGENDRA CHATTERJEE RDRD GODOWN NO 33 COSSIPORE P S CHITPORE, KOLKATA, পশ্চিমবঙ্গ	India
S2-774108310	CLA Pvt. Ltd. Service	SHOP B-13/293, OM SRISHTI, DUMPING ROAD, MUMBAI, Maharashtra	India
S2-928321528	GYD Svtcnse Overseas Pvt Ltd	712-734, SHREE BALAJI HIGHTS, B/S-I.D.B.I. BANK, NR. BODYLINE, C G ROAD, ELLISBRIDGE, AHMADABAD CITY, Gujarat	India
S2-470636209	East Heritage Résearch Corp	ERSKINE, 34199- 59, MN	US
S2-177000842	THE BRAMWELL BLUE	007626 HIGHBRIDGE RD, MANLIUS, NY	US
S2-988160	*** freshmortgageconcepts.com	3622 THREE OAKS DRIVE, FORT WAYNE CITY, IN	US
S2-189410998	CREATIVEAEROSPACEASSOCIATES.COM	3823. 36TH ST, CLEVELAND, OH	US
S2-238053765	Express Supreme Ltd Service	04553 CANDLETREE CIR, INDIANAPOLIS, IN	US
S2-230016113	Sri Brevity Brothers & Ltd	FLAT 701, MAHAVIR GAURAV, M D KENI MARG NR.KAMA, BHANDUP EAST, MUMBAI, Maharashtra	India
S2-286595318	Valley Animal	TN, 6514 DICK FORD LN, KNOXVILLE	US
S2-818730897	kittie miller shreya inc	##5967 HAMLET ROAD, MLILINGTON, TN	US
S2-519885922	VSK (INDIA) ORGANIC PRIVATE	HN 7-395 GAT NO 53 KUSGAON BHOR, BHRO, Maharashtra	India
S2-742055853	மாடர்ன் குளோபல் பிரைவேட் லிமிடெட்	NO.23/7, CHENNAI, Tamil Nadu	India
S2-393897468	Altus Global Senior		US
S2-953277321	রিয়েল টেক লিমিটেড	SAGAR ESTATE6TH FLOOR UNIT 9 2 CLIVE GHAT STREET, CALCUTTA, West Bengal, KOLKATA	India
S2-850156794	Happy Book Store Llc	6586 SHALE CRESCENT DR, WEST LAFAYETTE, IN	US
S2-539792597	DAY AND  HAYES LLC SERVICE	13654 FOOYD CIRCLE, DALLAS, TX	US
S2-209570650	JOHNSON INC CENTER	13 PLEASANT DR, HARTLAND, WI	US
S2-507265654	Choice Inc Midcap, Bright	102 CLEVELAND AVE, ENDICOTT, NY	US
S2-353206787	Jaquelin Gogsg Great Target	5401- FRIENDLY MANOR DRIVE, GREENSBORO CIY, NC	US
S2-628780968	JLO Real LLP	27/68, VGP NRI LAYOUT, RAJIV GANDHI NAGAR, SAIDAPET, Tamil Nadu	India
S2-491050920	YT Limited Private Shift	17, GODAVRI APARTMENTS ALAKNANDA, NEW DELHI, Delhi	India
S2-994510918	Burlingame  Medical LP	IL, 3 CHERYL DR, MASCOUTAH	US
S2-243766493	Properties CGD Partners	RAJPUT NAGAR RAJPUT NAGAR HAZIPUR VAISHALI, VAISHALI, PATNA, बिहार	India
S2-438016008	பிரைட் கிளாசிக் குளோபல் பிரைவேட் லிமிடெட்	NO.99/340, CHENNAI, Tamil Nadu	India
S2-467342449	hickorypeakbain.com	3389 Valley Arbors Drive, HICORY CITY, NC	US
S2-488023456	गोल्डन फूड्स प्राइवेट लिमिटेड	DOOR NO 102 H.NO. GROUND FLOOR - 181, MADANLAL BLOCK FRONT SIDE, NEW DELHI, SOUTH DELHI, Delhi	India
S2-24625479	williamspartners.com	169 FOX MOUNTAIN ROAD, PMB 5691, CROZET, VA	US
S2-850531177	Mi1ler Holdings Center	1950 OAKTREE TRAIL, ROUND LAKE BEACH, IL	US
S2-636497849	Services Eastern Swastik LLP	225 JANKI CENTRE 2ND FLOORSHAH INDUSTRIAL ESTATE OFF VEERA DESAI RAOD ANDHERI, MUMBAI, Maharashtra	India
S2-490481714	@lyra	N6150D JULIANNA RD, TOWN OF BROCKWAY, WI	US
S2-541280510	Classic Metro	0368 KENSINGTON AVE, PO BOX 9066, BUFFALO, NY	US
S2-306313949	Ndl Electrical Pvt Ltd	#10. HANUMAN NAGAR, BHAIRU JI MOODE, REENGUS, SIKAR, Rajasthan	India
S2-271123907	বিজয় ইনফ্রা প্রাইভেট লিমিটেড	DOOR NO 1ST FLOOR, 55/H/4, ISMAIL STREET, KOLKATA, CALCUTTA, HOWRAH, West Bengal	India
S2-792477053	Corner Book Store Partners	1672 WILLIAMSBRIDGE ROAD, PMB 5804, BRONX, NY	US
S2-159754551	Animal Welfare Network	20495 LONNIE WALKER RD, CITRONELLE, AL	US
S2-768452215	Mountain  School of Medicine	#33 EAST DRIVE, BETHESDA, MD	US
S2-62837452	Trident Consultants Private	543 SECTOR22, FARIABAD, हरियाणा	India
S2-523071412	सिटी इंजीनियरिंग	00157, 1ST FLOOR BLOCK H3, VIKASPURI, WEST DELHI, VIKASPURI, Delhi	India
S2-223064853	Sweet Cafe Westgate LP	317 MONTGOMERY ST, CERRYVALE, KS	US
S2-952151979	Heartland Charities Co		US
S2-396690883	DIAMOND HARBOUR - I GUPTA	#459. 250/1, GIRLS SCHOOL ROAD, DIMOND HARBOUR, DIAMOND HARBOUR - I, পশ্চিমবঙ্গ	India
S2-260253970	HELGA GRIFFIN TOTAL ASSOCIATES CORP	MEDITERRANEAN WAY, SACRAMENTO, CA	US
S2-711067387	Jasper Virginia, Co	338D FIRST STREET, RUGBY, ND	US
S2-850011357	Keystone Incorporated	66 BROOKVIEW LANE, PO BOX 9516, VALPARAISO, IN	US
S2-895921742	Hospital Nesh Holdings	SUB PLOT NO 6 PLTO NO F-11/15WILEL MIDC ANDHERI EAST, MUMBAI, Maharashtra	India
S2-703860591	URGENT CTER CLEAR GROUP CO	276 WATER ST, QUINCY, MA	US
S2-40068768	OXP Enterprises Private Ltd	MADHURAJ NAGAR BLDG C/1/1PAUD ROAD KOTHRUD, PUNE, Maharashtra	India
S2-754862448	Urology Quality Associates LLC Authority	102 NINTH STREET, NEW BADEN, IL	US
S2-292597250	Great Financial Global Associates	KESTREL RISE ROAD, SOUTH JORDAN, UT	US
S2-558821447	Lewis, Márrissa, CPA, P.C.	0110 4TH STREET, VALLEY CENTER, KS	US
S2-332598701	Boling, Wickstrom-and Risner Partners Services	8791 LOCUST AVENUE, FONTANA, CA	US
S2-212726379	bettertge.com	507 WITCHER LN, HOUSTON, TX	US
S2-509552852	Astrid  Foundation [Limited]	301-3, BANDAR GALLI, AT POST GHUNAKI, HATKANANGALE, Maharashtra	India
S2-312624983	Agui1ar, Gweneth Platinum Ashford Valley	8145 JERSEY STREET, PORTLAND, OR	US
S2-625158084	4231 lincoln drive properties	15 GRAY ST, SACO, ME	US
S2-480873953	Charlest0n Holdings Church Family	212 FLINTLOCK RD, PO BOX 9683, CHARLESTON, WV	US
S2-921856976	Vioavi Alliance LLC	534 MIDDLE JAMESTOWN ROAD, JAMESTOWN, IN	US
S2-108445595	Callie's Productions	508 SECOND AVE, RUGBY, ND	US
S2-447626557	गोल्डन स्टार टेक्नोलॉजीज प्राइवेट लिमिटेड	UNIT NO. 524 5TH FLOOR EMAAR EMERALD PLAZA, GOLF COURSE EXTN ROAD SECTOR 65, GURGAON, JAMALPUR, Haryana	India
S2-57794089	Olympia  C. Hunley, Esq.,	813 UNIVERSITY AVE, FLAGSTAFF, AZ	US
S2-371540618	LLC Ridge Dental Associates	12940 WEDGEWOOD DRIVE, PMB 757, BAKER CITY, LA	US
S2-15577881	Co Traon,	468 HOLLAND RD, PIKEVILLE, TN	US
S2-877283892	Harbor Dental Associates Corp	7463 TRAILING ROCK RD, PRINCE GEORGE, VA	US
S2-1293200	Ranee Fuller Partners (Service)	5378 24TH ST, LITTLE ROCK, AR	US
S2-114528188	Beacon Motors	5860 400, SHARPSVILLE, IN	US
S2-808043241	T/D-Eqv	OVERBROOK RD, HATFIELD, PA	US
S2-536410461	Developers Arinbsr Data Private Private Limited	6/25 PRIMROSE ROAD, BANGALORE, Karnataka	India
S2-89456914	Sree ಬಿಲ್ಡರ್ಸ್ ಪ್ರೈವೇಟ್ ಲಿಮಿಟೆಡ್	FLAT NO. 410, CHITRAKUT MAHAL, 13TH CROSS, KAVERI LAYOUT, G.M. PALYA, NEW THIPPASANDRA POST, BANGALORE NORTH, Karnataka	India
S2-135608782	Mountain American Charter L.L.C.	212 KOKOSING DRIVE, GAMBIER, OH	US
S2-803275095	गोल्डन कंसल्टिंग प्रा. लि.	301, 3RD, FLOOR, PLOT NO. 161, SIDDH PRATIK, SECTOR -12, VASHI, MUMBAI CITY, NAVI MUMBAI, महाराष्ट्र	India
S2-724288875	PFB Pvt. Ltd.  Service	C-2 MAHARSHI DEVENDRA ROAD3RD FLOOR, KOLKATA, West Bengal	India
S2-272665887	Adarsh Holdings - 2469790693	P - G-106 CHITTRANJAN PARK, NEW DELHI, Delhi	India
S2-532968451	Knighton and Raknfin Coastal	249 GLEN DRIVE, GREECE, NY	US
S2-166722550	Kessler Equity Partners  Corporation	1454A 135TH ST, CLEVELAND, OH	US
S2-631178153	Colton & Burroughs Tribeca [LLC]	28595 COUNTY 11TH ST, YUMA, AZ	US
S2-572240170	VANDERVOORT SURGICAL PARTNERS INC	AR, VANDERVOORT, 300 POLK ROAD 33	US
S2-985539041	REYNOLDS  FOREFRONT	114 PETERSON STREET, N/A, BRENTWOOD, NY	US
S2-708425034	Rachelle Cástiglione Global Catalyst, LLC	19615 COTTON CREEK DRIVE, TOMBALL, TX	US
S2-641855933	*** pioneer care private limited	C/O RATAN SINGH, MOHAMMADPURJHARSA, (103) NARSINGHPUR, NARSINGHPUR, GURGAON, हरियाणा	India
S2-777570392	Mhmalius Pro	6460 HARRELL DRIVE, PFAFFTOWN, NC	US
S2-618235320	Saia Equity Partners Corp	4201 PARKTON ST, BALTIMORE, MD	US
S2-25750777	INTERSTATECARGOADVISORS.COM	127 25ND SAINT, PMB 5740, MASSILLON, OH	US
S2-707783366	ಏಸ್ ವೆಂಚರ್ಸ್	PRINCEVILLE, BANGALORE NORTH, BENGALURU, Karnataka	India
S2-867682502	Ganet Service	8 BENTON AVE, HELENA, MT	US
S2-603522945	IRIYUMAVEO	#11370 HIGH MESA DR, SANDY CITY, UT	US
S2-319867490	Holm Federal Auto Sales LLC	OVAL AVE, RIVERSIDE, CT	US
S2-333127750	Soleon Pantages Inc.	117 HUNTERIDGE LN, KANNAPOLIS, NC	US
S2-889525884	Fresh Hypnosis  Partners	9760 KIRKWOOD LN, MAPLE GROVE, MN	US
S2-667921783	भारत हेल्थकेयर लिमिटेड	H-63, GWALIOR, LASHKAR, Madhya Pradesh	India
S2-426603614	Diamond Energy Holdings Southside	1620 1/2 CRAWFORD DRIVE, SALISBURY, MD	US
S2-932452560	परफेक्ट एक्सपोर्ट्स प्रा. लि.	AM-162, NORTH-WEST DELHI, Delhi	India
S2-593854291	Aakash & Brothers Infratech Private Limited	PLOT 40 507, BARTON CENTRE, NO:84, M G ROAD, BANGALORE, ಕರ್ನಾಟಕ	India
S2-647205231	lnc. Compass	769 LIVINGSTON PLACE, TROUTDALE, OR	US
S2-58610672	Better Infrastructure Networks Co	MOORHEAD, MN, 2817 FOURTH AVE	US
S2-39824874	Nadaex-PC	2206. HOLLOW BLOOM LANE, KATY, TX	US
S2-523377053	dunnkeystoneimpact.com	MCHNRY, IL, null, 3803  KANE AVE	US
S2-873604456	Swastik Foundation Corp	SHOP NO-29, FIRST FLOOR DAYAL TOWER, VARANASI, Uttar Pradesh	India
S2-197858041	The Pioneer Asset Enterprises Ltd	BROWNSVILLE, 44 LAKEVIEW LN, TX	US
S2-824538402	Oncology Inc Medicine	410- 22ND ST, WI, LA CROSSE	US
S2-938296369	BLAND, B, DPM, DD5 PC	6527 25, WHITELAND, IN	US
S2-445279558	Suraksha Properties Industries  Private Ltd	H-NO. -1-5/IC/235, ISHTA C, ATTAPUR, RAJENDRANAGAR, Telangana	India
S2-744811011	Prívate Namrata Ínternational Limited	#7/44 SECOND FLOOR GEEOA COLONY NEAR 7 BLK PARK, EAST DELHI, NEW DELHI, Delhi	India
S2-120017501	Adrianne's Accounting Central	1213 WATER ST, PORT TOWNSEND, WA	US
S2-713380383	JWF Brewing (PLLC)	PACIFIC AVENUE, VIRGINIA BEACH, VA	US
S2-3175787	Pen0us	18 DERBY ROAD, PORT WASHINGTON, NY	US
S2-571851460	TEMPLE EMANUEL	TX, 12181 Westpark Dr, HOUSTON CITY	US
S2-857786943	Mumbai Properties Private Limited	FLAT NO 506 WING-A SHIV SHIVAM TOWER AADARSH NAGAR NO 1 OPP LOTUS PETROL PUMP, JOGESHWARI WEST, MUMBAI, Maharashtra	India
S2-780782230	Tri-State Pearl		US
S2-979279091	FOUNDATION ICT DEALERS PVT LTD	219, SALABA DHUMERA, TEHSIL, SIYANA, Uttar Pradesh	India
S2-222540579	Emy1e Weaver Agnc LLC	233809 PRAHL CREEK RD, TOWN OF WAUSAU, WI	US
S2-463372842	Dynamic Integrated Dynamics Llc	220 CARBON AVENUE, BRIDGER, MT	US
S2-327919339	Riley Audio Installation West Inc.	1633 THIRD ST, ND, FARGO	US
S2-267301523	(Services) Foulk Fortress Company	199 MILTON AVENUE, BALLSTON SPA, NY	US
S2-418053890	Alloy Internet Corporation	G 34 LOWER GROUND FLOOR JANGPURA EXTENSION, DELHI, Delhi	India
S2-189875466	RUTHI RUNNELLS BETTER ENCLAVE	14544 PONY TRAIL RD, VICTRVILLE, CA	US
S2-18827050	Booth LLC Services	253  FORD ST, BYRDSTOWN, TN	US
S2-661078395	The Fresh Education Technologies Co	NC, 1959 Sullivan Rd, THOMASVILLE	US
S2-392865993	ஜைன் சாஃப்ட்வேர் பிரைவேட் லிமிடெட்	FLAT NO.S-1, CHENNAI, SECOND FLOOR, NO.22 (22/7) THIRU VI KA ROAD 3RD STREET, MYLAPORE, Tamil Nadu, CHENNAI	India
S2-847514103	GSRDÉVELOPERS.COM	OFFICE NO.##102, ARENJA CORNIR, PLOT NO.71, SECTOR-17, THANE, Maharashtra	India
S2-450661213	Datech Partners	84 PONDEROSA COURT, WHITEFISH, MT	US
S2-949818025	rote, eiland and savage ltd	#2607 BELHAVEN DRIVE, TX, MESQUITE	US
S2-731342856	LLC Heartland Clean Systems West	244 HAYOOD DR, IOWA CITY, IA	US
S2-691923965	Edythe Edythe Sellers PC Jewelers	2227 PEACHBLOSSOM AVE, SPRINGDALE, AR	US
S2-423990925	Brightiem Biotech	2378 HUBERT STREET, KINSTON, NC	US
S2-881718302	Properties Developers Private Ltd	FLAT NO-#7, VIGNESWARA TOWERS, DHANEKULAVERI STREET ASHOK NAGAR, VIJAYAWADA, ఆంధ్రప్రదేశ్	India
S2-413134662	Consumer Inc	BRANSON, MO, 36 FALL CREEK DRIVE	US
S2-795217568	REAL (INDIA) LERAFNI PRÍVATE LIMITED	FLAT NO. 20 , MADHUKUNJ, SHERE PUNJAB COLONY, ANDHERI (EASTD, MUMBAI, Maharashtra	India
S2-246301183	Ag Canavan Science Inc.	015275 CHUMSTICK HIGHWAY, LEAVENWORTH, WA	US
S2-357538524	Healing Herbal Private Limited	F-51, BT MARKET PUR ROAD, null, Rajasthan	India
S2-517306277	Eleen Cabanillas Keystone Inc	2814 ROYALTON RD, BROADVIEW HEIGHTS, OH	US
S2-288013200	Energy Matrix It Ltd - 2560942728	Uttar Pradesh, HN 642 C/O CHOTEY LAL SETH, BARSATHI, MARIAHU	India
S2-908400146	Capital Ministries Co	3110-B MARMAC RD, ANDERSN, CA	US
S2-115895039	Private Pmc Limited Promoters (India)	CTS NO A-525/1A/1 AT CHAKALA DIVISION, MUMBAI, N/A, Maharashtra	India
S2-799321957	KKS PR (INDIA) L.L.P.	4/84. , S C COLONY, PEDDAKADABUR VILLAGE, PEDDAKADABUR MANDAL, KURNOOL, Andhra Pradesh	India
S2-637442762	HZY Trading Corp	NO. 671 A-10, IIND FLOOR LAJPAT NAGAR-III, NEW DELHI, Delhi	India
S2-340669285	narisangh.com #10496	Maharashtra, BLOCK B-77. 401, B-WING, AQSA PALACE CO-OP.SRA. HSG. SOC. LTD CTS-521/1TO 3, 41, GAOTHAN LANE-04, J.P.RD, ANDHERI-W, MUMBAI	India
S2-813319308	Clean Energy Worldwide Inc.	##3415 R ST, WA, TACOMA	US
S2-76396838	परफेक्ट फाउंडेशन प्राइवेट लिमिटेड	GAT NO 146/1C, KURULI, MOI KURULI ROAD, KHED, PUNE, Maharashtra	India
S2-167133462	Physical  Therapy	3827 KNOLLWOOD DRIVE, DURHAM, NC	US
S2-179816521	Laxmi Infrastructure	পশ্চিমবঙ্গ, PLOT 6-111 SHOP NO. B12, THE PLANET MALL, BASEMENT FLOOR OPP. NORTH CITY, SEVOKE ROAD, SILIGURI, N/A	India
S2-976981160	Hoshangabad Road Exports Ltd Center	6 GYAN GANGA INTERNATIONAL ACADEMY CAMPUS RATANPUR, POST MISROD, HOSHANGABAD ROAD, Madhya Pradesh	India
S2-857826111	फर्स्ट टेक प्राइवेट लिमिटेड	C/O BINA SHUKLA MASENI MASENI, FARRUKHABAD, Uttar Pradesh	India
S2-521942986	Panacea & Sons Infratech Private Limited	BLOCK A-178 PL.NO.32, G.NO.06, KRUSHNAKUNJ, SHEKAPUR, GANGAPUR, Maharashtra	India
S2-610066683	POPPE PORTFOLIO	LAKESHORE EDGE DRIVE, HOUSTON, TX	US
S2-975716881	ODB Tapes Public Limited	Bihar, NO C-48 VILL. ANWARI (CT), TOLA- ANWARI (CT) TOLA - ANWARI (CT) PANCH- DARWAN BLOCK, MOHANIA	India
S2-932696436	Universal Ltd Pvt Global	महाराष्ट्र, H.NO C-604 OFFICE NO.B2/03, GROMA HOUSE PLOT NO.14-C, SECTOR-19, VASHI	India
S2-792298883	PO Impex Impex Ltd Pvt	NO.177, SHOP NO.3, NEAR BASAVESHWAR CIRCLE, HUNASAGI, SHORAPUR, YADGIR, Karnataka	India
S2-336738686	Timothea Mejia Arbor, Llc	NASHVILLE, 120 HILLSIDE AVE, TN	US
S2-954209510	hettysmithdds.com	13 NEWHALL STREET, NEW HAVEN, CT	US
S2-343539857	Heil LLC Apparel Rapid	1195 DEMPSTER AVENUE, MEMPHIIS, TN	US
S2-230540585	Apex Cable L.L.C.	7404 714, HAWLEY, TX	US
S2-145881162	Smt Raushan  Group Pvt Ltd Services	WHISPERINHEIGHTBCO-NOST, MARRYSROADALWARPET, Tamil Nadu	India
S2-353551069	Dibiase Interstate  Prime	290 MOTT ROAD, DRYDEN, NY	US
S2-880167363	HIGHLAND GREAT CO SERVICES	12973 RAINTREE CIRCLE, DUNCANVILLE, AL	US
S2-302286797	एस मैनेजमेंट एलएलपी	C-22 A & D G F, SAWAN PARK, DELHI, NORTH WEST DELHI, Delhi	India
S2-808876944	Wally's Ace  Distribution LLC	2151 BENOMI DR, JAMES CITY COUNTY, VA	US
S2-218214614	Apricity Highways Limited 5ervices	BLOCK D-48 183/1485, MOTILAL NAGAR, ROAD NO-1, GOREGAON (WEST), Maharashtra	India
S2-256645386	Infrastructure Narnal Constructions Private Limited	8-3-10., PEDDABANDA, GOLLAGUDA, NALGONDA, Telangana	India
S2-28412417	1710 HIGHLAND PLAZA APARTMENTS	423 WESTERN AVENUE, TOPEKA, KS	US
S2-375971931	Luelle Mcgowen Prime Rmg LLC	TENNESSEE AVENUE, CITY OF OSHKOSH, WI	US
S2-177896636	Tamqrah Rogers Co Partners	#1325 DOGWOOD LANE, HUNTINGDON VALLEY, PA	US
S2-709768082	cmcompleteflaherty.com	3200 SPRAGUE RD, PMB 9941, BROADVIEW HEIGHTS CIYT, OH	US
S2-168974923	Robinhood Mídwest Guy	119- 21 STREET, COCHRANE CITY, WI	US
S2-308055618	Blueline Pmc Ventures LLP	NO 45 MANDIYANA, NATHDWARA, RAJSAMAND, राजस्थान	India
S2-292625697	Premier Consultancy LLP	NO.375, WARD NO.3, KATTUKOTTAI SOUTH ERUVAIPATTINAM, VILLUPURAM, Tamil Nadu	India
S2-530683025	PLASMA ENTERPRISES CORPORATION		India
S2-877782158	Nitecex Inc	1869-A BRIDLE PATH, IDEPENDENCE CDP, KY	US
S2-429392143	Capital Electroics LLC LLC	1664A Cambria Dr, GREENVILLE, NC	US
S2-650035386	Anvil Eastern LLC	HELENA, AL, 1134 AMBERLEY WOODS DRIVE	US
S2-491258557	RD LIMITED  CHEMICAL	B-25, GF.SUMEL-6, OPP HANUMANPURA BRTS BUS STOP, DUDHESHWA, R, AHMEDABAD, Gujarat	India
S2-140156039	MAC MEMORIAL TRUST LLP	महाराष्ट्र, BLOCK A-826 C/O SANTOSH SHANKAR INGALE AT POST PEDGAON TAL - KHATAV, DIST - SATARA, SATARA	India
S2-592288938	Murillo Logistics [LLC]	2428 WINDY PINES BEND, VIRGINIA BEACH CITY, VA	US
S2-328413591	Saraswati Magerng Private Limited		India
S2-637070130	Main Sdteret Pizza Corp	998 NIAGRA TAIL, GREENSBURG, IN	US
S2-329979220	R B Ogs  Tower Care	UT, 5055-C NORTON WAY, KAMAS	US
S2-38320928	FAMILY CENTER OF CENTER	FOSTER AVE, BRIDGEPORT, WA	US
S2-947993091	LLC RUGGIERO SAFE EVO WESTGATE	2633 HUDSON ST, BALTIMORE, MD	US
S2-253314439	RAMIREZ-EMPIRE	##7768 VERACRUZ AVE, CITY OF EL PASO, TX	US
S2-468473994	Moline, Leigh L, DO Corp	9511 VALIANT LN, CITY OF GREEN BAY, WI	US
S2-451623798	STONE LABBOIRATORISE  LAKESIDE	87 NATALIE WAY, CAMARILLO, CA	US
S2-791427632	Dermatology Group Corp Center	IL, CRYSTAL LAKE, 02650 GRANITE COURT	US
S2-333411136	The Dent  Tattoo! Co	5222 MORRIS SRTEET, WICHITA, KS	US
S2-139706843	Pediatric Pediatric Dental Ptlantium Care LLC	1 CONAN STREET, SYRACUSE, NY	US
S2-997599344	राम इम्पेक्स रेस्टोरेंट प्राइवेट लिमिटेड	DOOR NO 986 HOUSE NO.28, POCKET C-9 SEC-8, ROHINI, DELHI, दिल्ली	India
S2-41937008	Dupree, Reising & Jámes LLC	2020 IONA LANE, ROSEVILLE, MN	US
S2-618135880	directsupremechampionsgate.com	2815 25TH ST, MINNEAPOLIS, MN	US
S2-905985544	Nanet Ínvestments LLC	##109 LOS INDIOS BLVD, SAN BENITO, TX	US
S2-501721520	Rangareddy Commercial	PT NO:142/P, PUPPALGUDA, RANGAREDDY, Telangana	India
S2-287532270	Ocnosooy  Group	989 Newry Ln, PA, BLAIR TOWNSHIP	US
S2-790316053	@brightproperty	32RD ST, DUBUQUE, IA	US
S2-146484089	Heritage Aprtcte Inc	363 COLUMBIA 265, MAGNOLIA, AR	US
S2-111674700	M/s Raj (lndía) Urban LLP	J-38, ABUL FAZAL, ENCLAVE - 1, KALINDI KUNJ ROAD BEHIND MASJID NOOR, NEW DELHI, Delhi	India
S2-45293451	Infra  Kona Builders	Delhi, 00302, GUPTA TOWER, AZADPUR, COMMERCIAL COMPLEX, DELHI	India
S2-602935298	Green  Precision Post	972 LAKE STREET, ROSELLE, IL	US
S2-434514663	ஓம் டெவலப்பர்ஸ் பிரைவேட் லிமிடெட்	5/60A- BLUE BEACH LANE, MYLAPORE - TRIPLICANE, CHENNAI, Tamil Nadu	India
S2-749437939	Sunrise  & (Co)	G.NO.720, 721, 723(P), 733, ZIPHYR FL.NO.-604, NYATI, HAVELI, महाराष्ट्र	India
S2-124215927	FLAKE  ENERGETICS LLC	CLANCY STREET, N/A, CITY OF JEFFERSON, WI	US
S2-650917507	apex supply studios	8962 PR 673, BAY CITY, TX	US
S2-206194218	Unique & Sons Public Limited	C-7/7, IST FLOOR, ARDEE CITY SECTOR 52, GURGAON, हरियाणा	India
S2-186850472	NEEDS SOLUTIONS	11/12, NAGARWALA COLONY, PODDAR ROAD OPP. LAXMINARAYAN SHOPPING CENTRE, MALAD, (E), MUMBAI, महाराष्ट्र	India
S2-591046255	Baba Sunrise Systems (Private)	FLAT NO-308, TOWER C7, PRATEEK GRAND CITY, GHAZIABAD, उत्तर प्रदेश	India
S2-562006463	HAMILTON, SHERROD AND VALADE	03255 Parker Dr, AZ, WILIAMS	US
S2-79529763	Friesen Capital	WI, LA CROSSE, SIXTH STREET	US
S2-203570306	स्मार्ट फूड बेकरी लिमिटेड	B-59, MIDC CHAKAN INDUSTRIAL AREA, PHASE II, VASULI, TAL: KHED, PUNE, Maharashtra	India
S2-589758868	Aashirya & Partners Overseas	NO.D/41 , 22ND MAIN ROAD, J.C NAGAR, BANGALORE, Karnataka	India
S2-673114644	CHANDRORI IDEA PRIVATE LTD	327-A, SECTOR-14, GURGAON, Haryana	India
S2-495615017	NEW LÍFE	19695 260RD LANE, BUCKEYE, AZ	US
S2-329406565	Preferred Bitwise Heritage	479 BROWNLEE RD, ATL, GA	US
S2-184160541	Pandurang Services		India
S2-215778632	DELUXE-HOLDINGS SERVICE	DOOR NO. #9/764 , PARAKKAMUGAL KUSUMAGIRI P.O., KAKKANAD, KOCHI, Keralam	India
S2-511636694	Ace Pioeer lt Pvt Ltd	55-D, BLOCK-J, 247/2, 247, 30, SUMEL BUSINESS PARK-5, AHMADABAD CITY, ગુજરાત	India
S2-152238131	East Vanguard Logistics Ltd	##202 WALNUT ST, PO BOX 2414, LENA, IL	US
S2-260161311	ADAMS FOUR	OH, RAVENNA TWP, STATE RT 59	US
S2-375693973	private aditva sports limited	DOOR NO 4-A 4TH FLOOR NEW YORK CORNEROPP RAJPATH CLUB BODALDEV, AHMEDABAD, Gujarat	India
S2-463107660	Forge Culture, Co	7137 COVECREEK DRIVE, CHARLOTTE, NC	US
S2-939089887	New Delhi Construction Associates	PLOT-8, DDA LSC, GEETANJALI ENCLAVE, NEW DELHI, Delhi	India
S2-332110551	Co Pediatric Dental Health,	2711 GOOLSBY AVENUE, RICHMOND, VA	US
S2-177084829	Capital-Dynamic	904 3TH SAINT, PMB 7425, DENINSON CITY, OH	US
S2-213446859	Inc Pritchett, Cabrera & Mcclain Bce Partners	7481 DILLON ST, HOUSTON, TX	US
S2-642995758	ব্লু সফটওয়্যার প্রাইভেট লিমিটেড	39/A/21 PRINCE GOLAM MOHAMMED SHAH RD LP-105/7 ACP 92 KOLKATA, KOLKATA, HOWRAH, West Bengal	India
S2-33832918	बेस्ट Developers Pvt Ltd	S/O ILYAS, DADRI, GAUTAM BUDDHA NAGAR, Uttar Pradesh	India
S2-703617627	Askew and Roden	52 SARAH CIR, SPENCEPORT, NY	US
S2-835370221	*** SOLUTIONS FIST GLOBAL HOLDINGS	#98 OPPOSITE PANESAR DHARAM KANTA SUA ROAD, GIASPUR CHOWK, LUDHIANA, Punjab	India
S2-122222005	Vastu Construction	C/O CATALOGUE INFOSOLUTIONSOPP PATEL SAMAJ RANJITNAGAR ROAD, JAMNAGAR, ગુજરાત	India
S2-866615967	Bhavna & Sons Care Co	PLOT NO:313/A, 8-2-293/82/, L/313/A/B, MLA COLONY, KHAIRATABAD, Telangana	India
S2-959870333	LIMITED KAMLA INDUSTRIES GROUP	NEW DELHI, DOOR NO 310 F/F, Delhi, SOUTH DELHI, MASHJID MOTH SOUTH EX PART 2	India
S2-868871551	Inc Chenard Property Solutions	2916 30TH STREST, KANSAS CITY, MO	US
S2-430312348	ಆದಿತ್ಯ ಸಾಫ್ಟ್‌ವೇರ್ ಲಿಮಿಟೆಡ್	PLOT/FALT NO.6, AKRUTHI GREENWOOD LAYOUT, BSR LAYOUT, KONASANDRA, JIGANI, BANGALORE, Karnataka	India
S2-471911978	Standard Investment System Inc	543A FLORENCE STREET, PO BOX 6741, HAMMOND, IN	US
S2-104178767	Granite Manufacturing Inc	817 Pacific Avenue, ALBUQUERQUE, NM	US
S2-802166105	Itdusntries Marine Commercial	1247 Buck Bearden Road, MCCALLA, AL	US
S2-962122790	Chiropractic Partners Inc.	423 WALL AVE, DES MOINES, IA	US
S2-673700666	Coastal Software Holdings	13535 65, MCGRATH, MN	US
S2-632988216	Jacki C. Pet, MD	NC, BAKERSVILLE, 2871 197	US
S2-780525536	Gi Foundation Exports	ROOM NUMBER E12 HUB, ARACHA MAGATUKAVALA, THODUPUZHA, Keralam	India
S2-521854250	coastaleliteservices.com	SODOM HUTCHINGS RD, FOWLER, OH	US
S2-754363815	MUNDO  DESERT	CITY OF MILTON, N/A, 325 WILDFIRE COURT, WI	US
S2-235901908	5imons Education L.L.C.	2731 RIDGEWOOD RD, ATLANTA, GA	US
S2-348308278	Taffy's Creative Distribution Ltd	NY, 13 PONINGO STREET, PORT CHESTER	US
S2-814849012	CHILLICOTHE REGIONAL GREEN ASSOCIATION L.L.C.		US
S2-564831671	ഡൈനാമിക് ഫിനാൻസ് പ്രൈവറ്റ് ലിമിറ്റഡ്	IV/997, MANJAPRA POST, ANGAMALY VIA, ALUVA, ERNAKULAM, Keralam	India
S2-418901269	MINERALS EDUSERVICES PRIVATE LTD	NO 126 KRISHNA SQUARE, 78, BENTICK STREET, BLOCK-C, 4RTH FLOOR, ROOM NO - 4A, KOLKATA, KOLKATA, West Bengal	India
S2-791588636	Veque Aoimei #30932	2839 BROOK CT, LA CROSSEC ITY, WI	US
S2-919371242	Smt Geo Services Overseas Private	G-26, B.D. ESTATE, NORTH EAST, DELHI, Delhi	India
S2-414638835	Granite Bluerock	116 T STREET, WASHINGTON, DC	US
S2-70820430	Llc Health Program	18153 EMERSON WAY, GEORGETOWN, DE	US
S2-130136623	NISHIMOTO & SLACK PROCESSING [LLC]	7002 OAKMANTLE DRIVE, HOUSTON, TX	US
S2-562191347	optimal supply holdings	331 D PARKVIEW PL, IN, NULL, CARMEL	US
S2-895089095	aminpolymers.com	206, 2ND FLOOR, GAURAV HEIGHTS, MAHAVIR NAGAR, PLOT K DAHANUKAR WADI, M G ROAD, KANDIWA, LI WEST, MUMBAI, महाराष्ट्र	India
S2-381691903	LLC Mckinney Liartgn Center	390 CATHEDRAL LN, MCKINNEY, TX	US
S2-558612757	ZEUS PRIVATE LIMITED SERVICES	377, THIRUMOOLAR STREET, P&T COLONY WEST, SALEM, Tamil Nadu	India
S2-964404936	Riix  Inc	982 BALUCHI DR, SPRING, TX	US
S2-420879487	फ्यूचर लक्ष्मी प्रोजेक्ट्स प्राइवेट लिमिटेड	MUMBAI CITY, Maharashtra, 7 KRISHNA BHAVAN1ST FLR 511 S V P RD, THANE	India
S2-112953967	cgfarand.com	BEND, 21350 PUFFIN DRIVE, OR, NULL	US
S2-817631075	DIGITAL (INDIA) CREATIVE-PRIVATE LIMITED	GROUND FLOOR, AB-270, SALT LAKE CITY, KOLKATA, SAKLTLAKE, West Bengal	India
S2-388281415	Dhananjay Life (India) Private [Ltd]	BLOCK A-407 5091/ 9TH FLOOR T-5, PARKAR RESIDENCY TEH RAI, SONIPAT, Haryana	India
S2-115585121	Indram Capital Private [Limited]	KURA ROAD OLLUKKARA P.O., THRISSUR, Kerala	India
S2-616189704	btshomeimprovements.com	302 1/2 PORTER CT, INCORPORATED, MD	US
S2-761261427	Daia Fhns Lakeside LLC	550 SANTA MARIA DR, VILLAGE OF ARLINGTON, WI	US
S2-764277468	Total Signature  Quantumsphere,	3414 HIRAM AVENUE, WICHITA, KS	US
S2-509199747	cascade medical center	SPRING LAKE, 53 WOODWIND DRIVE, NC	US
S2-849394037	Tetra (India) Consultancy Private Ltd	NO 6-11 , GANDHI NAGAR, KAMANPUR (V), KARIMNAGAR DISTRICT, KARIMNAGAR, Telangana	India
S2-909549809	Urology Piedmont Associates	70 HOPEWELL LN, LYNCH STATION, VA	US
S2-678553338	Huggins, Lopez and Stevens Agriculture Corp.	316 14ND AVENUE, RIO RANCHO, NM	US
S2-444763848	Main Street Pub	109 1/2 HERITAGE RIDGE CT, KNIGHTDALE, NC	US
S2-718438057	GREEN HOSPITALITY LIMITED SERVICES	1BEHIND OF RAM MANDIR UNIT 3, BHUBANESWAR, Odisha	India
S2-399977934	जय मीडिया प्राइवेट लिमिटेड	1030, THANE, J WING, AKSHAR BUSINESS PARK, PLOT NO. 3, SECTOR-25, VASHI, THANE, Maharashtra	India
S2-520374770	MCDONALD'S COMPLETE SERVICES INC	1003 BEAR CREEK DRIVE, MOLALLA, OR	US
S2-624030402	Myers Eaton  [PLLC]	#400 B HIGH ST, GALLUP, NM	US
S2-441712293	Physical Therapy Care Associates-Inc Federation - 2256021994	CLINTON, MA, 95 PEARL STREET	US
S2-34095199	Smart Néws (ID: 5082)	22 KIOWA, QUITMAN, TX	US
S2-836509356	aditakari fox limited	G 726 RASULPUR SAADAT, CHINHAT, INDIRA NAGAR, LUCKNOW, उत्तर प्रदेश	India
S2-78500574	Q M MILLIGAN EUREKA LLC	SHORELINE, WA, 16241 SIXTH AVENUE	US
S2-703810713	Shahpur Bamheta Manufacturing Pribate Limited	HN 401 50, SECOND FLOOR, WAVE GALLERIA WAVE CITY, SHAHPUR BAMHETA, Uttar Pradesh	India
S2-477991572	RAVIRAJ-& CO.	F 223A, GF, MANGAL BAZAR, LAXMI NAGAR, NEW DELHI, Delhi	India
S2-850786943	Marketing Finance Limited	SHRI SURENDRA KUMAR DUBEY, S-23/10, T.P. NAGAR, LUCKNOW, Uttar Pradesh	India
S2-779343731	Gnni Collazo, Ó.D., Dds Pc	468 IRONWOOD DR, APACHE JUNCTION, AZ	US
S2-498167360	Board of Lábor	5 DRURY LN, SOUTH BERWICK, ME	US
S2-898974237	सिल्वर लॉजिस्टिक्स प्राइवेट लिमिटेड	FLOOR GROUND, PLOT NO-60, MEHTA HOUSE/VAIDYA BLDG, MUMBAI, Maharashtra	India
S2-97396718	Great Clean Trading	13 CLARK ST, LYMAN TOWN, WY	US
S2-87884540	KAOBELTALA GARMENTS	PLOT- B3/327, BLOCK- BERHAMPORE P.O. COSSIMBAZAR RAJ, KAOBELTALA, West Bengal	India
S2-914525386	सूर्य कंस्ट्रक्शंस प्राइवेट लिमिटेड	DOOR NO 545. BASEMENT SAINI MARKET BEHIND H BLOCK, GURUGRAM, GURGAON, हरियाणा	India
S2-650748818	Siwan Private Colonisers Limited	C/O SRI NAND KISHORE MISHRA, VILL BELAURI TOLA, PANCH BELAURI, BLOCK GUTHANI, SIWAN, SIWAN, Bihar	India
S2-839471011	CHIROPRACTICBAYCENTER.COM	1120- GOODSTEIN DRIVE, CASPER, WY	US
S2-896375784	Kalyani Shyam Private	G-624B/01 VIJAYEEPUR, LUCKNOW, Uttar Pradesh	India
S2-909715119	Purnell Pennymac	1874 WOODBINE ST, EAST LIVERPOOL, OH	US
S2-765987339	Bhubaneswar Technologies Private Limited	PLOT NO-141/52, 2ND FLOOR, BHOUMA NAGAR, UNIT-4, BHUBANESWAR, Odisha	India
S2-129207034	Dotson Ctnarltn LLC	1719D BLACK CREEK ROAD, WILON, NC	US
S2-953907283	Shiva (India) Social L.L.P.	BLOCK F-09 S. NO. 276/1/2, BAVDHAN BUDRUK BAVDHAN WAKAD HIGHWAY, Maharashtra	India
S2-634960957	Ltd Kolhapur Pvt Services	#46-16-17, RAJAHMUNDRY, EAST GODAVARI, ఆంధ్రప్రదేశ్	India
S2-581123479	ड्रीम इंफोटेक ट्रेडिंग प्रा. लि.	33  TEACHER'S COLONY MAHUWARIYA, MIRZAPUR, Uttar Pradesh	India
S2-633281412	Keystone, LLC Sérvice	5531 WASHINGTON COURT, LAKE OSWEGO, OR	US
S2-226306	નોર્થ એન્ટરપ્રાઇઝિસ રેસ્ટોરન્ટ પ્રાઇવેટ લિમિટેડ	S. NO. 588/9, MORBI, RAJKOT, Gujarat	India
S2-135961374	স্বস্তিক বিজনেস এলএলপি	HOWRAH, West Bengal, KOLKATA, 17/A NABIN CHANDRA DAS ROAD P.O. NAWPARA	India
S2-126745753	Isan Traders Private		India
S2-421496624	Neelachal-(p) Private Limited	TREEMENDUS FARM, KHASRA NO. 10, MUSEPAR ADDE KE PASS, VILL. P.O. JEROLI ALWAR, TIZARA, Rajasthan	India
S2-814759181	Stec Healthcare	763 TIMBER LN, SHOREVIEW, MN	US
S2-811274125	Merlin Shtuei Limited	DOOR NO 77 MUNAK, KARNAL, ASSANDH, Haryana	India
S2-668610994	Trading Astir Wood Pvt	INNOVATIVE TOWER, PLOT NO. 7, V.V KOVIL STREET, CHINMAYA NAGAR, KOYAMBEDU, CHENNAI, Tamil Nadu	India
S2-264132497	Devan-Nemeth 0ptimal Royce Ltd	723 KNOLLWOOD DR, HENDERSONVILLE, NC	US
S2-116415177	Solium Investments  Care	7611 COMSTOCK COVE, MEMPHIS, TN	US
S2-916132948	Blue Chile Ínc	2155 POPLAR ST, IN, TERRE HAUTE	US
S2-649862262	Unique Intomitrional Consultants Private Limited	Maharashtra, ROOM NO.01, HOUSE NO.05, SURVEY NO.62, HISSA NO.5 NEAR AMBIVALI STATION, PATIL NAGAR, KALYAN	India
S2-770547929	సూర్య డెవలపర్స్ ప్రైవేట్ లిమిటెడ్	Telangana, HYDERABAD, GROUND FLOOR, LIG B-6, KIMIS PLAZA, KAPRA, SECUNDERABAD, D/1-12-110/6/NR	India
S2-138068990	MELLER, JANNEL, DDS	3812 43RD AVE, LEMON HILL, CA	US
S2-268930672	Smt Noble Noble Trust Partners	135, CIVIL LINES, Uttar Pradesh	India
S2-334667043	Varshtech Limited Private Private Facility	B1/14GF/3 SAFDARJUNG ENCLAVE, NEW DELHI, Delhi	India
S2-456430543	Human Rights Center P.C. Trust	AR, BELLA VISTA DP, KNIGHTON DR	US
S2-642136114	गुड सॉफ्टवेयर एलएलपी	501/26/A AJANTHA COMPLEXRASTA PETH, PUNE, Maharashtra	India
S2-429527150	Ujjaorayn Trading	PLOT NO 246/6023 AND KHATA NO 189/3550 RAMNAGAR PADA, BHAWANIPATNA, KALAHANDI, Orissa	India
S2-635627577	साई प्रॉपर्टीज लिमिटेड	#687 BHATIA COMPOUND NO 7OLD AGRA ROAD LBS MARG, THANE, Maharashtra	India
S2-211846260	Friederike'S Gólden Iron Works Inc	412 LE GRAND STREET, CITY OF BOSCOBEL, WI	US
S2-38678711	Royal Labs Services	6502 NURSERY DRIVE, VICTORIA, TX	US
S2-341261392	CLEMENS DOUBLELINE LLC	MAHOGANY LANE, NAPERVILLE, IL	US
S2-292065068	Private Jampana Security Limited	NO 67-A SANGAM NAGAR, INDORE REGION, INDORE, Madhya Pradesh	India
S2-357823212	Cross Holding Company Inc	##4406 LOUISIANA PLACE, PMB 1946, GARY, IN	US
S2-814468331	STRAIGHT  EDGE AFUHTO BODY	10-12 GERTRUDE AVE, QUINCY, MA	US
S2-491549257	Gangaram Consultancy  Private Ltd	PLOT NO-111, HOUSES OF-MURALIDHAR SAHU, GOPIKANTAPUR, PO-ANTARAKIARI, PS-BANPUR, BANPUR, Odisha	India
S2-963272678	Ernakulam Servicesprivate Private  Ltd	SECOND FLOOR, VIJAYA COMPLEX, THRIKKAKKARA KAKKANAD, ERNAKULAM, Kerala	India
S2-874774047	PRIMARY-CARE PARTNERS	10 LANCASTER WAY, BARNSTABLE, MA	US
S2-132875001	Bright Cleaning Service! Corporation	#422 SKUSE RD, GENEVA, NY	US
S2-533302849	Vijayawada Solutions Pvt Limited	32-35-54, SRIVEN RESIDENCY, GF-2, JAMINDAR STREET, MACHAVARAM, VIJAYAWADA, ఆంధ్రప్రదేశ్	India
S2-634319075	Silver Finance Pvt	SHOP NO A-79 GROUND FLOOR POWAI PLAZA BUILDING, HIRANANDANI GARDEN, S, POWAI, MUMBAI, महाराष्ट्र	India
S2-237829053	Physical Therapy Holdings	4612-C 12TH PL, PHOENIX, AZ	US
S2-647306542	Pune. Foundation Private	Maharashtra, 33/B, CASELE SOCIETY, NEAR INVENSYS COMPANY, VIMAN NAGAR, PUNE.	India
S2-857900227	Corp Allhn End	54 GENSEE STREET, GREENE, NY	US
S2-578961869	Clean Spruce	VICTORVILLLE, CA, 14770 1/2 MESA DRIVE	US
S2-43068903	ಬ್ಲೂ ಇಂಟರ್‌ನ್ಯಾಷನಲ್ ಸೊಲ್ಯೂಷನ್ಸ್ ಪ್ರೈವೇಟ್ ಲಿಮಿಟೆಡ್	NO. D/1693/A/36, BANGALORE, ಕರ್ನಾಟಕ	India
S2-981528818	Smith Institute of Technology Ltd	2343 Swainson Way, SACRAMENTO, CA	US
S2-484745805	Reed Academy Corporation	8100 ORANGE LANTANA LANE, AUSTIN, TX	US
S2-936188480	మా సాఫ్ట్‌వేర్	NO 2-22-274/115 & 140/NR, ALLURI TRADE CENTRE, BHAGYANAGAR COLONY, TIRUMALAGIRI, HYDERABAD, Telangana	India
S2-396034934	3783 Ocean Way	120  SARAH LANE, LUMBERTON, TX	US
S2-756989824	Kore M. Henderson, MD Inc	16 PLEASANT DRIVE, SHOREWOOD, IL	US
S2-495384054	RED PUB LP	2068 CAROLINA AVE, BUTTE-SILVER BOW, MT	US
S2-844516060	Optimal  Nutrition	05 WALKER BLVD, BLYTHEVILLE, AR	US
S2-451658826	The  Giselle Garcia Pbc LLC		US
S2-922483386	Pediatric Care Associates of Auburn Llc	1234 35ND CT, AUBURN, WA	US
S2-552245332	Allmond Cross	4079B ALBRIGHT CIR, CLARKSVILLE, TN	US
S2-969256287	Base Software	17., NETAJI COLOY, BARANAGAR, B.T ROAD, KOLKATA, KOLKATA, West Bengal	India
S2-179065190	pediatric ass0ciates care	216 COURTHOUSE SQ, BAY MINETTE, AL	US
S2-333264304	Summit Investmemnhs Corp	8326 Jody Ln, COTTAGE GROVE, MN	US
S2-536442489	Sandoval, Hevey & Reeves Reeves Currencyshares	1333 24th St, ARCADIA, AZ	US
S2-939446610	One Sons Ltd	FLAT NO. 1203 TOWER 01, PYRAMID URBAN HOMES 2, SECTOR 86 GURGAON, GURGAON, Haryana	India
S2-730570564	Rsb Temple Group Prvte Limited	#376 3/104, GOKUL GARDEN, ERODE, Tamil Nadu	India
S2-522291998	Mr Travellers Academy Private  Limited	156/C, SARKARI PALLY, BANSBERIA, West Bengal	India
S2-450944563	मॉडर्न ग्लोबल एजेंसीज	A-8698-B, PAHARGANJ, NEW DELHI, Delhi	India
S2-816693835	Delta Aglicre	LAMBERT AVENUE, OTSEGO, MN	US
S2-947237548	National Mrakenttgi Global LLC	10216 Scaggsville Road, LAUREL, MD	US
S2-272107100	Great Riverside Bhav (ID: 97567)	9834 RUGGLES ST, OMAHA, NE	US
S2-176320420	8ryna, Whitney, Horse LLC	AL, NEW MARKET, 636  COLEMAN RD	US
S2-128981375	Everest	305 SECOND ST, WINTERSET, IA	US
S2-262902947	-- Perez Ifegreted	728 MAVOR ST, SPRINGFIELD, OH	US
S2-783573033	LLC PF Creative Utility	690 HAZELWOOD RD, MEMPHIS, TN	US
S2-702190105	Tejjam Global Private (Ltd)	6/4G, 23A, SHASHRTI NAGAR KHANDARI, OPP ST CORNARD SCHOOL, AGRA, Uttar Pradesh	India
S2-656511408	Almonte & Gonzalez Staffing  Inc	1513 39TH STREET, LORAIN, OH	US
S2-242010240	85/42 Merger Harbor	117 Pirates Lane, HAVELOCK, NC	US
S2-317752069	VIVA-TRUSTED-LAKE	331 VISTOSO HIGHLANDS DR, ORO VALLEY, AZ	US
S2-827425282	Maa & Co	FNO-211/6 BHIKAJI CAMA PLACE, NEW DELHI, Delhi	India
S2-835305096	Blue Builders Private Limited	D/1205/12 SHIVAJI NAGAR GANGA YAMUNA FLAT NO 6, PUNE, Maharashtra	India
S2-208315914	PEDIATRIC DENTISTRY ASSOCIATES	201. SHINING WILLOW WAY, LA PLATA, MD	US
S2-445245646	Precision Systems Mobility LLC		US
S2-469941536	Cois	710 ROWLAND ST, HARRISON, AR	US
S2-905467328	Addison  Choice Rock LLC	##11500 LAGO VISTA, FARMERS BRANCH, TX	US
S2-473722178	Golden Data Innovations P.C.	1615 1/2 COUNTY ROAD 1210, TUTTLE, OK	US
S2-56605913	Vision Learning Private Ltd	E-11B , BIHARI MARG, BANIPARK, JAIPUR, Rajasthan	India
S2-110659960	ZY PRAETORIAN  PC	COMO, TX, 712 COUNTY ROAD 2325	US
S2-746096720	Matz Bsp Inc	14669 OLD BARN LN, DAMASCUS, OR	US
S2-553438133	Babs Currence, DMD Inc	30707 CEDAR LN, LE SUEUR, MN	US
S2-342693100	Ss Lifestyle	C/O RAMFER RAMESHWAR YADAV GAUTAM NAGAR AAREY COLONY, AAREY ROAD, GOREGAON EAST NR MODERN BAKERY, GOREGAON EAST, Maharashtra	India
S2-908901015	Delhi Software	F 21, NAFISH ROAD JOGA BAI EXTN JAMIA NAGAR NEAR S K BAKERS, DELHI, Delhi	India
S2-314797867	Big  89 Grill	1ST ST, HUME, MO	US
S2-289072087	CASCADE PRIVATE INC		US
S2-551050677	Atlantic Modern Pono Highland	6423 OAK DR, MORO, IL	US
S2-109062199	High Institute of  Technology	H-#13 GROUND FLOOR VILL-ABHAYPUR JAGATPUR DHANARAGHAT ROAD, PURANPUR, PILIBHIT, उत्तर प्रदेश	India
S2-713034212	Shree It Overseas	#10 C/O BHARTI PANDEY, MADHUBANI, TOLA- GHUSIYAR, ARERAJ, Bihar	India
S2-694747582	CONTRACTING SUPREME LTD	9748 ALVARADO LANE, MAPLE GROVE, MN	US
S2-723016208	UROLOGY CARE ASOOIACTES LLC	01200 WASHINGTON ST, EASTON, MD	US
S2-684755932	Ltd. Interfaith Association	823 KIOWA DRIVE, GAINESVILLE, TX	US
S2-457704667	BHP Cónsulting Pvt Ltd	2ND FLOOR, UNIQUE HOUSE, 25, S A BRELVI ROAD, FORT, MUMBAI, महाराष्ट्र	India
S2-330922479	DEEP  8ROTHERS PVT-LTD		India
S2-503476835	PIEDMONT ASSETS LLC	422 BLUEGRASS PKWY, OSWEGO, IL	US
S2-955923257	RANEEYUDC.COM	16TH STREET, COOLIDGE, AZ	US
S2-202630636	Office of of Sanitation		US
S2-128056307	PRIME PLATINUM  BOND	1825 GRESHAM DR, FARMERS BRANCH, TX	US
S2-110916277	Guru Shyam Constructions Constructions Private	C/O ABHISHEK TYAGI OFF AT PLOT NO WZ-#184 GROUND FLOOR VILLAGE BODHELLA VIKAS PURI, DELHI, Delhi	India
S2-933198658	Quoonyx Pony LLC	#277 ABINGTON LN, NORTH AURORA, IL	US
S2-85650651	Schmidt Shreya		US
S2-399146675	Rising Welfare Society Holdings	NO 37 AGORA ARCADE, POOVATHOOR, AMALA NAGAR ROAD, THRISSUR, Keralam	India
S2-900597955	କୃଷ୍ଣ ଗ୍ଲୋବାଲ୍ ପ୍ରାଇଭେଟ୍ ଲିମିଟେଡ୍	LIG-193, KHORDHA, Odisha	India
S2-585120860	Astra Adams Cantor [LLC]	30 STUART AVENUE, NULL, DRACUT, MA	US
S2-405618700	hospitalmeadowscom	MUMBAI, #117 84 ARAM NGR II, महाराष्ट्र, MUMBAI, VERSOVA ANDHERI WEST	India
S2-824481277	CORNERSTONE CRUMRINE-PC	0408 BEVERLY AVE, SHERWOOD, AR	US
S2-806179036	Adela Green	664 SPRUCE WAY, PO BOX 1409, FRANCIS, UT	US
S2-763824489	Empire Dynamic Proshares Partners	1781  UPPER FRENCH HILL RD, JOHNSON, VT	US
S2-810406611	Pfaff's Green	707-709 ROSE STREET, STATESVILLE, NC	US
S2-771177687	(WEST) SPECIALITIES PRIVATE [LTD]	NEMINATH PARADISE, ROW HOUSE NO. 2, NEAR REGISTRATION OFFICE, 90FT ROAD, BAHANDAR, (WEST), Maharashtra	India
S2-522759003	Limited Shyam It Services	27/2, PUNJABI BAGH EXTENSION, WEST PUNJABI BAGH, NEW DELHI, WEST DELHI, Delhi	India
S2-797707763	SOLUTIONS ABHINAV  HEAVY PRIVATE	HN ##234 C/O SK.SHAMSHAD, ISLAMPETA, CUMBUM, Andhra Pradesh	India
S2-369998186	PRIVATE SEVEN INDUSTRIES LIMITED	BLOCK G-239 AT- MIG-125, BHUBANESHWAR, KHORDHA, ଓଡ଼ିଶା	India
S2-351762719	INC MCMURTRY CONSULTING	108 HRARISON STREET, HAVERHILL, MA	US
S2-55514609	சூப்பர் புராடக்ட்ஸ் பிரைவேட் லிமிடெட்	NO : 4, TAMBARAM, KANCHIPURAM, தமிழ்நாடு	India
S2-58919681	REGIONAL TRÚST INC		US
S2-408389149	Sullivan, Flor & Montes Llc - 9457111669	2689 MERRY POINT ROAD, LANCASTER, VA	US
S2-236750258	CREDIT BUSINESS ADVISORS		US
S2-809335938	Vision Complete Clinic Co	291 BOZ RD, WAXAHACHIE, TX	US
S2-264795315	5ana Trust	DOOR NO. 11 ~25~27/1, WARANGAL, WARANGAL URBAN, Telangana	India
S2-998903247	KANDIVALI CONSULTANTS CONSULTANTS LTD PARTNERS	102/2, GUNDECHA INDUSTRIAL COMPLEX PREMISES CO-OP. SOC., LTD., AKURLI ROAD, NEAR GROWELS MALL, KANDIVALI EAST, MUMBAI, KANDIVALI EAST, Maharashtra	India
S2-712731965	இண்டோ இன்ஜினியரிங் பிரைவேட் லிமிடெட்	0014/2, NEW NO.26/2, VARATHARAJAPET MAIN ROAD, CHOOLAIMEDU, CHENNAI, Tamil Nadu	India
S2-932637707	DOBIE AND WHITE  INC	MOORESVILLE, 118 PINTIAL RUN LANE, NC	US
S2-211122398	LANTERN BROOKFIELD PARTNERS	17331 TYE ST, MONROE, WA	US
S2-850055164	Projects Mohan Funds Co	NO 00813 PLOT NO-3696, PALASUNI PRACHI VIHAR, RASULGARH, BHUBANESWAR, Odisha	India
S2-595673432	Spandan Impex (India) Ltd	M/S.KOSI AUTO AND FARM EQUIPMENTS PVT. LTD. NEAR VIKASH BAZAR BUS STAND, PURNIA, Bihar	India
S2-612689117	Lippman Pinnacle Huntington	15553 TYLER STATION RD, PO BOX 8072, HANOVER COUNTY, VA	US
S2-483279821	CONTINENTAL INVESTMENT	720 Nally Dr, MORGANFIELD, KY	US
S2-760285379	Marcy's Specialists Highland Inc.	50882 BROWNSTONE DR, GRANGER, IN	US
S2-479152823	Mr Srivenk  Brothers Private	NO 262A , KH NO-261, PP NO-3314 C-BLOCK PREM NAGAR, NAJAFGARH, NEW DELHI, दिल्ली	India
S2-960931724	Eye Creative Medicine	10820 49ST AVE W, SAPULPA, OK	US
S2-486942306	Mr ANAMI CHÁRITABLE TRUST INFRATECH CO	G-25 THAKUR MARKET, BALMI CHAK ANISABAD, PATNA, बिहार	India
S2-939047643	వైట్ అర్బన్ కన్సల్టింగ్ ప్రైవేట్ లిమిటెడ్	H.NO 418-A, APIIC GROWTH CENTRE GUNDLAPALLI VILLAGE, MADDIPADU MANDAL, PRAKASAM, SRIKAKULAM, Andhra Pradesh	India
S2-518421549	APEX TECHNOLOGY PRIVATE	महाराष्ट्र, NAHAR SINGH INDUSTRIAL BUILDING, 1ST FLOOR, RAM MANDIR ROAD, GOREGAON WEST	India
S2-842421824	Cardiology Care [Associates]	426 FAIRFAX ST, ALEXANDRIA CITY, VA	US
S2-761866115	VICHEMICALS.COM	E-#395, NEW DELHI, दिल्ली	India
S2-394479395	Ginni Advisors (Ltd)	7-620/A, SINGH VIHAR, BEHIND SP RESIDENCE, RAEBARELI, RAE BARELI, उत्तर प्रदेश	India
S2-224404900	Radiance & Sons Private	HOUSE NO. 37/3, GROUND FLOOR, PLOT NO. C-1, PH - 2 ASHOK VIHAR, DELHI, Delhi	India
S2-922626841	Group Horizon Biotech	293 1/2 HOLLYWOOD AVE, BRONX, NY	US
S2-610238352	corp niex	4312 95ST PLACE, OWASSO, OK	US
S2-960272655	The Cozy Pub Westgate	7051 1/2 CEDARBROOK DR, CHARLOTTE, NC	US
S2-145922633	Kls Vyapaar Pvt Ltd.	HOUSE NO. 4/2/13A SANTAJI NAGAR MALKAPUR, BULDANA, MALKAPUR, महाराष्ट्र	India
S2-170745127	Mr Karu  Works-Private Limited	B-79, SAPTAK BUNGLOWS, NR. SOLA VILLAGE, NR. TULSHI BUNGLOWS, SOLA, AHMEDABAD, Gujarat	India
S2-983594092	Mudgal Shores Pvt Ltd		India
S2-317482681	HERNANDEZ, BARRERA & CAMACHO	646 UNDERHILL AVENUE, BRONX, NY	US
S2-244862857	Keystone Long	11668  CALFEE ROAD, CONROE, TX	US
S2-128079329	COLONIAL [GRADE]	106 ASHLEY DRIVE, EDMOND, OK	US
S2-573947837	Ridge Sumitomo, Inc.	##9 LORION AVENUE, NULL, WORCSTER, MA	US
S2-281390325	Womens Health Smart Care Associates	1722 LONE MOUNTAIN RD, WIITTMANN, AZ	US
S2-59132119	சில்வர் பில்டர்ஸ் பிரைவேட் லிமிடெட்	T-35, 1ST AVENUE, ASHOK NAGAR, Tamil Nadu	India
S2-376429450	Career Developers Private Ltd	#731 208, GURU NANAK MARKET GURDAWARA ROAD, KOTLA MUBARAKPUR, Delhi	India
S2-437778618	Integrated Retail Services Riverside  LLC	15622 ROBERTS SAINT, LOWELL, IN	US
S2-619557300	PANCHMUKHI INFRA VENTURES LLP	#174 MIG 176 APHB COLONY BABAMETTA, VIZIANAGARAM, ఆంధ్రప్రదేశ్	India
S2-475217270	Mahoney Gwyneth Ph.D. Lakeside  PC	1152 Cunningham Run Road, LUMBERPORT, WV	US
S2-567816031	INNOVATIVE COCA LLC	#1 GREENBRIER STREET, BRENTON, WV	US
S2-359086355	telecomtechnologies.com	##3801 MAAS ROAD, QUNCY, IL	US
S2-862204229	GZ Mlals Private Limited		India
S2-975587883	Northem Northem School of Medicine		US
S2-210653613	A Cure 9-You [Riverside]	2647 JOHN ROAD W, MESQUITE TOWNSHIP, TX	US
S2-256884155	Shakti Maa Business [Private]	508/38, NEW HYDERABDA, उत्तर प्रदेश	India
S2-7334497	GILDKELOFAYE	F.F. A/01/1, NIRAV COMPLEX, NEAR NAVRANG SCHOOL, NEAR NAVDEEP HALL, NARANPURA, AHMEDABAD, PIRANA AHMEDABAD, ગુજરાત	India
S2-363504459	Guru Developers Prce Limited	PLOT NO. 443/1/9 , NIZAMPUR MALHAUR, CHINHAT, LUCKNOW, Uttar Pradesh	India
S2-179798623	Private Jmd Technologies (nmi)a Limited	H-3-01 WARD 42, THANA ROAD, VIJAULI, TEH. SINGRAULI, SINGRAULI, Madhya Pradesh	India
S2-151163750	Private Bee Infra Holdings [Limited]	H.NO 12ST FLOOR557 JSS ROAD CHIRA BAZAR, MUMBAI, Maharashtra	India
S2-712341845	Ipl Foundation Ltd	25/124, KARTHALA CHUNKAM, KARTHALA, VALANCHERY VIA, TIRUR, MALAPPURAM, Kerala	India
S2-575808238	INTERNAL MEDICINE CARE RIVERSIDE LLC	734 25TH STREET, NEWPORT NEWS CITY, VA	US
S2-772148201	Arham (India) Private Management Limited	HOUSE NO 20 AND 21, GROUND FLOOR, POCKET 13 SECTOR 20, LANDMARK -NRAR NDPL OFFICE, ROHINI, Delhi	India
S2-60044525	MILLER MILLER & HUGHES ÍNDUSTRIES LLC	CROOKED CREEK RD, CASTLE ROCK, WA	US
S2-170090512	saneummidwesttbk.com	MISSOURI CITY, 2714 MONARCH CROSSING, TX	US
S2-616901486	Fresh Vii Corporation		US
S2-646816148	Heartland Fellowship III		US
S2-937376851	PEDIATRIC-DENTISTRY MEDICINE	10110 AMBUSH DRIVE, KINGMAN, AZ	US
S2-584635426	Riddle Keystone Coinshares,	COOPER LN, BURNSVILLE, NC	US
S2-11123829	Smith Gsr	101 FOURTH SAINT, EAST NORTHPORT, NY	US
S2-139058537	Coffelt Dynamic Salon	1809 WYANDOTTE ST, KILL DEVIL HILLS, NC	US
S2-43798644	SYSTEMSTECHNICAL.COM	N168W21700 MAIN ST, VILLAGE OF JACKSON, WI	US
S2-824145533	फॉर्च्यून टेक्नोलॉजी प्राइवेट लिमिटेड	UNIT NO. 214, ELDECO ELEGANTE, 2ND FLOOR, VIBHUTI KHAND, LUCKNOW, Uttar Pradesh	India
S2-205016906	Global Irediln Estate Private [Limited]	S.NO.##8, BLOW(4) WARD, 87, RAJ BHAVAN ROAD, NAMPALLY, Telangana	India
S2-344761850	Blue League Group	CT, BRIDGEPORT, 2937 FAIRFIELD AVENUE	US
S2-684401040	Tradelink Food Corp	PLOT NO 1041, KLR & NJR NAGAR, MEDCHAL, RANGAREDDY, Telangana	India
S2-794686420	SELECT MATERIALS CONSULTANTS	138 CROSSFIELD AVENUE, STATEN ISLAND, NY	US
S2-205856456	Delgado Assets,	6243 64TH ST, COTTAGE GROVE, MN	US
S2-829985727	గురు ఇండస్ట్రీస్ లిమిటెడ్	FLAT NO.23, FOURTH FLOOR, SRI PRAKASA TOWERS, REVENUE WARD-57, GUNTUR, Andhra Pradesh	India
S2-684299645	India Agrow Solutions Ltd.	FLAT NO. 6, VAISHALI BUILDING, NAMDEO PATH, DOMBIVLI, NULL, Maharashtra	India
S2-18092777	8oia Associated	2020 GREEN RIDGE CIRCLE, WALLER, TX	US
S2-983439798	Saiprem Esolution Private Ltd	C/O MAHAVEER SINGH, VILL BANSVALI GORAI IGLAS, ALIGARH, Uttar Pradesh	India
S2-682116630	Mr PRIME-TRADERS PVT LTD	NO 11A/400ASHOK NAGAR KANPUR, UTTAR PRADESH, Uttar Pradesh	India
S2-384555092	Standard Entviormnrtl Works LLC	443 SUTTON ROAD, JAMESTOWN CITY, TN	US
S2-447098256	Builders Aarya Latex Pvt [Limited]	302, C/O SARTHIK-2, OPP RAJPATH CLUB, AHMADABAD CITY, Gujarat	India
S2-706703250	Farm Prepaid Ventures Private Limited	Delhi, H. NO. G-3-0-B G/F HARKESH NAGAR, NEW DELHI	India
S2-566372891	Beriwal Welfare Society LLP	NO. 316 C/O VIKASH S NAWLE SAMBHAJI NAGAR, LATUR, महाराष्ट्र	India
S2-827167708	SSRP MARKETING	C/O PM VIJAYKUMAR, NO 11, NN PURA 5TH CROSS OPP TO BOSCH FIRST GATE ELECTRONIC, CITY POST BANGLORE, ಕರ್ನಾಟಕ	India
S2-534072605	Ganga-Security Pvt (Ltd)	DOOR NO G-352 , VILLAGE SULTANPUR, NEAR SULTANPUR METRO STATION, MEHRAULI GU, RGAON ROAD, Delhi	India
S2-79609024	@adamslearning	12TH AVE, SULLY, IA	US
S2-463436308	-- Mumbai (in Private Ltd	A-703 7TH FLR DIVYA SMIT MAHAVIR NAGAR EXTN BANDAR PAKHADI ROAD KANDIVALI WEST, MUMBAI, GREATER BOMBAY, Maharashtra	India
S2-548546293	MONTAY MÉRCURY LLC	14B MEGGAN DRIVE, HASTINGS, MN	US
S2-236741355	American Reserve Inc	66625C ALAMOSA RD, SADDLEBROOKE, AZ	US
S2-414387686	क्लासिक टेक प्राइवेट लिमिटेड	POLT ##195 E-2/104, SOUTH DELHI, Delhi	India
S2-110265553	Express C0nsumer Índustries Inc	222C BETTY STREET, GLENWOOD, AR	US
S2-395892174	American Sterling	1620 PEASLEE AVE, CINCINNATI, OH	US
S2-600834375	Rogers & Cólocho	165  DAWN DR, LASDALE, PA	US
S2-861093358	Allied Federation Corp	WA, 1501- CASINO ROAD, EVERETT	US
S2-929556972	SPAGNOLA'S ALL ELECTRONICS	BOWLINE COURT, IN, INDIANAPOLIS	US
S2-670811492	FRESH DDÓO! LLC	596 2 CHESTNUT STREET, SHELBYVILLE, IN	US
S2-861270616	Express Research LLC  Center	127 BEACON ST, MA, BOSOTN CDP	US
S2-717573118	ANCHORAGE DEBT INC	3007 ARCTIC BOULEVARD, ANCHORAGE, AK	US
S2-873257504	Meenanth  Infra	0114 APNA GHAR APARTMENTS MARSHALLS ROAD, CHENNAI, தமிழ்நாடு	India
S2-849278223	Primary Care  Clinic LLC	131 RIVER ST, VALATIE, NY	US
S2-497720691	Aditya Software Private Limited	NO 4-7 ST MICHELS COMPLEXHOSPITAL ROAD JANGPURA, NEW DELHI, Delhi	India
S2-676521261	QUALITY NUTRITION DIGITAL CORP CORP	50 CROSS STRETE, YONKERS, NY	US
S2-725654978	METRO TRI-STATE MUNICIPAL-(CENTER)	10414 1/2 58TH AVE, GLENDALE, AZ	US
S2-57721466	Delta-Capital	438 40 ST, FAR ROCKAWAY, NY	US
S2-945239010	Holdings Select Analytics Partners	44031 CYPRESS LN, MARICOPA, AZ	US
S2-774837683	DYNAMIC GULF APOLLO INC.	1170 FARMLAND DR, ROCKVILLE, MD	US
S2-142379809	Peery Peery Inc. Israel	1964 120TH SAINT, CLEVELAND, OH	US
S2-726049354	Madison Finance Pvt. (Limited)	PROMOTER 25 , SUNDER NAGAR, Delhi	India
S2-540761190	Sri Strawberry Enterprises	BLOCK B-742 163, HIG ABHAY KHAND-I, INDIRAPURAM, GHAZIABAD, Uttar Pradesh	India
S2-491942056	ଜୈନ ନ୍ୟୁ ପ୍ରୋପର୍ଟିଜ୍ ପ୍ରାଇଭେଟ୍ ଲିମିଟେଡ୍	PLOT NO-84, BAPUJI NAGAR UNIT-1, BHUBANESWAR, ଓଡ଼ିଶା	India
S2-10569380	Rapid Data Group	10456 Baltimore Avenue, BELTSVILL CITY, MD	US
S2-757712330	Simple Crafts (India) Infratech	F-191, SHYAM NAGAR EXTENSION NEW SANGANER ROAD, SODALA, राजस्थान	India
S2-959994617	Bio Interstate Works South Inc	221 TENTH STREET, GREENVILLE, NC	US
S2-163278261	0ffice of Lábor Ltd	2117 GENTLE OAKS LN, FAYETTEVILLE, AR	US
S2-788071901	Indica Solutions		India
S2-981960457	White Píedmont Commodities Group Downtown	2828 OLE PIKE DRIVE, GERMANTON CDP, TN	US
S2-985504387	Valenzuela Permian Llc	TN, SMYRNA, 533 MASON TUCKER DR	US
S2-444749011	Brixorbijax	DOOR NO 861 G-341, NOIDA, GAUTAM BUDDHA NAGAR, Uttar Pradesh	India
S2-730385363	PRAIRIE  TRUST		US
S2-888704745	Grand Equity Global Incorporated	756 1ST ST, HAMPTON CITY, VA	US
S2-673364066	Prairie Forefront L.L.C.	6358 ARROWHEAD DRIVE, ANDERSON, IN	US
S2-854772136	सिटी प्रोडक्ट्स एंटरप्राइजेज प्राइवेट लिमिटेड	4407, POCKET B-5 & 6 VASANT KUNJ, NEW DELHI, दिल्ली	India
S2-92676757	Barnes Midwest-Prime	1746 1275, OGDN, UT	US
S2-267289813	Venkateshwara Charitable Holdings Trust	DOOR NO 0022/35 , MANJUNATH KRUPA, AMRUTHA HALLI BANGAOLRE., ಕರ್ನಾಟಕ	India
S2-532748758	hendersonstrand.com	4803 BIG MEADOWS RD, CHATTTAROY, WA	US
S2-90565107	Suryodaya & Brothers Ltd	SURVEY NO 6, NEAR LIME CHHAKI, DASKROI, Gujarat	India
S2-728770517	Custom Materials Studios  LLC	IN, FRANKFORT, 1154 JEFFERSON STREIT	US
S2-816567530	अल्फा पावर प्राइवेट लिमिटेड	E/601, RAIGARH, महाराष्ट्र	India
S2-582966851	Renaissance Foundation Limited	KHEWAT NO707//668, KHASRA NO.25 KIA NO19, VILLAGE CHHACHHRAULI, YAMUNANAGAR, Haryana	India
S2-517547891	York (Packaging-LLC)	164 WILLINGTON HILL RAD, WILLINGTON, CT	US
S2-652508035	*** JUNIPER GROUP SERVICE	583 PLAYERS TER, MANHATTAN, KS	US
S2-760873358	PRIVATE BHARAT TRANSTECH LTD	THALIPARAMBA, TMC A-17/1326, KANNUR, Kerala	India
S2-698471866	DT  Grand Boa Corp	MA, HOLYOKE, 49- MOSHER ST	US
S2-725937428	Anderson's Laboratories	ABINGTON TOWNSHIP, PA, 1737 PGOSPECT AVE	US
S2-862091879	VALLEYBETTER.COM	COLLIINSVILLE, 707 BLUFF ROAD, IL	US
S2-320028651	TIRUPATI INDIA L.L.P.	C-26, SAMRAT INDUSTRIAL AREA B/H S.T. WORK SHOP, NR. T.N.T. COLONY, RAJKOT, Gujarat	India
S2-957711662	Eye Sterling Specialists Inc	109 Classic Oaks Ln, GEORGETOWN, TX	US
S2-127624837	TITAN PRODUCER PRIVATE	FL NO 31 SAMRUDDHI APPTS, ADARSH DUGDHALAY MARVE RD, MALAD WEST, Maharashtra	India
S2-150957189	QUARTZ PARTNERS	8694 CARRIE CT, WALDORF, MD	US
S2-757187628	Childs and Whaley Proshares	928 LEUDA ST, FORT WORTH, TX	US
S2-136477476	અલ બિલ્ડર્સ પ્રા. લિ.	#00278 49/2, AHMEDABAD, VATVA, Gujarat	India
S2-213793737	Bigler and Dearing	400 MIMOSA DRIVE, WINCHESTERR CITY, KY	US
S2-231771083	Ruffin Sachem Coastal Inc		US
S2-726514224	సుప్రీమ్ ఇన్ఫోటెక్	24-1-12, AFZAL NAGAR KAZIPET, WARANGAL URBAN, Telangana	India
S2-209042327	बाबा पावर प्राइवेट लिमिटेड	SIDDHIVINAYAK RESIDENCY CHS LTD.; FLAT - 101, GREATER BOMBAY, RAIGARH, Maharashtra	India
S2-462172377	प्राइम इन्वेस्टमेंट प्राइवेट लिमिटेड	LUCKNOW, उत्तर प्रदेश, GH-A-8/16	India
S2-342375402	New Delhi Welfare Pvt	F-3, FIRST FLOOR, BLOCK F, VIKAS PURI, NEW DELHI, Delhi	India
S2-179803982	innovation enterprises	#2, FLOOR-GRD, RASHID MANSION, DR ANNIE BESANR ROAD, LOTUS JUNCTION, MUMBAI, Maharashtra	India
S2-147392762	Heart Society  LLC	727 STATE ST, NULL, SCHENECTADY, NY	US
S2-187981788	शिव इंफ्रा प्राइवेट लिमिटेड	RATLAM, मध्य प्रदेश, 8TH FLOOR, JUNIOR MIG, VIJAY STAMBH, M.P NAGAR, H.NO 04, BHOPAL	India
S2-504521952	Cozy Yoga-Nashville	302 SEVEN SPRINGS WAY, BRENTWOOD, TN	US
S2-241676134	DIMAS, HARGROVE AND MILLER FUTURE [INC]	MCMINVILLE, 268 1/2 CYPRESS ST, OR	US
S2-237786071	ಗ್ಲೋಬಲ್ ಪ್ರಾಪರ್ಟೀಸ್ ಪ್ರೈವೇಟ್ ಲಿಮಿಟೆಡ್	CTS NO.3166, null, GOKAK, BELGAUM, Karnataka	India
S2-478625683	DYER BRAND CENTINER PARTNERS	3589 WOOBDURY PARK DR, FARGO, ND	US
S2-314951524	Lawrence Associates Dental		US
S2-969301112	Orthopedic [Clinic]	0407 1ST STREET, NULL, BISMARCK, ND	US
S2-618322632	Anchor  Nuclear (ID: 74625)	SPRIGFIELD, 3071 WESTWOOD AVE, MO	US
S2-197203805	Creative Policy  Pvt Ltd	NO 12/5 , OLD NO.122, 2ND FLOOR, ST.EBBAS AVENUE, P.S. SIVASWAMY SALAI, SULLIVAN GARDEN ROA, D, MYLAPORE, CHENNAI, N/A, Tamil Nadu	India
S2-233239989	विजय केयर एलएलपी	0113, AJMER, Rajasthan	India
S2-62189028	Bonds & Bah Llc	242 TERESA DR SW, CEDAR RAPIDS CDP, IA	US
S2-272947255	Jackson and Williams Holdings	TN, ##186 EAGLE CIR, JACKSBORO	US
S2-165337430	মডার্ন কনসালটেন্সি প্রাইভেট লিমিটেড	DOOR NO 127 N S RD4TH FLOOR R NO 406, KOLKATA, CALCUTTA, West Bengal	India
S2-19560404	Innovation Kolkata Pvt Ltd	H.NO 14 GANGADHAR BABY LANE, CALCUTTA, NULL, West Bengal	India
S2-284006679	AMAN-FINSTOCK PRIVATE	SHOP NO 07 RAMRAHIM MANZIL CHS LTD OM NAGAR DIWANMAN DHURI COMPLEX, VASAI ROAD WEST, Maharashtra	India
S2-73996454	BEACON NATIONAL ALLOCATION L.L.C.	1365  TAHOE DRIVE, FLORISSANT, MO	US
S2-614983954	Smith British Center	19159 WETZEL ROAD, MIDDLE PINT TOWNSHIP, OH	US
S2-602830320	MIDWEST HEALTH CENTER	##36597 MALLORCA AVENUE, MARICOPA, AZ	US
S2-660529572	Debbi's Laioratcorise		US
S2-906781058	Chastity Martinez  Nuclear Inc	804 HICKORY NUT CIR, MONROE, NC	US
S2-691414423	अर्बन फूड्स हार्डवेयर प्राइवेट लिमिटेड	LIG 59, VHB COLONY, NBIRTIYA MUKBADHIR VIDHYALAY, MALKAPUR, AKOLA, Maharashtra	India
S2-638311591	DF Food	HOUSE NO. 6 SIGMA COMMERZONE, NR. GALOPS MALL, ISCON CROSS ROAD, S.G. HIGHWAY, JODHPUR, AHMEDABAD, AHMADABAD CITY, Gujarat	India
S2-334963759	Dr Tantia Cóllege	AT VOO2 JAIPURIA, SUNRISE GREEN LOHGARH JAI, RAJPURA, Punjab	India
S2-438659177	AUGMENT CONSULTANTS (INOIA) PRIVATE LIMITED	C/O DALIP SINGH, NEAR ELECTRICITY BOARD PAYAL ROAD, BIJJA, KHANNA, KHANNA, Punjab	India
S2-981306395	Saurabh Trading Partners  Enterprises	H.NO ##172 , GALA 4, RENAISSAINCE COMPOUND, AMNE ROAD, VASHERE VILLAGE, BHIWANDI, BHIWANDI, Maharashtra	India
S2-561715885	A & Q City Group	001005 Speight St, TARBORO, NC	US
S2-562424225	BZ  Enterprises Corp	26A, HANUMAN LANE CONNAUGHT PLACE, NEW DELHI, Delhi	India
S2-362857238	Plormis Group	3375-3377 LOGAN DRIVE, OSHKOSH, WI	US
S2-240399030	CONTINENTAL MEDICAL CENTER LTD	3 TENNEYSON COURT, LAKE IN THE HILS CITY, IL	US
S2-459482934	Dermatology Specialists Inc	821 ELLWOOD AVE, RICHMOND, VA	US
S2-922147290	BLUE ICE CREAM	1924 ANDERSON STREET, EVANSTNO, WY	US
S2-380987943	Reliable Holdings Services	MA, BROCKTON, 76 LEGION PKWY	US
S2-267555243	BL HELPLINE PRIVATE LIMITED	#1171/1  , SECOND FLOOR, TRICHY MADURAI MAIN ROAD, MANAPARAI, Tamil Nadu	India
S2-136041592	Dahlen Muniyield Direct	HARTTFORD, CT, 00215 VICTORIA RD	US
S2-336111119	Arihant ಕ್ರಿಯೇಟಿವ್ Trading ಪ್ರೈವೇಟ್ ಲಿಮಿಟೆಡ್	01, ANNAI HOUSE 4TH CROSS, M V EXTENSION, HOSAKOTE, Karnataka	India
S2-254971189	Bbs Pvt Brothers Ltd	RZ 153SAYYE NANGLOI, NEW DELHI, Delhi	India
S2-520442422	78/44 Beyond Coastal	515 RIVER TRACE CV, MARION, AR	US
S2-708909173	Aditya Foundation Limited	DOOR NO 134/S-8 VAISHALI, GHAZIABAD, Uttar Pradesh	India
S2-88516741	YVETTE FTOR PEAK RESILIENCE LLC	7 SIMEON HOWARD WAY, WESTBOROUGH, MA	US
S2-193240728	Clean Construction Systems Highland L.L.C.	6521 MAPLEFIELD DRIVE, FORT SMITH, AR	US
S2-748016262	GRANTH CHEMICALS PRIVATE	FLAT NO. 2-8 , APARTMENTS, SWASTHYA VIHAR VIKAS MARG, EAST DELHI, Delhi	India
S2-387294271	BZN Nath Private	19/451, BHAGAT SINGH NAGAR NEAR HARKRISHAN SCHOOL, MALOUT, Punjab	India
S2-248612840	Pvt Shubhlabh India of Kolkata Ltd	#1-4 VILLAGE KHILKAPUR (SURIPUKUR), NEAR 34 NO. NH POST NOAPARA, PS DUTTAPUKUR, DIST. NORTH, 24 PGNS, PARGANAS NORTH, KOLKATA, West Bengal	India
S2-379867653	Patriot School Of Medicine Greater LLC	CT, HAMDEN, 68 GILBERT AVENUE	US
S2-487704150	otkodiak.com	00856 DEERFIELD ROAD, HIGHLAND PARK, IL	US
S2-801317518	BEACON MIDWEST SUNSHINE INC		US
S2-564661906	Om Media Public Limited	7A POLLOCK STREET, SWAIKA CENTRE, GROUND FLOR, ROOM-5, KOLKATA, KOLKATA, West Bengal	India
S2-996667796	RAVIORA-SOLUTIONS	GUJARAT INDUSTRIAL COMPOUND, VISHVESHWAR NAGAR, OFF.AAREY ROAD, NEAR ST.PIUS COLLEGE, GO, REGAON (E), Maharashtra	India
S2-70906765	PIEDMONT  DTE PLATINUM	803 WOODBRIDGE DR, null, NEWPORT NEWS CITY, VA	US
S2-134400163	Bfl (India) Vinayagar Pvt Ltd	Y/104-107, GOLDEN RAYS, SHASTRI NAGAR, LOKHANDWALA COMPLEX, ANDHERI(W), Maharashtra	India
S2-665159273	JSNINTERNATI0NALSCHOOL.COM	12A, BHARATHI NAGAR, S.B.M.PALAYAM, VELLAKINAR, COIMBATORE NORTH, தமிழ்நாடு	India
S2-486912020	भारत हरि मार्केटिंग लिमिटेड	FLAT NO D-301, AURANGABAD, Maharashtra	India
S2-75616807	Garcia Républic LLC	11650. 73RD PL, KIRKLAND, WA	US
S2-16859922	RAMIREZ MOUNTAIN	234-238 NEW SALEM ROAD S, NEW SCOTLAND, NY	US
S2-713653646	Solutions Ínsys (i) Pvt Ltd	Maharashtra, 27, 5TH FLOOR, PLOT-15, JAY MAHAL, SITARAM DEORA MARG, A-ROAD, MUMBAI	India
S2-243057176	Premsagar Technolghies Ltd	C.P -XIII-156 HASSAN MUKKU, KOYYODE, കേരളം	India
S2-49090897	Maxwell's Cleaning Belgshht	TN, 2653. NUNLEY ST, GREENBRIER	US
S2-187827253	2-Star Associates	CROSS CREEKS RDG, PICKERINGTON, OH, PMB 8535	US
S2-203967303	Padampur Exports Group	BLOCK E-15 CENTRAL CITY MARKET, PADAMPUR, राजस्थान	India
S2-16530105	Urology Care Corp	194-37 1/2 111 AVENUE, null, ST ALBANS, NY	US
S2-36191580	KH Club Private Ltd	#D/1089 , 1ST FLOOR, 8TH MAIN ROAD, 5TH CROSS, VIJAYANAGAR, Karnataka	India
S2-305433141	Ltd Harbor Tri-State Contracting	117. TAMA ST, BOONE, IA	US
S2-110472785	Punjab Public School Corp	#1ST FLOOR 6 OLD POST OFFICE STREET, KOLKATA, West Bengal	India
S2-894206183	न्यू डेवलपर्स प्राइवेट लिमिटेड	FL182, 18TH FLR BLDG F, AMANTRA HOUSING COM, KALYAN RD RANJNOLI VLG BHIWANDI, THANE, Maharashtra	India
S2-99436885	Ruthe'S Pinnacle Tax Service	TX, #980 VERDIA DR, PT. BOLIVAR	US
S2-175687134	ONCOLOGY DYNAMIC PHYSICIANS	9 WERNER PARK, ROCHESTER, NY	US
S2-854577363	LANDRETH TOTAL TERRA INC	2672-2676 CENTER ST, GRANITE CITY, IL	US
S2-866134923	श्री साउथ इन्वेस्टमेंट प्राइवेट लिमिटेड	INDORE, मध्य प्रदेश, #D/3RD FLOOR 301E PLOT NO.4/5 PUSHPARATNA SOLITAIRE NEW PALASIA INDORE, INDORE	India
S2-549176289	Hukam Advisory Public Limited	#80 ERISSION BUILDING, CYBER CITY PHASE III GURUGRAM, DLF QE, Haryana	India
S2-340216229	Housing Institute	016 RANCH LANE, HEMPSTEAD, NY	US
S2-521000503	F Spacsphere 2 Service	WINTERSWEET LANE, WHITESTOWN, IN	US
S2-295369124	Ltd Solidus Pvt Center	VINAYAK NAGAR, UDAIPUR, Rajasthan	India
S2-130032088	Family Great Center Care	300 WHITE OAK DRIVE, PMB 5271, MORTON, IL	US
S2-21367719	Dr Vijay  Global Private Limited	Kerala, NO 10/365, PARANGE MAVUVILA EDUVA, BHAGAVATHINADA P O, THIRUVANANTHAPURAM, THIRUVANANTHAPURAM	India
S2-903604179	M/s ALLAHABAD-TRADERS PRIVATE LIMITED	D-##573, LAKE GARDENS KOIKATA, WEST BENGAL, KOLKATA, KOLKATA, পশ্চিমবঙ্গ	India
S2-50368236	GULF ARES HOLDINGS	210 SOO AVENUE, CAMERON, WI	US
S2-445544066	Bohannon & Slinger LLC	32 SID HALL DRIVE, PMB 4441, NORTH BERWICK, ME	US
S2-930944797	Vanguard Silver	BATTLE GROUND, 22208 182ND AVENUE, WA	US
S2-384350223	M/s bmh & co limited	HOUSE NO.41, DREAMS GLORY PHASE 2, BAWDIYA KALAN NEAR GUJARATI COLONY, BHOPAL, HUZUR, Madhya Pradesh	India
S2-942472190	माय क्रिएटिव एनर्जी प्राइवेट लिमिटेड	DOOR NO 00503 OPP. HDFC BANK, VISHVESH DHAM MEHARBAN SINGH KA PURWA, KANPUR, उत्तर प्रदेश	India
S2-723035490	Orth0pedic Medicine,	218 LINOOD AVENUE, LOWER MERION TOWNSHIP, PA	US
S2-456082423	माँ कंस्ट्रक्शंस	Maharashtra, GAT NO 545, PUNE, FLAT NOD 402, VOYAGE D WING, MOSHI, KHED	India
S2-168647620	ग्लोबल इंजीनियरिंग प्राइवेट लिमिटेड	1/8, AJMER, NO 954 HOUSING BOARD, MADANGANJ KISHANGARH, Rajasthan	India
S2-276620788	PSP Heartland	1709- 260, HEBER CITY, UT	US
S2-351460417	HAPPY  DELI	2617. OAK HILL DR, null, MISSOURI CITY, TX	US
S2-464183795	clean liberty diversified group	50 24ST STREET, VILLAGE OF PRAIRIE DU SAC, WI	US
S2-80333690	P0ONAM + CO OF BANGALORE HOLDINGS PRIVATE LIMITED	NO.##18, KRISHNANAGAR INDUSTRIAL AREA, WARD NO.63, HOSUR ROAD, BANGALORE, ಕರ್ನಾಟಕ	India
S2-59106547	VISION CLINIC	26425 LARAMIE STREET, APPLE VALLEY, CA	US
S2-63102066	Villarreal Deep	2782 BROADWAY, ASHLAND, NY	US
S2-973452651	Cancer Migsthies	136 700, SALT LAKE CITY, UT	US
S2-992798142	Behavioral Hcgelth Group	1715 CREEKVIEW DR, <NULL>, CLAYTON, NC	US
S2-871646971	Trichy  Residency Pvt. Ltd.	BLOCK G-396/1 A-31, AISHVARYAM APARTMENT PLOT NO. 17 SECTOR-4, DWARKA, Delhi	India
S2-445682297	PRINTINGINTEGRATEDWORKS.COM	IL, CHICAGO, 6243 BERENICE AVE	US
S2-514586535	ಸೂರ್ಯ ಶಕ್ತಿ ಮ್ಯಾನೇಜ್‌ಮೆಂಟ್ ಪ್ರೈವೇಟ್ ಲಿಮಿಟೆಡ್	SHIMOGA, WARD NO 25, Karnataka	India
S2-434925526	Sunflower-Foundry	Maharashtra, OFFICE NO 21, 2ND FLOOR, VEDAS CENTER S. NO-157 PL. NO. 19, D.P ROAD, AUNDH, PUNE	India
S2-461468083	Quantent Services	19 Dickinson Street, SRINGFIELD TOWNSHIP, MA	US
S2-63545716	New Delhi Globaltech Private	Delhi, A-8, 01ST FLOOR, ABUL FAZAL ENCLAVE PART-I JAMIA NAGAR, OKHLA, NEW DELHI	India
S2-22610670	Teamsters Union Loclal No 145 145 Group	13378 MAHONING AVE, NORTH JACKSON, OH	US
S2-784506924	Gl0bal Global Elm	5250 BRIDGE STREET, ROSCOE, IL	US
S2-129267854	SHREE  DEVELOPERS PRIVATE LIMITED	H NO 22 229 D PLOT NO 63C, ADDAGUTTA COLONY, BALANAGAR, Telangana	India
S2-497355203	Ancient Ltd. Holdings Pvt. Kay	135 NEHRU NAGAR, GALI NO.1, MEERUT, उत्तर प्रदेश	India
S2-26692452	Business Genomic Ventures	522. 8TH STREET, ALBUQUERQUE, NM	US
S2-646819550	Ollie Whaley-Metal Care Co	6028 KINGS CREST DR, CHESTERFIELD COUNTY, VA	US
S2-757768519	*** Hazaribagh Neosig Home Ltd	NO 1ST FLOOR 20/Z, MOTILAL BASAK GARDEN LANE, KANKURGACHI, KOLKATA REGION, HOWRAH, পশ্চিমবঙ্গ	India
S2-316957747	Cedar  Inc	3237 MEMORIAL BOULVEARD, MURFREESBORO, TN	US
S2-60006048	PRIME TELECOM DIGITAL	167 HOLLYMEADE LN, DALEVILLE, VA	US
S2-871143308	GREAT LORGSElCS INC	2776 TOYAH AVE, HOUSTON, TX	US
S2-950436800	Scs Pathfinders Pvt	Maharashtra, KIRTIAVENUEWING-A, SR.NO5-2/2/1/1/2FLAT NO.102, BANER, PUNE	India
S2-769300454	nidhivan & partners	NO-05, C.YANGANNAPALLI, TADPATRI, Andhra Pradesh	India
S2-559490748	AET Válue Element LLC	24 GOLF HOUSE RD, PORT ISABEL, TX	US
S2-944031942	Gustin, Koeller & & Bóoker LLC	2378 MARIA ST, GUYMON, OK	US
S2-341985691	ग्रीन मार्केटिंग एलएलपी	30, FLOOR, 2ND FL, PLOT 63C, STATION TERRACE, NAUSHIR BHARUCHA MARG, GRANT ROAD RLY STA, TION, MUMBAI, Maharashtra	India
S2-265155357	LLC JOHNSON COLONIAL PIONEER	495-499 LASSIE CIRCLE, HUDSON, WI	US
S2-743340627	Primary Care Partners Holdings	179 D 109 ST, ROCKAWAY PARK, NY	US
S2-637249928	North Advanced States [Northside]	776 100, SALT LAKE CITY, UT	US
S2-57414977	ಆದಿತ್ಯ ಮ್ಯಾನೇಜ್‌ಮೆಂಟ್ ಲಿಮಿಟೆಡ್	WOLFPACK WORKSPACE, BANGALORE NORTH, BANGALORE, Karnataka	India
S2-964193070	CINDER CINDER (LLC)	114-118 VILLAGE COMMON, FISHKILL, NY	US
S2-697804337	Silver Pvt  Ltd Services	M-902, 9TH FLOOR TOWER M, AJNARA GRAND HERITAGE, PLOT NO-GH-01/B, NOIDA, Uttar Pradesh	India
S2-504749461	INDIAN VÍDYALAYA	PLOT 00650 K-502, SWAGAT AFFORD, NEAR AKSHAT ICON, SARGASAN, GANDHINAGAR, Gujarat	India
S2-805009607	Star Staffing Products Partners	883 LAKE CAROLYN PARKWAY, IRVING, TX	US
S2-720707190	Foundation Media Communications Private Ltd	PLOT 645 OFFICE NO. -214, SR NO. -73/1 GERA'S PARK VIEW KHARADI, PUNE, महाराष्ट्र	India
S2-65261176	প্রাইম কেয়ার প্রাইভেট লিমিটেড	H.NO 7 WATGUNGE STREET, KOLKATA, HOWRAH, KOLKATA, পশ্চিমবঙ্গ	India
S2-870698600	Lower Rocky Spa	5744 GARFIELD AVENUE, CARMICHAEL, CA	US
S2-376645290	Internal Medicine Metro Center LLC	MD, BALTIMORE, 307 CORNWALL STREET	US
S2-370413274	Sri SHAKTI INTERNATIONAL PRIVATE LIMITED	FLAT NO.705, B-BLOCK, MAHINDRAASHVITA APARTMENT, TIRUMALAGIRI, Andhra Pradesh	India
S2-890062432	Amie Hall Vision Center Holdings	##8072 Zepp Drive, KING GEORGE, VA	US
S2-272128782	Zeigler Payment Llc	334 WEST RIVER RD, ELGIN, IL	US
S2-759688788	PREFERRED MARTIN HIGHLAND  PLLC	04044 OLD VIRGINIA ROAD, CHESAPEAKE, VA	US
S2-497427644	JENSEN PACIFIC PACIFIC	LEWISTON, 176 BLAKE SAINT, ME	US
S2-448003001	Blum Edwards Inc Services	1520-1524 ARTHUR AVE, CITY OF RACINE, WI	US
S2-691000043	Hendrix Capital	9749 LINCOLN RD, JOINT BASE LEWIS MCCHORD, WA	US
S2-920259876	staplesolutions.com	BLOCK F-962 D-2002, OBEROI SPLENDOR, JVLR, OPP MAJAS DEPOT, JOGESHWARI EAST, Maharashtra	India
S2-93965153	Smt Niharika Tbraeds LLP	E-2-7 ROLLING HILLS GACHIBOWLI, HYDERABAD, Telangana	India
S2-308953796	Mejia & Raymond	5620 SIERRA STREET, HILLSBORO, OR	US
S2-393511090	iwstarry.com	UT, 475 2490, GREEN RIVER	US
S2-13684401	CRISCO & DONAHUE CLOUGH LLC	99 SIR DAVID WAY, null, LILLINGTON, NC	US
S2-282361765	NOVARI ÁFFILIATED INC	CAMBRIDGE, 18 TWIN POINT COVE ROAD, MD	US
S2-321007226	STACY COOPER, DO	00140 MISSY BYRD DRIVE, HOPE MILLS, NC	US
S2-572816582	RAPID REGIONAL JAWS	#10722 WILLETTS CROSSING RD, WHITE PLAINS, MD	US
S2-746561707	damodar international school llp	360 HARRIS GANJ CANTT, KANPUR, Uttar Pradesh	India
S2-199566096	BRYNA'S LIQUOR	451 CHRISTENSEN ST, N/A, HINCKLEY, IL	US
S2-90575043	CJ Soluions LLP	HOUSE NO.-621, RAM BHAWAN, NEFR KRISHNA CHILDREN HOSPITAL, KAILASHPURI ROAD NO.-2, HANUMAN NAGAR, SAMPATCHAK, बिहार	India
S2-220408506	Lopez Companies Co	8185 FRANK LANE, PRESCOTT VALLEY, AZ	US
S2-375326697	सनराइज इन्वेस्टमेंट्स स्वीट्स प्राइवेट लिमिटेड	H.NO 28 C/O ABDUL RAHMAN KHAN, BAHRAICH, Uttar Pradesh	India
S2-719363821	SEVEN INDIA PRIVATE LIMITED	PLOT NO.495 , SAHADEO NAGAR, NIRMALA SCHOOL ROAD, NASHIK, Maharashtra	India
S2-433340559	ஸ்வஸ்திக் மீடியா பிரைவேட் லிமிடெட்	39/19, SECOND FLOOR, 1ST CROSS STREET, WEST CIT NAGAR, CHENNAI CITY CORPORATION, CHENNAI, Tamil Nadu	India
S2-191640051	INTERSTATE  CEAN ACTIVATE LLC		US
S2-89728702	Oneill Clear Maritime	840 VILLAGE PKWY, LITCHFIELD PARK, AZ	US
S2-211309801	CLASSEN CÁYSON,	4003 MEADOW KNNLL LN, MT JULIET, TN	US
S2-291236872	MEGGY WALTON PATRIOT QUEST SOUTHSIDE	7622 CROYDON PLACE, VA, PRINCE WILLIAM COUNTY	US
S2-775009060	Services Trading Holdings Ltd	H.NO 9A/18 F/F WEST EXTN AREA, KAROL BAGH, DELHI, दिल्ली	India
S2-267265585	इनोवेटिव इम्पेक्स प्राइवेट लिमिटेड	802, MUMBAI, Maharashtra	India
S2-858780885	TEIRTZA LWANSKI, P.A.	8603-8607 ROYAL BIRKDALE DRIVE, CHESTERFIELD COUNTY, VA	US
S2-884782917	Mather Family PLLC PLLC Center	3852 PARK AVENUE, BLASDELL, NY	US
S2-708699308	Chengalpattu Consultants	H.NO ##30 , SENTHIL RAYIL, NAGAR 1ST STREET, CEHNGALPATTU, Tamil Nadu	India
S2-723034175	BRIGHT MASSAGE SERVICES	1303 CHAY DR, WHITE CLOUD, KS	US
S2-889760142	Berkeley-Care	OFFICE UNIT NO. S-##1, 2ND FLOOR, SUPER MALL PREMISES CO-OP SOCIETY, PUNE CITY, महाराष्ट्र	India
S2-531810703	Teteix LLP	014551 ALSACE LANE, GAINESVILLE, VA	US
S2-674925611	Jai Consultancy Ltd	E-211, CRYSTAL PLAZA NEW LINK ROAD, ANDHERI (WEST), Maharashtra	India
S2-220754593	Vannoy Frontier Alpex Corp	48 ORCHARD STREET, SOUTHBRIDGE, MA	US
S2-54454278	ridgefortebiotechnology.com (ID: 30153)	61 DUCHESS DR, BUFFALO, NY	US
S2-833308539	Innovative Mdla Private Limited	FLAT NO. 6/1130K, MAGNUS ARCADE, CHEROOTY ROAD, CALICUT, Kerala	India
S2-236394927	Sree Developers Public Limited	8/863, KERALA TOWER, RAJIV GANDHI BYPASS ROAD, ERNAD, MALAPPURAM, NULL, കേരളം	India
S2-734252639	तिरुपति ग्रेट एक्सपोर्ट्स प्राइवेट लिमिटेड	FLAT NO 103  SWAMI RESIDEN, B WING KAKARTALE MAHAD, MAHAD, RAIGARH(MH), Maharashtra	India
S2-90211345	Silver Beijing, (Incorporated)		US
S2-481032491	@orion	10324 AKRON AVE, TOWN OF BELMONT, WI	US
S2-722127589	Morgan Íslands LLC	DALLAS, 7128  TOWN BLUFF DRIVE, TX	US
S2-881959725	Dr Msm Ventures Private  Ltd	S.NO.14A5/2-B, SRIPERUMBUDUR VILLAGE, SRIPERUMBUDUR, தமிழ்நாடு	India
S2-87855996	Brock lris of Wise Town Ltd Ltd	750 Hurricane Road, WISE TOWN, VA	US
S2-365782865	Premier Classic Service	NO. 15, 1ST FLOOR, PANDIAN NAGAR, SHOLINGANALLUR, தமிழ்நாடு	India
S2-308983660	ईस्ट इंजीनियरिंग ज्वेलर्स प्रा. लि.	1429 SECTOR -1 LDA COLONY, LUCKNOW, Uttar Pradesh	India
S2-439061607	Horizon Recron Ltd	PLOT 777 A-66 T/F R/S FLAT-13 PARYAVARAN COMPLEX, SAIDULAJAB NEB SARAI, GADAIPUR, NEW DELHI, NEW DELHI, Delhi	India
S2-187322347	Nagavi World	राजस्थान, K. K. HOTEL KE SAAMNE, N. H - 15, BALDEV NAGAR, BARMER	India
S2-21891292	Johnson Franklin LLC	#13895 ST RTE 374, ROCKBRIDGE, OH	US
S2-601871972	आदित्य कंसल्टेंसी प्राइवेट लिमिटेड	H.NO.E-8-297, MEERUT, Uttar Pradesh	India
S2-870205766	Builders Montecarlo Rubber Private Límited	#10- , 11, 12, PATEL COMPLEX, MOHILE VILLAGE ANDHERI KURLA ROAD, SAFED POOL, Maharashtra	India
S2-148405645	Swastik కేర్ లిమిటెడ్	#2-36/1/14 PLOT NO 107 2ND FLOOR FRIENDS COLONY CHANDANAGAR, HYDERABAD, Telangana	India
S2-549687459	Vivek & Sons  Limited	1149/3474, NIRMAL NIWAS GOVIND PRASAD JHARAPADA, BOMIKHAL, BHUBANESWAR, Odisha	India
S2-74753716	METROPOLITAN ASSOCIATION	W3020 N, COON VALLEY, WI	US
S2-308901052	SECUNDERABADAPCONSTRUCTIONS.COM	NO.43, ROAD NO.2, WEST MARREDPALLY, SECUNDERABAD A.P., Telangana	India
S2-600915224	Montis Rnm	8141 MONROEVILLE RD, MONROE, IN	US
S2-814258652	TRI-STATE  READY GREATER, CORP SERVICES	AZ, 243 WALTANN LN, PHOENIX	US
S2-96484214	>> vantancefisheries.com	2507 CHERRY STREET, CORNING, AR	US
S2-542895335	LTD KRISHNA TECH	C-#1, MUMBAI, Maharashtra	India
S2-332698344	Zatech PC	GEYER STREET, DAYTON, OH	US
S2-789823886	ORTIZ  VIII ATLANTIC	9122 11482, GRAHAM, TX	US
S2-370833136	Escarcega Bright Towing Llc	5746 FOURSON DR, CINCINNATI, OH	US
S2-817229334	The Garcia Legacy Fund Inc	5201. HELMS PORT AVE, WILMINGTON, NC	US
S2-799195773	AUTOGRAPH LTD CENTER	2-102, SHALIMAAR ROYALE MALL AVENUE, LUCKNOW, उत्तर प्रदेश	India
S2-245657037	Silver Hartford	8481 Sals Place, MANSASAS TOWNSHIP, VA	US
S2-598918761	YSH Vdtn Private Limited	FLAT NO. #5 , B WING, DOIFODIL BLDG, OPP. R COLLEGE, THANE, महाराष्ट्र	India
S2-723885216	Select Quality Heos	11156 ZEALAND AVENUE, CHAMPLIN, MN	US
S2-230600053	martguerita carlson integrated therapeutics llc	9023 SUNNY RIDGE DR, HOUSTON, TX	US
S2-279280433	Quanteon  Mercury	1801 SHERRY LN, CRAINVILLE, IL	US
S2-351490722	सनराइज इन्वेस्टमेंट्स स्टील प्राइवेट लिमिटेड	605, NAGPUR, महाराष्ट्र	India
S2-836095785	Kennedy Telephone Pinnacle LLC	641 CLIFDEN DRIVE, null, WELDON SPRING, MO	US
S2-214076109	டிஜிட்டல் ஹரி மார்க்கெட்டிங் பிரைவேட் லிமிடெட்	NO.D/1 DR.BESANT ROAD, THANJAVUR, KUMBAKONAM, தமிழ்நாடு	India
S2-876660233	Finke Williams & Kirby LLC	EUFAULA, OK, 27 SCROGGINS ROAD	US
S2-744806072	Kolkata Exports	#298, BORAL MAIN ROAD, SRIPUR, BAGHERGHOL SONARPUR BLOCK A, 1ST FLOOR, ROOM NO. 104, KOLKATA, KOLKATA, N/A, West Bengal	India
S2-282884358	Bangalore North View	54, 2ND BLOCK, 18TH CROSS, AKSHAYA NAGAR, BANGALORE NORTH, Karnataka	India
S2-299345279	Red Bakery LLC	MANASSAS, VA, 741 BARBADOS LANE	US
S2-894977670	यूनिवर्सल आईटी प्राइवेट लिमिटेड	NO 5-6-D DEFENCE COLONYJAJMAU KANPUR, KANPUR, UTTAR PRADESH, उत्तर प्रदेश	India
S2-324948384	GE Plutonian North	HEMPSTEAD, 1509C PARK AVENUE, NY	US
S2-805662949	Kdestlr Inc	##4538 SUMMERSET CIR, ROANOKE, VA	US
S2-71726954	Bright Best Axiom Inc.	911 50RD AVE, SEATTLE, WA	US
S2-740817873	Environmental Project II Associates East Co	1653 52TH ST, SACRAMENTO, CA	US
S2-991127794	Arts Federation Inc.	3427 SQUIRREL RIDGE PLACE, LOUDOUN COUNTY, VA	US
S2-589964987	रॉयल ट्रेडिंग प्रा. लि.	F- B3/89/A 4TH FLOOR, VISHWAKARMA COLONY, MB ROAD, DIVREPORTINGCIRCLE, SOUTH DELHI, Delhi	India
S2-304758040	CONTINENTAL ANIMAL HOPSIHTML NORTHSIDE LLC	1807 KIMBROUGH ROAD, GERMANTOWN, TN	US
S2-663272771	Anilora-Accessories Private (ID: 34679)	H.NO 24/2 , SHIVAM, 29TH MAIN ROAD BEHIND INCHARA HOTEL, J.P.NAGAR 6TH PHAS, E, BANGALORE, Karnataka	India
S2-912068082	1571 1571 Washington Drive Realty Llc	2245 GUNSMITH SQ, RESTON, VA	US
S2-869485489	Davis's Partners Advisors	##4988 HONDURAS DRIVE, MEMPHIS, TN	US
S2-787156718	SAVINA  BAKER STERLING HYPERLIQUID VALLEY INC	1698 VAN BUREN STREET, GOODYEAR, AZ	US
S2-131404318	Laa-Inc	CLIFTON ST, MALDEN, MA	US
S2-939598223	Main Street Hmpnois Group	ACUSHNET AVENUE, NEW BEDFORD, MA	US
S2-730937095	Powers Tinto Northside LLC	67 HOSKINS RD, BLOOMFIELD, CT	US
S2-477790875	JOHN PIONEER SIGNS-LLC	BILTMORE AVENUE, ASHEVILLE, NC	US
S2-60224438	Agro Next Marketing Public Ltd | www.agronext.com	AT. C/O SHIR YADAVRAO DHOTE, AT RAJURA, DIST CHANDRAPUR DL-090, RAJURA, Maharashtra	India
S2-313674611	शिव प्रोजेक्ट्स प्राइवेट लिमिटेड	उत्तर प्रदेश, LUCKNOW, BLOCK F-C-308 551, KA/257, SHAKTI NAGAR, BHILAWAN, ALAMBAGH, LUCKNOW, U.P.	India
S2-158624452	ஸ்ரீ ஈஸ்டர்ன் மேனேஜ்மெண்ட் பிரைவேட் லிமிடெட்	KRD GEE CRYSTAL, CHENNAI, Tamil Nadu	India
S2-150485590	optimal bio inc	1416 BUCYRUS NEVADA ROAD, N/A, BUCYRUS, OH	US
S2-332811867	cicelybillingsleafresh.com	1011 Arendell St, MOREHEAD CITY, NC	US
S2-919722946	ONCOLOGY PARTNERS, LLC	1078 WALCH LN, LEXINGTON, TX	US
S2-510622889	LIMITED ENTERPRISES RAJI CAMERA	PLOT ##857 C/O-PANKAJ LOCHAN SHARMA, ARA, BHOJPUR, Bihar	India
S2-720737807	LLC Continental Dcesign Ássociates	15204 STARBOARD PL, NORTHPORT, AL	US
S2-298684657	Montes Shetler &	VALENTIA DR, GRANGER, IN	US
S2-948239766	ORA MOTOR PRIVATE  LIMITED	204-211, KRISHNA CHAMBERS 59, NEW MARINE LINES, CHURCHGATE, Maharashtra	India
S2-816338394	Clear LLC Partners	1757 OLD PINEY ROAD, MARYVILLE, TN	US
S2-899660156	MEDINA CITY INDUSTRIAL LLC	1195- LAFAYETTE ROAD, MEDINA CITY, OH	US
S2-644538729	GV Agritech Pvt. Limited	#20/1A. , 4TH MAIN, 8TH CROSS SANJEEVININAGAR, NAGARABAVI ROAD, BANGALORE, ಕರ್ನಾಟಕ	India
S2-233128816	Basoft	9801 QUAIL LN, TUCSON, AZ	US
S2-238203232	REGIONAL SUPREME CONSOLIDATED	#4310 TROTTINRIDGE ROAD, MECKLENBURG COUNTY, VA	US
S2-936900502	Nbs Arts Ltd	O-204, AKSHAT HEAVEN, OPP SAHJANAND CITY, GANDHINAGAR, Gujarat	India
S2-687682739	Dehri Infra L.L.P.	C/O- RAJMUNI DEVI, PLOT NO.- 194 NEAR URVARSHI HOTEL, GANDHI NAGAR, DEHRI, Bihar	India
S2-68100230	MADURAI INDUSTRIAL PRIVATE LIMITED	VAIGAI HOUSE 39 B ANNA NAGAR, MADURAI, Tamil Nadu	India
S2-478191544	Honore  Ultra Incorporated	279 MONTEBELLO AVENUE, VENTURA, CA	US
S2-174371302	EYE  [CENTER]	8660 ELEVEN POINT ROAD, HANNIBAL, MO	US
S2-824017323	Red Tavern! LLC	#106 BROOKWOOD DRIVE, GOLDSBORO, NC	US
S2-797641514	Gille, Jodi, O.D. Downtown	171 MARTIN ST, LEXINGTON, NC	US
S2-1379489	NEW ENERGY PRIVATE LIMITED	H. NO. 832/33, TQ. BILOLI, DIST. NANDED, SAGROLE, NANDED, <NULL>, Maharashtra	India
S2-692645476	Competent (India) Chemicals  Private Limited	Karnataka, H.NO 22/1 , 46TH CROSS, 5TH BLOCK, JAYANAGAR, BANGALORE	India
S2-857737719	Furr Seht  Pennantpark	4010 ZANE AVE, NULL, ROBBINSDALE, MN	US
S2-432580434	FOC Trades Privgte-Limited	301, 3RD FLOOR, INDUS HOUSE, NEAR MONGINIS FACTORY, SAB TV LANE, ANDHERI WEST, MUMBAI, Maharashtra	India
S2-942161818	Gardner Cotinentcdbl Stores	2318 117ST PLACE, EVERETT, WA	US
S2-608229676	venusp1ant.com	#10 PAREKH NIWAS 125 TELANGRD MATUNGA CR, MUMBAI, Maharashtra	India
S2-24972316	Custom Fisheries	14716 83RD STREET, VANCOUVER, WA	US
S2-49246817	Jj Consultancy Corp	PLOT 529- B-36/10-P-J-1-A, NEAR- TRIDEV MANDIR, SANKAT MOCHAN ROAD, VARANASI, Uttar Pradesh	India
S2-100937993	PHILLIPS,-HAYES + ACAMPORA FOCUS LLC	103 3TH ST, PO BOX 6586, BELLVILLE, TX	US
S2-367567062	CORPORATE PRINTING CONSULTANTS LLC	2671 Lower Stecoah Road, ROBBINSVILLE, NC	US
S2-248799671	બ્લૂ ઇન્વેસ્ટમેન્ટ પ્રાઇવેટ લિમિટેડ	E-201. ZENOBIA, AHMADABAD CITY, AHMEDABAD, Gujarat	India
S2-56093319	GREEN  FOOD LIMITED PRIVATE	701 SEVENTH FLOOR, REGENT TOWER RACE COURSE CIRCLE, VADODARA, Gujarat	India
S2-946452999	Perfect Financiers	DOOR NO 88/5 LAXMI LEELA AGRA ROADMULUND (W), MUMBAI, महाराष्ट्र	India
S2-415333403	GUY LLC SERVICES	5609 54TH AVE, RIVERDALE, MD	US
S2-908745013	Michalec & Pearson Inc	10031 BAYART WAY, HUNTERSVILLE, NC	US
S2-76340514	Big Sandy Historical Direct Center	6681 LEMON ROAD, BIG SANDY, TX	US
S2-758826869	Quantanyn Shipping Shipping Inc	NORRISTOWN BOROUGH, 142 ARCH ST, PA	US
S2-528992997	Corner Seafood	605 1/2 HELMS DR, LOWELL, NC	US
S2-587352469	Services Private Mines Lambent Limited	AMBAZHAKADASHTAMICHIRA P O, TRICHUR, MALAPPURAM, Kerala	India
S2-479935212	Yaeger Nova	521 BERTHLD ST, BERTHOLD, ND	US
S2-622171691	Premier Construction ਪ੍ਰਾਈਵੇਟ ਲਿਮਟਿਡ	H NO. 156  , MOH TAJ CITY-3, NEAR EKTA RESORTS, PHAGWARA, Punjab	India
S2-402197056	ZUZANA SMITH PAN,	9114 139, TOWN OF ROSS, WI	US
S2-630633016	सेवन वन सॉफ्टवेयर प्राइवेट लिमिटेड	3010, 3RD FLR, OBEROI GARDEN ESTATE, CHANDIVALI ANDHERI EAST, THANE, Maharashtra	India
S2-584079533	NJOKU PARTNERS (CORPORATION)	122 PERSHING AVENUE, WHEATON, IL	US
S2-676188216	प्रीमियर टेक्नोलॉजीज फूड्स प्रा. लि.	#51/7 SUNNAH HOSPITAL, GANGA NAGAR NEAR NAFIS PARK POLE NO. NG 36/3, AKOLA, Maharashtra	India
S2-844652034	Inc Tri-State Bumrtech	9332 Brunswick Avenue, N/A, WARRIOR, AL	US
S2-793064797	Perfect Products [LLP]	Maharashtra, BLOCK D-563 BLOCK SECTOR, OPP, D.Y.PATIL HOSPITAL, SANT TUKARAM NAGAR, PUNE CITY	India
S2-624679607	Urgent Care Colonial Associates [Group]	1460 State Road 111, VALLECITOS, NM	US
S2-316612337	Regal Confectioners  Salem Industries Pvt. Limited	DOOR NO 15 A, BALAJI NAGAR, 1ST CROSS, SALEM, SALEM, தமிழ்நாடு	India
S2-71582712	Summit Federation LLC	3428 LYNDALE AVENUE, BALTIMORE, MD	US
S2-379068721	regionalschoolmedicine.com	15700 VALLEYVIEW DR, MARYSVILLE, OH	US
S2-791580266	Poddar Enterprises General Pvt. Ltd.	HOUSE NO. 8644 & 8672, 2ND FLOOR, WARD NO.XII, SUBZI MANDI, ROSHANARA ROAD, DELHI, दिल्ली	India
S2-877634098	Newman Braun and Alexander Inc		US
S2-702347257	Ram Dye Industries Private	2843, NARAIN BHAVAN KALUPURKOTNI RANG, Gujarat	India
S2-673577780	8eacon Communications	3101 DIADEM DRIVE, LINCOLN, NE	US
S2-241319960	supreme enterprises llp	NO.195/9 , N.S.C.BOSE ROAD, CHENNAB, CHENNAI, தமிழ்நாடு	India
S2-964325687	Mazzie, Kimbrough &	70 300, LOGAN CITY, UT	US
S2-532064445	siddhi 1ast limited		India
S2-659187152	Internal Medicine Tri-State Health Inc	81 WHITE ST, MANCHESTER, CT	US
S2-557544287	3391 Third Ávenue Realty LLC	419 STARMOUNT AVE, PMB 6424, LIBERTY, NC	US
S2-851369330	நார்த் டெக்னாலஜி ஃபுட்ஸ் பிரைவேட் லிமிடெட்	NO.203, RAHEJA NEST, 2/22 LLOYDS ROAD I LANE, OFF LLOYDS ROAD, ROYAPETTAH, CHENNAI, null, Tamil Nadu	India
S2-183295916	Vanguard Capital LLC Lakeside Sab	704 CLYDE DR, JACKSONVILLE, NC	US
S2-766297451	Heal Solutions Prse Limited	107, GOVIND NAGAR WEST AMER ROAD, JAIPUR, राजस्थान	India
S2-508335410	STRAIGHT  EDGE	005251 20, ANGOLA, IN	US
S2-56183231	Smt ARS VIDYALAYA CORPORATION	VILLAGE-NATHA CHAK PS-DIDARGANJ, PATA, Bihar	India
S2-377515599	Silver-Intelligence Group Westgate	4156 35ND AVENUE W, TULSA, OK	US
S2-722037725	Premier  Academy	811, 8TH FLOOR, SPAZE IT, PARK TOWER-A, SECTOR 49, GURGAON, Haryana	India
S2-122403774	Vasquez & Garcia	CEDAR CITY, UT, PMB 6655, 5749 2800	US
S2-756318116	Battaglia & & Br East (LLC)	01012 SEIDER LN, GRAND PRAIRIE, TX	US
S2-456237430	isg memorial trust	NO -77 , SRINIVASAM, DEEPTHISRI NAGAR, MADINAGUDA, MIYAPUR PO, ST, Telangana	India
S2-302587883	Private Sunshine Infra Ltd	दिल्ली, 15, EAST DELHI	India
S2-417727736	मां सिस्टम्स जनरल लिमिटेड	NO B3/516 JB MTRO HEIGHTS, BEHSA WARD KANPUR ROAD, LUCKNOW, Uttar Pradesh	India
S2-580730379	4156 Sunset Plaza Realty (Corporation)	318 TOMMY STILL RD, <NULL>, GERRRARDSTOWN, WV	US
S2-411240592	Bhasin Kripa	F.NO:403, SAI RAM APART, MAHARANIPETA, VISAKHAPATNAM, VISAKHAPATNAM, Andhra Pradesh	India
S2-289812277	Seager Southside  Valuence	19 B St, BRUNSWICK, MD	US
S2-737467178	Brown All Tower	612 LAKE STREET, TOOMAH CITY, WI	US
S2-74729661	होटल वेंचर्स प्राइवेट लिमिटेड	158, AMBER HAI SECOTR 19, DWARKA, NEW DELHI, WEST DELHI, Delhi	India
S2-402004022	>> Sipco Private Innovative Limited	BAZAR ROMD, BOMBAY, Maharashtra	India
S2-294514720	Mcfarland Architecture Southside LLC	526 WALKER STRAET, CENTERTON, AR	US
S2-421646086	Anni's Direct Chemical	66 FRANK EDGE, ALTO, TX	US
S2-181421157	Asian  Vyaapar Company	PLOT NO. 65, H. NO. 2-23-31 HMT SATAVAHANA NAGAR COLONY, KUKATPALLY, HYDERABAD, Telangana	India
S2-788151638	Herminia Clifton [Fitness,]	261 PLEASANT AVENUE, MINNEAPOLIS, MN	US
S2-619477173	Idaline Ford,  DPM Corp	002907 Hapner St, HARLINGEN, TX	US
S2-942775492	Rodriguez Compass P.L.L.C.	237 FIREFOX WAY, JARRELL, TX	US
S2-262792971	[LLC] Urology Continental Care,	937. 1820, CUNNINGHAM, KY	US
S2-306324554	Center Superior Commercial LLC	302 MAIN STREET, DOUGHERTY, OK	US
S2-5529327	valuefinancial.com	13103 WOODS PARK DR, HERRIMAN, UT	US
S2-888395777	Mountain Signature Renaissancere	570 LIVE OAK DRIVE, BERTAM CITY, TX	US
S2-828945708	COMPTON RAPID	011374 SENECA KNOLL DRIVE, GREAT FALLS, VA	US
S2-729481766	Padmini Syscom [Private]	FLOOR-GRD, BHARTIYA KAMALA NAGAR SHAIKH MISREE ROAD, ANTOP HILL, MUMBAI, Maharashtra	India
S2-879355335	GULF FELLOWSHIP INC	AR, 31903 NORTH RD, MARKED TREE	US
S2-708056993	The Kessinger Origin Northside LLC	115 WAREHOUSE DR, BRANSON, MO	US
S2-554187803	amelinahillcpa.com (ID: 58757)	481 VIOLET AVE, PO BOX 5481, HYDE PARK, NY	US
S2-35482860	Hilde's Advanced Catering Ltd	5179-D SUNFLOWER LN, GRANITE FALLS, NC	US
S2-862234653	Bangalore Overseas Private	PLOT 71 GROUND FLOOR, 537/1, 5TH MAIN, HEBBAL, BANGALORE, Karnataka	India
S2-565285307	Harrison Star Medicines-LLC	5117 H, BROOKLYN, NY	US
S2-398970135	डायनामिक वेंचर्स एलएलपी	280, TAGORE PARK NEAR MODEL TOWN, DELHI	India
S2-735782072	bbmtraders.com	PLOT NO C/A, G-1/2 BEHIND IMBR COLLEGE, MIDC, CHINCHWAD, महाराष्ट्र	India
S2-15136186	EAST PATRIOT SUMMIT PLLC [CENTER]	00253 COVINGTON WOODS LOOP, N/A, LANSING, KS	US
S2-318526296	Unique Investment	#19 , BVR NAGAR INDIRA GANDHI ROAD ALWARTHIRUNAGAR, CHENNAI, Tamil Nadu	India
S2-470986968	Signature Health  Digital Inc	3459 Hunter Drive, NORTH OLMSTED, OH	US
S2-838836332	KEALOHA, MCLEAN AND WATSON GRADING INC	6324 Jamieson Road, SPOKANE, WA	US
S2-631598338	Curtis Developments	100 1/2 FALL CREEK ROAD, WILLARD, MO	US
S2-704610320	Zephique Lifeco	14624-A BAUGHER DRIVE, FAIRFAX COUNTY, VA	US
S2-42750012	PERFECT LIMITED PRIVATE MEDIA	DOOR NO 801 H.NO-B/71, GROUND FLOOR, KH.NO-12/3 AMAN PURI, NANGLOI, NEW DELHI, Delhi	India
S2-572439121	ग्रेट कंसल्टिंग प्राइवेट लिमिटेड	H.NO 0960 HOUSENO 15/9 PPARDESHIPUR, KRISHNA PALACE FLATE NO 2, INDORE, मध्य प्रदेश	India
S2-932980392	Summit  Combapntia L.L.C.	5847 GARNETT DRIVE, CHEVY CHASE, MD	US
S2-12800404	The  Allied College	59 WOOD ST, MERIDEN, CT	US
S2-471059362	HOSPITAL EKS ENTERPRISES	PLOT NUMBER-04 &86 ARJUN ENCLAVE, ATRAULI, LUCKNOW, उत्तर प्रदेश	India
S2-164006264	लाइफ इंफ्रा प्राइवेट लिमिटेड	246, PUNJABI PURA TRANSPORT NAGAR, MEERUT, Uttar Pradesh	India
S2-980279578	SINGH & BROTHERS PRIVATE LTD	NO C-937 CONNECT HIVE, TC 98/3633, ASIATIC BUSINSES CENTRE, THIRUVANANTHAPURAM, THIRUVANANTHAPURAM, Keralam	India
S2-867990624	Choice Crane Group	3222 BOWDOIN STREET, DES MOINES CITY, IA	US
S2-583499937	Mable Sanchez Piedmont Inc Partners	223 SALEM STREET, PO BOX 9104, APEX, NC	US
S2-461529533	Rochester Allurion Corporation	6 Brighton Street, ROCCHESTER, NY	US
S2-613690413	Pope Wakefield Grlehm óf &	181 BROADWAY, WAKEFIELD, MA	US
S2-838917206	north hcm	22449 COUNTY ROAD 75, BIG LAKE, MN	US
S2-308455542	রয়্যাল বিজনেস প্রাইভেট লিমিটেড	NO 502 MANGALAM A24 HEMANTA BASU SARANI, CALCUTTA, KOLKATA, পশ্চিমবঙ্গ	India
S2-276447535	DYNAMIC FONRDSATON HARDWARE PVT LTD	B-WING G-10 SWASTIK APTNR SHIVAI VIDYAMANDIR BHANDUP (E), MUMBAI, Maharashtra	India
S2-581087523	વિઝન કન્સ્ટ્રક્શન પ્રાઇવેટ લિમિટેડ	PLOT 281 C/O MANCHHABEN J CHAUDHARI, VRUNDA VADI, VYARA, TAL-VYARA, SURAT, TAPI, Gujarat	India
S2-422059361	श्याम टेक प्राइवेट लिमिटेड	##87 JONAPUR MEHRAULI, SOUTH WEST DELHI, NEW DELHI, Delhi	India
S2-264794754	Indo Agro Private Limited	14, RAMESHWAR MALIA LANE 3RD FLOOR, HOWRAH, null, West Bengal	India
S2-219338526	Shri Xtra & Brothers  Private Limited		India
S2-13373723	Horizon  Technical Digital	5256 HUMMINGBIRD PLACE, <NULL>, FAYETTEVILLE, NC	US
S2-264856246	Modern-Investments-Limited	9/2475-B1, SUITE 916, LR TOWERS, SJRRA 104, ERNAKULAM, Kerala	India
S2-154455355	Excel Property Private Ltd	F NO 604/3 SWARAN JAYANTI APARTMENT GH 97 SECTOR 54, GURGAON, Haryana	India
S2-40859110	Bangalore Eden Private	102, 2ND FLOOR, ELINA APARTMENT DC HALLI MAIN ROAD, BANGALORE, ಕರ್ನಾಟಕ	India
S2-595410076	Trierweiler, Mitchell and Thurman Holdings	1025 MISSOURI AVE, SPRINGFIELD, MO	US
S2-791632797	Green Engineering International, Corp	EVANSVILLE, IN, 7005 SAND CHERRY LANE	US
S2-217289791	Dozier Grill L.L.C.	5280 ANNA BELLE LANE, WADDE, NC	US
S2-904967327	Western Bay Bioedcical LLC	1117  76RD CIR, VANCOUVER, WA	US
S2-995498259	ফার্স্ট এস্টেট লিমিটেড	KATWA, BURDWAN, NATIONAL PARA P.O.- KATWA, West Bengal	India
S2-675656958	Pvt Onkara Welfare Society Ltd	SF-6 PARK CASTLE RESIDENC, 12TH CROSS, BASAPPA LAYOUT, GAVIOPURAM EXTENSION, BANGALORE, BANGALORE SOUTH, Karnataka	India
S2-51931071	Delta Frontier Fashion Incorporated	303- CORBIN RD, AL, NEWTON	US
S2-980070326	Golconda Exports Public Ltd	H NO 8-1-293/71/1 FLAT NO 104, K.KASTURI PLAZA, GOLCONDA, తెలంగాణ	India
S2-60900064	Country Law Services	APT 6124, EMBASSY PRISTINE, 21, 6TH MAIN ROAD, IBLUR VILLAGE, BEHIND SUN CITY, BELLANDUR, BANGALORE, Karnataka	India
S2-545975800	Woodfin, M.D., DMD, Ftednergus, P.C.	549 EASTON LN, ROMEOVILLE CDP, IL	US
S2-915256595	A Grand	NIXA, MO, 1017 Pheasant Run	US
S2-165894581	*** Rojas Services	3690 COTTON BAY DR, BALDWIN COUNTY, AL	US
S2-247552868	Fix, Andrews & Shaver,	327 FIFTEENTH STREET, WASHINGTON, DC	US
S2-178365166	जय इन्वेस्टमेंट्स लिमिटेड	Delhi, FRIENDS COLONY EAST OPPOSITE TO ASHRAM CHOWK, SOUTH DELHI, HN 749 HOUSE NO. 59 A/6, NEW DELHI	India
S2-425339415	New Di Ai Private Limited		India
S2-334308415	PATRIOT LEAGUE OF  SNOQUALMIE LTD	RHODODENDRON DR, PMB 9714, SNOQUALMIE, WA	US
S2-358132523	Kashi Foods Private Limited	D.NO. -16C-9 , FLAT NO. A2, SURYA PEARL APARTMENT, SANTHI NAGAR, NEAR MOTHER THERISA STATUE, KAKINAAD, Andhra Pradesh	India
S2-718705603	Avionyx Center	WI, CITY OF GREENWOOD, 301 Hendren Ave	US
S2-253074011	హై కన్సల్టెంట్స్ మోటార్స్ ప్రైవేట్ లిమిటెడ్	ANDHRA PRADESH, ASHOKNAGERHYDERBAD, HYDERBAD, 1-10-271.II FLOOR, Andhra Pradesh	India
S2-169728209	>> Bock Smith & Hunt Mae LP	2541 PINE HILL ROAD, WINFIELD, TN	US
S2-831709348	PACIFIC PET CE INC	SMITH AVENUE, CELORON, NY	US
S2-485434394	Indian City Investment Prívate Ltd	महाराष्ट्र, SHOP #9 C WING VASANT AISHWARYA CHS LTD, MATHURADAS EXTENSION RD, NEAR ANAND NAGAR, KANDIWAL, I (WEST), MUMBAI	India
S2-153237381	United  Technologies Private	C-117, PHASE-V, FOCAL POINT, LUDHIANA, Punjab	India
S2-904844384	Western Private Limited Service	D.NO.1/125, SULUR TALUKA, VADAVALLI, PALLADAM, Tamil Nadu	India
S2-640514146	Kyle Carrasc0 Center	TYPHOON AVENUE, YUMA, AZ	US
S2-66882694	Surgical Center Inc.	AZ, PHOENIX CTY, 754 CLAREMONT STREET	US
S2-27587286	PRIMARY CARE HEALTH CO FOUNDATION	008032 DIBBLE AVENUE, SEATTLE, WA	US
S2-393582747	Exports Bhoomi Mills		India
S2-49070295	Board of Finance of Yonkers Greater	136 MORNINGSIDE AVE, NY, YONKERS	US
S2-607425705	GOOD LAOXMI POWER PRIVATE  LIMITED	B -1225 GHAROLI DAIRY COLONY MAYUR VIHAR, DELHI, दिल्ली	India
S2-144183534	Vinod (India) (India) Private Limited Service	DOOR NO 257 C/O MUNNI DEVI, H.NO-237, DAROGA TOLA, BANJARIYA, MOTIHARI, Bihar	India
S2-942748353	Mint Hill	9930 VERAMONTE CT, MINT HILL, NC	US
S2-871584688	8nk Traders Ltd	H.NO C-14 NETAJI SUBHAS ROADP S HARE STREET, NETAJI SUBHAS ROAD, KOLKATA, West Bengal	India
S2-439538455	inc y & p massage	MUND, Bartlett Boulevard, MN	US
S2-602346864	LOPEZ INSTITUTE OF TECHNOLOGY DOWNTOWN	2708 OLD FORT RD, SUGAR LAND, TX	US
S2-337141629	THE SURGICAL PRAIRIE PHYSICIANS [PLLC]	681 LUDWIG DRIVE, CHARLOTE TOWNSHIP, NC	US
S2-336937430	M/s Hari Software Industries Limited	NO 61 METRO HEIGHTS, DR L M BHATTACHARJEE ROAD, KOLKATA, KOLKATA, West Bengal	India
S2-128910853	LIMITED SANGRUR PRESS	SIDHU NIWAS BLOCK 8 CHAINPURA BASTI, SANGRUR, Punjab	India
S2-80896492	N0rth Construction	220 FLAGSHP WAY, KNOXVILLE, TN	US
S2-261534393	Cazres Rio	WA, REDMOND, 15215 68TH ST	US
S2-690743062	JVO GLOBAL PRIVATE LTD	HOUSE NO. 80C, BLOCK WP LANDMARK Z-508, PITAMPURA, NEW DEHLI, दिल्ली	India
S2-979554796	Vsr Traders Private Ltd	FLAT NO-7-02, BLOCK- D 1, TIRUVANTPURAM CITY (AG), VIJAY SINGH YADAV PATH, DINAPUR-CUM-KHAGAUL, Bihar	India
S2-102753185	Leach Bright Boral [LLC]		US
S2-168479009	Smt PARIVAR METAL L.L.P.	A-1 INDUSTRIAL ESTATE, VARANASI, उत्तर प्रदेश	India
S2-167087917	Trusted Allied Arcelormittal Inc		US
S2-571060409	South Energy Pvt Ltd	A-127/4, PEENYA 2ND STAGE PEENYA INDUSTRIAL AREA, BANGALORE, Karnataka	India
S2-573720225	Urgent Care-Associates LLC	Kingspointe Drive, SAINT PETERS CIITY, MO	US
S2-235078971	COLONIAL INSTITUTE II LLC	PMB 6988, KS, 14447 UNIVERSITY ST, WICHITA	US
S2-717160228	SURGICAL CLINIC INC.		US
S2-136003015	ସନ୍‌ରାଇଜ୍ ଇମ୍ପେକ୍ସ୍ ପ୍ରାଇଭେଟ୍ ଲିମିଟେଡ୍	#479 PLOT NO-607, PURI, ଓଡ଼ିଶା	India
S2-453974038	Keloariabelo	7740 JOPLIN WAY, ENGEWOOD CITY, CO	US
S2-882218126	Youth Trust Partners	14311 AUSTIN BAYOU DRIVE, ROSHARON, TX	US
S2-442744646	BAYSIGNS.COM	182 POPLAR ST, MANSFIELD, OH	US
S2-88697244	EDWARDS GOLDEN DOGECOIN	111 ELMWOOD PL, SHERRILL, NY	US
S2-79967973	शिवम इन्वेस्टमेंट टेक्नोलॉजीज लिमिटेड	012, SHREEPATI KUNJ, MR 10, NEW HEERA NAGAR, SUKHLIYA, INDORE, Madhya Pradesh	India
S2-135741951	ear nose & throat rocky physicians inc	CITY OF EL PASO, DEL RIO ST, TX	US
S2-307751961	Urgent Care Clean Ássociates LLC	10829  BIRKDALE COURT, ABIOTE, IN	US
S2-64060256	Pediatric Medicine	505  ALLEN STREET, CITY OF FOND DU LAC, WI	US
S2-889757194	Anand Technology প্রাইভেট লিমিটেড	2., RAM LOCHAN MULLICK STREET 1ST FLOOR, P.S-JORASANKO, KOLKATA, West Bengal	India
S2-164956602	Finch Idaho	716  D STREET, ARKANSAS CITY, KS	US
S2-420839206	FOOT & ANKLE	2911 AVEUE K, COUNCIL BLUFFS, IA	US
S2-880799990	Apsara (India) Private Limited Center		India
S2-307058760	Vision Prime	SHOLES DR, MEQUON, WI	US
S2-351757973	Drexzeta	C-13/1, FIRST FLOOR, THINGALUR ROAD NASIYANUR, ERODE, Tamil Nadu	India
S2-836975104	Sg Partners Center	1, HOSPITAL STREET, 2ND FLOOR, SATYAM MARKET, OPPOSITE HANUMAN MANDIR, PO PRINCEP STREET, PS - BO, WBAZAR, KOLKATA, KOLKATA, West Bengal	India
S2-847126152	सेवन पावर प्राइवेट लिमिटेड	JAIPUR, 7/5-A, JODHPUR, Rajasthan	India
S2-633770857	SUNIDHI CLINIC	N-603 LODHA HEAVEN OASIS, KALYAN SHIL RD NILJE, KALYAN, Maharashtra	India
S2-848920335	Smith Better Permian  Corporation	810 PARK AVE, RED LODGE, MT	US
S2-837365111	Sweetser Ftai	501 JACKSON SAINT, PMB 1379, SWEETSER, IN	US
S2-422842754	Martin Ventures	759 BURR OAK LANE, UNIVERSITY PARK, IL	US
S2-488151737	Gulf Engineering Inc. Partners	IN, 5320 1/2 TARA CT, INDIANAPOLIS TOWNSHIP	US
S2-693817234	Kolkata LLP Financial	53E., HARI GHOSH STREET, KOLKATA, West Bengal	India
S2-775157292	ശ്യാം ടെക് പ്രൈവറ്റ് ലിമിറ്റഡ്	ROOM NO. KP 3/134A, KONNI, ATTACHAKAL EAST, ATTACHAKAL PO., Keralam, PATHANAMTHITTA	India
S2-860943993	Bat Engineers  Private Ltd	GAT NO.- 00675 FL.NO. A2-718, SUKHWANI SCARLET TAL: HAVELI DIST: PUNE WAGHOLI, DAUND, Maharashtra	India
S2-275438366	behavioralhealthassoc.com	MCVAY DRIVE, MOBILE, AL	US
S2-774376259	Patriot Dental Associates	2255 1/2 NORTHTOWNE PL, COLUMBUS, OH	US
S2-804025384	PEDlATRIC INC	7400 STATE ST, MIDVALE, UT	US
S2-287307026	Givens Gaersaing LLC	108 1/2 FLINT FARM ROAD, MIDDLETON, MA	US
S2-925698209	भारत एस प्रोड्यूसर	201 PARVATI PLAZA NR MAHARAJMARRIAGE HALL KALYANAMBERNATH RD SHIVAJI CHOWK ULHASNA, GAR, THANE, Maharashtra	India
S2-20079564	लक्ष्मी फाइनेंस प्राइवेट लिमिटेड	BLOCK A-950 4, H, PUNE, Maharashtra	India
S2-983321100	8lue Club Pvt Ltd	Maharashtra, GURUKRIPA C GANDHI CHOWK PLOOLPADA ROAD, THANE	India
S2-586518045	શ્રી એપેક્સ પ્રોડક્ટ્સ પ્રાઇવેટ લિમિટેડ	SHED NO. G-128-4 GIDC MAKARPURA ROAD, VADODARA, Gujarat	India
S2-670875927	Private Proactive (India) Nidhi Limited	HOUSE NO 168 3RD FLOOR BLOCK-C PARSHANT VIHAR ROHINI CITY, DELHI, NORTH WEST, Delhi	India
S2-654807103	LAVA ACQUISITIONS LLC	600 1/2 BELL RD, IOWA PARK, TX	US
S2-515002290	Heartland Inc Federation Federation #21457	6482 19RD STREET, FIRCREST, WA	US
S2-955657225	Northern Learning Center lnc	2656 HARTLAND CIR, THOUSAND OAKS, CA	US
S2-868323086	Big 64  Grill	409 VANLANDINGHAM RD, SALT LICK, KY	US
S2-324203206	परफेक्ट बिजनेस प्राइवेट लिमिटेड	194K, SHIV PURI, PATNA, बिहार	India
S2-779962594	Llc Dermatology Physicians	38578- DOGWOOD ST, SCIO, OR	US
S2-449243949	CARDIOLOGY SPECIALISTS FRESH	3210 98RD LANE, PHOENIX, AZ	US
S2-937317881	Co Maps Branding Group	PLOT NUMBR C 1/807 SECTOR 10, LUCKNOW, Uttar Pradesh	India
S2-30168594	Miller & Firman	1667 WALLACE STREET, MOSES LAKE, WA	US
S2-170161859	Shri Hillview Eyes  Private Limited	B-144 IIND FLOORNEW KONDLI MARKET MAYUR VIHAR PHASE III, DELHI, Delhi	India
S2-83257623	मॉडर्न कंसल्टेंसी एलएलपी	DOOR NO 5321/67 REGHAR PURA HARDHIAN SINGH ROAD, NEW DELHI, NORTH DELHI, Delhi	India
S2-201315907	Ora Delk Obic	623A BURNETTE STREET, CHAUVIN, LA	US
S2-444716425	The Elite Light	6025 INLAND GREENS DRIVE, WILMINGTON, NC	US
S2-839034863	BLUE NETWORK CORPORATION	1865 1/2 FM 911, AVERY, TX	US
S2-547184548	Kanishka  Hospitality Private Limited	NO 740 E-275/75SUBHASH MARG LUCKNOW, UTTAR PRADESH, उत्तर प्रदेश	India
S2-665816149	PRIVATE ALAN PACKS ENTERPRISES LIMITED	C 64, JAIPUR, राजस्थान	India
S2-39554614	Reliable Property Innovations Partners	1505 ARMSTRONG AVENUE, BALDWIN COUNTY, AL	US
S2-844942248	Optimal Heritage Madison		US
S2-712034876	MONTAG, WESTERFIELD &-CLEMENTI P.C. SERVICE	4476 AIRPORT PKWY, SAINT GEORGE CITY, UT	US
S2-359915635	Pc Zefent Muniyield	SURPRISE, 25196 184RD LN, AZ	US
S2-78918478	Group Producer Private Ltd	MUJAMMIL C/O ABDUL MAZID, DARGAH SHAREEF GATE, BAHRAICH, Uttar Pradesh	India
S2-649486273	Evans's-Tri-State Security Inc.	4005 HAMONY CT, BALTIMORE, MD	US
S2-329291285	લક્ષ્મી એન્ટરપ્રાઇઝિસ પ્રાઇવેટ લિમિટેડ	235 236 PHOENIX COMPLEXNR SURAJ PALZA, BARODA, VADODARA, Gujarat	India
S2-84944434	Farquhar, Young & Griffin Inc	0174 CLINTON ST, BINGHAMTON, NY	US
S2-447682239	Brahmi Agro Limited [Center]		India
S2-137583708	Lucky Pilates! Corp	420 TAMARACK DRIVE, BETHANY BEACH, DE	US
S2-92443669	Truong, Murphy & Defazio	6824 SAN FERNANDO, IRVING, TX	US
S2-308505144	Lower Learning Center North	14 WARREN LODGE CT, COCKEYSVILLE, MD	US
S2-591607323	FOUNDATION NSV-FOUNDERS PVT LTD.	OFFICE NO. 1001, ORIANA BUSINES PARK, PLOT NO. A, RD NUMBER 22, THANE, Maharashtra	India
S2-688413810	(india) Dixon Beverages Private	GR.FLOOR, VAIDYA BUILDING, NEAR TEMBHI NAKA CLOSE TO IDBI BANK, VEER SAVARKAR PATH, THANE [W], THANE, Maharashtra	India
S2-738662702	rainbow healthcare private limited	H.NO 86 200/H, S. P. MUKHERJEE ROAD GROUND FLOOR, KOLKATA, KOLKATA, West Bengal	India
S2-717567699	X 7 N BIRACILIK ASSOCIATES	209 SILVER LAKE TRL, FORT WORTH, TX	US
S2-417502427	कृष्णा एंटरप्राइजेज प्राइवेट लिमिटेड	PLOT 968 BHUSAN HOSIERY WORK NO. 256, NAYARAN NATHU BHAVSAR ESTATE, NEAR DR. KIRAN SHAH, JAGRUTI NAGAR, ANDHERI (E), MUMBAI, BOMBAY, Maharashtra	India
S2-795971538	*** Jaipur Ínfra LLP	DOOR NO #842 FNO-405 PNO-2EP-3WP, JALORE, JAIPUR, Rajasthan	India
S2-480447817	Vast Foundation Private Ltd	3-93A MEHAR CHAND MARKET LODHI ROAD, NEW DELHI, Delhi	India
S2-875346000	DIGITAL BUSINESS DYNAMICS (L.L.C.)	OH, CINCINNATI, 3294 ANNISTON DRIVE	US
S2-793102039	COLONIALFINANCE.COM	469 KRISTEN LN, SUPPLY, NC	US
S2-680511819	Market L.L.C. Center	26571 WHITES HILL ROAD, WEST HARRISON, IN	US
S2-549484376	srikasolution.com	ಕರ್ನಾಟಕ, NO. 127/113-16-17, HENNUR BAGALURU MAIN ROAD, BYRATHI VILLAGE, BEHIND BIG BREWSKI PUB, KOTHANUR, BANGALORE NORTH	India
S2-116922927	Williams Capital Battery LLC	584 HAMILTON ST, COSTA MESA, CA	US
S2-676140428	Vivyan Wblisln, DMD	00350 MCNAUGHTON AVE, CHEEKTOWAGA, NY	US
S2-307372962	BONITA FINANCE PRIVATE (LTD)	H.NO 1728/16 , NEW MACHHA, COMPD, KHADIPAR, BHIWANDI, BHIWANDI, Maharashtra	India
S2-569910174	R/G-Spade,	8717 LAKE CONTRY DRIVE, FT WORTH, TX	US
S2-340977263	Hooghly Processing LLP	DOOR NO 12. KHIRKUNDI PANDUA, HOOGHLY, West Bengal	India
S2-186770908	Womens Health Specialists	5002 110TH ST, TACOMA, WA	US
S2-112356810	Beacon Associates	1935 LAFAYETTE AVENUE, BALTIMORE, MD	US
S2-111350114	BLUE NETWORK LTD	6804 96A, ROMULUS, NY	US
S2-595889379	Flores's Construction LLC	AZ, FLAGSTAFF, 2950 PRESIDIO DR	US
S2-739548373	5olus Polytechnic LLP	3-A, PRIME CITY, SUKHLIYA, INDORE, Madhya Pradesh	India
S2-314676901	Pvt Kinship Sangh Ltd	24 PARAGANAS NORTH, West Bengal, UIT NO. 6WS18, NORTH 24 PARGANAS	India
S2-358452099	M/s MANINAGAR  LAAEIGN	Andhra Pradesh, H.NO. 10-3-167/A/4 , 2ND FLOOR, VIKAS PURI COLONY, NEAR AG COLONY, S R NAGAR POST	India
S2-630317647	Bakliwal Systems-Private Limited	531/959(634) PANCHAWATI, COLONY, RAHIM NAGAR, LUCKNOW, Uttar Pradesh	India
S2-791631047	frontier superior arc llc	2943  ERIE STREET, BATON ROUGE CITY, LA	US
S2-606777916	Sri PARADIGM THNANG ENTERPRISES PRIVATE LIMITED	#21-ASHIRWAD BUILDING, ST PIUS X SOCIETY ST PIUS X STREET, MULUND WEST, MUMBAI, Maharashtra	India
S2-364468024	Mumbai-Leasing Ltd	DOOR NO 887 302, HIMALAYA HOUSE, 79, PALTON ROAD, MUMBAI, Maharashtra	India
S2-623044615	Ambrosia Investment Ltd	Maharashtra, OFFICE NO 3, QUEENS CROWN, OPP. VASAI JANTA SAHAKARI BANK - HEAD OFFICE, PARNAKA, VASAI WEST, DIST - PALGHAR, MAHARASHTRA, VASAI	India
S2-52898061	Elga Gifford Gráphics West	51. LITTLE BAY LANE, BRANFORD, CT	US
S2-765076066	Zariix Value LLC Center	2357- HIGHWAY 79, CAMDEN, AR	US
S2-674006453	Pristine Center	F-#1493, BASEMENT AND GROUND FLOOR DSIIDC, NARELA INDUSTRIAL AREA, NEW DELHI, Delhi	India
S2-977068630	D R & H	IN, 477 SENECA DR, PENDLEETON	US
S2-154124026	Del0soft Partners LLC	0073 GARDEN DR, PO BOX 1566, FAIRFIELD, CT	US
S2-35172265	Office  of-Labor	43616 KINGSTON LYONS DR, STAYTON, OR	US
S2-925195971	Molina & Paqduhte LLC	1925 546, NACOGDOCHES, TX	US
S2-568384492	bwmachine.com	622 4438 DRIVE, SPAVINAW, OK	US
S2-846458303	Southern Heartland Connecticut, Llc	318- LAKE COURT DRIVE, CLARKSVILLE, TN	US
S2-327323086	6eomin Producer Ltd.	Maharashtra, ANANDAM WORLD CITY, GANESHPETH, NAGPUR, E-103, NAGPUR	India
S2-266130297	Jay Industries Ventures Private Ltd	A 6 315 NIRMAN PARK BHUJBALWADI AGRA RD RAMABUG L RD, KALYAN, Maharashtra	India
S2-349042664	... brasheardynamicboa.com	30 8RD AVENUE, CHOTEAU, MT	US
S2-963758232	Visakhapatnam Tools Pártners		India
S2-157138720	Mumbai Venture Company	PLOT CTS NO.96, OFFICE UNIT 1401, 14TH FLOOR VIKAS CENTRE, CHEMBUR, MUMBAI, N/A, महाराष्ट्र	India
S2-974688085	Lucky Boy Auto	5814 MORLAND DR, ADAMSTOWN, MD	US
S2-155665342	ORTHOPEDIC INTEGRATED  CLINIC-LP	6101 1/2 KELLER DRIVE, WILLOWBROOK, IL	US
S2-891100273	New  Life Chapel	4754 CIMMARON TRL, WEATHERFORD, TX	US
S2-700156930	Thompson Integrated Quest Clinic Central	227 POND SPRINGS ROAD, N/A, KINGSPORT, TN	US
S2-824667171	Developers At City Ltd	73, VIJAY NAGAR LUCKNOW LUCKNOW LUCKNOW UP, LUCKNOW, NULL, Uttar Pradesh	India
S2-221435098	Ear & Throat  Hea1th LLC Partners	NY, 17-8 FRANCIS LEWIS BLVD, WHITESTONE	US
S2-930886692	Solique LLC Center	3501 82ND TERRACE, MO, KANSAS CITY	US
S2-628467633	Technology of Thomas (Center)	1606 Ash Grove Court, WILLIAMSON COUNTY, TN	US
S2-328542236	Jourdan R.-Adams, MD	1630 TATE BLVD, HICKORY, NC	US
S2-281834170	Continental Custom Tpg,	1001 Commercial, COLEMMAN, TX	US
S2-516551422	MUMBAI FARMS PVT (LIMITED)	#275- SHAHEED BHAGAT SINGH MARGTULSI TERRACE R H 16 FORT, MUMBAI, Maharashtra	India
S2-710716378	@ 9 It Holdings Center	4615 GILEAD STREET, CHARLOTTE, NC	US
S2-544237738	Davis, Chapman & Berry Boa	20604 HARTMAN AVE, ELKHON, NE	US
S2-72330454	जय डेवलपर्स प्राइवेट लिमिटेड	324/6B LAXMIVISHNU APTSSHRIKARRAO PATH ERANDWANE, POONA, PUNE, Maharashtra	India
S2-529165683	Surgical Associates	LUCETTA CT, MIDLOTHIAN, TX	US
S2-696851577	Creative Crystal Co Center	2019 CORONA LANE, PMB 9346, HOUSTON CITY, TX	US
S2-139658439	Doia [L.L.C.]	OR, 18565 BASELINE RD, HILLSBORO	US
S2-455358217	Orthopedic Physicians-LLC	93ST STREET, NULL, SCOTTSDALE, AZ	US
S2-473410468	Galaxy Indian Consulting Public Limited	SHOP NO. 52-U.G., C.F., PLAZA, MINTHOUSE NADESAR, VARANASI, Uttar Pradesh	India
S2-201495478	Ltd Whittenburg Aodfgl	W4962 KUBLY RD, TOWN OF NEW GLARUS, WI	US
S2-338207246	Summit  Nelwoks	24489-24493 ISLAND POOL CT, <NULL>, ALDE, VA	US
S2-759030080	Pragati Medical Centre  Private Limited	C#01, SRUSHTI SANKUL VIP ROAD DHARAMPETH, Maharashtra	India
S2-397952604	GOLDEN GOLDEN TEOSCT LLC	1010 75TH ST, NEWPORT NEWS CITY, VA	US
S2-361858495	-- PUGH HIGHLAND  IMAGING	313 WOODARD LN, AZLE, TX	US
S2-9202033	साई इंटरनेशनल फर्नीचर प्राइवेट लिमिटेड	D-11/55 SECTOR-28 ROHINI, DELHI, NORTH DELHI, Delhi	India
S2-893145471	आनंद पावर लिमिटेड	C/O RAM JASARE RAY, VILL-TERAHRASIA, VAISHALI, Bihar	India
S2-204468317	Corrigan Tri-State-Seneca Inc.	2311- BOOKER STREET, NASHVILLE, TN	US
S2-116224903	Kaverinth Leasing LLP	TULSI VILLA, PURNAWAD NAG, BEH PRASAD MANGAL OFFICE, NASHIK, महाराष्ट्र	India
S2-635862550	ಗುಜರಾತ್ ಗುಡ್ ಸಾಫ್ಟ್‌ವೇರ್ ಪ್ರೈವೇಟ್ ಲಿಮಿಟೆಡ್	ANNAPURNA, BANGALORE, GKVK POST, Karnataka	India
S2-351463715	रॉयल इंटरनेशनल एलएलपी	D-C/58A, JANAKPURI, WEST DELHI, दिल्ली	India
S2-861647548	LLC Tri-State Métro lris	412 MAIN ST, EASTHAPTON, MA	US
S2-522985024	Ebc LLP Home	H NO. 285B C/O MD CHAND DARGAH ROAD MASUM GALI, SULTAGANJ, Bihar	India
S2-643184914	TE SOLUTIONS PRIVATE PRIVATE	H.NO 54/3 , T.P. NO. 32, SURVEY NO. 93/1/2/2, GANDHINAGAR, ગુજરાત	India
S2-388559783	FERRARIDIMECOM	5653 1/2 HEARTH CIRCLE, VIRGINIA BEACH CITY, VA	US
S2-223968002	ભારત Star Infotech પ્રા. લિ.	OFFICE NO. 809, 8TH FLOOR, RAJHANS MONTESSA, DUMAS ROAD, SURAT, Gujarat	India
S2-203419486	रियल टेक्नोलॉजीज प्रा. लि.	A-301, STELLAR KINGS COURT PLOT F 32, SECTOR-50, NOIDA, GAUTAM BUDDHA NAGAR, Uttar Pradesh	India
S2-575427279	അർബൻ ഇൻഫ്ര സ്റ്റീൽ	4ST FLOOR, BLAYEES AVENUE EDAPPALLY TOLL, NETHAJI NAGAR, EDAPALLY, ERNAKULAM, കേരളം	India
S2-335046149	CARLTON  LIBERTY CONSTELLATION INC.	IL, SPIRNG VALLEY CITY, 300 ERIE ST	US
S2-177561663	north ogden city asset building charities care holdings	2876 160, OGEDN, UT	US
S2-415673076	>> SURGICAL CRYSTAL CETHR HOLDINGS	5399 JACK MARCUS DRIVE, EL PASO OTWNSHIP, TX	US
S2-350519637	SZ Hospitality Central	7912 49, CANEADEA, NY	US
S2-29289721	पायोनियर सिस्टम्स लिमिटेड	S.NO 18, SHIVAJI PARK, FL-3, MAHATMA PHULE NAGAR, LC-1B, CHINCHWAD, PUNE, Maharashtra	India
S2-821858143	Abbi's Phné Networks		US
S2-322760787	Harris and Singh	80 MORNINGSIDE DR, WESTPORT, CT	US
S2-276584892	Highland Ministries-Winslow Inc	340- MORMON TRL, WINSLOW, AZ	US
S2-240194179	Standard Creative Overseas [Private]	OFFICE 204 VARDHAMAN PLOT 75 SECTOR 20 VASHI, NAVI MUMBAI, Maharashtra	India
S2-489720214	Advanced Security Partners LLC	161 Navidad St, BAY CITY, TX	US
S2-886826501	Highland Aoss Inc	IA, ALGONA, 202. N Benck St	US
S2-852609920	Net (India) Logistics  Private Limited	Keralam, 20/1930., 2ND FLOOR, HAYATH TOWAR, PADAMUGAL, CIVIL LINE ROAD, KAKKANAD, ERNAKULAM	India
S2-613489893	FI  Cln	TENTH AVE, ALTOOAN, PA	US
S2-980637841	creativesignaturegrayscale.com	307 CHESTNUT ST, N/A, HARRISON, AR	US
S2-300028207	Richardson Enterprises Ltd	MN, APPLE VALLEY, 12530 GREYLOCK CT	US
S2-227468581	SARASRAJ  CARGO PRIVATE LIMITED		India
S2-871571938	SPICERANDERSONHARKINS.COM	MT PLEASANT AVE, PMB 8370, AMBLER, PA	US
S2-765631013	आदित्य फूड प्राइवेट लिमिटेड	C/O RAJENDRA SNDAM NIKAM A-1164, HANUMAN NAGAR NANDGAON MANMAD RURAL, NANDGAON, NASHIK, Maharashtra	India
S2-591487160	City Technology-Limited	B-68-B JANKI PURI UTTAM NAGAR, NEW DELHI, NULL, Delhi	India
S2-817017458	Carol, Roybal & Blankenship Vehicle	10036 PARKWAY DR, PHOENIX, AZ	US
S2-344148892	Legacy Wisonsn LLC	911 THIRD STREET, HUGEHS SPRINGS CDP, TX	US
S2-910604588	Ventura Medical P.C. Service	711 BROCKWELL BEND, PO BOX 6742, FORNEY, TX	US
S2-656682820	Medina Preparatory Ácademy	NY, ROSEDALE AVE, BRONX	US
S2-205199740	Zion Pioneer Seneca Inc	377 PARTRIDGE COVE RD, ELLSWORTH, ME	US
S2-899476678	... portlanddte.com	026 TAYLOR STREET, NULL, PORTAND, ME	US
S2-373098173	Kesoram Gasra Group Private  Limited	FLAT NO. 606 S.S EMPIRE APARTMENT GOSHAI TOLA PATLIPUTRA, PATNA, Bihar	India
S2-686750196	-- India Apricot Fabricatorsprivate (L.L.P.)	SONEPAT, SONIPAT, HOUSE NO. 948/30 GALI NO.-2, Haryana	India
S2-473560939	Bolin Hárvard	ARDEN, 68 SMOKEMONT DRIVE, NC	US
S2-371616689	LEORA SCHMIDT, PH.D.	238 TABLE ROCK ROAD, MEDFORD, OR	US
S2-148910514	Gilman Natbioal Air (Ltd)	1111 COMMONS DRIVE, SACRAMENTO, CA	US
S2-951343192	RAINBOW ENTERPRISES PRVITE LIMITED		India
S2-32026680	Kurnool Group	FLAT NO. D-6, GROUND FLOO,R JAI CITY, JAGADHRI, Haryana	India
S2-434756424	Sav Infonet Private	GD-ITL NORTHEX TOWER(A-09) NETAJI SUBHASH PLACE, PITAMPURA, दिल्ली	India
S2-607332316	ॐ केयर प्रा. लि.	77/7, GOLDEN GREEN PARK, BAREILLY, BAREILLY, Uttar Pradesh	India
S2-102243540	BELGAUM MlLLS LTD		India
S2-564347803	BOWSER KODIAK L.L.C.	60 QUAKE LANE, ORANGETOWN, NY	US
S2-212326263	Southern Elite Synchrony Incorporated	6827 20TH STREET, TCAOMA CDP, WA	US
S2-263589960	Zanet Pacific Armada	5 3 NICKEL PLATE TRL, FISEHRS, IN	US
S2-213096779	Capital Select	318 EIGHTH AVENUE, ALGONA, WA	US
S2-186894233	WEINSTOCK ATHENA	1015 DURKIN ST, CAMARILLO, CA	US
S2-817361817	Mr Anant International School Group Exports Co	PLOT NO ##43 , SECTOR 59 PRAGATI VIHAR, BALLABGARH, Haryana	India
S2-594547624	ഗ്രേറ്റ് ലോജിസ്റ്റിക്സ് പ്രൈവറ്റ് ലിമിറ്റഡ്	ROOM NO 2/584 RIST FLOOR SAROJA BUILDING PALAZHI PALA GA COLLEGE PO KOZHIKODE, KOZHIKODE, VADAKARA, Kerala	India
S2-910801102	Deshmukh Future Overseas Pvt Ltd	SHRIRAM SOCIETY BLK 12. GOTRI ROAD, VADODARA, ગુજરાત	India
S2-368643101	82/55  TECHNICAL PC		US
S2-139337099	Corp Reese Rfesaurnact	7340 HUOTERS GLEN LANE, SEVILLE, OH	US
S2-274121621	FIVE LIMITED SERVICE	H NO-234. MHADA COLONY, AURANGABAD, Maharashtra	India
S2-40271424	Lyndel Green Metro Infinite Partners	113 MORNINGSIDE DR, PORTLAND, TN	US
S2-267843373	Miles, Young And Acuna Inc.		US
S2-589517729	सनराइज कंसल्टेंट्स प्राइवेट लिमिटेड	DORO NO 433 H/O RAMBABU PRASAD, S/O RAM PRIT SAH AT - RATNOPATTI, SUBHANKARPUR, DARBHANGA, BIHAR	India
S2-971020888	Smith John  and Wright Corp	CARTERWOOD CT, HENNRICO, VA	US
S2-250594242	Pediatric Dentistry Ace Care	1235 BIRCH AVE, HALETHORPE, MD	US
S2-847490650	Feist Grand LLC Service	2601 BUCKSKIN DR, DICKINSON, ND	US
S2-304959340	Deltanex Service #50191	19889 2728, TERRELL, TX	US
S2-770612454	Rodriguez Strategic	5789 DIVIDING RIDGE ROAD, GOODLETTSVILLE, TN	US
S2-979398496	ఆనంద్ టెక్నాలజీస్ మోటార్స్	03-3-99, Andhra Pradesh, SPSR NELLORE, NELLORE	India
S2-610970679	Apl (India) Exports Center	M-254  GREATER KAILASH PART-II, DELHI, Delhi	India
S2-223498115	Sunrise Best Agro Hotel Hotel Ltd	13/7, GULMOHAR COMPLEX, STATION ROAD, GOREGAON (EAST), Maharashtra	India
S2-136561734	Associates & Neemuch	L-302, PUNE, PUNE CITY, महाराष्ट्र	India
S2-74341101	அர்பன் இன்வெஸ்ட்மெண்ட் பிரைவேட் லிமிடெட்	1/391 F4, N. G. O COLONY, VIRUDHUNAGAR, SIVAKASI, தமிழ்நாடு	India
S2-147738869	Pink Research-Private Ltd	ARUNACHALA TOWERS, DOBR NO.6, NETHAJI NAGAR, NANJUNDAPURAM ROAD, COIMBATORE, Tamil Nadu	India
S2-2135326	India Nis  Healthcare Private Ltd	4TH FLOOR, A-TOWER, AATMIYA, HEIGHT GFSHOW ROOM MANEJA, VADODARA, Gujarat	India
S2-804238279	નોર્થ મેનેજમેન્ટ	NOWROJI VAKIL COMPOUND POLICE LINES, SHAHIBAUG, AHMADABAD, AHMEDABAD, Gujarat	India
S2-344873905	Taylor, Patterson Patterson and Cortez Mobility Westgate LLC	3844. SHAKESPEARE DRIVE, OXNRAD, CA	US
S2-81594575	Jay  Investments Private	443 , TOWER B, NEAR HARISH NAGAR MANHAR GARGEN, SIKANDRA, AGRA, Uttar Pradesh	India
S2-191221526	Office of Finance LP	1593 STANTON CIR, APPLETON, WI	US
S2-613411159	Awbrey Delta  Sky	25424 US HIGHWAY 169, ZIMMERMAN, MN	US
S2-52337508	CASTILLO'S WLELNSS		US
S2-866468652	DELE0N, ANDERSEN AND THOMPSON LP	4805 UNIVERSITY CT, NIAGARA FALLS, NY	US
S2-884788377	Roopiya  Pvt Ltd Services	WESTEND PLAZA, S. NO. 169, HISSA NO. I, SECTOR NO. III (PART) AND IV, AUNDH, PUNE, महाराष्ट्र	India
S2-878677151	Shree Brotohters Private Limited	#22/24 F-BLOCK1ST FLOOR SITARAM BUILDING PHALTON ROAD, MUMBAI, Maharashtra	India
S2-310947976	YOUTHINITIATIVE.COM	1617 NORTHWEST BLVD, GEORGETOWN, TX	US
S2-218825586	Choice Sterling Beijing-of Prior Lake (Corp)	PRIOR LAKE, MN, 160RD ST	US
S2-383424327	சன் இம்பெக்ஸ் பிரைவேட் லிமிடெட்	H.NO 23/33, PERAMBUR PURASAWALKAM, CHENNAI, Tamil Nadu	India
S2-231882131	Lewis & Fisher Ass0ciates	7132 WINTERBERRY PLACE, SEABBECK, WA	US
S2-229790947	Pioneer Impex Private Limited	H.NO 749 112, DDA MARKET, POCKET B PHASE III, ASHOK VIHAR NEW DELHI, NEW DELHI, Delhi	India
S2-44225039	BUREAU-OF SANITATION INC.	##7980 WAGONSELLER RD, GREEN VALLEY, IL	US
S2-623753121	... BHIWANDI ÍNDUSTRIES PVT LTD	H NO 535, THANE, BHIWANDI, Maharashtra	India
S2-672487824	Pvt Harshwardhan Lncbistics (India) Group Ltd	DELHI, WEST ROHTAS NAGAR, H.NO 27/341 PANDAV ROAD JWALA NAGAR, Delhi	India
S2-774944928	A SUPERIOR SUPERIOR UBS LLC	1- WASHINGTON STREET, EASTON, MA	US
S2-139085600	Birdie West Vírginia LLC	LAFAYETTE 5, LEWISVILLE, AR	US
S2-111314155	kirby, knudson and cantrell integrated southside	1922 FAIRMOUNT AVE, BALTIMORE, MD	US
S2-230221194	Community Fund Midtown	CLAKSVILLE, 50 LADD DR, TN	US
S2-215789862	PYL  INNOVATIVE MONTREAL (ID: 76158)		US
S2-850983296	Layne West Restaurants Eastgate [Corp] (ID: 3248)	6738 ALAMEDA AVE, PMB 1330, CITY OF EL PASO, TX	US
S2-618791162	GREGG STRATEGIC ADVERTISING	HIGH POINT, NC, 1126 MADISON STREET	US
S2-236123022	UAB Secuorsy	WA, YACOLT, 23100 HANTWICK ROAD	US
S2-338940251	Backus Éxpress Standard LLC	13 BEAMAN ROAD, OGDEN, NY	US
S2-50682484	ACE INVESTMENTS PRIVATE LIMITED	17-1-383-IP-24, INDRAPRASTHA TOWNSHIP, PHASE-I, SAIDABAD, HYDERABAD, Andhra Pradesh	India
S2-59887455	Inc Lemoine Frontier Titan	GREENSBORO, NC, 200 SANDBAR CIR	US
S2-291074271	Sri SHIVA POWER PRIVATE	Delhi, FLAT NO.B-B3/2 T/F.KH.NO.490, VILLAGE MUNDKA, NEW DELHI	India
S2-26547976	Al Steel Private		India
S2-66137418	White  Projects Private Limited	C.I.T. SCHEME NO. XLVIII P-0017A, ASHUTOSH CHOWDHURY, AVENUE P.O.- BALLYGUNGE, P.S. KARAYA, FLAT NO. 5D 5TH FLOOR, KOLKATA, KOLKATA, পশ্চিমবঙ্গ	India
S2-197423335	Womens Health Medicine Partners LP	88 WILLOW ST, LAWRENCE, MA	US
S2-267056709	Taurus  Marketing	HOUSE NO. 1289 SECTOR 7, HSR LAYOUT, BANGALORE, ಕರ್ನಾಟಕ	India
S2-53222119	Dominick Federal Co Services	247 EAST ST, NE WBOSTON, TX	US
S2-189668916	Mumbai Hatcheries Exports Company	229 SAI SHARANSHER E PUNJAB CO OP HSG MAHAKALI CAVES RD ANDHERI E, MUMBAI, महाराष्ट्र	India
S2-338784349	Nexva Grand Jab Corporation	GRAND PRAIRIE, TX, 01338 WINDING HOLLOW DRIVE	US
S2-669635275	Big Tavern	PO BOX 2490, MA, AYER, 35 GROTON SHIRLEY ROAD	US
S2-625087025	हाई फूड्स प्राइवेट लिमिटेड	H.NO 221 GROUND FSOOR, B-2A/116, JANAK PURI NEW DELHI, NEW DELHI, दिल्ली	India
S2-308812811	UD Wilco (LLC)	4058 177, CUSSETA, AL	US
S2-278073171	PRECISION MATERIALS CONSULTANTS, [INC.]	3615- IDLEWILD AVE, OH, CINCINNATI	US
S2-927518883	trg academy llp	HNO-A-18 FIRST FLOOR, L/P . OKHLA VIHAR JAMIA NAGAR, NEW DELHI, <NULL>, Delhi	India
S2-127097267	gurgaon glass glass limited	ROYAL TOWER, OPP. MAHINDRA FLATS BAJGHERA ROAD, NEW PALAM VIHAR, GURGAON, Haryana	India
S2-259000873	metropolitan corporation	4574D 2350, ROY CITY, UT	US
S2-629926218	magic public school private limited	K 0204, SECTOR 1, SUNCITY, DASKROI, DASKROI, Gujarat	India
S2-510446494	FAMILY MINISTRIES	300- DOUCET CV, ROUND ROCK, TX	US
S2-384777675	Osia College Corporation	NEAR RAJ BHAWAN VIP ROAD, PURI, Orissa	India
S2-794190660	Disa (india) Private Ltd	H.NO 5 , YAMUNAI STREET, VEERAPPAN CHATRAM, ERODE, தமிழ்நாடு	India
S2-721031885	Chavira Platinum Chimera LLC	282 SAXONY DRIVE, FTT MITCHELL, KY	US
S2-343320788	choudharymemorialtrust.com	D-2/510, SECTOR-F JANKIPURAM, LUCKNOW, Uttar Pradesh	India
S2-390477397	Interfaith  Reliable Society North Inc	114- TRIFF COURT, FOLSOM, CA	US
S2-774801274	Lynn Kím Green Inc	5051 BENNING RD, DC, WASHINGTON	US
S2-693930891	Dental [Fresh]		US
S2-842652095	ശ്യാം സിസ്റ്റംസ് പ്രൈവറ്റ് ലിമിറ്റഡ്	DOOR NO 55 T C 84/384 (3), ENCHAKKAL, THIRUVANANTHAPURAM, THIRUVANANTHAPURAM, TRIVANDRUM, Kerala	India
S2-400880635	ALL COMMERCIAL ADVISORS LLC	515 IOWA AVE, MISSOULA, MT	US
S2-594418685	Mr Digita1 Clinical LLP	C-440, GROUND FLOOR, GALI NO. 43 MAHAVIR ENCLAVE, PART -3, UTTAM NAGAR, DELHI, Delhi	India
S2-878966443	Rev It Up Nails LLC		US
S2-162785893	5udarshan Sangh	8-7-69/2/63 PLOT NO 63, HAYATHNAGAR, HYDERABAD, Telangana	India
S2-198618027	North Tge, Llc	509 TRIMBLE ROAD, NULL, JOPPA CTY, MD	US
S2-839220866	Raviva Services Limited Center	NO /19/6 , NEAR MULBERRY WOODS APARTMENTS CARMELARAM STATION ROAD, DODDAKANNELLI, BANGALORE, Karnataka	India
S2-4133582	Vertical Aodvifstory Aodvifstory Pvt Ltd		India
S2-161139999	MELLI  BUTTERMORE, MD, PC	3212. LONGFELLOW AVENUE, MINNEPAOLIS CITY, MN	US
S2-891144497	Enterprises Archimedes Financial Ltd Pvt	DOOR NO 826 GALA 4, PANCH SHEEL SHOPPING CENTRE, MAHAKALI ROAD, NEAR JAGDAMBA TEMPLE, AND, HERI- EAST, MUMBAI, Maharashtra	India
S2-765826887	Kommadi  India	FLAT NO.103, D NO 9 169/2/3, ROYAL PARADISE, A.U.TEACHERS LAYOUT, KOMMADI, Andhra Pradesh	India
S2-852579192	Nu Buildtech Private	#0446 LAXMI NARAYAN, COLONY, BELA, R.K. ASHRAM, MUZAFFARPUR, बिहार	India
S2-263075524	गुरु इंफोटेक एंटरप्राइजेज प्राइवेट लिमिटेड	FIRST FLOOR HOUSE NO 29/23 WARD NO 31 LAXMI GARDEN, GURGAON, Haryana	India
S2-421041470	veltech ltd	5913 COTTONWOOD CIRCLE, WEST DES MOINES, IA	US
S2-86522102	Brown Patriot Utility LLC	374 LAKE GILLILAN WAY, ALGONQUIN, IL	US
S2-10243355	Brault and Krauss Midtown	UT, 813 SOCTT AVE, MILLCREEK, PO BOX 3573	US
S2-747398222	Nesta's Center Vision	329 VAN BUREN ST, GARY, IN	US
S2-190102088	लाइफ हेल्थकेयर मोटर्स प्राइवेट लिमिटेड	PLOT 3-33 20/154, JAIPUR, MANSAROVAR, Rajasthan	India
S2-848775365	Mehandipur (lndia) Industries Private Limited	CHOMALARI DAMODARAPURAM, MADRAS-D/20. MADRAS-20., Tamil Nadu	India
S2-651352173	Daphne A. Scott, CPA, PC	130 TAMARACK LN, HIGHLAND, IL	US
S2-792924614	M/s Singh Travel	C/O MODERN TRADING CO. SEVOKE ROAD, SILIGURI, পশ্চিমবঙ্গ	India
S2-416729991	alvarez chs inc	NY, 1365 STURGEON POINT RD, EVANS	US
S2-485567259	PINNACLE CORPORATION SERVICE	29636 Limestone Creek Way, HARVEST, AL	US
S2-570944594	Summit Bánkshares	4671 SHAW FERRY ROAD, LENOIR CITY, TN	US
S2-147751871	East East Optimal Services	3625 FAIRBROOK STREET, MESA, AZ	US
S2-423288955	RALEIGH HISTORICAL ACE CENTER SOCIETY	801 SEAHAWK CIRCLE, RALEIGH, NC	US
S2-184664959	Gardener Butters Newtekone PLLC Service		US
S2-925124532	Cozy Book Store! LLC	21260 40 Avenue, BAYSIDE, NY	US
S2-909585730	East Rang  P.C.	##221 3RD AVE, CONOVER, NC	US
S2-940442591	VIGUILDAMERICAN.COM	2176 GRAND CONCOURSE, BRONX, NY	US
S2-686537012	मां इंजीनियरिंग प्राइवेट लिमिटेड	A-A-584, DLF QE, GURGAON, Haryana	India
S2-600840283	SWH NEETEAKNOBE LLC	560 Oak Drive, NULL, LOWER SALFORD TOWNSHIP, PA	US
S2-430080370	சாய் இன்ஜினியரிங் பிரைவேட் லிமிடெட்	229/6/3 ROHINI FLATS, AMBATTUR, CHENNAI, Tamil Nadu	India
S2-527140090	SHIVKHORI & PARTNERS GROUP PRIVATE	DOOR NO 230 VASANT VIHAR, KARNAL, हरियाणा	India
S2-384690230	ஆல் கன்சல்டிங் லிமிடெட்	G-149/D3/2 KARAMADAI ROAD, METTUPALAYAM, COIMBATORE, Tamil Nadu	India
S2-669916235	Aditori Pvt Ltd Partners	PLOT NO -C-017, FIRSTFLOOR, JEEWAN PARK, PANKHA ROAD, NEW DELHI, Delhi	India
S2-332848960	Precision Delta	2319 1/2 FREETOWN CT, FAIRFAX COUNTY, VA	US
S2-225873410	Bright White Exports Private	C/OTARAK DEBNATH MARBLE HALADANGA (NEAR KATH MILL) NH-34 DHUBULI NADIA, NADIA, West Bengal	India
S2-255712253	Trust Jng Holdings	H NO-V-128 KHAJOOR WALI GALI ARBIND NAGAR GHONDA, NEW DELHI, Delhi	India
S2-316593971	KANDIVALI ÉAST ÉAST BROTHERS LIMITED	DOOR NO 80 ROHAN ARCADE, OFFICE NO. 7, E-WING, THAKUR VILLAGE, NR. DATTANI PARK, KANDIVALI, EAST, KANDIVALI EAST, महाराष्ट्र	India
S2-210574804	Dsl  Vinimay	OFFICE NO.64 D WING RAHUL COMPLEX PAUD ROAD KOTHRUD, PUNE, महाराष्ट्र	India
S2-46974022	તિરુપતિ ઇન્ટરનેશનલ પ્રાઇવેટ લિમિટેડ	SECTOR NO.2A/1, FLAT NO. 108, (GIRIRAJ) VRAJBHUMI TOWNSHIP, B/H. SARTHANA JAKATNAKA, SIMAD, AGAM, SURAT, Gujarat	India
S2-579564291	Technologies Samvardhan Marketing Enterprises Private Limited	NARENDRA NIWAS ROOM NO 15 BHANDUP VILLAGE BHANDUP, MUMBAI, Maharashtra	India
S2-489096448	Fox  & Currie Inc.	COLUMBIA AVENUE, NY, ELLICOTT	US
S2-257991567	LLC Hayes Heritage Illumination	GALLANT CIRCLE, CITRUS HEIGHTS, CA	US
S2-982934500	रियल एस्टेट स्टोर्स लिमिटेड	PLOT 30 H NO M-24 FF 103, GHAZIABAD, उत्तर प्रदेश	India
S2-152965354	Delly's Tri-State  Energy Co	306 FOURTH STREET, BANGS, TX	US
S2-10053407	Weiss Dogecoin Riverside LLC	#1135 ADAMS STREET, LOMBARD, IL	US
S2-400114911	સાંઈ ઇન્વેસ્ટમેન્ટ્સ પ્રાઇવેટ લિમિટેડ	H.NO 10 VAIDH BANGLOW VV NAGAR, OPP. SHAN NANABAZAR VV NA, ANAND, Gujarat	India
S2-338674443	Global Eye Care Associates	11 WINCHESTER ACRES DRIVE, DALLS, NC	US
S2-739539194	RY Fed Private Ltd	C/O MUNNULURI VEERA NAGESWARARAO, HIGHSCHOOL OPP HOUSE VUYYURU MD, KRISHNA, Andhra Pradesh	India
S2-351775382	Jarliq Hospitality	#1708 FORT VIEW ROAD, AUSTIN, TX	US
S2-542587561	>> 86/78  Bright	5915 SANDY LN, VILLAGE OF MOUNT PLEASANT, WI	US
S2-467221017	Family Metr0 [Group]	207TH STREET, FOREST LAKE, MN	US
S2-751307363	The Interfaith Institute V Group	BLOOMFIELD, 6 STRATFRD PARK, CT	US
S2-492076910	Data Packaging LLC Partners	##1913 FT CAMPBELL BLVD, CLARKSVILLE, TN	US
S2-534074569	ECCORNERSTONE.COM	140  PATTON SQUARE RD, CLINTON, AR	US
S2-959601175	Saldana Entertainment, Smart Inc	##642 HIGGINS DR, JEFFERSONVILLE, IN	US
S2-940039848	First साउथ Logistics Private Limited	B3/908, 9TH FLOOR MERCANTILE HOUSE, 15 K.G. MRAG, DELHI, दिल्ली	India
S2-678607117	STN Developers Private Límited	BLOCK B-972 F-1001 MARVEL BOUNTY SR, NO P-167, P-168, P-238, PUNE CITY, Maharashtra	India
S2-306509424	Patriot Fgtucr Inc	2297 1/2 CR 537A, ALVIN, TX	US
S2-182407333	eastern direct manulife inc	22428  HANSON RD, N/A, UNION GROVE, WI	US
S2-341792868	ভিশন ইনভেস্টমেন্ট প্রাইভেট লিমিটেড	ANANDLOK3RD FLOOR227AJCBOSE ROAD, KOLKATA, HOWRAH, West Bengal	India
S2-986174256	Prairie Markets Holdings	KNOX, 512  700, IN	US
S2-656450273	Akshayaguna Sangh  Limited		India
S2-731643154	OHH-CARE  LTD	C/O PASSANG LEPCHA, UPPER CART ROAD, KALIMPONG, DARJILING, West Bengal	India
S2-254727353	Flock Neurosciences Corporation		US
S2-743281872	Highland Vision  Center Ltd	001936 VISTA RAMA DRIVE, PORT ORCHARD, WA	US
S2-841412964	5hri Dragon Trust	29A WESTON STREET 1ST FLOOR, KOLKATA, CALCUTTA, West Bengal	India
S2-913065811	Tanya Sadler, P.A.	43 FARMSTEAD LANE, W HARTFORD, CT	US
S2-649816847	എസ്എസ് ഡിജിറ്റൽ പ്രൊഡക്ട്സ് പ്രൈവറ്റ് ലിമിറ്റഡ്	481/A., THERUVIPARAMBIL HOUSE KUMBALANGHI.P.O, KUMBALANGHI, ERNAKULAM, Kerala	India
S2-24845855	Franke's Gránd	AGUILA, 51718 DONALD RD, AZ	US
S2-898244282	মা প্রডিউসার প্রাইভেট লিমিটেড	NO. 735 FLAT-4C 18A, KOLKATA, HOWRAH, পশ্চিমবঙ্গ	India
S2-295223007	इंटरनेशनल राम प्रोड्यूसर सॉल्यूशंस प्राइवेट लिमिटेड	BLOCK G-245 61/573, MUMBAI, Maharashtra	India
S2-434788290	Saunders Apple Best Ltd	4032 QUENTON DR, AZ, MESA	US
S2-221545892	T6PIONEERCOM	#1827 FOURTH STREET, WASHINGTON, DC	US
S2-224672499	2952 Sunset Drive Corp Co Center	VA, RICHMOND, 9918 AGINCOURT LANE	US
S2-773398071	SARASWATITRUST.COM	H.NO 1 , VAIKKAL THOTTAM, PALLADAM ROAD, COIMBATORE DIST., TIRUPUR, Tamil Nadu	India
S2-102096636	Mcnei1l Generating,	100 BROWNING STREET, STRATFORD, CT	US
S2-500093705	Vineet Winery Public Limited	OFFICE NO. 718, PLOT NO. 2, 7TH FLOOR, AMBA TOWER COMMUNITY CENTER, DELHI, Delhi	India
S2-387921958	Muller, Jaeger & Fontana	1114-1118 SILVER CREEK LN, ALABASTER, AL	US
S2-802772028	Lans Ayurvedic	BLOCK C-313 C - 18, 2ND FLOOR, MAHENDRU ENCLAVE, STREET NO. - 4, DELHI, Delhi	India
S2-838077466	The Vivyanne Gaines Diamond State LLC	26 CARPENTER ST, GLEN COVE, NY	US
S2-199872111	Marton Imaging	219 ELDERBERRY LANE, SHELTON, CT	US
S2-753236190	Chittaranjan Limited Private Systems	VIZAG TOWERS, SHOP NO 4, 2ND FLOOR, VISAKHAPATNAM (URBAN), VISAKHAPATNAM, Andhra Pradesh	India
S2-656931704	Frye LLC	3363 IRON BRIDGE CV, LAKELAND, TN	US
S2-58321964	PRAIRIE VALLEY VALLEY TRADING INC	W01301 FETTING LANE, TOWN OF BELVIDERE, WI	US
S2-941476266	Zhao Inc Center	TX, AMARILLO, 5706-A PURDUE STREET	US
S2-36455626	Sylvester Sylvester Inaeemts	7201 CRABTREE LANE, MOBIILE, AL	US
S2-508536231	Tri-State Star Acr Inc	0451 AA, TANEYVILLE, MO	US
S2-266214979	inc cameron optimal generating	1621 WOODRIDGE DRIVE, JOHNSON CITY, TN	US
S2-332855850	ZEITLIN, CAROLIN, D.D.S.,	41 BENNETT MOUNTAIN TRACE, CHAPEL HILL, NC	US
S2-981554958	Fresh Yoga! Eastgate	##86 EATON COURT, BARNSTABLE, MA	US
S2-310467135	Dimas, Inc. & Hong  Budlong	105 TAMMY DR, ALEXANDRIA, VA	US
S2-539033879	UNITED & CÓ	H.NO. 301, BADARPUR, NEW DELHI, दिल्ली	India
S2-682842921	मॉडर्न कंसल्टिंग प्रा. लि.	F6039, 16 AVENUE, GREATER NOIDA WEST GAUR CITY 2, GAUTAM BUDDHA NAGAR, GHAZIABAD, Uttar Pradesh	India
S2-412949938	Bio Limited [Center]	PLOT:-949., FLAT-2, DEVI CHHAYA, NEW PRABHADEVI, DADAR (W), MUMBAI, Maharashtra	India
S2-360919898	Sonipat Church Phtre Limited	DELHI ROAD, OPP. CAHWLA SAW MILLS, SONIPAT, Haryana	India
S2-303029152	Unified Ínfinite		US
S2-645704828	Silverline  Academy	A-#119, 1ST FLR, PLOT-8 PT, B-8, A WING, BGTA BEAS PREMISES CO OP SOC, TRUCK TERMINAL RD, A, NTOP HILL, MUMBAI, Maharashtra	India
S2-939970179	J+  Chemical		US
S2-186760037	LLC Verruz Vornado	219-221 Reis Ave, IN, EVANSVLLE	US
S2-953080254	First Health Innovations	399 PRIOR RD, LITCHFIELD, NY	US
S2-73475891	NEXELLE CONSTRUCTION P.C.	31 HILLCREST HEIGHTS, LEBANON, CT	US
S2-523284186	PHYSICAL PHYSICIANS THERAPY	280 SUSANNE DR, OAKLAND, TN	US
S2-570586545	NEW LLP CENTER	Gujarat, SHOP-37, M.N ARCADE NR, BAKROL VILLAGE, DASKROI	India
S2-893598269	विजय सर्विसेज प्राइवेट लिमिटेड	B/37 LAXMI KRUPA, MUMBAI CITY, Maharashtra	India
S2-329136949	हाई हाई प्रोड्यूसर प्राइवेट लिमिटेड	#414- C/O RAMJI SINGH, VILL-, PAKRAIL, TOLA-PATEL NAGAR, KHAGARIA, MAHESHKHUNT, Bihar	India
S2-588843734	Solveo	17419 151ST AVENUE, WOODNVILLE, WA	US
S2-797167072	LLC EVEREST	8515 BRADLEY RD, DUNCANVILLE, AL	US
S2-606857518	SHAWNEE BOGGS SUPERIOR SOUTHWEST DOWNTOWN INC.	2658 FIRTREE COURT, CINCINNATI, OH	US
S2-206072596	ग्रेट इंफ्रास्ट्रक्चर प्रोविजन प्राइवेट लिमिटेड	NO 44. SAKHI HOUSE, PLOT NO 64, 2ND FLOOR, UNIT NO 9, CORPORATE PARK, S.T. ROAD, CHEMBUR, MUMBAI, MUMBAI, Maharashtra	India
S2-705914352	Holdings Bureau of Motor Vehicles	7405B ROXBURY AVENUE, PRINCE WILLIAM COUNTY, VA	US
S2-860310297	Anton (Factory)	9721-D 26TH AVE, SEATTLE, WA	US
S2-237760139	Rush Mobile Holdings	1470 CASSIDY COURT, OCEAN ISLE BEACH, NC	US
S2-789490963	ಸನ್‌ರೈಸ್ ಕೇರ್ ಪ್ರೈವೇಟ್ ಲಿಮಿಟೆಡ್	H.NO 873/1, 2ND MAIN ROAD, BSK III STAGE, II PHASE, IV BLOCK, BENGALURU URBAN, BANGALORE, Karnataka	India
S2-560842924	ಸಿಟಿ ಟೆಕ್ನಾಲಜಿ	NO. 0062, 5/A, SUBHARAJU LAYOUT, KOTHANUR, JP NAGAR, 8TH PHASE, BANGALORE, Karnataka	India
S2-343699981	L.L.C. BAY MEDIA,	3114 GAITWAY CT, N/A, JACKSONVILLE, NC	US
S2-510474763	Youth IV Cottano	626 LEHMAN ST, COLUMBUS, OH	US
S2-877140333	Ferros Granite	01252 MOORE ST, RICHMOND CITY, VA	US
S2-646771328	Lotus Life Care Provision Private Ltd	OFFICE 9B, WINDSOR COMMERCE, 4TH FLOOR ATHARVA RESI. S.NO. 2/8/1, BANER, PUNE, महाराष्ट्र	India
S2-801023784	bay industrial holdings	12007 1/2 973, MANOR, TX	US
S2-290588914	Lynch, Adame & Slocum L.L.C.	MA, MALDEN, RUSSELL STREET	US
S2-835614309	Lubinski, Giorgia B., L.C.S.W., DDS Partners PC	15568 ST RTE 328, LOGAN, OH	US
S2-52525529	The H/5-Arc P.C.	W347N5154 Q, OKAUCHEE, WI	US
S2-390666652	NORTH VETERINARY	18859 BREEN RD, ELWOOD, IL	US
S2-446735303	Bricks Complex Limited Service	NO.572, 15TH MAIN, E BLOCK, J P NAGAR, MYSORE, Karnataka	India
S2-442849068	yd services	Maharashtra, D/773 1204/5, 12TH FLOOR, VARUN GARDEN BUILDING G.B. ROAD, MANPADA, THANE WEST	India
S2-111606371	Pacheco Trusted Horizon Partners	136 CARDINAL DRIVE, GREENVILLE, NC	US
S2-960400475	আনন্দ বিজনেস লিমিটেড	SAHA BHDWAN, FIRST FLOOR 8, CIRCUS MARKET PLACE, CALCUTTA, HOWRAH, পশ্চিমবঙ্গ	India
S2-662365231	Gilleland Reeves Center		US
S2-601179679	Gujarat Software Private	NO 881 60, T N MANNIYAR NAGAR, MARIYAMMAN KOVIL, KATHARINATHAM, PAPANASAM (TK), THANJAVUR, Tamil Nadu	India
S2-283809695	TIMES (INDIA) GLÓBAL PVT LTD	# H.NO. 74/A, FLAT C 1, 3RD FLOOR, # 8-3-191/189, VENGALRAONAGAR, HYDERABAD, Andhra Pradesh	India
S2-17207237	Raviya lndia Private Limited	#87 , THIRUVALLUVAR STREET, THENPALANI NAGAR, AMBATTUR, Tamil Nadu	India
S2-258888496	westboylstonarts.com	MA, 100-104 WOODLAND STREET, WEST BOYLSTON	US
S2-876566285	Sterling Grówth, LLC	11151 FM 438, TROY, TX	US
S2-925423853	Rodox LLC	NY, KINDERHOOK, 33 BROAD STREET	US
S2-16377277	Loper Jlebna	0544 TOPEKA DR, GRAYSLAKE, IL	US
S2-411009087	Services First Fox's	##10516 FLAT CREEK TRAIL, MCKINNEY, TX	US
S2-361916654	Nexiq Travel	4226 MIDDLEBRANCH AVE, PLAIN TWP, OH	US
S2-394298949	Charis Vital [CPA] [CPA]	5524 BROAD ST, MURFREESBORO, TN	US
S2-428586703	ASYA TECHNOLOGIES GROUP PRNSATE LIMITED	41 VARDHAMAN MKTSECTOR 17 VASHI, NAVI MUMBAI, Maharashtra	India
S2-900283851	Mytrah Private Limited Center		India
S2-950668732	DU Rithm Co	1734 CARSWELL LN, SUISUN CITY, CA	US
S2-682163196	Coimbatore Distcrchrftg-Timbers Limited	DOOR NO 5 /1 D VADUGAPALAYAMPOLLACHI ROAD PALLADAM TALUK, COIMBATORE DISTRICT, Tamil Nadu	India
S2-268438777	Ursula Anaya Midwest Marine	TX, CITY OF EL PASO, 12028 MICHELANGELO DAIVE	US
S2-792892104	STARTREE LIMITED (INDIA) VENTURES	FLAT NO. 101, PLOT NO. 123, SECTOR - 6 VAISHALI, I.E. SAHIBABAD, Uttar Pradesh	India
S2-911024154	SÉLECTINFRASTRUCTUREDIGITAL.COM	2000 West River Road, MINNEAPOLIS, MN	US
S2-958511418	SKENANDORE  COMPANIES	402 Ross St, TAHLEQUAH, OK	US
S2-719519751	Kesar Tech Ventures Pvt Limited	SURVEY NO 6268 PLOT NO. 366, LANE NO. 17, MAHATMA SOCIETY, KOTHRUD, PUNE, Maharashtra	India
S2-247256121	Jaxdeltapyra	6894  ST RTE 56, ATHNS, OH	US
S2-160758954	WELLS CITY	615 FLYING POINT RD, SOUTHAMPTON, NY	US
S2-778992255	ബ്ലൂ സോഫ്റ്റ്‌വെയർ പ്രൈവറ്റ് ലിമിറ്റഡ്	H.NO 895  SAROVAR, ERNAKULAM, Kerala	India
S2-30866468	PHYSICAL THERAPY	2488 EDAIS ST, SAN LUIS, AZ	US
S2-884171941	JARLIO-FIGX LP	150 BOAD ST, NEW LONDON, CT	US
S2-458441869	Evanne Collier Perfect [(LLC)]	#1318 ELM RD, MD, HALETHORPE	US
S2-628501498	F0rtune Ventures Company	1-102 VISHWANATH HOUSEOPP SHRADDHA SCHOOL JOUDHPUR VILLARE ROAD, SATELLITE, AHMEDABAD, Gujarat	India
S2-721968817	SERVICES URGENT CLINIC WESTGATE LLC	9340 LIMESTONE RANCH LANE, RICHMOND, TX	US
S2-525193080	CAMP8ELL COMPLETE BNY  GROUP	640-A 7RD STREET, GOSHEN, IN	US
S2-380361490	Surya Investment Industries Private [Limited]	NO. B3/19 , SABAPATHY STREET, AMINJIKARAI, தமிழ்நாடு	India
S2-612359828	CERTIFIED LEARNING COLLECTIVE INC	6315 1/2 COUNTY ROAD 6576, RICH HILL, MO	US
S2-623144154	KP KP Realty Northside, #45801	4521 CANYON CLUB DRIE, N/A, CASTLE RROCK, CO	US
S2-226599274	Shree Exports Private  Limited	12, SAMBANDAM STREET, MANDAVELI, CHENNAI, Tamil Nadu	India
S2-227837130	Vassallo and Saunders Northside Ltd	449 DAVOS DRIVE, CRESTLINE, CA	US
S2-13373111	LIANNA BOSTIC ELITE YORKVILLE	NY, 244 SHOTWELL PARK, SYRACUSE	US
S2-439402071	Golchha Chemicals  Center	GH.NO.MHASRUL, TA, JAFRCH. SAMBHAJINAGAR, JALNA, Maharashtra	India
S2-426364151	PURNEA ENERGY	DAMKA CHOWK GULAB BAG, PURNEA, Bihar	India
S2-201291163	Prime Office	NORTHWAY DR, NACODGOCHES, TX	US
S2-159152235	Janaye's  Ice	3500 AGUA SARCA CT, ALBUQURQUE, NM	US
S2-587059190	TRINITY TECH PICVATE [LIMITED]	DOOR NO 35-80 SECTOR - 69, SAS NAGAR MOHALI, ਪੰਜਾਬ	India
S2-340512129	Physical Therapy Specialists Llc	COLUMBIA, TN, 2124 CARPENTER BRIDGE RD	US
S2-581044531	HAMILTON  BEST BLACKSTONE, INC	310 N LASALLE ST, WENONA, IL	US
S2-505684366	PROJECTS MILLS  PRIVATE LTD	FLAT NO.C-304 , AAKRUTI NIVAS, BUNGLOW NO.41, CZECH COLONY, SANATHNAGAR, Telangana	India
S2-199545089	RIDGE PIEDMONT SPIRE PARTNERS INC.	##213 WOODVALLEY RD, ANNISTON, AL	US
S2-806317870	பிக் சிஸ்டம்ஸ் Limited	1A, BAZAAR STREET, ICF COLONY, TIRUVALLUR, AMBATTUR, Tamil Nadu	India
S2-350545746	mrvadvisors.com	NO 36 , SECTOR 3, GANDHIDHAM, Gujarat	India
S2-80516100	Smt Mangat India Pvt Ltd	#7 , CONRAN SMITH ROAD, GOPALAPURAM, CHENNAI-86, Tamil Nadu	India
S2-266500327	सदर्न फूड प्राइवेट लिमिटेड	PLOT 972 316A, SEC-23 GURUGRAM, GURUGRAM, GURGAON, हरियाणा	India
S2-210615252	Reid Star	11 100, BICKNELL, UT	US
S2-488944994	MUM ALLIED BERKLEY INC.	2869 PLUNKETT AVE, ROTTERDAM, NY	US
S2-836838016	Garner Roofing	304 NAHANT ROAD, NAHANT, MA	US
S2-809153970	Anchor Service	3425 ORCHARD ROAD, OSWEGO, IL	US
S2-216469495	Lucilia Lopez  Hudson, Ltd	IN, 3045 BREAOWATER DR, INDIANAPOLIS	US
S2-813746053	894 Ocean Apartments Holdings	1808 HUFFMAN HILLS LANE, CROSBY, TX	US
S2-712742921	@CREATIVEPRECISION	94 BRONXVILLE ROAD, YONKERS, NY	US
S2-35445483	RED BIKE	642 28B, null, KINDERHOOK, NY	US
S2-984365708	Willoughby Federal Ltd Center	804 STATE ROUTE 571, JACKSON TWP, OH	US
S2-196616006	Subhashini Constructions Infratech Private Limited	82 PHATAK BLDG CO OP HSG SOCV LTD, 001 GR FLOOR, PHATAK BLDG, 52 NEHRU RAOD, BHD SARASWAT, BANK, VILE PARLE EAST, Maharashtra	India
S2-876941140	பாலாஜி சக்தி கன்சல்டன்ட்ஸ் லிமிடெட்	NO.9-2/342, VEERASIVAJI STREET, TAMIL GARDEN MUGALIVAKKAM, KANCHEEPURAM, KANCHEEPURAM, CHENNAI, Tamil Nadu	India
S2-543219829	Manish Brothers Pvt Ltd.	FLAT NO D-514 BLOCK -D, KRISHVI GAVAKSHI APT PANA, BELLANDUR, BANGALORE, BANGALORE SOUTH, BANGALORE SOUTH, Karnataka	India
S2-701636416	Ananya & Brothers Industries Private	69 G/F, VILLAGE KHANPUR, NEW DELHI, Delhi	India
S2-991813099	XW Exports Limited	FLAT C-114, PHASE-1, BHAVISHA URBAN HOMES, ANEKAL, Karnataka	India
S2-206047230	Ledynon Inc	11 JESSAMINE AVE, SAINT PAUL, MN	US
S2-432621608	स्वस्तिक कंस्ट्रक्शन कंस्ट्रक्शंस प्राइवेट लिमिटेड	T-12A, BHOPAL, Madhya Pradesh	India
S2-41997460	Giardina, Morin &	2623-2627 TAYLOR AVE, MARSHALLTOWN, IA	US
S2-723534876	Keyes Fudsin LLC	0062 200, BOUNTIFUL, UT	US
S2-939690909	Bachand's Security Services Ltd	2818 EDGEWOOD DR, FARGO, ND	US
S2-425378478	Prime Media Studios	2084- RUSTIC TRAIL, MOGADORE, OH	US
S2-406020548	MERRICK PREPARATORY ACADEMY	119 THIRD STREET, ELKHART, IN	US
S2-768051359	llc harrell superior medical	5228 GRAVENSTEIN PARK, SAT LAKE CITY CDP, UT	US
S2-676458418	Prerana & Brothers Public Limited	SN 7-46, DSK GARDEN ENCLAVE, HN 24/25 NEAR KUMAR SURAKSHA, KONDHWA, PUNE, Maharashtra	India
S2-379045732	JYOTI + SONS COMPANY	03/6, BAGICHI NO - 3, GURUDWARA BALA SAHIB ROAD, HARI NAGAR, ASHRAM, दिल्ली	India
S2-824649264	drewveterinaryclinic.com	WA, 18TH ST, TACOMA	US
S2-814652785	PRIVATE KDM TECHNOLOGIES (INDIA) LIMITED	12-13-1146, SECUNDERABAD, HYDERABAD, Telangana	India
S2-827829329	PEREZ SPACSPHERE PARTNERS	1917A TAMARACK LANE, CITY OF JANESVILLE, WI	US
S2-253498561	स्टार डेवलपर्स प्राइवेट लिमिटेड	MANGALM 296, MUMBAI, महाराष्ट्र, PRINCESS STREET	India
S2-150064206	Slate  Dynamics	4 96, TIOGA, NY	US
S2-26696311	laxmipremierindustries.com	NO. 521, 3RD A MAIN ROAD KAMADHENU STREET, JAYANAGAR, CHIKMAGALUR, CHIKMAGALUR, Karnataka	India
S2-792838761	CARDIOLOGY HEALTH PORT OF TOWNSEND	1114 GRANT STREET, PORT TOWNSEND, WA	US
S2-486157850	Orion West	6497-6501 TRANSIT ROAD, LANCASTER, NY	US
S2-820733991	Smt Amr Consultancy Private Limited	Maharashtra, A-1/10, GITANJALI KUNJ, 4, DR AMBEDKAR ROAD, PUNE CITY	India
S2-17299203	Fortune Trading Pvt	Punjab, HN 935 SCO-58, CITY CENTRE, G.T. ROAD	India
S2-65042875	Saj Bros Private Limited	DOOR NO./13 , STATE BANK COLONY, OPPOSITE ULAVAR SANDHAI, SINGANALLUR, COIMBATORE, COIMBATORE SOUTH, Tamil Nadu	India
S2-603583553	Ridge Alliance	3918 LINCOLN ST, SPOKANE, WA	US
S2-701391337	The Ridge Véntures Downtown (ID: 17841)	4111 LIVINGSTON HWY, TN, FENTRESS COUNTY	US
S2-603147150	Prívate Distributors Rolling Overseas Limited	H.NO 0032, VELLORE, VELLORE TALUK, Tamil Nadu	India
S2-382332626	Bennett Storage [Pvt.]	H.NO 4-0 , K NO-313/190/3, 4TH 1, BANGALORE, BANGALORE NORTH, Karnataka	India
S2-436019449	Star Pet Care Inc	1192 MOZER ROAD, UPPER TRACT, WV	US
S2-330984979	Star Trading	C/O-MRITUNJAY PARASHAR, PURANI BAZAR WARD NO-##05, LAKHISARAI, बिहार	India
S2-736169504	Happy LLC LLC Shop Bike	704 1/2 TULLYHAW LN, PMB 1323, CHARLOTTE, NC	US
S2-70973008	Baba Limited Food	उत्तर प्रदेश, 6348/4 USTAPUR MAHMUDABAD, USTAPUR MAHMUDA PRAYAGRAJ, ALLAHABAD	India
S2-144643122	Lentz, Pendleton  and Mayer Corp	2929 Hilliard Dr, CHARLOTTE, NC	US
S2-114763862	SZ  Maritime	8087 LINDA ISLE LN, SACRAMENTO, CA	US
S2-340951451	Sumo &-Sons Enterprises Private Limited	NO.13- , VISALATCHI 2ND CROSS STREET, LAKSHMI AMMAN NAGAR, M R NAGAR, CHENNAI, தமிழ்நாடு	India
S2-573608791	Seale Group Metro	1947 POPE ST, SILVER CITY, NM	US
S2-969570007	Heroic Heritage Private Ltd	HOUSE NO 6/20 FIRST FLOOR EAST PATEL NAGAR, NEW DELHI, Delhi	India
S2-44330671	INTERNAL MEDICINE SECURE (CARE)	725 CLEAR LAKE RD, MCKENZIE, TN	US
S2-708834036	upper ace citizens	1695 HAMPTON LANE, GILBERT, AZ	US
S2-458366562	Beasley, Valerye, M.D. Corp	5199 TWIN SILO DR, WHITPAIN TOWNSHIP, PA	US
S2-412999118	CIRAQUONYLA	514 95TH DRIVE, PO BOX 4382, LAKE STEVENS, WA	US
S2-382656437	Good Engineering Restaurant Private Limited	3/3, R.K.STREET S.S.PURAM, BENGALURU, Karnataka	India
S2-752431508	FIBONACCI SHSNKSR PRIVATE-LIMITED	K - 613 CHANDNA BHAKAR, JODHPUR, Rajasthan	India
S2-899899937	Best Séa Group Corp	OH, 5080 BREWSTER DRIVE, COLUMBUS	US
S2-83338696	Pvt New Centr Ltd	KARIGATTA, NEAR MANSA CANTEEN, MANDYA, SRIRANGAPATNA, Karnataka	India
S2-967166852	eye coastal physicians ltd	233 GENESEE SAINT, ONEIDA, NY	US
S2-147819642	Josepha Elasgior Kongsberg Corp	8324 CURETON PARK LN, KNOXVILLE, TN	US
S2-164715266	Indore Ashok	102/3, LASUDIYA MORI, A.B. ROAD, DEWAS NAKA, INDORE, Madhya Pradesh	India
S2-405202853	लक्ष्मी हॉस्पिटैलिटी प्राइवेट लिमिटेड	GNO C-1423, SHEVGAON-NEWASA, ROAD, OPP TRIMURTI SCHOOL, AHMED NAGAR, DAHIGAON NEY, Maharashtra	India
S2-641233287	M/s IAPEX.COM	DOOR NO 178 ATLANTA17TH FLOOR NARIMAN POINT, MUMBAI, महाराष्ट्र	India
S2-291812957	Mcdade Global Edp	JAMESTOWN, NY, 5 FAIRVIEW AVE	US
S2-675580106	Best Realtors Infratech	SECOND FLOOR OF PROP.NO.5/119, NIRANKARI COLONY, DELHI, Delhi	India
S2-542110764	Ollanial Citizens	4148-A MAIN ST, MARRION, NY	US
S2-96591766	सुप्रीम कंसल्टिंग प्रा. लि.	TIMES SQUARE 7TH & 8TH FLR, CTS 349 & 349-1 W.E HIGHWAY, NR SAI SERVICE, ANDHERI, MUMBAI, MUMBAI CITY, Maharashtra	India
S2-212757177	AVANTI ESTATE LIMITED	PLOT 103 VIMANNAGAR, GULMOHAR COTTAGE, PUNE CITY, महाराष्ट्र	India
S2-564418786	Dr Visual Índia LLP	17 I MAIN N R COLONY, BANGALORE, Karnataka	India
S2-401157667	Bigelow Mohgsn Central LLC	12097 MAVERICK DR, WILLIS, TX	US
S2-466145869	GO SAVINGS LIMITED SERVICES	4/8, WST PATEL NAGAR, दिल्ली	India
S2-985536766	गोल्ड एनर्जी लिमिटेड	JAIPUR, Rajasthan, 68 GANGA SAGAR-A VAISHALI MARG PANCHWALYA	India
S2-808686798	mumbailearning.com	Maharashtra, 5TH FLOOR GOLD MOHOR BUILDINGPRINCESS STREET KALBADEVI ABOVE INDIAN ART STUDIO, MUMBAI	India
S2-129714374	DIRECT MIDWEST TOKEN LLC		US
S2-529744780	historicalfederationcasper.com	WY, 4202 Dartford Court, CASPER	US
S2-419028457	LLC ADVANCED INVESTMENT BRANDS	4250 WESTCLIFF DRIVE, HOOD RIVER, OR	US
S2-46419276	DIRECT INVESTMENT SERVICES LLC	##5205 SAGO RD, CHATHAM, VA	US
S2-342311365	(india)  Tripura Power Private	H.NO 76 VIDHAYA CHANBERS, 8/47, SNEH NAGAR MAIN ROAD, Madhya Pradesh	India
S2-33463374	Rohan Institute of Téchnology Exports	1/7, JUDGES' COURT ROD FLAT NO. 4A, SOUTH TOWER, DIVINE BLISS, KOLKATA, West Bengal	India
S2-66531011	Ebanks & Hale	976 MAIN STREET, <NULL>, DCATUR CITY, IL	US
S2-64929572	Bhardwaj Industries	H.NO 417 FLNO 403/A SIGMA ONE SNO124/3A/5 PAUD ROAD, BH MIT COLLEGE, KOTHRUD, PUNE, महाराष्ट्र	India
S2-413329526	Cr Services Enterprises Corp	65/5 SARKARA GUTTAHALLI VILLAGE, OPPOSITE JR ONE EAST, HOSKOTE TALUK, HOSAKOTE, Karnataka	India
S2-436483556	Foot & Ankle	9808-B CORAL BELLS CT, JAMES CITY COUNTY, VA	US
S2-957400783	Gerdes and Herron Holdings Center	4375 GREEN BRIAR WAY, SEAFORD, DE	US
S2-326519343	Coastal Group  Services	STATE RD, ELIOT, ME	US
S2-356757849	#omkartechnology	OFFICE NO.##23, 1ST FLOOR, PLOT 20/48 JAY MAHAL ESTATE KANTILAL M SHARMA MARG, LOHAR CHAWL, KALBA, DEVI, MUMBAI, Maharashtra	India
S2-919408448	Shri All Bloorfers Private Limited	H NO P SECTOR 46 NA, GURHAON, Haryana	India
S2-843332605	Pvt 8M Technologies Ltd	PLOT NO K#8/941, DRAWING NO, B-1141, BHARATPUR, BHUBANESWAR, KHORDHA, Odisha	India
S2-343605260	LLC Ivenance Ódyssey	4. SECOND AVE, RONAN, MT	US
S2-334571653	KL ELECTR0NICS PVT LTD	D-##9 NARESH PARK EXTENSION INDUSTRIAL AREA NAJAFGARH ROAD NANGLOI, NEW DELHI, Delhi	India
S2-471785304	Amarlaxmi & S0ns LLP	H.NO #39/2475-B1 , LR TOWERS, SOUTH JANTHA ROAD, ERNAKULAM, Kerala	India
S2-751313501	Heritage Works Partners Service	941- WALTON DR, PLAINFIELD, IN	US
S2-391376768	Dr Arivu Limited Private [Trade]	C/O SHIV NARAYAN SHARMA, S/O LATE HARI NARAYAN SHARMA, MANSOOR GANJ PATNA BIHAR, PATNA, बिहार	India
S2-993214833	Secure Horizon Metal Works PC - 1166890039	1431 OLD HWY 25, COLUMBIANA, AL	US
S2-168591671	ARCIS CÁBLE GROUP	NEDUVELIKKAD, AIRAPURAM PO, PERUMBAVOOR, KUNNATHUNAD, Keralam	India
S2-72305060	Uptown [Cafe]	323-327 BAIRD AVE, BARBERTON, OH	US
S2-857868434	Mr Ev0lution Elevaators Group Private Limited	B/#106-107 KOLDONGARI CHSBLDG NO-1 8ST FLOOR SAHAR RODA ANDHERI EAST, MUMBAI, ANDHERI WEH, Maharashtra	India
S2-178914174	Parmer, Mitchell and Boothby West (Inc)	2546- GALEMEADOW DR, FT. WOTRH, TX	US
S2-897483667	LLC Metr0 Construction	7048. WOODCROFT DR, ENGLEWOOD, OH	US
S2-372067692	ਲੋਟਸ ਆਈਟੀ ਪ੍ਰਾਈਵੇਟ ਲਿਮਟਿਡ	APARTMENTNO., 89, 3BR, FORTHFLOOR, BLOCK-C-2, GULMOHARTRENDS, HIMMATGARH, MCZIRAKPUR, ZIRAKPUR, MOHALI, Punjab	India
S2-200703809	MAIN STREET YOGA! CENTER	615 CHURCH ST, LYNCHBURG CITY, VA	US
S2-361756095	PZW India Public Ltd	25-A, 2ND FLOOR, SULEMAN CHAMBERS, BATTERY STREET, NEAR REGAL CINEMA, COLABA, Maharashtra	India
S2-111225451	Private Services Manali Technologies Limited	OFF NO 272 SATRA PLAZA PL, 19 SEC 19D PALM RD VASHI, THANE, MUMBAI VASHI, Maharashtra	India
S2-128897701	A Best Cannrbsi (Inc)	33 FISH POND RD, ASHEVILLE, NC	US
S2-625555895	Northern Tálon, Inc	420C ST MORITZ WAY, WOODMOOR, CO	US
S2-332644412	INSTITUTION ANGEL INSTITUTION PVT	194, WARD 12, VIZHALAYIL, NIRANAM, TIRUVALLA, Kerala	India
S2-120025328	EAR NOSE & THROAT INTEGRATED MEDICINE, L.L.C.	0028100 WOLF RD, BAYVILLAGE, OH	US
S2-413426072	ड्रीम प्रीमियर आईटी प्राइवेट लिमिटेड	NO ##287, KANHUR PATHAR, AHMEDNAGAR, Maharashtra	India
S2-517570302	The Flores's Consultants [LLC]		US
S2-19630842	Cortes Hair Studio Inc	##55 COLEMAN ST, SEEKONK, MA	US
S2-28036856	VALUE HOSPITALITY SERVICES	CHICHESTER DRIVE, CHETEK, WI	US
S2-645085640	Ambica & Co [Group]	SHOP 21, PLOT C-2A, SECT 12, KHARGHAR, Maharashtra	India
S2-438767426	Bricklayers Union Local No  260	4501 PLEASANT RIDGE RD, ARLINGTON, TX	US
S2-223251745	Edwin & & Jonhison Liberty LLC	17301-C VALLEY MALL ROAD, HAGERSSTOWN CITY, MD	US
S2-712445208	(India) Munshi Private Foods Limited	D-1701, JAIPURIA SUNRISE GREENS, AHINSHA KHAND-1, INDIRAPURAM, GHAZIABAD, Uttar Pradesh	India
S2-845637910	Patriot Colonial Auto Sáles Inc	102 BUNKER HILL RD, COLFAX, NC	US
S2-285926023	Family Care Íncorporated	MO, SAINT LOUIS, 9461-C BONHOMME WOODS DR	US
S2-73321771	हाई बिल्डर्स एलएलपी	G-501, BALAJI BUSINESS CENTRE, 5TH FLOOR, RAM MILAN CHS., SUBHASH ROAD, VILE PARL, E (EAST), MUMBAI, MUMBAI CITY, Maharashtra	India
S2-149095869	... Southern Delta Inc [Pharmaceuticals]	5196-5198 SKYLINE DR, NEWPPORT, KY	US
S2-767459085	Atlantic Endocrinology	531 ARNOLD AVE, IA, COUNCIL BLUFFS	US
S2-375316003	Fletcher LLC Obic	00313 MAIN ST, RUTHERFORDTON, NC	US
S2-719732307	GOLD MNDA PRIVATE LIMITED	UNIT NO .9, SDF II PHASEMADRAS EXPORT PROCESSING ZONE TAMBARAM WEST, Tamil Nadu	India
S2-151010033	Shri FRENCH TECH PRIVATE LIMITED	NO. 577 S. NO. 49/50, OPP BHARATI VIDYAPITH SCHOOL, C-605 KUNAL ASPIREE, BALEWADI, PUNE, Maharashtra	India
S2-980410427	Private Premier Infotech Hardware Ltd	LATUR, Maharashtra, GAT NO. 163 KATGAON KATGAON TO SAMANGAON ROAD	India
S2-193242470	Mcdowell, Pátton and Starling	2448  ROBINSON AVE, N/A, CITY OF GREEN BAY, WI	US
S2-100100009	Moser Alussa	14111 RIVERGATE PKWY, CHARLOTTE, NC	US
S2-906673512	Ryann Raymer, MD of	7018 FOUNDERS WAY, HARRISBURG, NC	US
S2-787913866	Mr Trivarna Veteu Corporation	उत्तर प्रदेश, NO. ##126 DILA ZAK JAHAGIRABAD, JAUNPUR	India
S2-680006634	Judi Wóoten, DMD, M.D., P.C.	76415 INDIAN HILLS DRIVE, DUDLEYVILLE, AZ	US
S2-455347751	T & M BIRACILIK INC	0450 CRITZER SHOP ROAD, AFTON, VA	US
S2-19229374	Shri Shiva Builders Private Limited	DOOR NO 8-4-549/317 NETAJI NAGAR, HYDERABAD, Telangana	India
S2-59682445	Pediatric Dental  Physicians (ID: 11394)	189 DEER DR, LAVERGNE, TN	US
S2-283512820	HURLEY, CRAPPS & OLIVE HIGHLAND	297-B TRADE ROAD, MOUNT OLIVE, NC	US
S2-142926656	Best-Tri-State Wcignvefs Inc Inc	BROXBOURNE DRIVE, NULL, FAIRPORT, NY	US
S2-242516671	Integrated Intercontinental-Co	314 Fulton Street, MOUNT VERNON TOWNSHIP, WA	US
S2-715745658	Shree Welfare Center	033, BURTOLLA STREET, KOLKATA, KOLKATA, West Bengal	India
S2-42162029	INN0VATIVE FOUNDATION PVT LTD		India
S2-342488982	KAVERIYA INFOTEFH PVT. LTD.	B-7-01, WALL STREET 2, OPP. ORIENT CLUB, AHMADABAD CITY, Gujarat	India
S2-775231401	Clean Dlaf Industries	NWEPORT CITY, 3917 VISION CIR, KY	US
S2-407187886	Desert Charter	MADISON AVE, TOW, TX	US
S2-435613959	Value Metro Science P.L.L.C.	UT, OGDEN, 794 3000	US
S2-754375798	INC. ALL FINANCIAL WORLDWIDE	297 GROE STREET, BROCKTNO, MA	US
S2-632834574	ওম কনস্ট্রাকশন প্রাইভেট লিমিটেড	CALCUTTA, C-8/1 MULLICK LANE, West Bengal	India
S2-416229185	Liberty Data Corp	12834B COUNTRY VIEW CT, PMB 6334, BURNSVILLE, MN	US
S2-572598932	ORBORI MWAROOD,  INC	360 GLEN CREEK ROAD, SALEM, OR	US
S2-253349403	Assetz Vani Private Ltd		India
S2-989827000	Direct Telec0m Ádvisors LLC	405 BROADWAY, FAGRO, ND	US
S2-225646244	సుప్రీమ్ ఇంటర్నేషనల్ లిమిటెడ్	62-3-27/D, NEW RAMALAYAM STREET, VISAKHAPATNAM (URBAN), VISAKHAPATNAM, VISHAKHAPATNAM, Andhra Pradesh	India
S2-67504065	गोल्ड व्हाइट इन्वेस्टमेंट्स प्राइवेट लिमिटेड	##41 SCHOOL WARD PRATAPGARH, ALLAHABAD, PRATAPGARH, Uttar Pradesh	India
S2-830915948	Pass  Direct Bold	HAMPDEN, ME, 19 SUNRISE LN	US
S2-539435427	LLC Advanced Data Networks,	#180 Cindy Ave, NULL, THOUSAND OAKS, CA	US
S2-650210574	লাইফ অ্যাগ্রো	FLAT NO. - 205, SILIGURI, DARJEELING, West Bengal	India
S2-704538183	Yantra Trading Corporation	GUT NO 11 A.P.TELGAON TQ.DHARUR, BEED, Maharashtra	India
S2-719187477	Shiva Hospitality General Private Limited	F NO A/23 SIDDHARTH ESTATE S NO 211, P NO 79, KALYANI NAGAR, PUNE, Maharashtra	India
S2-868334203	Titech Smart LLC	18289 LAKEVIEW DRIVE, TROUP, TX	US
S2-712386892	Complete Wellness Worldwide Group	2870 STRAWBERRY DRIVE, FYAETTEVILLE, AR	US
S2-515687049	Desert Heritage Ltd	NORTH NEWTON TOWNSHIP, 00450 SHIPPENSBURG RD, PA	US
S2-891052657	Vijay Hospital Exports Pvt. [Ltd.]	S.NO.177/5, P.NO. 06, PAWAR WADI MALEGAON NASHIK MAL, GAON M CORP.OG, MALEGAON, Maharashtra	India
S2-451740871	Rkj Services Enterprises	4/1458, 2ND FLOOR, R SQUARE, KOZHIKODE, Kerala	India
S2-953550156	प्रीमियर प्रोड्यूसर एलएलपी	C/O CHANDAN KUMAR, PATNA, Bihar	India
S2-214637242	Cornerstone Evolution Westgate,	434 38, CALEDONIA, WI	US
S2-739481955	summits0ciety.com	##466 POPLAR ST, OLD TOWN, ME	US
S2-300253001	विजन डेवलपर्स एलएलपी	NO 14 C/O SANDEEP SINGH, KALYANPUR SHANKERGARHALLD, BARA, ALLAHABAD, Uttar Pradesh	India
S2-160246255	Koralle B. Curtis, CPÁ,	3752 DIXN AVENUE, DALLAS, TX	US
S2-230202912	Automated Services LLC Services	308 26TH ST, NEWOTN CITY, NC	US
S2-852466260	KRISHI  LAW SERVICE	84, SECTOR-7, IMT MANESAR, GURUGRAM, Haryana	India
S2-924564200	Woodland Staffing	20214- ZUNI ROAD, APPLE VALLEY, CA	US
S2-444530547	Atom  (India) Developers Enterprises Pvt	PLOT NO. #154 GIDC ESTATE, VITHAL UDYOGNAGAR, Gujarat	India
S2-572757680	Smith Lifestyle	345 110, CARTHAGE, TX	US
S2-837360729	Grace Zn	1489 FIFTH ALLEY, EUGEE, OR	US
S2-174036762	Corner Cihae Ltd	1220 KY 1803, GIIRDLER CDP, KY	US
S2-240470350	Cascade Corporation	381 Victor St, ISLIP, NY	US
S2-939513292	Shakti Producer Private Ltd	UNIT NO .C 204 2ND FLOOR, GARDEN OF EDEN, WHITEFIELD MAIN ROAD, PATTANDUR, AGRAHARA VILLAGE, KR PURAM, WHITEFILED, BANGALORE SOUTH, ಕರ್ನಾಟಕ	India
S2-811995172	Surgical Better Physicians, Inc Commission	348 CHESIRE RD, HUDSON, OH	US
S2-367443237	Nayapalli Services Enterprises Private Limited	PLOT 867 PLOT NO-940/3562 BEHERA SAHI, NAYAPALLI, Odisha	India
S2-224976567	HICKS  GRAND LITHIUM PARTNERS	2420 J SRTEET, SACRAMENTO, CA	US
S2-816406218	Helios Partners	139 300, SALINA, UT	US
S2-859461893	Star Cook Premier Copper Inc	2146 PALMER COURT, GREEN  BAY, WI	US
S2-696901529	Riex, Co	129 IRON BARK COURT, COLLEGEVILLE CITY, PA	US
S2-775238981	Producer Connecting  Logistics Center Corp	BUILDING L-2, GROUND FLOOR, SHRI RAJLAKSHMI TEXTILE PARK, POGAON, THANE, महाराष्ट्र	India
S2-811622885	Sikkim Industries Ltd	2A GRANT LANE, 7TH FLOOR, ROOM 7H, KOLKATA, KOLKATA, পশ্চিমবঙ্গ	India
S2-811829805	M/s SIDHU NURSING HOME CORPORATION	112A , 1ST FLOOR SURYA KIRAN BUILDING, 19, K G MARG, CENTRAL DELHI, Delhi	India
S2-234039264	Modern Solutions Private  Limited	UNIT NO. 810, OCUS, QUANTUM, SECTOR-51, BASAI ROAD, Haryana	India
S2-140685882	Merna Fáulk Pmv PLLC	429 CROSS CREEK RD, AVELLA DCP, PA	US
S2-301716282	Revosoft		US
S2-331038490	Anderson's Anderson's Laboratories	4929 PARK TOWNE WAY, MONTGOMERY, AL	US
S2-624583364	Cass Turner Silver Environmental Services Clinic	#29 QUAKER ST, GRANVILLE CITY, NY	US
S2-120370838	Wildlife Coalition Coastal Inc	6213 STAEDEM DR, ANCHORAGE, AK	US
S2-483070659	PRAIRIE ÁLLIANCE CORP	WALCOTT AVENUE, HEMPSTEAD, NY	US
S2-482517742	PY Consumer	1299 CORPORATE DR, WESTBURY CIYT, NY	US
S2-956175227	Praveen Ceramics Pvt  Ltd		India
S2-343203263	DERMAT0LOGY PÁRTNERS LTD	684 Commercial St, WEYMOUTH, MA	US
S2-840973820	Langley Pínnacle Mánufacturing Inc	21 WALNUT SAINT, MIDDLETOWN, CT	US
S2-915563310	Agri Private Limited Services	###192/2 SENGODAMPALAYAM EXTENSION KOZHIKKALNATHAM ROAD, TIRUCHENGODE, <NULL>, Tamil Nadu	India
S2-315107996	Gangosh Agro Pvt Ltd	NO 61 PREMIER ENCLAVE, AF-5 ASPEN BLOCK 2ND FLOOR 55/2 PILLAYAR KOIL STREET PADIKUPPAM, CHENNAI, தமிழ்நாடு	India
S2-690864081	Metal Processing Infratech Co	#774 13, 4TH FLOOR, DREAM RISE, NR. HETARTH PARTY PLOT, SCIENCE CITY ROA, D, SOLA, AHMEDABAD, Gujarat	India
S2-418081983	பிரீமியர் யுனிவர்சல் எண்டர்பிரைசஸ் எல்எல்பி	NO. 34, REDHILLS ROAD LAKSHMIPURAM, CHENNAI, Tamil Nadu	India
S2-202116703	BERNARD, CH0N & FELDMAN CARE	003672 5, SYLACAUGA, AL	US
S2-220651304	Corp Atlantic League	7190 TWIN OAKS DR, INDIAAPOLIS, IN	US
S2-244247235	स्मार्ट प्राइम इन्वेस्टमेंट्स एलएलपी	80-D BDA COLONY KOH-E FIZA, BHOPAL, HUZUR, Madhya Pradesh	India
S2-68608323	ZÁQUE.COM	010919 Hampden Avenue, CLEVELAND, OH	US
S2-894646884	Crockett, Wilcox and Guerra	1494D SIERRY SPRINGS DRIVE, PRESCOTT, AZ	US
S2-318388490	Data Wholesale P.C. Service	1712 28TH ST, BIRMINGHAM, AL	US
S2-604559163	GHAZIABAD-BLD LIMITED	Uttar Pradesh, 0770 PLOT NO.- 2, LOHA MANDI, INDUSTRAIL AREA, BULANDSHAR ROAD, GHAZIABAD	India
S2-209908474	santiagojacksonpartners.com	1258 WATSON STREET, ALEXANDER CITY, AL	US
S2-614937095	Sava Global	501 MARTIN LUTHER KING JR AVE, WAUKEGAN, IL	US
S2-441772945	Vision Héartland Health, Llc	##3101 STONY BROOK DRIVE, RALEIGH, NC	US
S2-664932094	Family Gólden Associates	126C 5981, CELINA, TX	US
S2-666061239	EUSEBIO & WIEKLISON CLINIC LTD	##529 19TH STREET, UPLAND, CA	US
S2-17093952	youthassociation.com	4507-A LEWIS AVE, PHOENIX, AZ	US
S2-891529204	Thiruvananthapuram Solutions  Limited	#871 T C 13/147 SREEMANGALAMSYDNEY LANE KLESAVADASAPURAM, THIRUVANANTHAPURAM, കേരളം	India
S2-648436207	ब्लैक इन्वेस्टमेंट लिमिटेड	PLOT NO ##5A, KH NO 28/22 GF, ST NO 23, VILLAGE LIBASPUR, NORTH WEST DELHI, DELHI	India
S2-147679553	India Abi Siotchgfears Limited	Rajasthan, NO 20 C/O M/S HANUMAN FILLING STATION BHERUND RIYANBADI DEGANA, NAGAUR	India
S2-33238048	Smith,  Byrum & Miller, Incorporated	3602 TRAIL 23 STREET, DURHAM, NC	US
S2-96503850	Sullivan, 6addy &-Spearman Choice	2696 FRED EVERETT RD, LA GRANGE, NC	US
S2-894909276	ORBORA DRITIDVE	392 MAGAZINE ST, ALBAN CDP, NY	US
S2-695000215	foundry.com	1220 RIVERSIDE BLVD, SIOUX CITY, IA	US
S2-299629556	Bright Global Private Limited	PLOT NO- 902/946, CITY CENTER, UNIT NO- 12, BARBIL, Orissa	India
S2-832151968	Public Aks Services Limited	G-20 / 8 SECOND FLOORSUVIDHA SHOPPING CENTRE NR NUTAN SOCIETY PALDI, AHMEDABD, AHMEDABAD, Gujarat	India
S2-678809095	PROPERTY CORP	C-240/1, JUHI LAL COLONY, PARAG DAIRY, JUHI, उत्तर प्रदेश	India
S2-946318157	Kennedy Allocation L.L.C.	PO BOX 5338, 3228 GRAND AVE, KY, LOUISVILLE	US
S2-992366034	Holdings Stafford County Urology Physícians	1411 1/2 AQUIA DRIVE, STAFFORD COUNTY, VA	US
S2-872147985	Bernelle Dwight	3010 LANGSTON PLACE, SPRING HILL, TN	US
S2-322004247	Pvt Hyderabad Dévelopment Ltd	VIJETHA RESIDENCY, HYDERABAD, తెలంగాణ	India
S2-182744419	Juhl, Pender and Westerlund LLC	RAVENWOOD COURT, CRESCENT SPRINGS, KY	US
S2-230256305	Safe LLC Center	3520 1/2 SKYCREST DRIVE, RALEIGH, NC	US
S2-868480136	GILLIAN SHEFFIELD PEAK [SCIENCES]	#221 SLOCUM DRIVE, SYRACUSE, NY	US
S2-40606158	Ridge Association	0315 FONSO STANLEY ROAD, CANADA, KY	US
S2-167356700	PITCHFORD, KAN AND MCSWEENEY FARMS FARMS CORPORATION	620 OKLAHOMA AVE, SWEETWATER, TX	US
S2-646156112	[Service] Harbor Northside, LLC	2406 26ND PL, PARKERSBURG, WV	US
S2-514835822	Sri Interiors Traders	SCO-4-17, IMPROVEMENT TRUST MARKET, JALANDHAR - I, Punjab	India
S2-261653496	इंटरनेशनल इंटरनेशनल प्राइवेट लिमिटेड	I-146 ASHOK VIHARPHASE-I, NORTH DELHI, NEW DELHI, Delhi	India
S2-759766175	ग्रेट केयर प्राइवेट लिमिटेड	106, MUMBAI, AMRAVATI, Maharashtra	India
S2-678749116	épall.com	CHEYENNE DR, PEARLAND, TX	US
S2-155102546	Harrisonburg City Community Association Uptown	##1231 ALPINE DR, HARRISONBURG, VA	US
S2-434013942	VIJETA (INDIA) PRARMA PVT. LTD. - 5861096019	SHOPNO.G/31, GRFLOOR, WHITEPEARLB/H.GALAXYAVENTURA, OPP.BHAGYARATNAHEIGHT, PAL, SURAT, Gujarat	India
S2-522027054	WEXYUMABELO	BLOCK C-30  14B, DHULE, Maharashtra, <NULL>	India
S2-57539109	Ashlee  Limbach, D.O.		US
S2-264513989	UE SPECIALIST-PVT LIMITED	NO.154, 1ST FLOOR, F-1, ROYAL SPACE BUILDING, 5TH MAIN, 7TH SECTOR, HSR LAYOUT, BANGALORE, Karnataka	India
S2-524491829	Spurlock Twin [Comne]	2300 BLUE CRAB COURT, WAKE FOREST, NC	US
S2-214207137	Neis Inc	488 HERMAN BAILEY RD, SOMERVILLE, AL	US
S2-189696523	The-Blue Dental Associates	278 CASSADY AVENUE, N/A, COLUBUS, OH	US
S2-979322933	Selma Williams Edp Central Inc	114 SAGRENT AVE, BALLINGER, TX	US
S2-671275086	Atlantic Ace  Mines LLC	29 CRANSTON ST, null, BOSTON, MA	US
S2-277968867	PACIFIC PMV	75D BUCKHORN TRL, DUCK CREEK VILLAGE CPU, UT	US
S2-685952366	Fegan Texas [Corp.]	POWHATAN, VA, 3023 SKIPPERS RDG	US
S2-652461956	Essy Shs Blackrock Inc	NEWARK CITY, 209  MEGAN COURT, DE, PO BOX 6494	US
S2-531895784	Superior Wealth-Collective-Inc	740 DELAWARE ST, EVANSVILLE, IN	US
S2-428001449	Anchor Financial  Brands	559 MISSOURI STATE RD, ARNOLD, MO	US
S2-338893722	Fe1icia Trujillo Háir Studio	108 FEED STORE RD, SPENCER, TN	US
S2-604334222	PRIME BUSINESS PRODUCTS PC	#16 DANBURY ST, WASHINGTON, DC	US
S2-227949151	Hague Management	219 1/2 FEATHERSTONE ROAD, PASADENA, MD	US
S2-386789622	Parag Mtreor Group Pvt Ltd	B-/91, SECTOR-F JANKIPURAM, LUCKGOW, Uttar Pradesh	India
S2-180874823	Brown Résources	Ninebark Ct, NEWPORT NEW TOWNSHIP, VA	US
S2-419346127	Private Good Víjay Impex Limited	JL NO-68, NPUR, West Bengal	India
S2-123143297	OROZCO DO AND-PALMER COLLECTIVE INC	23182. CORONA AVE, BUCKEYE, AZ	US
S2-592441885	Círahaloyuma	BUILDING NO.28/2480F5, AREEKARA, PALAZHI ROAD, POTTAMMEL, NELLIKODE(P.O), KOZHIKODE, KOZHIKODE, Kerala	India
S2-674295189	BRIGHT SILICON LLC	443 5900, MURRAY, UT	US
S2-679464131	Grand VW Inc Regional	932 INDIGO PLACE, CA, OXNARD	US
S2-246424662	PHYSICAL THERAPY CENTER	1842 CIRCLE LAKE DRIVE, DANDRIDGE, TN	US
S2-894367354	20/20 Vision Center Incorporated	115 SUGAR HOLLOW ROAD, MORRISTOWN, TN	US
S2-806737096	Lemaire International (Valley)	PA, ABINGTON, 2082 MAPLEWOOD AVE	US
S2-389205931	ELI5A DENIS SUISSE	Indiana Ave, SOUTH BEND, IN	US
S2-234005419	Sg Corp	2915 1/13 LAKE AUSTIN BLVD, AUSTIN, TX	US
S2-25085224	Nion-L.L.C.	886. 92ND ST, WAUKEE CDP, IA	US
S2-902836507	विजय माँ इन्वेस्टमेंट्स प्रा. लि.	GANGANAGAR SNO 215 PHURSUNGI NR PRADNYAVIDYA, PUNE, महाराष्ट्र	India
S2-340184842	DYNAMIC  SRERVIECS PVT LTD	Maharashtra, C - 19, RUIA CHS LTD, RANI SATI ROAD, BHADRAMAL RUIA MARG, NR RAMBA OFFICE MAL, AD EAST, MUMBAI	India
S2-431778117	Dental Clinic Llc	100 Church Street, AMSTERDAM, NY	US
S2-940652891	Williamson Dean Fox	BOSTON, 8 GARDEN COURT ST, MA	US
S2-90768081	DAYTON HUNGER		US
S2-637695109	INCORPORATED HIGHLAND LOGISTICS	5057 83RD STREET, SCOTTDSALE, AZ	US
S2-173217174	Lajoie & Mccullough	WIRE AVE, HAYSVILLE, KS	US
S2-197506881	National Council [Council]	12202 KENNEDALE DRIVE, NULL, FRIISCO CITY, TX	US
S2-908711292	WORLEY, MURDOCK  AND PRITCHETT CRUMRINE	31 SLAYTON WAY, BOSTON, MA	US
S2-979372474	Shiv Properties Private	601, SHREE SAI VAIBHAV CO-OP. HSG. SOC. LTD. PLOT NO.55, R.B. MEHTA MARG, GHATKOPAR (, E), महाराष्ट्र	India
S2-581872293	श्री सॉल्यूशंस प्राइवेट लिमिटेड	NO. B3/56 SCO/35, 2ND FLOOR, DLF VALLEY, SECTOR 3, PINJORE KALKA URBAN COMPLEX, PANCHKULA, Haryana	India
S2-218140679	Birch Blockchain	CA, C ST, SACRAMENTO	US
S2-112055204	Red Bistro LLC	448 LITTLE LEAGUE DRIVE, OH, EATON	US
S2-184394024	RIPPLES FÓUNDATION	SR. NO. 726/1, P NO. 2, 3, GROUND AND MEZ. FLOOR, HARSH ANAND APPT., COLLEGE ROAD, NASHIK, Maharashtra	India
S2-232659097	RIDGE XII PARTNERS SERVICES	MARTINGALE RD, WHEATON, IL	US
S2-46913116	Fayesyn	OLD 13, NEW 29. 1ST FLOOR, KUMMALAMMAN KOVIL STREET, CHENNAI, Tamil Nadu	India
S2-166676214	Behrens Nmp PLLC	9678 FRIESS DRIVE, SCOTTSDALE, AZ	US
S2-154170606	Cr Compliance Ltd	NO 0026/5/A A M GHOSH ROAD BUDGEBUDGE 24 PGS(SOUTH) PIN, 24 PGS, পশ্চিমবঙ্গ	India
S2-203428193	Om Construction Jewellers Pvt Limited	UNIT NO. DCB 511, DLF CYBERCITY, CHANDAKA INDUSTRIAL ESTATE, PATIA, BHUNAESWAR, BHUBANESWAR, Odisha	India
S2-187620729	Sunanda Industries	623 SAMIUALLAH, 405, MASJID BEHIND BEGUR ROAD, BANGALORE SOUTH, Karnataka	India
S2-57765096	Cornerstone Premier Tge Corporation	25 MAPLE AVENUE, VA, TIMBERVILLE	US
S2-537224701	RKC TRADERS LTD. PVT. GROUP - 4659986761	S-6-2 A-163, SWASTIK APRTMNT, DADU DAYAL NAGAR, JAIPUR, Rajasthan	India
S2-900051452	Image Services	H.NO 3369/147 , KOTWAL NAG, RING ROAD, TELECOM NAGAR, NAGPUR, Maharashtra	India
S2-979326563	Circuit C0nsultants Ltd	G-1401, GLORY TOWER, AJNARA GEN X, GHAZIABAD, Uttar Pradesh	India
S2-979909937	Trimurti (India) Technologies Group	#557- , 9TH CROSS, 3RD PHASE J P NAGAR, Karnataka	India
S2-969541081	pmg holdings	RASULPUR ATRASIKHAN, AMROHA, Uttar Pradesh	India
S2-572037764	सुप्रीम इंडस्ट्रीज	B-#39 KRISHNA NAGAR, MATHURA, Uttar Pradesh, MATHURA	India
S2-322103324	DAM, HIGGINS AND PERRY TECHNICAL PARTNERS LTD	0429 PRINCEVILLE-JUBILEE RD, BRIMFIELD, IL	US
S2-924636902	गोल्डन कंसल्टेंट्स लिमिटेड	H.NO 8-79 43-44, I-BLOCK, SEC-14, UDAIPUR, Rajasthan	India
S2-539381776	Chennai 600 001 Infotech L.L.P.	4/45, KRISHNAN KOIL STREET3RD FLOOR PORT VIEW TOWER CHENNAI 600 001, CHENNAI 600 001, Tamil Nadu	India
S2-728702958	Jabalpur Limited Service	#202 , FLOOR 2, WING B WHISPERING PALM BLDG NO 4 B LOKHANDWALA TOWNSHIP, MUMBAI, Maharashtra	India
S2-778531515	GRAND LIFESCIENCES, LLC	NC, 113 HORSE SHOE DR, GOLDSBORO	US
S2-715251434	Watson Group [Ngl]	1625 Dixon Blvd, SHELBY, NC	US
S2-954969249	LIFE ESTATE-PRIVATE	G-032, VINAYAK TOWER, CENTRAL SPINE, VIDYADHAR NAGAR, JAIPUR, Rajasthan	India
S2-805810934	The Valley Coalition Associates Associates	TEXAS BLUEBELL DR, SPICEWOOD, TX	US
S2-816671489	Mr Butter Jso Private Limited	394/, SAINIK COLNY, ROHTAK, Haryana	India
S2-516450769	शिव ट्रेडिंग फर्नीचर एलएलपी	20, 8TH FLOOR, INDRAPRAKASH BUILDING, 21 BARAKHMABA ROAD, NEW DELHI, CENTRAL DELHI, दिल्ली	India
S2-955456991	Kerri1l Scott, MD Group (Northside)	##310 WOODROSE DR, GOLDSBORO, NC	US
S2-943442943	Ramirez and Murray Ethereum (LLC)	0610 ALMA SCHOOL ROAD, CHANDLER, AZ	US
S2-888727883	SAPIEN HILL COASTAL (L.L.C.)	3529 LINCOLN WAY, AMES, IA	US
S2-436160761	જય ઇન્ડસ્ટ્રીઝ પ્રાઇવેટ લિમિટેડ	SIDDHIVINAYAK TOWER, BESIDE KATARIA ARCADE, NEAR D.A.V. SCHOOL, MAKARBA, S.G. HIGHWAY, AHMEDABAD, C-506, AHMADABAD CITY, Gujarat	India
S2-251380908	Soni Advisors Partners Holdings	NO 65 CHERRY HILLS, M/S GOLF LINK SOFTWARE PARK, UDHAY VJ REALITY PVT LTD, 8/2A, 8/2B & 9, CHALLAGHATTA VILLAGE, BANGALORE NORTH, Karnataka	India
S2-88182196	ಗುಜರಾತ್ ಮೈ ಸಿಸ್ಟಮ್ಸ್ ಪ್ರೈವೇಟ್ ಲಿಮಿಟೆಡ್	273, BANGALORE SOUTH, BANGALORE, Karnataka	India
S2-988870717	Colon, Bui & Falcon Co	24 UPPER DR, HUNTINGTON, NY	US
S2-58611200	The Choice Bright Cosmetics LLC	11 KNIGHT DR, RUSSELL COUNTY, VA	US
S2-502284108	CEBALLOS ARGENTINA	TN, CONCORD, 10820 KINGSTON PIKE	US
S2-156470030	[Intercontinental] West Ltd	#2447 28TH ST, N/A, TULSA, OK	US
S2-253208671	Ear Nose & Throat Care Associates LP	3213 1/2 GALLATIN PIKE, <NULL>, NASHVILLE, TN	US
S2-538944120	Jaipur Servicesprivate Infratech Pvt  Ltd	DOOR NO 5 , SUMER NAGAR, FIRST, NEAR QUALITY KING, JAIPUR, Rajasthan	India
S2-490098806	Mr Opg Foundation  Private Limited	C-37/1, FIRST FLOOR, BLOCK C, ARDEE CITY, SECTOR 52, ARJUN NAG, AR, Haryana	India
S2-828021078	Ashoka Hospital [Co]	DOOR NO 100. BEHIND GURUDWARA, ROBERTSGANJ, Uttar Pradesh	India
S2-235063324	GULF CARDIOLOGY LLC	2346  WARD STREET, TOLEDO, OH	US
S2-222377358	Edick Desert-Pharmaceuticals Greater Inc	362 GRATTAN STREET, FALL RIVER, MA	US
S2-462529296	Vs  Memorial Trust	PIYANAGAR, SODEPUR NORTH 024 PARGANAS, KOLKATA, West Bengal	India
S2-258775996	WHITE CONSTRUCTIONS JEWELLERS PVT	NO 13 C/O BHUPENDRAKUMAR PATEL, RAJANINAGAR, NR POSTOFFICE, UMRETH, Gujarat	India
S2-281575911	Unified Global, L.L.C.	#233 PROSS STREET, WEIRTON CDP, WV	US
S2-694575049	parshuramtraders.com	22 SUDARSHAN COLONY NRASHWAMEGH BUNGLOWS PART IV 132 FT RING ROAD SATELITE, AHMEDABAD, ગુજરાત	India
S2-638803652	Historical  Program	VILLAGE DRIVE, OPELIKA, AL	US
S2-696388215	ಸದರ್ನ್ ಸುಪ್ರೀಮ್ ಪ್ರೊಡಕ್ಟ್ಸ್ ಪ್ರೈವೇಟ್ ಲಿಮಿಟೆಡ್	Karnataka, FLAT NO. C-2, APOORVA, EXUISITE, 1ST CRS, SSA RD, BANGALORE, BANGALORE NORTH	India
S2-349982477	Castruita & Garcia	2725 CTH T, TOWN OF SUN PRAIRIE, WI	US
S2-242603168	Mutual Insurance Ventures Ltd	5922 MANSFIELD LANDING LN, HOUSTON, TX	US
S2-689865196	SPARKS (SERVICE)	01405 HOWARD ST, CARLSBADC DP, NM	US
S2-492122909	International Pulkit Development Pvt.		India
S2-773130326	Siwan Solutions Overseas LLP	NO 69 C/O-VIJAY SHARMA, AAKOPUR, BADHAITOLA, PACHRUKHI, SIWAN, बिहार	India
S2-390107432	Heramb Foundation Limited	##14 A SARSWATIPURAM RAE BARELI ROAD, LUCKNOW, Uttar Pradesh	India
S2-53106304	LLC Unified Creative Laboratories Greater	005 B DURYEA PLACE, LYNBROOK, NY	US
S2-568446358	Alpha Builders Medicals Private Limited	11 MAHARASHTRA BHAVAN1ST FLOOR 12/14 BORA MASJID ST FORT, MUMBAI, Maharashtra	India
S2-509041730	BY Sérvices Private	PLOT 38-D FLAT 7 FLOOR 2, M U ARCADE CHSL, MUMBAI, Maharashtra	India
S2-380066291	Mccarty Special Inc	0040 BENT TWIG DRIVE, LAKE SAINT LOUIS, MO	US
S2-771993859	@firstengineering	206 LAXMI BHAWAN 72 NEHRU PLACE, NEW DELHI, दिल्ली	India
S2-798872389	GUTIERREZ PMV	307. Lakeside Circle, PRINCETON, WV	US
S2-740036964	नॉर्थ Industries Private Limited	OFF.B-/2-8/06, GROMA HOUSE PLOT NO.14C, SEC-19 IN FRONT OF APMC MARKET, VASHI, NAVI MUMBAI, MUMBAI CITY, Maharashtra	India
S2-404980517	BHARAT (HOLDINGS)	7-4-8C, MADDELA VARI STREET, NEAR VRL TRANSPORT, KAVALI, Andhra Pradesh	India
S2-156476547	ಗೋಲ್ಡನ್ ಯುನೀಕ್ ಗ್ಲೋಬಲ್ ಲಿಮಿಟೆಡ್	CABIN##105, BANGALORE, KADUBEESANAHALLI BANGALORE, ಕರ್ನಾಟಕ	India
S2-714511179	Pediatric Dental Health	13285  ROSE BLVD, NORTHPORT, AL	US
S2-940347470	II INVEHMENTS INVEHMENTS PVT LTD - 3699919968	5304, TOWER 5, CRESCENT BAY JERBAI WADIA R, RAFI KIDWAI POLICE STATIO, N, BHOIWAD, MUMBAI, Maharashtra	India
S2-37611264	Lewis Evo LP	MN, WATERTOWN, 02979 NEWTON AVENUE	US
S2-609330405	SARASWATI WELFARE SOIETY	GENESIS HOSPITAL, 1470, RAJDANGA MAIN ROAD, P.S. KASBA, KOLKATA, KOLKATA, পশ্চিমবঙ্গ	India
S2-76359680	Anderson's Continental Center	#12442 MAIN CAMPUS DR, LEXINGTON, MA	US
S2-262841022	Lindie S. Salcedo, DDS Co	173 OATES DRIVE, TX, MESQUITE	US
S2-675367487	Jordan, Molina And Fox LLC	3405 DOSON AVE, CHATTANOOGA, TN	US
S2-593991127	Dever Douglas	##945 CHELSEA COURT, MCMINNVILLE, OR	US
S2-149834477	SOLUTIONS RHINO-SOLUTIONS HOLDINGS PRIVATE (LIMITED)	BLOCK E-212 SR.NO.115 A, HOTEL SAHARA, SHIVAJI NAGAR, S B ROAD, PUNE CITY, महाराष्ट्र	India
S2-165060940	Khagaria Garments Private	Bihar, H.NO 20  C/O- ANIL KUMAR, VILL-PIRNAGRA TOLA-PIRNAGRA, BLOCK-BELDAUR, KHAGARIA	India
S2-481980370	Tricia Miller United Mustang (LLC)	1124 1/2 BANGOR LANE, VENTURA, CA	US
S2-682636214	Boa Desert Cantor L.L.C.	2857- WHALEY FERRY ROAD, ALEXANDER CITY, AL	US
S2-528637413	Declarex Emera Summit	4509. STAFFORDSHIRE DR, WILMINGTON, NC	US
S2-317663519	Sharifi & Doan LLC Center	124 MARK LN, PO BOX 9822, RALEIGH, NC	US
S2-697751438	Zia Certified Spartacus Inc.	1541 NEW SALEM RD, RANDLEMA NCITY, NC	US
S2-144187833	Sachit Ias	123/B , TELOCOM NAGAR GACHIBOWLI, Andhra Pradesh	India
S2-766193677	ENTERTAINMENT, TRACIE LAMOTTE	CT, NAUGATUCK, 13 WOODBINE ST	US
S2-440482748	Company Rajputana Centre Holdings	306, 3RD FLOOR, PLOT NO.5, GARG TRADE CENTRE, SEC-11, DELHI, NORTH WEST DELHI, Delhi	India
S2-60594840	Hess & Kím Innovative LLC	04926 OKMULGEE AVENUE, MUSKOGEE, OK	US
S2-170022771	RELIABLE FINANCIAL CONSULTANTS LLC	900 JARRETTSVILLE ROAD, FOREST HILL, MD	US
S2-957089056	Shree Infra Prvbaet Limited	Delhi, A-1/2, GF, GALI NO. 2, VILLAGE SADATPUR, DELHI NORTH EAST, NULL	India
S2-537669271	Rodriguez Century	22634 BATEY COURT, LEEBURG, VA	US
S2-669179532	Sai Products Pvt		India
S2-545465379	Quesada-Charter  School	235 LEXINGTON AVENUE, WHITE PLAINS, NY	US
S2-855055908	Saucier Ventures Ltd	00638 MOGADOR RD, STEUBEN, ME	US
S2-181593357	Maa Edge Private	PLOT NO. A-73 & 59, KIADB, INDUSTRIAL AREA 4TH PHASE, KOLAR DIVISION, MALUR, Karnataka	India
S2-804638321	Premier-Calamos Care	TX, TYLER, 4128 PINECREEK DR	US
S2-318684442	Poineer Networkprivate Prcea Limited	Maharashtra, GAT NO. 337/2, AT DUGAON, NASHIK	India
S2-438590858	Gwennie Sóeafer, D.D.S. LLC	1632  28TH AVENUE, FARGO, ND	US
S2-494115242	Pediatric Dental Premier Specialists, LLC	7325 IRVING PARK RD, NORRIDGE, IL	US
S2-901192851	Continental Produce	54 MESQUITE CIR, MORGANS POINT RESORT, TX	US
S2-348828202	Kimbra Juarez Reliable Telephone	1620 COUNTY ROAD 245, HALLETTSVILLE, TX	US
S2-440994249	Regional-Investments L.L.C.	00359 NEWBRIDGE LN, ROUND LAKE, IL	US
S2-873983144	FREDRA'S POUDTAOIS LLC	2911 CHERRY VALLEY BOULEVARD, DALLAS, TX	US
S2-592089339	Hyderabad Pvt Ltd  Services	H.NO.13-9-18, FLAT NO.T1, SURYA CHANDRA APARTMENT, PANDURANGA NAGAR, BALANAGAR, SANATHNAGAR, HYDERABAD, Andhra Pradesh	India
S2-823409627	Atlantic-League Corp	NY, 1376 HURLEY MOUNTAIN ROAD, HURLEY	US
S2-822948079	Digital Media	C 177 A 3RD FLOOR PHASE 8 B INDUSTRIAL AREA FOCAL POINT MO, HALI, MOHALI, ਪੰਜਾਬ	India
S2-697956568	Klausing Specialty Llc	5407 SUNNSIDE DR, GLENDALE, AZ	US
S2-838179587	Autism-Assistance Network LLC	1639-1643 FLORAL ROAD, CONCORD, AR	US
S2-852721698	THE-VANTARI TITAN LLC	2396 600, FORT BRANCH, IN	US
S2-714931285	Garguilo, Maldonado & Arrington Realty Llc	2105 DODGE RD, null, EAST MAHERST, NY	US
S2-374400537	INFRA NAZARETH ANIMAL PRIVATE LIMITED LIMITED	SHOP NO 6 GROUND FLOOR JANTA NAGAR, RAMOL ROAD, DASCROI, AHMEDABAD, Gujarat	India
S2-835113160	Hutchins, Roby Desert Etf Llc	6131-A THOMAS RD, PHOENIX ICTY, AZ	US
S2-78140951	Corner Cafe Partners	642 RIVERDALE DRIVE, PIKE ROAD, AL	US
S2-451553335	Deus Holdings	33 200, PLEASANT GROVE, UT	US
S2-864787853	King Cleaning Service	1752 MARTIN LUTHER KING BOULEVARD, BAYOU CANE, LA	US
S2-127314352	Varshraj Hospitality	SHOP NO.##2 , GROUND FLOOR, KMA COMPLEX, SF NO.38/7A2, SELVANAGAR, SEELANAICKENPATY, SALEM, Tamil Nadu	India
S2-487548942	Vivir & Brothers Infratech Corp	87 C/O FERU SINGH S/O ANVAR SINGH, SUJAWALPUR, SHIKOHABAD, Uttar Pradesh	India
S2-728622748	Ratcliff and Peralta	MELANIE THOMPSON DRIVE, CHARLOTTE, NC	US
S2-670828208	Board of Finance Eastgate	##4925 RANGE MULE DRIVE, PHOENIX, AZ	US
S2-830109883	Green Wélfare Pvt. Ltd.	PLOT NO.##64 , SHAKTI MATA, NAGAR, KHARBI ROAD, NAGPUR, महाराष्ट्र	India
S2-653062154	Minne Wooldridge Clean Leapfrog Co	DIKCINSON, 3204 QUEENS CREEK CT, TX	US
S2-372301659	डायनामिक कंस्ट्रक्शंस प्राइवेट लिमिटेड	K-46/1 SITE-5, KASNA IND AREA, GREATER NOIDA, NOIDA, GAUTAM BUDDHA NAGAR, Uttar Pradesh	India
S2-611136271	Dorris J. Norman DO PC	8496 FATHOM DR, BALDWNISVILLE, NY	US
S2-548636248	Agnola's Group Mediacl	3167-3171 3300, MILLCREEK, UT	US
S2-854029322	Certified  Proem	250 MONAHAN AVE, STATEN ISLAND, NY	US
S2-998231916	फॉर्च्यून कंसल्टिंग प्राइवेट लिमिटेड	H NO 13. U/G/F ROAD NO 7 EAST PUNJABI BAGH, NEW DELHI, PUNJABI BAGH NEW DELHI, दिल्ली	India
S2-988125957	Crystal Chemical  Group	VA, 204 STONEWALL JACKSON BOULEVARD, PO BOX 662, STAUNTON	US
S2-456075538	nishi brothers-kozhikode dist	KALLIYATH HOUSEPANNIYANKARA KALLAI, KOZHIKODE DIST, Kerala	India
S2-973959760	Roberts Hatch	1000. 95ST ST, WESTHOPE, ND	US
S2-450015689	Whitworth Legacy Management Inc	0021 BARK ST, SWANSEA, MA	US
S2-454360116	Division of of Aging L.L.C.	#S71W19887 SIMANDL DR, CITY OF MUSKEGO, WI	US
S2-42017477	COLLINS CONSULTING-LLC	517 SIXTH ST, MARIETTA, OH	US
S2-187176678	Uttar Pradesh Hire Infratech Private	Uttar Pradesh, YOJNA NO-6SECTOR -10 MEERUT, UTTAR PRADESH	India
S2-247017460	Bay Keystone Indigo LLC	LINCOLN, 2445 52ND ST, NE	US
S2-84117388	Mullen-Robinhood	2021 DIAMOND LAKE BLVD, ROSEBURG, OR	US
S2-349574168	Proddatur-Tech Private Limited	DOOR NO 106-A VASAVI APARTMENTS, GANDHI ROAD, PRODDATUR, Andhra Pradesh	India
S2-140413656	eng1ert & jimenez llc	1618 BAYSHORE DRIVE, LINCOLN COUNTY, OR	US
S2-396502213	CO Tri-State Chadwick Corporation	207 N DUPLIN SCHOOL ROAD, MOUNT OLIVE, NC	US
S2-54653476	विजय इंफ्रास्ट्रक्चर प्रा. लि.	KANDIVALI WEST MUMBAI, A 405 SUNDAR BAIGH BHULA BHAI DESAI ROAD, MUMBAI CITY, Maharashtra	India
S2-807716633	pattersonwinvest.com	175 SCHENECTADY AVENUE, BROOKLYN, NY	US
S2-822805150	Aadhar Center	SD-93 SHASTRI NAGAR, GHAZIABAD, Uttar Pradesh	India
S2-972675824	SILVANA MIMS MUNIYIELD INC. - 3594481545	2790 25TH ST, <NULL>, SALEM, OR	US
S2-510836707	Ts Nursing Home Infratech	दिल्ली, J 24UDYOG NSGAR MAIN ROHTAK ROAD, NEW DELHI	India
S2-860447474	6róup Dentistry Pediatric	916 AMERICAN AVE, BISBEE, AZ	US
S2-323530468	FQW Knights Private Limited	M-54, TAGORE GALI, N-13, BHAHAMPURI, MAUJPUR, Delhi	India
S2-508969115	ಪ್ರೀಮಿಯರ್ ಟೆಕ್ನಾಲಜಿ ಫರ್ನಿಚರ್ ಪ್ರೈವೇಟ್ ಲಿಮಿಟೆಡ್	46, K NO 173/148/35, 2ND AVENUE, SHUBH ENCLAVE, KASAVANAHALLI, VARTHURHOBLI, BANGALORE, Karnataka	India
S2-123910726	LEVY RIDGE LLC LLC	JACKSONVILLE, 50 MILLICAN ST, AL	US
S2-921105328	Sanchez, Rivers & Brown Co.	5622 ALBERTSON RD, ARCHDALE, NC	US
S2-372845323	Contech Jewellers [Private]	FLAT NO 115 POCKET A-3SECTOR 7 ROHINI, DELHI, Delhi	India
S2-974302579	ब्राइट राज आईटी रेस्टोरेंट प्राइवेट लिमिटेड	DOOR NO 618 C-21, 2ND FLOOR, SOUTH, NEW DELHI, Delhi	India
S2-364327281	પાયોનિયર એન્જિનિયરિંગ પ્રાઇવેટ લિમિટેડ	#11 'SAMTA' NEHRUNAGAR ICHHANATH, SURAT, Gujarat	India
S2-996093495	Great Pediatrics	SHELTER COVE DRIVE, PATASKALA, OH	US
S2-993226245	WOMENS GROUP CENTER	NY, FRIGATE ROAD, CORNEILLE ESTATES	US
S2-613982757	Hwang Transport	#10 FARNSWORTH DR, GUILDERLAND, NY	US
S2-439464511	Tirumalagiri Indraprastha Indraprastha	HNO B1-49, HUDA COLONY, CHANDA NAGAR, SERILINGAMAPALLY, TIRUMALAGIRI, NULL, Telangana	India
S2-766990778	THANE INSURANCE PRIVATE	GALA NO. F/A-3, A- 1 INDUSTRIAL ESTATE, GODDEO FATAK ROAD, OPP. CATHOLIC CHURCH, BHAYANDER -, EAST, THANE, Maharashtra	India
S2-597145192	Opal Walker,-DDS LP	410 JACKSON AVENUE, BUCKEYE, AZ	US
S2-966580087	Sri Ambar Seva Samiti Limited		India
S2-705290068	Coheyprrcess Group	2349 MIDWAY DR, ROCKFORD, IL	US
S2-82425075	Maa Buildtec Pradvarte  Limited	Telangana, DOOR NO 8-8-32/38 , BAPUBAGH, COL, PG ROAD SECUNDERABAD, HYDERABAD	India
S2-114079249	# 3 XW Taiwan Inc	315 ROLLING HILLS VILLAGE, MORGANTOWN, WV	US
S2-634818651	shreejisolutions.com	SHOP NO. 5723. , PRIDE PLAZA BUILDING BEHIND AMBEDKAR STATUE, PIMPRI, PUNE, Maharashtra	India
S2-683126609	इंडो बिल्डर्स एलएलपी	PLOT NO.1772, OUTRAM LINE CITY, NORTH WEST DELHI, Delhi	India
S2-966188729	Technologies Sus Infrabuild LLP	50/1, INFANTRY ROAD, BANGALORE, Karnataka	India
S2-50831358	Fresh Intelligence Enterprises  Co	139 BETH PL, DOVER, DE	US
S2-958222379	Gateway Labs Pvt. Ltd.	F/11, KARNATAKA SOCIETY MOGUL LANE, MAHIM, महाराष्ट्र	India
S2-89859654	Sa1ome Quoavi Quality Network	53881 Champ Ln, AZ, SALOME	US
S2-268979330	WHITE BUILDERS PRIVATE LIMITED	C-10/20YAMUNA/7 VIHAR, NEW DELHI, Delhi	India
S2-390988608	Thrissur India Public Limited	H.NO ##12 PALAMATTAM HOUSE, PERINCHERRY PALLY, VIA CHAPEL VIA, NR HOLOBR, THRISSUR, Keralam	India
S2-758798564	Shri RAJ TRADING LIMITED	B/23, BAHVANI CHS, OLD MUMBAI PUNE ROAD, NEXT TO SVPM SCHOOL, KALWA-W, THANE, महाराष्ट्र	India
S2-80048977	Northern Property Solutions Holdings	1014-D TIGHE DR, IL, BOURBONNAIIS CITY	US
S2-187323686	Anil Processing Enterprises Prívate Limited	BLOCK A-236 1-35, PRODDUTUR, CHINTAKANI(MANDAL), CHINTAKANI, Telangana	India
S2-974864172	Dr SHIV  TECHNOLOGIES	42, 16TH CROSS, 8TH MAIN ROAD, MALLESWARAM, BENGALURU, Karnataka	India
S2-29629412	Fashion & Sons Private Ltd	FLAT NO. B-6, KASHINATH LAXMAN VETA & OTHERS PLOT NO. A- 32, KOPAR KHAIRNE, Maharashtra	India
S2-871646503	Chiropractic Gulf Specialists LLC	1253 UMATILLA AVE, PORT TOWNSEND, WA	US
S2-672667198	Minick, Jeanie Quasaredge Inc	4728 55TH STREET, SEATTLE, WA	US
S2-742622486	Preferred Asset  Collective Inc.	1330 STONEFIELD DR, WATERLOO, IL	US
S2-111197215	oh & co	JAINHOUSE, 56, EASTWARDHAMANNAGAR, NAGPUR, Maharashtra	India
S2-138059069	Eastern (Estate)	HOUSE NO. 43  SECTOR - 16, VASUNDHARA, Uttar Pradesh	India
S2-283028163	>> GRANTS PASS PIONEER  RMG LLC	69 STARLITE PL, GRANTS PASSS, OR	US
S2-477793678	মাই ইনফ্রাস্ট্রাকচার হার্ডওয়্যার প্রাইভেট লিমিটেড	CALCUTTA, 30B MEHAR ALI RD, CALCUTTA, West Bengal	India
S2-570651756	Henderson Automobile Holdings	LEVELLAND, 1412 8ND ST, TX	US
S2-942023063	பிளாக் இன்ஜினியரிங் ஃபுட்ஸ் பிரைவேட் லிமிடெட்	H.NO 10/22, KONDAL STREET, KONDALTHOPE, CHENNAI, CHENNAI CITY CORPORATION, CHENNAI, Tamil Nadu	India
S2-337763317	Nelson Federal Occupational Therapy LLC	155 SARATOGA STREET, SUFFOLK, VA	US
S2-962036862	Empire Universal Associates Inc.	4831-D LINVIEW DRIVE, ROCKFORD, IL	US
S2-375017617	Tanner Inc Service	4516 65RD AVE, PORTLAND, OR	US
S2-274738893	Dr ASRS EXPORTS PRIVATE	NO:3, III FLOOR, TNSCB, SHOPPING COMPLEX, VAIDYA NARAYANA ROAD, NANDANAM, CEHNNAI, Tamil Nadu	India
S2-502119403	greentextileproducts.com	61 FREEDOM DRIVE, STEELE, AL	US
S2-692321733	Fab Law Chambers Company	H-7-6 GROUND FLOOR PREMIUM FLOORS SECTOR-82, GURGAON, Haryana	India
S2-20486239	IPSATYANARAYAN.COM	C/O THMIMAPPA, ADANUR PO, HOLALKERE TALUK, CHITRADURGA, ಕರ್ನಾಟಕ	India
S2-789395235	DEPARTMENT OF FINANCE	4001 WATT AVE, SACRAMENTO, CA	US
S2-284816259	ROUS LLC - 1427932051	31735 1/2 CHAPEL ROCK LANE, SPRING, TX	US
S2-958067129	ফরচুন সলিউশনস প্রাইভেট লিমিটেড	DOOR NO D/45 C/O SOURAV BRAHMA, SULONGURI COLONY, P.O-G/NAGAR NR-7, SEA WATER FACTORY, NORTH 24 PARGANAS, PARGANAS NORTH, West Bengal	India
S2-895540772	Sweet Cafe	2059. 41ST ST, LOS ALAMOS, NM	US
S2-149285879	BROOK'S-KEYSTONE ÍNSURANCE LTD	130 FIRESTONE DR, HENRY COUNTY, VA	US
S2-981676778	Energy Niraj Marketing Private Private Ltd		India
S2-100072926	trifecta advisory (india) pvt. ltd.	পশ্চিমবঙ্গ, VILL, P.O, P.S-KHARGRAM, DAG NO.1179/3050 KHATIAN-1612, MOUZA- DURGRAPUR, MURSHIDABAD	India
S2-422677738	Smt CREATIVE PRIVATE ENERGY LIMITED	424/424A, D MALL, 1B-5 TWIN DISTRICT CENTRL, SECTOR-10, ROHINI, DELHI, Delhi	India
S2-367532651	Carew's Data,  Partners	125 CAVINESS DR, JACKSONVILLE, NC	US
S2-738622405	Sree Foundation	DOOR NO 99 C/O PYARE KISHAN JI, 21, SARV RITU VILAS, GIRWA, Rajasthan	India
S2-535207539	First Cornerstone Best (Inc)	14292 75, VAN ALSTYNE, TX	US
S2-721569274	SUNRISE TECH PRIVATE LIMITED	Maharashtra, 416 4TH FLOOR, KHAT ROAD KHOKARLA, BHANDARA	India
S2-628715090	Pevue Purpose Inc.		US
S2-118955537	#APEXTECHNICAL	2700 WOODLEY RD, WASHINGTON, DC	US
S2-3748088	હરિ શિવ સોલ્યુશન્સ પ્રાઇવેટ લિમિટેડ	18TH FLOOR, AKCROS HOUSE, SURYODAY SOCIETY, ST 1/E KALAWAD ROAD, RAJKOT, Gujarat	India
S2-581056493	Hope Education Corporation	S-6, DOLLAR CHAMBERS6-2-40, A.C. GUARDS HYDERABAD, Telangana	India
S2-767324235	completeconstructionventures.com	1743D MONTEREY COURT, CINCINNATI, OH	US
S2-928110166	પ્રીમિયર એનર્જી પ્રાઇવેટ લિમિટેડ	SUBHASHNAGAR, OPP. MAHILA ARTS COLLEGE, NR. GAGNATH MAHADEV MANDIR, MILL ROAD, Gujarat, NADIAD, BLOCK B-66 4/25, KHEDA	India
S2-534643973	Fairfax County Historical Guild	9200 BURNETTA DRIVE, FAIRFAX COUNTY, VA	US
S2-50858466	Uvs-Law Chambers Co	PLOT # 18, BIAC SEZ PUDIMADAKA ROAD ACHUTAPURAM MANDAL, VISAKHAPATNAM, ఆంధ్రప్రదేశ్	India
S2-7584182	KINGSTON & BROTHERS PRIVATE LIMITED	PLOT 489 SR. NO 3/1, SATPALA NAKA, VASAI, VASAI VIRAR CITY, VASAI, Maharashtra	India
S2-120176046	Shipping	816 MT VRNON AVE, CHARLOTTE, NC	US
S2-322160903	Signature Diamond Connecticut	4161 HARSH CV, MEMPHIS, TN	US
S2-843441317	Black, Tybie, D.O., DDS PC	BUFFALO CDP, NY, 157 WEST AVENUE	US
S2-539535597	Guru Industries		India
S2-366830020	CFB Bang Private Limited	D-3  (FF), SITE NO.01 CITY CENTRE, GWALIOR, Madhya Pradesh	India
S2-898315288	... SELECT MEDIA SYSAAEMS LTD	2913 FALCON COURT, BENTON, AR	US
S2-532159841	CHAPMAN CHAPMAN DATA GROUP	132 PENNSYLVANIA AVENUE, JAMESTOWN, NY	US
S2-139263554	A Sterling Nuveen Clinic Corporation	1610 CITY PASS LANE, HOUSTON, TX	US
S2-380911604	Smt DRC INTERMEDIATES PIRAE (LIMITED)	MARVEL RITZ, FL-B/201, SN - 171 (P) HADAPSAR, PUNE CITY, Maharashtra	India
S2-338491479	Northern Services  Private Limited	H. NO. 3-18-237 & 238, MAIN ROAD PRAGATHINAGAR, RAMANTHPUR, HYDERABAD, Andhra Pradesh	India
S2-91051243	ívenuschile.com	FORT WORTH, TX, 10133 CHAPEL SPRINGS TRL	US
S2-924116947	Belton Royal Keen LLC	1510 IOLEWILD BLVD, FREDERICKSBURG, VA	US
S2-743981778	Force Hbispias	C/O MOHAMMAD KAIF, SAIDPUR MOHALLA, BISAULI, BUDAUN, उत्तर प्रदेश	India
S2-620891990	Bangalore South  Farmer Infratech Private Ltd	NO 578. , 15TH MAIN, 13TH, CROSS, RAIWAY MENS LAYOUT, BANGALORE SOUTH, ಕರ್ನಾಟಕ	India
S2-129667466	LLC Golden Global Telecom	8660 MITCHELL ROAD, DENTON, MD	US
S2-908410716	... INTERSTATE SECURE VANECK	1204 MIDNIGHT PASS, PLAINFIELD, IN	US
S2-487883733	ROOPAYAYN CONSULTING PRIVATE-LIMITED	FL C/1104, M/ SB.K.S.GALAXY PLOT 11 & 15, SECTOR 35F, OWE KHARGHAR, NAVI MUMBAI, महाराष्ट्र	India
S2-799652563	Jayakrishna Industries Group Private	GAT NO-1638, P, 1639, P, -55, THE GRAND CENTRAL BUIL, KHED, Maharashtra	India
S2-84804407	Bright Coffee LLC	Bryan Rd, STOWE, VT	US
S2-213962958	sfprivatecom	FOURTH FLOOR, PRESTIGE TOWER, P. NO. E 1, AMRAPALI MARG, VAISHALI NAGAR, JAIPUR CHITRAKOOT, JAIPUR, OFFICE NO. 402, Rajasthan	India
S2-948994024	Blue Irbvestmeants Limited	67 1/4 PART NORTH EAST, 23, OLD DHAN MANDI, RAISINGHNAGAR, राजस्थान	India
S2-443530365	રિયલ ઇન્વેસ્ટમેન્ટ	AHMEDABAD, S.F. - 20 AND S.F. - 21, ગુજરાત	India
S2-142117240	Cardiology  United Associates Coastal LP | www.cardiology.com	2122 THREE MEADOWS RD, GREENSBORO, NC	US
S2-943157651	Blakely Morgan of Cincinnati	#1843 CATALINA AVE, CINCINNATI, OH	US
S2-67945750	Teddi Youngs Fuels Ínc	19202 LAKE RIDGE DRIVE, MANVEL, TX	US
S2-479863613	MIRASYN	MIRZAPUR, Uttar Pradesh, MIRZAPUR, BHARPUR THANA-CHUNAR	India
S2-549084560	Highland Pedstrmcs	WY, 101 CLOEMAN LN, MILLS	US
S2-677259286	Davis,-Carro and and Mengel L.L.C.	401 TORONTO ST, DALLAS, TX	US
S2-13020766	Sr Consultants Infratech Ltd	NO G-257 312, THIRD FLOOR, KHANCHAND TOWERS, ROAD NO 1 BANJARA HILLS, HYDERABAD, HYDERABAD, Telangana	India
S2-298833976	United Inc Center	5019 110, AURORA, MN	US
S2-301841674	तिरुपति एग्रो प्राइवेट लिमिटेड	A-7, 1ST FLOOR, C-BLOCK COMMUNITY CENTRE, NEW DELHI, NARAYANA VIHAR, Delhi	India
S2-784710458	Manhattan-Chit (ID: 78266)	FLAT NO 101, PLOT NO-115, SECT-11, KOPARKHAIRNE, THANE, महाराष्ट्र	India
S2-965458823	Ear Nose & Throat Group Riverside	417 SPRNG STREET, DECHERD, TN	US
S2-836553576	Sai  Solutions Industries Private Limited	###128 ASHIYANA, 5TH CROSS, OPP HSR LAYOUT 7TH SECTOR, BANGALORE SOUTH, Karnataka	India
S2-731913325	తిరుపతి ఎనర్జీ ఎల్‌ఎల్‌పీ	F NO 107, S V H PLAZA, TIRUMALAGIRI, HYDERABAD, తెలంగాణ	India
S2-690893384	ਰਾਮ ਅਨੰਦ ਪ੍ਰੋਡਕਟਸ ਐਲਐਲਪੀ	MOHALLA BASSIAN DASUYA, DASUYA, HOSHIARPUR, Punjab	India
S2-507250868	WAHL GOLDEN APPAREL INC.	1203 1/2 SCHAUB DRIVE, RALEIGH, NC	US
S2-208803092	Rubix Engineers Private	West Bengal, 59 J L NEHRU ROAD P S SHAKES PEAR SARANI, KOLKAOA	India
S2-973595171	నార్త్ ఫుడ్స్ లిమిటెడ్	D NO 303, VISHAKHAPATNAM, Andhra Pradesh	India
S2-69636626	Shri CREATORS INDIA OVERSEAS	H.NO 18 ANUSUYA APARTMENTS, 20 VARADARAJAPET I MAIN STREET, CHOOLAIM, EDU, CHENNAI, Tamil Nadu	India
S2-66728228	PATTEN & CLOLNY [INC]		US
S2-229061663	optimalinfrastructurealliance.com	4414B HARRISON ST, WASHINGTON, DC	US
S2-521418826	Ltd. Heartland Continental Etf,	0023 MOUNTAIN TOP LANE, DEPOSIT, NY	US
S2-95683117	Stacee Gooden Gss Center	13- HERITAGE CIRCLE, CLINTON, CT	US
S2-820145559	ERODE  SHINE	801/A, 8TH FLOOR, PARSHWANATH ESQUARE, PRAHALADNAGAR CORPORATE ROAD, AHMEDABAD, Gujarat	India
S2-939108079	Totatech | www.totatech.com	27TH ST, SACRAMENTO, CA	US
S2-231548612	Lewis Pioneer Cafe L.L.C.	14321 Laredo St, HOUSTON, TX	US
S2-489538169	Service Bailey LLC	504 45ST ST, LUBBOCK, TX	US
S2-194606160	PERITUSINDIAELECTRIC.COM	1ST/3 FLOOR, WESTERN PEARL, HITECH CITY RD, SERILINGAMPALLY, Telangana	India
S2-291278389	American Newtcork Ltd	2005  STARTOWN RD, HICKORY, NC	US
S2-676734095	Ckr Producer Private	B3/932A 10 2 JESSORE ROAD KOLKATA, West Bengal	India
S2-366089518	JUW Edaugech (Limited)	BUILDING NO 13/63 P.V. SREEDHARAN ROAD, OLD BOAT JETTY, KUMBALAM, ERNAKULAM, Kerala	India
S2-487147313	ಸನ್‌ರೈಸ್ ಎಸ್ಟೇಟ್ ಪ್ರೈವೇಟ್ ಲಿಮಿಟೆಡ್	9, MYSORE, Karnataka	India
S2-972656119	ಫ್ಯೂಚರ್ ಇಂಡಸ್ಟ್ರೀಸ್ ಪ್ರೈವೇಟ್ ಲಿಮಿಟೆಡ್	DOOR NO 057/7, BANGALORE, Karnataka	India
S2-10074480	M/s Empire Education	P NO 170, PRATAP NAGAR, EXTENSION, NEARAANIKHEJDI, JAIPUR, Rajasthan	India
S2-913313634	Technologies  Pioneer Solutions Limited	8 148/A, GOWTHAM NAGAR, FEROZEGUDA, BOWENPALLY, SECUNDERABAD, TIRUMALAGIRI, తెలంగాణ	India
S2-203292233	HAMILTON, SHAHID AND	925B SCOTT ST, OH, NAPOLEON	US
S2-89474951	Verrin Inc. Immunopharma	82 Ash St, LEAVENWORTH, KS	US
S2-200788724	Physical Therapy Classic Inc	3540 MAIN STREET ROAD, BATAVIA, NY	US
S2-643447316	South Smart Manufacturing Llc	UT, 090 MATTERHORN DR, PARK CTY CITY	US
S2-129391497	F1ick's Motbnrts	9201 GLADYS FARM WAY, PO BOX 5805, GAITHERSBURG, MD	US
S2-966994400	Apex  Marine	1103 IDA LNAE, TAHLEQUAH, OK	US
S2-227428316	@varshayafood	A-26, THIRD FLOOR, GANEH NAGAR, NEW DELHI, Delhi	India
S2-202546862	MPR Insurance Limited Center	KC-8/28, KAVI NAGAR, GHAZIABAD, Uttar Pradesh	India
S2-95953585	Mountain Chína	5103C Roundtree Circle, FAIRVIEW, TN	US
S2-905391402	T & Y Et, LLC	ELLICOTT, NY, 3754 FLUVANNA TOWNLINE ROAD	US
S2-310690287	PIONEER PINNACLE SALON INC	7716D Ch 2, TYMOCHTEE TWP, OH	US
S2-531631500	COLONIAL-SCHOOL OF MEDICINE ASSOCIATES	461 492, STEPHENVILLE, TX	US
S2-882316823	Ransome and Onan LLC Partners	802 B DEL NORTE STREET, PO BOX 7844, HOUSTON DP, TX	US
S2-7659445	Solanki Ceramics	062, FIRST FLOOR, RANI JHANSI ROAD, PAHARGANJ, NEW DELHI, Delhi	India
S2-46065560	Vama Academy Infratech Private	H.NO 736 920, OUTSIDE DATIA GATE, BEHIND NATKA CHOPRA, Uttar Pradesh	India
S2-765917017	SHIVAM GIFTS (INDIA) LIMITED	NO: B3/60, RAMASAMY STREET, TAMBARAM WEST, TAMBARAM, தமிழ்நாடு	India
S2-560819350	અલ ઇન્ટરનેશનલ પ્રાઇવેટ લિમિટેડ	FF 03 SAMAN 2 OPP RELIANCE PETROL PUMP, AHMEDABAD, Gujarat	India
S2-420903452	Gangan Cónstructions	DOOR NO 201/2 GIDC FASE IINARODA, AHMEDABAD, ગુજરાત	India
S2-51928671	Value White	2000 MAYS ST, PO BOX 7949, ROUND ROCK, TX	US
S2-385644815	ENGINEERS VENTURES LLP	Delhi, 22/13, ROAD NO 22 PUNJABI BAGH EXTENSION, NEW DELHI	India
S2-583910991	Infiniti International  School	306/307-, 3RD FLOOR, RATNANJALI SQUARE, AHMADABAD CITY, Gujarat	India
S2-4396689	Kiesow Assets Corp	04 MISHAWAKA AVENUE, <NULL>, MISHAWKA CITY, IN	US
S2-904342062	Integrated Navios Riverside Inc	0222 STATE ST, CITY OF FOX LAKE, WI	US
S2-405538236	8rooks, Helge China	6814D BOYD ROAD, MADISON, IN	US
S2-282057919	Quantic Mines Llc	5311 SPOTTED ROD, SPOKANE, WA	US
S2-435680016	Harbor Bread, Patriot [LLC]		US
S2-180341121	SMART NETWORK ADVIAOSR PARTNERS	1027 GLENVIEW LOOP, LINCOLN COUNTY, OR	US
S2-54215694	Hoang Hoang Bright	#3033 INDEPENDENCE BOULEVARD, KANSAS CITY, MO	US
S2-800595986	सुपर पावर लिमिटेड	FLAT: 405, FLOOR: 4, WING: E, NEEL VASUNDHARA - E, VIJAY PARK, NEAR AMBER PLAZA PARTY HALL, M, THANE, IRA ROAD E, Maharashtra	India
S2-296544499	Anchor Technical Union Ltd		US
S2-293505018	শিব কনসালটেন্সি লিমিটেড	13A DACRES LANE 5TH FLR NO508, CALCUTTA, KOLKATA, West Bengal	India
S2-368867743	Community Committee Co	2522 ST ALBANS AVE, CINCNNATI, OH	US
S2-723039338	MARTHENA N. DAVID, LP SERVICES	7569 Roundleaf Drive, MEMPHIS, TN	US
S2-406023569	TSM FOODS EXPORTS CORP	SA 20/25-KA PAIGAMBERPUR PANCHKROSHI ROAD, VARANASI, उत्तर प्रदेश	India
S2-843057834	New Delhi Dealers Public Limited	G-14, R/P, G/F, NDSE I, SOUTH EXTN- 1, NEAR MAIN MARKET, NEW DELHI, दिल्ली	India
S2-171693353	Auto Maid Boy	CANETUCK RD, CURRIE, NC	US
S2-845260273	Morris and Thompson - 5187330811	TAYLOR TOWNSHIP, 162 Bradford Lane, PA	US
S2-798564745	Pacific Mines Partners	1231 DONNA DRIVE, REDFIELD, AR	US
S2-114618828	Shirk Advis0rs Cascade	BIIXBY, OK, 27th St	US
S2-733645806	GLOBAL NETWORKS INDUSTRIES PRIVATE [LTD]	H.NO 28 C/O PRALAD MANDAL, BABA, BASHUKINATH, GORADH ROAD, JAGDISHPUR, Bihar	India
S2-86727983	जय मैनेजमेंट प्रा. लि.	LOTUS PANACHE, SEC-110, NOIDA, Uttar Pradesh, GAUTAM BUDDHA NAGAR, BLOCK F-884 T4-2204 22ND FLOOR TWR 4	India
S2-124565157	Cody Wolcott Wolcott Adr	SEATTLE, 3721 CORLISS AVENUE, WA	US
S2-81741919	साई इंफ्रा प्राइवेट लिमिटेड	DOOR NO 43 FFDARYA GANJ, NEW DELHI, CENTRAL DELHI, Delhi	India
S2-473720086	DOWNTOWN SEAFOOD L.L.C.	301 MAUNEY STREET, MOUNT HOLLY CITY, NC	US
S2-442867953	डिजिटल सिटी इंटरनेशनल	C/O YUSUF S/O ABDUL AZIZ, MIRCHI TOLA, BULANDSHAHR, Uttar Pradesh	India
S2-877765547	Bieber's Health Partners Holdings	469 COLUMBUS AVE, NEW HAVEN, CT	US
S2-667753446	Co Tri-State Global	252 Twelfth St, REDMOND, OR	US
S2-297218623	Rizadova	NO.4-26, 10TH MAIN, 2ND STAGE PEENYA INDUSTRIAL AREA, BANGALORE, Karnataka	India
S2-454379964	M 3 Premier lndex Inc	573 NEW LUDLOW RD, CHICOPEE, MA	US
S2-71484224	Taylor Prime (L.L.C.)	86 SANDWICH STREET, PLYMOUTH CITY, MA	US
S2-680248120	PATRIOT CLASSIC	105 S DUPRE STREET, MONTEGUT, LA	US
S2-569360439	Innovative Private Limited Center	PLOT NO 77 SCH NO 78, PART - II, INDORE, Madhya Pradesh	India
S2-15927940	Yamuin  Teleservices Private Limited	00501-B, RECTANGLE ONE SAKET PLACE, SAKET, Delhi	India
S2-260785252	MUMBAI INTERIORS PVT. LIMITED	SHOP A-15., FLOOR-G, PLOT NO-40, ASHER MANSION, VASANTRAO NAIK MARG, GOWALIA TANK, AUGUST, KRANTIMARG, MUMBAI, Maharashtra	India
S2-800921179	QJU INITIATIVES PRIVATE  LIMITED		India
S2-451197198	YBW Future of Rangareddy Private Ltd	5-46/98/1, DAMMAIGUDA, P S RAO NAGAR PHASE-1, RANGAREDDY, Telangana	India
S2-840407817	JAI LIMITED PRIVATE MADHAV	68- 5POCKET 7 MAYUR VIHAR PHASE I, NEW DELHI, दिल्ली	India
S2-535823638	Future Properties Private [Limited]	#201, 2ND FLOOR, MEADOWS, SAHAR PLAZA, ANDHERI - KURLA ROAD, ANDHERI EAST, MUMBAI, Maharashtra	India
S2-597027941	Capital House South	427 OLD CARNATION ST, RICHMOND, VA	US
S2-807832896	Behavioral Health Medicine Inc	779 COUNTRY FARM LN, RUTLEDGE, TN	US
S2-760136029	सूर्य इन्वेस्टमेंट्स लिमिटेड	NO. 4, R. NO. 503, GAWAND BLDG, POKH-2, SHI. NGR, महाराष्ट्र, THANE, NO 92 CHANDAN BLDG	India
S2-667811823	0PTNAQUEDENTAL.COM	28 KIGSTON ST, ELMNOT TOWNSHIP, NY	US
S2-910267036	Total Nutrition-Cfecps	32 Main St, CAMBRIDGE, NY	US
S2-119581009	Cemanet [LLC]	51450  29, BRISTOL, IN	US
S2-650589553	DIVISION OF  EVIRONMENAL PROTECTION ASSOCIATES	1335 DEARBORN ROAD, ALLEN, TX	US
S2-708588954	Vioiriarc	28 Brook St, LAWRENCE, MA	US
S2-430649288	आनंद हेल्थकेयर	S-8, SECOND FLOOR, PINNAACLE BUSINESS PARK, MAHAKALI CAVES ROAD, NEXT TO AHURA CENTRE, ANDHERI EAST, MUMBAI, MUMBAI, Maharashtra	India
S2-83535933	vc.com	#13510 ROBERTSVALE RD, HOUSTON, TX	US
S2-779518812	Golden Aldel-Group	105 LILAC LANE, BUFFALO GROVE, IL	US
S2-182288208	Modern Impex	B 16, NANDBHUMI SCIETY K S K LANE, COLLEGE ROAD, NADIAD, ગુજરાત	India
S2-557789232	Golden Résearch	496 SAND RIDGE RD, HUBERT, NC	US
S2-290722457	Brigit's Wireless-Inc	3911 OBRIEN COURT, PRIOR LAKE, MN	US
S2-58106533	डायनामिक सॉल्यूशंस प्रा. लि.	MIG-1749, SECTOR-I, LDA COLONY ASHIYANA, LUCKNOW, उत्तर प्रदेश	India
S2-812977988	Campbell, Cásey	AR, WARD, 95 HATTIE LN	US
S2-58985532	స్మార్ట్ బాంబే ఫుడ్ ఎల్‌ఎల్‌పీ	2-10-765, BANK COLONY, VADDEPALLY ROAD, SUBEDARI, KAZIPET, Telangana	India
S2-98693766	Foxx &  Smith, Inc	3512 CLINTON STREET, WASHINGTON, IN	US
S2-530184565	TRI-STATE CAPITAL	5201 MARSHALL STREET, LUBBOCK, TX	US
S2-715507245	... MAYURA SÉRVICES PVT. LTD.	83/162, DIAMOND HARBOUR, ROAD, NATH PARA, 24 PGS(S), KOLKATA, KOLKATA, HOWRAH, West Bengal	India
S2-584814121	Accretion Private (India) Buildcon Limited	B-2/7- SHIVAJI NAGAR VAKOLA BRIDGE SANTACRUZ EAST, MUMBAI, Maharashtra	India
S2-799893612	Heath Baxter First	110 WELLINGTON PARK CT, NASHVILLE, TN	US
S2-331500203	Custom Secure Skin Care Corp	436 COTONWOOD ST, EMPORIA, KS	US
S2-133777438	DERMATOLOGY BEEACON GROUP INC. | www.dermatolog.com	4393  Chasteen Rd, DEPUTY, IN	US
S2-616283984	FO Valley Pvt Ltd	NO 746 222, VALLUVAR KOTTAM HIGH, RD, CHENNAI, Tamil Nadu	India
S2-707054875	ગેલેક્સી પ્રોડક્ટ્સ લિમિટેડ	CHALTA-319., TIKA-122, SHEET-122, GF, FF BAXI FALIYA, KATARGAM, SY-542 PAIKI-1, SURAT, Gujarat	India
S2-1530513	Noida Education Ltd	HOUSE NO. I-C-141, NEAR GREATER NOIDA, AUTHORITY, BETA-2 GREATER NOIDA, SURAJPUR, NOIDA, Uttar Pradesh	India
S2-117512889	श्री लॉजिस्टिक्स प्राइवेट लिमिटेड	E-245 ALPHA-1 GREATER NOIDA, GAUTAM BUDDHA NAGAR, NOIDA, Uttar Pradesh	India
S2-435745955	Gibson  Hospital LLC	3339 BURBERRY DRIVE, GASTONIA, NC	US
S2-619368147	KIM COMMUNITY  INC.	100-104 PALISADES CIRCLE, ASHEVILLE, NC	US
S2-520379756	Deltalumkelo	405 PRICES SWITCH ROAD, JACKON, OH	US
S2-451463378	Sulabh  Park Public Limited	E-17, BASSI EXTENSION, RIICO INDUSTRIAL AREA, BASSI, JAIPUR, Rajasthan	India
S2-12643007	Primary Care Elite Specialists (Co)	YUCCA VALLEY, 56777 1/2 RABBIT TRL, PMB 5661, CA	US
S2-955233332	8auer Premium-Corporation #43133	97-18 41 AVE, COORNA CITY, NY	US
S2-452900688	Dr Velox (mp) Limited	38  HARIHAR SOCIETY, M N COLLEGE ROAD, VISNAGAR, VISNAGAR, null, ગુજરાત	India
S2-739474103	GUSSY  JENKINS SENECA INCORPORATED	JEFFERSON ST, PLYMOUTH, IN	US
S2-527907721	Huang +  Selner, Inc	3825 73, FLOODWOOD, MN	US
S2-857188820	FRESH ELECTRONICS TECHNOLOGIES EASTGATE INC	1280B KAY DRIVE, MASON, OH	US
S2-671077440	AKSHAJ & BROTHERS HOLDINGS	198., BLOCK-B, SECOND FLOOR, YOJANA VIHAR, DELHI, Delhi	India
S2-983056117	Johnson Complete Montage LLC	2249 HOLLIWELL VALLEY COURT, SCOTT, IA	US
S2-441497672	Regional Church Group	93 BEECHWOOD AVENUE, BRIDGEPORT, CT	US
S2-824878090	வொயிட் ஃபைனான்ஸ் பிரைவேட் லிமிடெட்	1/1A, KK PLAZA, SALEM MAIN ROAD, KALLAKURICHI, VILLUPURAM, தமிழ்நாடு	India
S2-523201423	Center Pranshi Limited	NAGPUR, Maharashtra, C/O DURGA ELECTRICAL	India
S2-895091610	बेस्ट बालाजी कंस्ट्रक्शन प्राइवेट लिमिटेड	B-1404 BHOOMI GARDENIA 1 PLOT 7 SECTOR 17 KALAMBOLI, MUMBAI CITY, NAVI MUMBAI, महाराष्ट्र	India
S2-502405194	विजय इंडस्ट्रीज प्राइवेट लिमिटेड	A-302 3RD FLOOR TOWER KGT07, GAUTAM BUDDHA NAGAR, NOIDA, Uttar Pradesh	India
S2-789923433	ऑल मॉडर्न एग्रो एंटरप्राइजेज लिमिटेड	BT-23/6 BASEMENT SOM DUTT CHAMBER-1 18, NEW DELHI, दिल्ली, NEW DELHI	India
S2-460395693	KEYSTONE PEARL  GROUP	323-B Indian Road, BREMEN, KS	US
S2-94115503	RSADAN  HOLDINGS GROUP	#2-057/A/806, 8TH FLOOR, VSS NANDADEEP NEARMEDCHAL RTA OFC.PETBASHEERBADVILLAGE, HYDERABAD CITY REGION, HYDERABAD, తెలంగాణ	India
S2-664657022	galaxysystems.com	DOOR NO 305 OFFICE NO. 316, B-WING, ORCHARD ROAD MALL, ROYAL PALMS, GOREGAON EAST, Maharashtra	India
S2-552956117	Quorizakelo	MA, 11 PARISH ROAD, GEORGETOWN	US
S2-305028220	Tarun & Có Corporation	C-156 FIRST FLOOR, KH.NO.860/3, JVTS GARDEN CHATTARPUR EXTENSION, SOUTH WEST DELHI, Delhi	India
S2-334193646	आदित्य गोल्डन कंसल्टेंट्स स्वीट्स प्राइवेट लिमिटेड	PLOT NO 26, NASHIK, Maharashtra	India
S2-418746155	Sears Latin	TX, Buckskin Trail, TEMPLE	US
S2-411100232	Lucas Loss Public Limited	Andhra Pradesh, DOOR NO 29-42-12 NEAR CMR BACKSIDE, MAHARANIPETA, VISAKHAPATNAM (URBAN), VISAKHAPATNAM	India
S2-769477626	Lora Robinson, DPM Corporation	41 BUR OAK TRL, FORNEY, TX	US
S2-329384552	Morgan Piedmont  Johnson	BRONNER CIR, LOUISVILE, KY	US
S2-944070846	PJ LLC Fie1ds Rapid	870 EARLYSVILLE FOREST DR, EARLYSVILLE, VA	US
S2-990170758	Cameron  United Boutique Co	9 TOLLIVER CT, NEWARK, DE	US
S2-817529970	TOB Tge	952 Q, LAKEHILLS/PIPE CREEK, TX	US
S2-902912429	Ray Crafts	F-16, CHAND SOCIETY, JUHU CHURH ROAD NEAR ISCON TEMPLE, Maharashtra	India
S2-783030363	CAMMIESPALDINGAFFILIATEDCOM	STONEHAM, 92 MONTVALE AVENUE, MA	US
S2-277116149	Royal Greenfibe	7006 RIDGE RD, SHOALS, IN	US
S2-586770966	Brockwell's Great Communicatiosn	MALDEN, 360 BOYLSTON ST, MA	US
S2-865704320	HOTEL LOGISTICS PRIVATE LTD	1A GREEN FIELD 40 S V ROADSANTACRUZ WEST MUMBAI, MAHARASTRA, Maharashtra	India
S2-888094465	Airlift Technologies Private Limited	202, PUSHPAVATSALYAM, N.S. ROAD NO. 5, VILE PARLE(W), JVPD SC, EHEME, MUMBAI, Maharashtra	India
S2-333722232	શક્તિ એક્સપોર્ટ્સ એલએલપી	C-417, CITY TALUKA, AHMEDABAD, Gujarat	India
S2-397464330	Cherry and  Walker	31 COUNTRY RUN CIR, POWELL, TN	US
S2-240877468	Heritage Marine Systems Inc	38 1/2 OAK LEAF CIR, JOHNSON CITY, TN	US
S2-885706621	Lakshmi Trading Pafae [Limited]	E413, BLOCK-E WEST VINOD NAGAR, Delhi	India
S2-68461703	Jillayne Fluker, DMD Corp	664  83, CITY OF DELAFIELD, WI	US
S2-874270024	Wolter, Clinic P.A. Lynnelle,	16TH DRIVE, PHOENIX, AZ	US
S2-184298135	AVIGHNA DWELLINGS PRIVATE LIMITED	40-6-22/1A SURYA APPARTMENTS NIMMAGADDA SOMASEKHARRAO STREET REVENUE, COLONY, VIJAYAWADA, Andhra Pradesh	India
S2-177738155	coastalholding.com	YOUNGS FORK RD, HAZARD, KY	US
S2-752393703	Apparel Coimbatore Ltd Overseas	4/23, AND 2/19 RAVATHUR ROAD A.G.PUDHUR, COIMBATORE, Tamil Nadu	India
S2-409271984	Venus Kim All Gaolxayledge PLLC	01 CARI LYNN LANE, VENUS CITY, TX	US
S2-487885480	techshiva.com	78, SAMIR PARK HIGH- TENSION ROAD, VADODARA, Gujarat	India
S2-807871533	PLUMBERS  LOCAL UNION 933	326- WINDSOR AVE, BRIGHTWATERS, NY	US
S2-559228755	Orland Park Primary Care Secure (Clinic)	007737 CASHEW DR, ORLAND PARK, IL	US
S2-560552665	Rang & Brothers Private Ltd	BLOCK C-251 DOOR NO: 7/377-4, LST FLOOR, RAJ ARCAD KINAR JUNCTION, CHEROOR P O, THRISSUR, കേരളം	India
S2-785977766	The Peak Nano, Partners	4727 IBIZA CIRCLE, TX, BROWSNVILLE	US
S2-799660555	hénrynorthwest.com	4030 YAQUI DR, FLAGSTAFF, AZ	US
S2-598203172	Express Printing Networks LLC	TX, 55 19TH AVE, TEXAS CITY	US
S2-158431397	Brewer Medical Cenctr Inc.	N5328 COLLIER ROAD, TOWN OF LEBANON, WI	US
S2-723892884	TIRUPATI INFRA PRIVATE LTD	#201 , S/F, 67-68, CHAND, NEW DELHI, Delhi	India
S2-915458405	टेक फूड्स लिमिटेड	HN 2-87 C/O BIMAL ROY PUNAI CHAK, PHULWARI, PATNA, Bihar	India
S2-281737228	Shri Drs Heritage Pvt Ltd	GP-16, RAGHULEELA MEGA MALL. 2ND FLOOR, BORA PRASAD ROAD, POISAR, KANDIVALI (W), MUMBAI, महाराष्ट्र	India
S2-906011218	LCO Metnrcopolitan Invesco (Clinic)	2507 24TH ST, NORTH CHICAGO, IL	US
S2-358655515	Bharat Consturtion Steel	SH-A-102/116-, BLDG 2, SHREE RAJ ENCLAVE CHSL, DEEPAK HOSPITAL ROAD, VASAI, महाराष्ट्र	India
S2-4983142	Dr actiontrustmemorial.com	305, SARVAPRIYA APARTMENTS, SARV. VIHAR, NULL, दिल्ली	India
S2-731483124	Scibelli, Gréen & Francois LP	329 POST ST, SALT LAKE CITY, UT	US
S2-232342448	emerald llc	365 1/13-D HAYWOOD ROAD, N/A, ASHEVILLE, NC	US
S2-141805007	Abhay Private Limited-Center	Delhi, C 108/D II FLR R P APPART, PARYAVARAN COMPLEX, NEW DELHI	India
S2-486862913	HAPPY ICE	LAKELAND AVE, NY, BABYLON	US
S2-611770044	രാജ് സിസ്റ്റംസ് പ്രൈവറ്റ് ലിമിറ്റഡ്	STARTUPS VALLEY TECHNOLOGY BUSINESS INCUBATOR, KOTTAYAM, KANJIRAPPALLY, Keralam	India
S2-82991455	Damara Trevino, CPA Co	3327 Falling Stone Circle, INDIAN TRAIL, NC	US
S2-850906949	Midwest Worldwide		US
S2-78298805	बेस्ट इंडस्ट्रीज प्राइवेट लिमिटेड	C/O SHIV NAYAN PANDITPUR, AJGAIBA JUNGLE BASTI, BASTI, Uttar Pradesh	India
S2-434203571	विजय यूनाइटेड इम्पेक्स एलएलपी	2A/1565, VAKE MOHALLA RAM NAGAR, SAHARANPUR, Uttar Pradesh	India
S2-649594080	Shreebhumi & Co.	20 VENKATESAN STREET, T.NAGAR, MADRAS 600 017, T.NAGAR, MADRAS 600 017, NULL, Tamil Nadu	India
S2-407850695	West Médical Center LLC	426 NORTH ROAD, BRASHER, NY	US
S2-752075304	Brower Ofs (Inc)		US
S2-207086323	Mertz, Darya Controls Inc	352 FIFTH STREET, ONTARIO, CA	US
S2-461138977	Superior Security Collective	11795 BONITA ASH AVE, MARANA, AZ	US
S2-746871173	Synkor	NO.76G, COIMBATORE, COIMBATORE SOUTH, தமிழ்நாடு	India
S2-723217908	Kushal Innovations Group LLP	OPPOSITE GAIGHATA HINDI FP SCHOOL NH 73 GAIGHATA MORE, HATIPUR, পশ্চিমবঙ্গ	India
S2-424282741	BARNETT INSTITUTE OF TECHNOLOGY	1516 CONSTELLTAION PL, WOODBRIDGE, VA	US
S2-348260660	Poe Ace Royalty Partners	317 RICHARDS RD, VILLAGE OF OREGON, WI	US
S2-372503128	Ramirez, Montejano & Mcguire Rothschild South	3173. KELLY ST, WASHINGTON CTY, DC	US
S2-94144437	Mali & Sons Private Ltd	8-2/12 SAFALYA APARTMENT SATYA NAGAR UDHNA MAIN ROAD, SURAT, Gujarat	India
S2-812815382	Prabha Solitaire Private Ltd	H.NO 967 OFF NO.6 GF, SOUTHERN PARK, BUILDING, PAMPOSH ENC, SEC6, NEW DELHI, दिल्ली	India
S2-531336013	Ludhiana Pvt Ltd Service	SCO NO.204 SECOND FLOOR, RAJA COMMERCIALS, B-XV-79/A-1, VISHWAKARMA CHOWK, MILLER GANJ, G.T. ROAD, LUDHIANA, ਪੰਜਾਬ	India
S2-793186040	Kiser, Barbey Gulf Ligand LLC	SAG HARBOR, 11-B MCGRATH STAND LN, NY, NULL	US
S2-451248623	Services Subhra Producer [Pvt.]	43, MARTIPURAM, FAIZABAD ROAD, LUCKNOW, Uttar Pradesh	India
S2-199484573	DATA ENERGY GLOBAL	VA, 4626 KENSINGTON AVENUE, RICHMOND CITY	US
S2-458076916	Bonet Corp Services	681 WEBSTER ST, DALLAS, TX	US
S2-627975593	highanandinfra.com	GOBINDPURA, NEW GRAIN MARKET, SANGRUR, Punjab	India
S2-375245737	Prakash Infracon Ctnoc	#2412 VILLAGE PING POST, PING BLOCK BABAGANJ, KUNDA, Uttar Pradesh	India
S2-476224195	Northwest Spas Limited Center	F#23, FOURTH FLOOR, PENTA MENAKA SHOPPING COMPLEX SHANMUGHAM ROAD, MARINE DRIVE, ERNAKULAM, Kerala	India
S2-510120521	Vision Cáre Ltd	15574 SMART COLE ROAD, OSTRANDER, OH	US
S2-792424388	Midwest Royal LLC Partners	WA, QUINCY, 113 MANSFIELD RD	US
S2-17893270	Surgica1 Physicians (Partners)	100 MOUNTAIN VIEW RD, SANTA CRUZ, CA	US
S2-874543996	PASHUPATI INDIA (INDIA) EXPORTS PRIVATE	NO 4-0 C/O VIJAY SINGH, VPO BUDHWAL NARNUAUL, NANGAL CHOUDHARY, MAHENDRAGARH, हरियाणा	India
S2-90262640	Get Traders Pvt	FLAT NO 0204 , TOWER 9, SKY-I-SONGBIRDS, BHUGAON, PUNE, महाराष्ट्र	India
S2-907327703	Dr Ssj Infrastructure Plaie Limited	C-6 SUYOG NAGARS.NO 102/4 SHIVAJINAGAR, PUNE, Maharashtra	India
S2-811293101	Limited XDI Import	F-78/1, S/F GREEN PARK MAIN, DELHI, SOUTH DELHI, Delhi	India
S2-326561507	Grab Affiliates Infratech Ltd	76-77-84, BADAMI COAL, MILL COMPOUND, BAPUNAGAR, AHMADABAD CITY, ગુજરાત	India
S2-81261899	claxtonseas.com	18 GROVE ST, MOUNT KISCO, NY	US
S2-712968002	PXV PREFERRED	5062 HIGHWAY 326, KOUNTZE, TX	US
S2-739456364	Victory Tax Service	620 WEST ST, KEWANEE CDP, IL	US
S2-489250693	WESA	12 BOB KILLEN RD, MILAN, TN	US
S2-499495285	UPTOWN  BIKE SHOP PARTNERS	1858 SUNSET LN, HELENA, AL	US
S2-421193096	Creative Equity Associates Group	4110A CATHEDRAL AVE, DC, WASHINGTON	US
S2-220814712	Piedmont Endocrinology	8607 NORTH DR, CLINTON, MD	US
S2-555003821	LIIA INC  SERVICES		US
S2-868657983	Fulbright Veterinary Clinic Corporation	WA, SELAH, 05940 WENAS RD	US
S2-908847674	Css Fundarion Fundarion	C/O TATYASAHEB SAMBHAJI SARVADE WALGUD, OSMANABAD, Maharashtra	India
S2-330649984	Family Center	872 GRANVILLE DRIVE, HOUSTON, TX	US
S2-534116938	Dickens Pacific Translational Center Corp	1128 NINTH AVE, ROCKFORD ITY, IL	US
S2-466156632	Ratan Polytechnic	H.NO 968 BLOCK 1, AANGAN PARK SOC., NR PUNITNAGAR, 150 FT RD, RAJKOT, Gujarat	India
S2-299131046	Radhika Nidhi Private	32 APOLLO STREET FORT, MUMBAI, Maharashtra	India
S2-282585558	Iolanthe  Conforti Services	331 SPRUCE AVENUE, ALTOONA, PA	US
S2-118244765	LTD EDUCATION TRUST	372 160TH ST, null, OMAHA, NE	US
S2-934473498	Piedmont LLC Mortgage	##10118 WRIGHT AVENUE, <NULL>, KLAMATH FALLS, OR	US
S2-451890270	Pinnacle Value Meshflow Inc.	2831 TOPSAIL WAY, VERMILION, OH	US
S2-988008263	Aikya Services	HOUSE NO. 18, FLOOR 1ST, BLOCK-R MODEL TOWN-3, NEW DELHI, दिल्ली	India
S2-445561812	Brianne Gbdrgeen Tinto Harbor Inc	1586 SIMNACHER, PORTALES, NM	US
S2-437063525	ॐ प्रॉपर्टीज प्राइवेट लिमिटेड	H.NO 902 SHOP NO-5 3RD FLOOR TRINITY SQUARE OPP. CMS MAHANAGAR FAIZABAD ROAD MAHANAG, LUCKNOW, Uttar Pradesh	India
S2-336249545	SCOTT8EACONSUPPLY.COM	5 BOWING LN, STAPLES, CT	US
S2-48365012	Celebrity (Insdia) Handicraft Ltd	NEW NO. 36 [OLD NO. 72], 4TH MAIN ROAD, GANDHI NAGAR, ADYAR, CHENNAI, தமிழ்நாடு	India
S2-260755707	Fesaa Llc	1740 SINTON RD, ECHO HILLS, CO	US
S2-871839498	Sai Foods General Private Limited	#30 R N MUKHERJEE ROAD18TH.FLOOR, KOLKATA, West Bengal	India
S2-872625136	Figueroa Ridge Metro Llc	3212 95, CHIENO CITY, TX	US
S2-815274325	Sterling,  LLC	MD, 2423  ROSECROFT VILLAGE CIRCLE, OXON HILL	US
S2-398852390	Silver Shiv Fóods-Limited Partners	West Bengal, 77, NETAJI SUBHASH ROAD GROUND FLOOR, KOLKATA	India
S2-55506740	Nsv  Poytodedchnic Corp	ಕರ್ನಾಟಕ, NO. 865, 38TH CROSS, 4TH T BLOCK, JAYANAGAR	India
S2-776797737	Manthan Plywood Pmriivate Limited	DOOR NO: 40-15/1-26, FLAT NO: 21, 3RD FLOOR, NARASIMHA APARTMENTS, BRINDAWAN COLONY, LABBIPET, VIJAYAWAAA, Andhra Pradesh	India
S2-898284616	Xcel, 6onzalez Partners	64D BOWEN RD, SEARSPORT, ME	US
S2-186322505	Naganth Agrovision Private Límited	1-B-39/1, NEELAM BATA ROAD NIT, FARIDABAD, हरियाणा	India
S2-758006219	Mr Indian Private Projects Limited	GOLDEN SQUARE CABIN NO 32 WORKSPACE NO 3 #109, EDEN PARK, 20 VITTAL MAYLA ROAD, BENGALURU, Karnataka	India
S2-199098733	OKKIYAM THORAIPAKKAM DEVELOPERS COMPANY	1/807A, PILLAYAR KOIL STREET, OKKIYAM THORAIPAKKAM, Tamil Nadu	India
S2-74120387	ELITE SHIPPING WESTGATE LLC	10812 COLE POINT DRIVE, ANDERSONN ISLAND CITY, WA	US
S2-659357278	Y & X SÁFE	220 MONROE ST, ELDORDO, OH	US
S2-215868263	wagnersun.com	331 LUCIA DRIVE, PMB 3874, DAISY MOUNTAIN, AZ	US
S2-778120594	Mcveigh Federal River-Inc	3540 CANAL ROAD, DUMFRIES TOWN, VA	US
S2-63985806	Trading Pk Sciences [Private]	FLAT NO-406/3 UNIT NO-A2 4TH FLOOR, SOLERA, SECTOR-107, GURGAON, <NULL>, Haryana	India
S2-49074360	Smith Pioneer Engineering Eastgate Llc	4528 BLOOMSBURY ST, N/A, MONTGOMERY TOWNSIP, AL	US
S2-231169054	GIRGAON EXPORTS PRIVATE LIMITED	1315, FLOOR 13, PLOT 1487, PRASAD CHAMBER, TATA ROAD NO 2, ROXY CINEMA OPERA HOUSE, GIRGAON, Maharashtra	India
S2-710535560	Lotus Business Private	#4A/62 OLD RAJINDER NGAR, NEW DELHI, Delhi	India
S2-19862873	EVVIE VENTRESCA CHASE	160 BLOWING ROCK BLVD, LENOIR, NC	US
S2-966672968	Anupatra Seva Samiti Co	#5/76. BIJOY GHAR COLONY, NEAR MOUJINSS COKE SHOP RANIKUTHI, KOLKATA, West Bengal	India
S2-873139725	Fowler's Advanced	9423 ILLINI STREET, PHOENIX, AZ	US
S2-679625068	Pacific Insurance Concepts Holdings	119. BELMONT AVE, LONG BEACH, NY	US
S2-662249915	Smith Industries	817 WHALEY DRIVE, MANSFIELD, TX	US
S2-543257644	Raya Engineering Group Límited | www.rayaengin.com	B-##12, INDIRA COMPLEX, SHOP NO. 11 HARSHADEEP TOWER, NAVALAKHA, Madhya Pradesh	India
S2-762916533	गोल्डन टेक्नोलॉजीज प्राइवेट लिमिटेड	FL-A-613, H-WING, MARVEL RITZ (E), SN-171(P), PUNE CITY, PUNE, Maharashtra	India
S2-939729960	Prairie Optimal Lightwave  Ltd	224-C EMMA ST, ROCKFORD, WA	US
S2-518244391	Skyline  Solutions	Haryana, NO 99/5 & 99/4, SETHI ENCLAVE, DHULKOTE, AMBALA	India
S2-607983554	Sri Valerian  Limited Enterprises	NO 495 6-16, KENAMAKULAPALLI, PALAMANER, Andhra Pradesh	India
S2-613275158	Modern Design Innovations Llc	MN, SAINT PAUL, #240 Spring St	US
S2-988923440	United  Consu1tants Traders Limited	NO-017, 3RD FLOOR, SECTOR -B, POCKET-7, DR. NELSON MANDELA, MARG, VASANT ARCADE, V, ASANT KUNJ, NEW DELHI, Delhi	India
S2-834451711	JRV Pápér Pvt Ltd	F-2., H NO-5-6-49, PLNO 116/117 OSMANPURA, AURANGABAD, महाराष्ट्र	India
S2-408751269	delacruz montessori schóol	NY, 60 COLUMBUS CIRCLE, NEW YORK CDP	US
S2-616849791	Ashtavinayak Nursing Home Company	DOOR NO ##24 , WARD 22, SHIVA SHANKAR, OPP SHAKTI NURSING HOME, TALUR ROAD, BALLARY, Karnataka	India
S2-272168204	Autism Ássistance Center	10559B 28TH STREET, SAINT MICHAEL CITY, MN	US
S2-55372413	Dr SAMARTH HOUSING HOUSING PRIVATE LTD	E-7, 3RD FLOOR, GHAFFAR MANZIL, EXTN-II, HAJI COLONY, JAMIA NAGAR, OKHLA, Delhi	India
S2-334606386	RR LLP Center	C/O MR. ARJUN BATRA D-928 NEW FRIENDS COLONY, NEW DELHI, दिल्ली	India
S2-518743919	ONCOLOGY ALLIED HEALTH (LLC)	19230 GABY ROAD, EL PASO COUNTY, TX	US
S2-702539032	ଏପେକ୍ସ୍ ଇନଭେଷ୍ଟମେଣ୍ଟ୍ ପ୍ରାଇଭେଟ୍ ଲିମିଟେଡ୍	PLOT NO-266 BHOISAHI, BARAMUNDA, KHORDHA, Odisha	India
S2-483408775	Owens, Mílligan & Tran	##2879 LIONS REST ROAD, PO BOX 5873, ASHEBORO, NC	US
S2-395728143	GANGTOCH TECHNOLOGIES PRIVATE LIMITED - 4101732689	Gujarat, 21ST CENTURY BUILDING, 3RD FLOOR E -HOUSE, NEAR RUSHABH, RING ROAD, SURAT	India
S2-130491536	Magnus Food	DSM-609-610, DLF TOWERS SHIVAJI MARG, NAJAFGARH ROAD, MOTI NAGAR, NEW DELHI, Delhi	India
S2-256189806	Syscom Vidyalaya Corporation	Rajasthan, 17, HATHI BABU KA BAG, KANTI NAGAR, NEAR POLO VICTORY	India
S2-983458308	Software  Deo Infra Private Limited	#36/37 TANAJI NAGARDHANAKAWADI, PUNE, Maharashtra	India
S2-653374266	Silver Aditya It लिमिटेड	VILLA-007 POCKET P2 GREENWOOD GOVT OFFICERS SOCIETY PH-2, GREATER NOIDA, उत्तर प्रदेश	India
S2-906205576	Deify Entprnfiss LLC	2073 HIDDEN CREEK DRIVE, PO BOX 2437, GRAFORD, TX	US
S2-753240795	BERNY-GALLEGOS PLATINUM-AIRLINES GREATER	INVER GROVE HEIGHTS, MN, 4938 ALMQUIST WAY	US
S2-238008491	Gonzales & Mnedoza Arbor LLC	312 HOURGLASS LN, PO BOX 8697, BALDWINSVILLE, NY	US
S2-562706879	AMPERSAND INDIA PRIVATE [LTD]	E-255, GALI NO. 12, BLOCK-E KHAJOORI KHAS, NEW DELHI, दिल्ली	India
S2-42468000	LEE CHARTER SCHOOL	1223-C DOROTHY STREET, FENTON, NY	US
S2-420851196	Burgess Choice Lifestyle Westgate  LP	301-C THOMPSON RD, HOUMA, LA	US
S2-256448520	Ramakant Trading LLP	GAT NO. 823/1/1028/3, PLOT NO. 97 R V KALBURGI NAGAR, AKKALKOT, SOLAPUR, Maharashtra	India
S2-293548075	Prime Gróup	607  Dream Catcher Way, GATLINBURG, TN	US
S2-696549814	SERRANO & GILES MEDICAL, INC	116 180, LEANDER, TX	US
S2-119840225	Ellynn E Ouelelrte, PA	26026-26028 176TH AVE, GOODYEAR, AZ	US
S2-742713380	GI Ship Public Ltd	1 KURAWAR ROAD, TALEN, RAJGARH, Madhya Pradesh	India
S2-356306039	Oncology Associates, Partners LP	7396 NICKLAUS CIR, MOSELEY, VA	US
S2-333779166	CORPORATION AJS BROTHERS EXPORTS	22 BABPUR PO MADHABPUR NORTH TWENTY FOUR PARGANAS, KOLKATA, PARGANAS NORTH, West Bengal	India
S2-769663361	United Mrakfgtig	D/9, OM GANESH NAGAR, VEERAKERALAM VILLAGE, COIMBATORE, Tamil Nadu	India
S2-151077860	Holy Synagogue Group	5443- HARDINSBURG ROAD, CECILIA, KY	US
S2-346981796	DAY PGIM  PARTNERS	2529 STUTLEY CT, TOPEKA, KS	US
S2-223779737	परफेक्ट सॉफ्टवेयर लिमिटेड	NO 2206 WING B, FANTACY LAND, CTS NO. 1, J.V LINK ROAD, OPP MAJAS DEPOT, JOGESHWA, RI (E), MUMBAI, VASAI, Maharashtra	India
S2-851423107	Great League Coastal II	10518 OGDN ROAD, <NULL>, NORTH MANCHESTER, IN	US
S2-931994392	MOLITOR GAITAN INC INC CENTER	5 SAGELAND COURT, SCOTTS VALLEY, CA	US
S2-666984185	Primary Care Smnulmit Specialists-LLC	6724 1/2 DERBY DR, GURNEE TOWNSHPI, IL	US
S2-309444848	SHREE LASER	M-C-3/18 SHASTRI NAGAR, VARANASI, Uttar Pradesh	India
S2-539347517	ডিজিটাল পাওয়ার প্রাইভেট লিমিটেড	770, KOLKATA, HOWRAH, West Bengal	India
S2-273977363	Shri Hitech It Ltd	FLAT NO. 403, PARIMALA GOUTHAM APARTMENT NEW MARUTHI NAGAR, KOTHAPET, HYDERABAD, Telangana	India
S2-756574514	ഈസ്റ്റ് സിറ്റി മാർക്കറ്റിംഗ് പ്രൈവറ്റ് ലിമിറ്റഡ്	KRISHNA KATAKSHAM PARAKKOT LANE, MBADI, THRISSUR, Kerala	India
S2-309555241	SCHOOL CHÁRTER EAST	DOVER, 255 SHEFFIELD DRIVE, DE	US
S2-998318533	Pierce, Gregory & Linn Bold Co	826 LYNCH RMAD, DAVIS, OK	US
S2-15899444	Noida Partners	1304 13TH FLOOR TOWER 27, LOTUS BOULEVARD, SEC 100, NOIDA, Uttar Pradesh	India
S2-133101493	Platinum Pinnacle  Boston North LLC	2836 MARCUS JAMES DR, FAEYTTEVILLE TOWNSHIP, NC	US
S2-915240998	SIL Biosciences	3 ROS BO LANE, MORRIONVILLE, NY	US
S2-505241132	Hitaishi Infra Private		India
S2-57409825	>> SERVICES INFONET POWER PRIVATE LTD	BLOCK G-111 C/O - TALCHAND NAYAK PUJARIGUDA, NABARANGPUR, Odisha	India
S2-661790299	CONSOLIDATED ITNELLIGECE  ENTERPRISES LTD	10764 CALLIE MARIE DR, SODDY DAISY, TN	US
S2-591083667	Copeland Financial	2704 MAPLE ST, WAEVRLY, IA	US
S2-115866262	Classic Star Consultants (LLP)	Kerala, DOOR NO 593 SBY 641A/23, KOILAMPADI HOUSE, DECOR BUILDING SULTHAN BATHERY, SULTHAN BATHERY	India
S2-134534389	টেক শিবম ম্যানেজমেন্ট	C/O JITEN DAS, 158/A BASUDEBPUR 18 BIGHA, PO. TRIBENI, HOOGHLY, West Bengal	India
S2-197014976	Sibilla Clark Keycorp, LLC	693 WEXFORD DRIVE, N/A, CONROE TOWNSHIP, TX	US
S2-777110392	Hanna Logistics of Elwood Coastal	1059 700, ELWOOD, IN	US
S2-142055704	CREATIVE IT PRIVATE	BLOCK C-923 A 06, SHRI RAM VATIKA, GONER ROAD, JAIPUR, null, राजस्थान	India
S2-497602521	County Of	317 MARKET STREET, ATHENS, AL	US
S2-935992488	dina's dynamic seafood	127 MAIN ST, PRICE, UT	US
S2-148837223	PRIVATE NORTH AGRO LIMITED	6 MIHIR TERRACEANAND PARK AUNDH, PUNE, Maharashtra	India
S2-621466231	Family Medicine Holdings Association	MALVERN, OH, 300 EAST MOHAWK DRIVE	US
S2-585595791	M/s Mk  Development Private Limited		India
S2-571373558	Zephio Omega Incorporated	##29 TOWNSHIP CV, PMB 5807, JACKSON, TN	US
S2-212781148	Bud Ventures  Center	NO 72 VILL PO CHAKLALPUR PURBA PARA PS SUTAHATA, PURBA MEDINIPUR, West Bengal	India
S2-449169865	DESERT VALLEY LLC PARTNERS	20795 KAHLER DRIVE, LEAVENWORTH, WA	US
S2-534809959	Collins Cmno LLC	SEEKONK, ##36 COUNTY STREET, MA	US
S2-737511714	Best Projects  Pvt Ltd	SHOP NO-11, SULEMAN IRFAN COMPOUND RAHAT NAGAR, R.M ROAD, OSHIWARA, JOGESHWARI (W), MUMBAI, Maharashtra	India
S2-414568108	Trusted Productions, Llc	2930-2932 SEELEY AVE, CHICAGO, IL	US
S2-58292009	@ROBBINSWEST	674 232, NACOGDOCHS CITY, TX	US
S2-88052888	cascadealliance.com	1419-1421 VALLEY RD, OK, BARTLESVILLE	US
S2-722039688	XHL (INDIA) PRIVATE LTD #77086	#215 , 14TH FLOOR 14TH CROSS 4TH MAIN, KAVERIPURA, KAMAKSHIPALYA, BANGALORE NORTH, ಕರ್ನಾಟಕ	India
S2-467043053	primorisbrothers.com	PLOT NO 5-A  KH NO 11/21, GROUND FLOOR NEW VISION, HAIBAT PURA, NEW DELHI, DELHI, Delhi	India
S2-944713791	Milka Foster Frontier Vision Center	4709-4713 ASHVILLE PLACE, AMARILLO, TX	US
S2-878473232	sahyogiinfrastructures.com	OFFICE NO.##304, BHADWAL CHAMBAR NEAR NARINDER CINEMA, JALANDHAR, Punjab	India
S2-809628908	ANGELA COMMERCIALS PVT LTD	D. NO. 8-3-224. , D-8, 9TH FLOOR, VORA TOWERS YOUSFGUDA MAIN ROAD, MADHURA NAGAR, HYDERABAD, Telangana	India
S2-673458194	Mr Santhi Multiplex-Private Ltd	1, GLASS FACTORY MAIN ROAD, UDAIPUR, राजस्थान	India
S2-652640310	Moore, Carolynn	402 LEONA PL, PO BOX 2457, BRUNDIDGE, AL	US
S2-442717428	Johnson Trust Downtown (LLC)	113 COBIA ST, MOYOCK, NC	US
S2-489300801	Diam0nd Quetta		US
S2-926275661	India Ocean Wires Limited	HOUSE NO. 952, FLOOR-1ST, BLOCK-T BAGH RAOJI KISHAN GANJ NEW DELHI, DELHI, Delhi	India
S2-285601584	RAE CLAYTON LLC CENTER	ID, HAILEY, 0214 BROADFORD HIGHLANDS LN	US
S2-958345800	Ivenis Core,	49. SAWYER ROAD, BOLTON CDP, MA	US
S2-560572866	M/s FOUR (lNDIA) INFRANET CORPORATION	FLAT NUMBER 301, D4, A WING, GATE NUMBER 5, RAHUL PARK, WARJE, PUNE CITY, Maharashtra	India
S2-515112769	Om Private Limited Partners	महाराष्ट्र, DOOR NO ST FLOOR, MADINA COMPLEX, CHAUPATI CHOWK, HIMAYATNAGAR DIST. NANDE, D, HIMAYATNAGAR	India
S2-156814714	Caldelle Feedrla LLC	131 CAYUGA STREET, UNION SPRINGS, NY	US
S2-459739112	O Capital & Z F Partners	2945 MESA DRIVE, MOHAVE VALLEY, AZ	US
S2-780862400	Fintech Transmission Enterprises Ltd.	PLOT NO. B99, SHANTI KUNJ, BEHIND D-3, VASANT KUNJU, NEW DELHI, Delhi	India
S2-821583677	Sarasaya Chits Ltd	H.NO. SB/16, SHAKUMBHARI VIHAR COLONY BEHAT ROAD, SAHARANPUR, Uttar Pradesh	India
S2-661241887	Chiropractic Health  LLC	1292 WESLEY ROAD, ATL, GA	US
S2-587893101	Tirupati Institute Public Limited	N-9/38-H-1 PATIA, NEWADA, VARANASI, उत्तर प्रदेश	India
S2-639283814	Madrid Piedmont Couture Group	111 ROGER SMITH, <NULL>, WILLIAMSBURG, VA	US
S2-920766332	Property Solutions	BEAR BUNS BLVD, PA PAW CITY, WV	US
S2-832715842	Orthopedic Inc Associates	907 Granville Rd, NEWAK, OH	US
S2-21306322	Coleman States Llc	32 CHERRY HILL ROAD, MAGNOLIA, DE	US
S2-51709963	Ortiz Communications LLC	659 PIXLEY ROAD, GATES, NY	US
S2-322804916	Infra Hiteshi-Livelihood Private Limited	West Bengal, C/O-M.G CHOWDHURY, PT-81-15, BAKULTALA, DEBI BARI, COOCH BEHAR - I	India
S2-685433408	BAY TRUST	326 Lawn Avenue, KANSAS CITY, MO	US
S2-85853760	एपेक्स प्रोजेक्ट्स प्राइवेट लिमिटेड	PLOT 626 136, BARRISTER NATH PAL MARG NEAR RAY ROAD RAILWAY STATION, MAZGAON, MUMBAI, Maharashtra	India
S2-312633981	Rashi Plantations	SUBASH NAGAR, P.O.CHAKDHA, NADIA, West Bengal	India
S2-602025250	Strategic Payment Global Midtown,	3445 TOWNE POENTE DR, BETTENDORF, IA	US
S2-142864772	Western  View Pvt Ltd	महाराष्ट्र, PLOT 500 FLAT NO. D-903, SR NO. 43 OPP. KHANDERAY PRATISHATHAN, PUNE	India
S2-747716994	Winall Limited Merchants	#4-5-83 , 1ST FLOOR, THYAGARAJA ROAD, 5TH LANE, KORETIPADU, GUNTUR, Andhra Pradesh	India
S2-162227400	Celebration Tradrers Pvt. Ltd.	PLOT 860 D-82 SECTOR-10, NOIDA HCL, NOIDA, Uttar Pradesh	India
S2-255562361	Ssp Corporation Center	DOOR NO 7/984/K , 2ND FLOOR, PANDIALAKKAL, KOZHIKODE, Keralam	India
S2-940965012	Lowry Apex Disciplined Inc.	334 1/2 ELWOOD AVE, MOUNT PLEASANT, NY	US
S2-246062271	Meghnagar Solutions Pviamte Limited	H.NO 67. VISHAL NAGAR, ANNAPURNA ROAD, MEGHNAGAR, Madhya Pradesh	India
S2-908794393	Linkwell of Ínstitute Technology		India
S2-379631870	M/s Ho Engineering Pvt Ltd	NO 74 C/O VASANT GAHININATH SANAP, JAWAHAR COLONY, ITI ROAD, NAGAR ROAD, BEED, Maharashtra	India
S2-390270494	LLC Vision Physicians Midtown	WA, 6413 BONNER DRIVE, VANCOUVER	US
S2-785069769	Green Digital Laboratories Westgate Inc	171 CHANDLER SPRINGS DR, HOLLY SPRINGS, NC	US
S2-888203813	Dermatology Health Inc	4709 EDWARDS MILL RD, RALEIGH TOWNSSHIP, NC	US
S2-883562789	Private Digital Investment Limited	#2-206 B-55/56, 87 INDUSTRIAL ESTATEGOKUL ROAD, HUBLI, GOKUL ROAD, HUBLI, DHARWAR, Karnataka	India
S2-589691760	Magnificent Solutions Private Ltd	G1 FL NO 103 SNO 1403, SUS ROAD PASHAN, PUNE, Maharashtra	India
S2-937307741	Halcyon LLC	0076 COOLIDGE AVE, BROCKTON, MA	US
S2-323015446	KHAIR EDIBLES	NO 34 C/O SATYANARAYAN RADHAKISHAN, MATOSHRI NIWAS, BARAD, NANDED, Maharashtra	India
S2-591995080	Harbor Bright		US
S2-268996789	Bowers Biomedical-LLC Services	1016 GREEN TREE CT, APPLETN, WI	US
S2-241663813	CLO-TRAN DO DDS PC SUN CITY	#10101 PALMERAS DR, PO BOX 1607, SUN CITY, AZ	US
S2-836856510	பிரைட் கன்சல்டிங் பிரைவேட் லிமிடெட்	G##2, AC BLOCK 74, CHENNAI, Tamil Nadu	India
S2-577355809	ELORA BLTUL SECURE URANIUM-ROCKPORT	34 SMITH RD, ROKPORT, MA	US
S2-142164097	wellnessperry.com	NC, BAKERSVILLE, 73 MAPLE LN	US
S2-820538799	White, Bryan and Parker Inc Center	5273- BONIWOOD TURN, CLINTON, MD	US
S2-442778261	L.L.C. Green Truist	CARPENTERSVILLE, IL, 2080 ORCHARD LN	US
S2-159114346	ಎಸ್ಎಸ್ ಮೀಡಿಯಾ ಪ್ರೈವೇಟ್ ಲಿಮಿಟೆಡ್	617, 26TH MAIN, JAIMARUTHI NAGAR, BANGALARE, BEHIND BHEL COLONY NANDINI LAYOUT, Karnataka	India
S2-12379496	FRANKLIN PLÚS LLC	IL, CHICAGO, 5213 GREEN STREET	US
S2-477244328	ch care	H.NO 011/H/11 SEAL LANE, 2ND FLOOR, LP 22/5/4/1, KOLKATA, KOLKATA, West Bengal	India
S2-759014596	Oncology Care Co	1705 WILSON BLVD, MT JULIET, TN	US
S2-262492321	Historical Center LLC Center	08238 DREXEL AVE, CHICAOG CITY, IL	US
S2-308336250	പെർഫെക്റ്റ് സർവീസസ് പ്രൈവറ്റ് ലിമിറ്റഡ്	HN 765 71/707C, 1ST FLOOR, KRS ONE, ATHANIKKAL, KOZHIKODE, Keralam	India
S2-416030897	Chandra, Israel & Benton Publishing,	932 VINTAGE FRANKLIN WAY, RALEIGH, NC	US
S2-986737391	Camel's Classic Lidqor	GLASS DR, HELENA CITY, MT	US
S2-788239347	Mackey National Lifeco Co	1949 UNIVERSITY DR, TEMPE CITY, AZ	US
S2-42118104	BETTERMATERIALSLABORATORIES.COM	ATHESN, TN, 00308 HIGHWAY 307	US
S2-929750811	Carriger, Jackelyn, DDS	1319 WERNLE RD, RICHMOND, IN	US
S2-16865320	Mey, Corp	13232  FOURTH AVENUE, BURIEN, WA	US
S2-951975317	Delta Trading Pvt	REVENUE SURVEY NO 42 P 1, BALAJI IND AREA, PLOT NO 15, GUNDALA ROAD, AT ANIDA BHALO, DI, GONDAL, Gujarat	India
S2-756960015	KASHISH CURE LIMITED #12042	HOUSE NO. 197/1., NAVALPUR, HIMATNAGAR, ગુજરાત	India
S2-823564425	Apex Coastal LLC Center	22393 HIGHWAY 70, MADILL, OK	US
S2-969531946	எஸ்எஸ் ஷ்யாம் இன்ஃப்ராஸ்ட்ரக்சர் பிரைவேட் லிமிடெட்	NO.76, 2ND FLOOR, ROOM NO.B, LOGAMANYA STREET EAST, COIMBATORE SOUTH, COIMBATORE, Tamil Nadu	India
S2-485859781	Sarasva-It Private Límited	###4 , 9TH CROSS, RANGADASAPPA LAY OUT BANNERGHATTA ROAD, ಕರ್ನಾಟಕ	India
S2-515785618	LTD YUVRAJ GROUP PVT SERVICES	C-84, SHANKAR NAGAR NEAR PIPLI CHOURAHA, JODHPUR, Rajasthan	India
S2-134689291	J E & L LIFE DOWNTOWN [LLC]	12780 1049, FARMERSVILLE, TX	US
S2-429460713	ग्रीन कंसल्टेंट्स प्राइवेट लिमिटेड	WEST DELHI, दिल्ली, DOOR NO 975 A-24, DELHI	India
S2-630646970	Malinda Channel Piedmont Dbdr Inc.	NY, #246 HEATHER LN, ULSTER	US
S2-713447471	Mount Solutions Care Co #58976	NO. 876 302, AVLAON APARTMENT, NEW MANGLAPURI, MG ROAD, NEW DELHI, दिल्ली	India
S2-546633479	पायोनियर बिजनेस प्राइवेट लिमिटेड	S. NO. 61/1A, KUNJIR COLONY, KATE WASTI PIMPLE SAUDAGAR, PUNE, PUNE, Maharashtra	India
S2-947581075	Superior Cmchc Platinum Westgate	2016 RICHARD JONES ROAD, NASHVILLE, TN	US
S2-134161586	Harris Legato LLC	1537 LEWIS ROAD, MAISON, TN	US
S2-775069062	Honeywell-Creations Ltd	Bihar, C/O DINANATH PANDEY VILLAGE-JOTSI TOLA PANCH-DUMER NARENDRA BHOREY, GOPALGANJ	India
S2-58841368	Golden Packaging Digital (Ltd)	8 KIRBY ST, PO BOX 5388, PORTSMOUTH CITY, VA	US
S2-287303794	Creative Pvt Ltd Partners	C-G-3-3, CIDCO BEHIND HOTEL WINDSOR CASTLE, TOWN CENTRE, महाराष्ट्र	India
S2-245606158	ramos ramos supreme idaho llc	213 BROOKSIDE DR, COOKEVILLE TOWNSHIP, TN	US
S2-542481620	हाईटेक इन्वेस्टमेंट एलएलपी	A-9 SOHAN NAGAR MANGYAWAS MANSAROVER, JAIPUR, राजस्थान	India
S2-844560633	F0rge Enclave West, Inc.	728-732 HOLSTON AVENUE, ELIZABETHTON, TN	US
S2-293523609	ÓKCOMPUTERPARTNERS.COM	DOOR NO 316 KOTTARATHIL BUILDING, PAYAPPAR PALA, KOTTAYAM, MEENACHIL, കേരളം	India
S2-931270708	Bright House	2412C 9TH AVENUE, BESSEMER CITY, AL	US
S2-312787929	Midwest Committee Associates Co	##1520 NINTH AVENUE, GRAND FORKS, ND	US
S2-894380707	Regional Ráehsrhc Partners Corp	1310 SUNFLOWER ROAD, BUCHANAN COUNTY, VA	US
S2-958329634	मां ग्लोबल	F-25B VIJYA NAGAR, DELHI	India
S2-981489483	South Fatfly Practice	ROGERS ROAD, VINEYARD, CA	US
S2-495736320	Gaify LLC	1315 LUCILE ST, SEATTLE, WA	US
S2-243672765	JAI IVETCENT PRIVATE LIMITED	DOOR NO 29- , BIDADI INDUSTRIAL AREA BIDADI, BANGALORE, Karnataka	India
S2-989132855	Lemke Redwood	5390 BARRINGTON WAY, SHOREWOOD, MN	US
S2-25413562	ME FINVEST PRIVATE LIMITED	72, PARADISE COMPLEX, NEAR, RAJASHREE CINEMA, SAYAJIGUNJ, Gujarat	India
S2-202232750	Armstrong, Bhhlsenon and Manske	369 MCDANIEL ST, ATLANTA, GA	US
S2-204668529	Drury Holdings Northwest	29 NEW HOEP CT, PMB 2457, PALO PINTO, TX	US
S2-577564985	Pvt Star Group of Codpnis Ltd	महाराष्ट्र, RAJ NAGAR CO OP HSG SOC LTD 173, S. V. ROAD, JOGESHWARI (WEST), MUMBAI, C/4-03-404, MUMBAI CITY	India
S2-876268454	holyisrael.com	266-270 HAMMERTOWN RD, MONOE CITY, CT	US
S2-257462584	क्लासिक टेक्नोलॉजीज प्राइवेट लिमिटेड	804, RIZVI HEIGHTS, 8TH FLOOR, BEHIND PARADISE CINEMA, MAHIM (WEST)., Maharashtra	India
S2-419158365	Tri-State Lafayette	804. MORGAN ST, NULL, RALEIGH, NC	US
S2-677826492	uastraders.com	SR. NO. 27/4/22, GROUND FLOOR, RELIABLE SERVICE CENTRE, NEAR VIGHNAHARTA CHOWK, PANDAV NAGAR, PASHAN SUS ROAD, HAVELI, N/A, महाराष्ट्र	India
S2-997838991	Limited East Properties	NO A-43 KNOWLEDGE HOUSE, BOMBAY, MUMBAI, महाराष्ट्र	India
S2-616634744	mckelveymeshflow.com | www.mckelveyme.com	#852 PULLMAN WAY, COLUMUS, OH	US
S2-944864591	CAPITAL TOTAL INC SERVICE	MAIN STREET, GRAFTON, OH	US
S2-71188355	COEX-LLC GLOBAL	701 NORTH ST, LARWILL, IN	US
S2-767678403	Elgin Regional Association Downtown	1356 BLACKHAWK DR, ELGIN, IL	US
S2-143282175	The East Automotive North LLC	1932 LIBERTY STREET, LA CROSSE, WI	US
S2-943761833	अल्फा इन्वेस्टमेंट एलएलपी	RZ-13/54 SITAPURI STREET9, NEW DELHI, SOUTH WEST DELHI, दिल्ली	India
S2-947726466	Rachana Enterprises Vidyalaya Pvt Ltd	C-4 , GROUND FLOOR, 2ND AVENUE, DEFENCE OFFICERS COLONY, SAIDAPET, தமிழ்நாடு	India
S2-488774578	American League [Valley]	365 172ND AVE, TOWN OF SOMERSET, WI	US
S2-432142761	Donoghue, Bryner & Cerrillo Holdings	6001 3105, SNYDER, TX	US
S2-669666807	Clr LLP Consultants	32/716 E, MYMOON BUILDING, DHOTTAPPANKULAM, SULTHAN BATHERY, കേരളം	India
S2-621722064	Colonial Intergnltional Group	556 JUNE APPLE COURT, ABINGDON, MD	US
S2-275331058	Dh0lpur Films Overseas Private (Limited)	1396, HAL 3RD STAGE JEEVANBHEEMANAGAR, BANGALORE, Karnataka	India
S2-691170474	Tri-State Sachs	BAERS CT, MONTICELLO, IN	US
S2-88126516	Platinum Dynamic Solutions Co	2135 LEHIGH STATION ROAD, HENRIETTA, NY	US
S2-403485889	Laxmi  Consultancy Private Ltd	SY.NO.236(PRT), 236/KHANA, PUR, GANDIPET., TIRUMALAGIRI, Telangana	India
S2-280175985	T 5 Legacy Drágon Corp	120 Big Bend Dr, FORNEY, TX	US
S2-731388862	Saraya Tults	FLAT NO. 201, SECOND FLOOR PLOT NO. 22, ROAD NO. 75, PUNJABI BAGH, NEW DELHI, Delhi	India
S2-835273294	Arana, Micnlr & [Mcmahon]	2045 EUCLID CIRCLE, CAMARILLO TWNSHIP, CA	US
S2-222820383	DEH Beaonahy (LLC)	OH, 524 COURT ST, STEUBENVILLE	US
S2-604989403	Dr Narmada Hospitality Private	NO.2-1-1 , CRC ROAD JUNCTIO, VEDIRASWARAM ROAD, RAVULAPALEM, Andhra Pradesh	India
S2-834325106	REAL PRÓJECTS	DOOR NO 549 C/O ASHUTOSH RAJ, HATHSARGANJ, HAJIPUR, बिहार	India
S2-675394186	Hav Logistech Infratech  Ltd	FL 304 LAXMI NAGAR S NO 20/2/16 BL JNR MARATHI SCHOOL DHANORI, PUNE, Maharashtra	India
S2-684761884	Ear Nose and Throat-Cascade Specia1ists	255 Worthington Dr, BRIDGEPORT, WV	US
S2-785701435	The Unified Outdoor LP	2135 HUGHES RD, HENDERSON, TN	US
S2-84907566	GOLDENCOURIERS.COM	11866 Crescendo Dr, ORO VALLEY, AZ	US
S2-482512781	SERVICES CLEAN LLC	2611 B M MONTGOMERY STREET, HOMEWOOD, AL	US
S2-119681825	Smt Hardik Systems	21, TILAK NAGAR, OPP. BASKET BALL GROUND, null, Maharashtra	India
S2-734579065	రాయల్ బిజినెస్ ప్రైవేట్ లిమిటెడ్	H.NO 114 307/2/24, RANGAREDDY, Andhra Pradesh	India
S2-560450095	हाई एनर्जी प्राइवेट लिमिटेड	12/28-B, F/F, TILAK NAGAR NEW DELHI, WEST DELHI, NULL, Delhi	India
S2-622883151	Blue Clean Mid		US
S2-188931774	Countrywide Consultancy Private  Limited	4-A, A-5B, JANAKPURI, NEW DELHI, Delhi	India
S2-594667579	Fleck Gf Allspring Inc	1270 CLARKSON COURT, BALLWIN, MO	US
S2-689650248	अरिहंत ग्लोबल प्राइवेट लिमिटेड	705- POCKET V MAYUR VIHAR PHASE-I, EAST DELHI, DELHI, दिल्ली	India
S2-362438117	Dr Hermes Clínic	D-04, VIJAY VIHAR COLONY, NAYA KHEDA, JAIPUR, Rajasthan	India
S2-461346016	XR Services Pvt. [Ltd.]	C/O AJAY SINGH RATHOUR, PARKASH NG, MAHERA CHUNGI, ETAWAH, ETAWAH, उत्तर प्रदेश	India
S2-913101793	Solis Company Services	005103 OCOTILLO RD, NULL, GLENDALE, AZ	US
S2-488899771	Ahmad, Anzaldua and Lowery LLC	1 CORNING TOWER, ALBANY, NY	US
S2-346678861	Techpro Nirman	I-705, MAHIMA PANORMA, JAIPUR, N/A, Rajasthan	India
S2-754729704	Alexandra Brown Vornado	87 CARMAS DR, ROCHESTER, NY	US
S2-773669711	Smart Thayer North L.L.C.	2550 BIG SKY LANE, RALEIGH, NC	US
S2-55418309	STAR GLÓBAL PVT LTD	GAM RS NO. 27/2 P1 AND 36/2 CHAPATHAL, VITHALPUR ROAD, AMRELI, Gujarat	India
S2-490694977	Patni Management Enterprises Private Ltd	DOOR NO 436 A 178, BLOCK A, GHADOLI DAIRY FARM, MAYUR VIHAR PHASE - 3, DELHI, EAST DELHI, Delhi	India
S2-541585	Mr Farsight Farsight Human Pvt Ltd	113 BARI ENCLAVE, KESHAV NAGAR, LUCKNOW, Uttar Pradesh	India
S2-198498139	Rocky Project Service	1948 WEAVER FOREST WAY, MORRISVILLE, NC	US
S2-404940727	boardeducation.com | www.boardeduca.com	MAYVIEW DR, MADISON, TN	US
S2-625818395	HELIOS ONCOLO6Y LLC	KS, 3996 Cr 4225, INDEPENDENCE	US
S2-969488616	બાલાજી સોફ્ટવેર પ્રાઇવેટ લિમિટેડ	1105 ICONIC SHYAMAL, SHYAMAL CROSS ROAD, 132 RING ROAD SATELLITE, AHMADABAD CITY, AHMEDABAD, Gujarat	India
S2-682146501	டெக் ஃபுட்ஸ் கன்ஸ்ட்ரக்ஷன்ஸ் பிரைவேட் லிமிடெட்	NO 65, I FLOOR, VIVEKANANDACOLONY, VADAPALANI, CHENNAI, SRIPERUMBUDUR, Tamil Nadu	India
S2-71138314	Solutions Vindhya Beverages		India
S2-3005443	Russe1l & Osborn California LLC	169, HILL CITY, MN	US
S2-904766950	Bloom  Petro	NO 7A (N), KAMATCHIAMMAN, KOVIL MAIN ROAD, KARUR, <NULL>, Tamil Nadu	India
S2-94321977	Smart Research Consultants Riverside [LLC]	7628 CHADDS LANDING WAY, MANASSAS, VA	US
S2-526794858	@neuroagro	BLOCK I- UNIT 020/3, FIRST FLOOR SOUTH CITY - II, GURGAON, Haryana	India
S2-434323543	American Star (LLC)	200 SILVERGATE DR, CHANDLER, AZ	US
S2-761231715	ग्रेट मार्केटिंग प्राइवेट लिमिटेड	A7/414, GURGAON, PALAM, Haryana	India
S2-682284214	Pediatric Dental All	11130 ROJAS DIRVE, CITY OF EL PASO, TX	US
S2-121529483	ELITE OPTIMAL BEYOND PARTNERS	KS, 208 38ST ST, HAYS	US
S2-649558137	G & V Tíré Shop LLC	12 WHITEWOOD DR, NEW CITY, NY	US
S2-58779875	SNY Infrastructure	दिल्ली, #15 A, NORTH WEST AVENUE, GEETA BHAWAN BASEMENT OPP PUNJABI BAGH CLUB, WEST PUNJABI BAG, H, NEW DELHI	India
S2-259955145	Shri Shivam & Brothers Pvt Ltd	Maharashtra, PLOT NO. 71/A , ANAND NAGAR, BALSOND, HINGOLI	India
S2-516258131	Shree Chem Private Ltd	50 , GAFOORNAGAR VILLAGE, SERILNGAMPALLY, RANGA REDDY DISTRICT, HYDERABAD, SHAIKPET, Telangana	India
S2-593200200	Proor Apogee LP	OH, CINCINNATI, 7333 BEECHMONT AVE	US
S2-834774709	Climate Advertising Industries Ltd.	NIRANJAN VILLA FL NO-B (GR FLOOR) AC-G-77.PRAFULLA KANAN, KOLKATA, West Bengal	India
S2-794963977	lsdit.com	Maharashtra, 07/7 , PHASE I, MAHALAXMI HEIGHTS, PIMPR, PUNE CITY	India
S2-42971626	Oncology Care Ássociates LLC	342 36TH CT, DES MOINES, IA	US
S2-23260134	ELEPHANTA NURSING HOME PRIVE LIMITED	Andhra Pradesh, NO 4TH FLR, BIZNESS SQUARE, JUBILEE ENCLAVE, SERILINGAMPALLY	India
S2-16279296	Thrissur Packers Private	NO 20/599/4- ADAM BAZAAR, BUSSTAND ROAD KUNNAMKULAM, THRISSUR, Kerala	India
S2-793738062	MDTJ Rtil Ltd	S.NO 131/2A SHASHI PLAZA F.NO ST-8 SONGIRWADI WAI, TAL-WAI, महाराष्ट्र	India
S2-975428330	Corp Silique	3606-C HOUSEHOLDER STREET, PIGEON FORGE, TN	US
S2-333091125	Oralia Adams Diamond Angel Lakeside	48 MILLBROOK LN, SAINT LOUIS, MO	US
S2-608558244	Jain Infotech Hotel	F-141LADO SARAI, NEW DELHI, दिल्ली	India
S2-197135783	Pinnacle	331  100TH TERRACE, PMB 974, KANSAS CITY, MO	US
S2-616646735	Fresh Ashford Holdings	REVERE, 34 Overlook Ridge Terrace, MA	US
S2-949534922	Metro Beacon Wells LLC	1375-D WAGON TRAIL RD, KINGMAN, AZ	US
S2-423407455	Celeste Kieffer	2960 HATCHERS RUN, LELAND, NC	US
S2-230778141	Dermatology Associates-Chicago Care	5407-C RUTHERFORD AVE, CHIAGO TOWNSHIP, IL	US
S2-2022470	NEW VIJAY CONSULTANCY PRIVATE LIMITED		India
S2-315837803	TITSWORTH ENERGIA	119 JACINTO ST, TUCSON, AZ	US
S2-699018643	Best Crescet (Associates)		US
S2-883780125	Pvt. Ajmer Technologies Ltd.	C/O SHREE BEVERAGE IND., AJMER, Rajasthan	India
S2-133257676	TJ Services Pvt. Ltd.	A ##23, 3RD FLOOR, BLOCK A, KAKATEEYA APARTMENT, SHAHDARA, Delhi	India
S2-226266590	ग्लोबल हेल्थकेयर प्रा. लि.	NO.76- WB - BLOCK GANESH NAGAR-2 SHAKAPRUR, EAST DELHI, दिल्ली	India
S2-90386115	Womens Health	MORRIS, 485 1/2 SOUTHMOR RD, IL	US
S2-921725494	ગ્લોબલ લોજિસ્ટિક્સ પ્રાઇવેટ લિમિટેડ	411 SHOP SF - 12, AHMEDABAD, AHMEDAABAD, Gujarat	India
S2-54730025	Apex Green Dte Partners Co	25 MASSACHUSETTS AVE, BOSTON, MA	US
S2-14928995	A Royal Ligand [L.L.C.]	MAHTOMEDI, 101  WILDWOOD BEACH RD, MN	US
S2-548526488	wilonaschoice.com	ROOSEVELT ST, CAYGUA, ND	US
S2-193113259	Thiruvananthapuram Chemical Pvt Ltd.	Kerala, DOOR NO C-9TH FLOOR, UST GLOBAL CAMPUS, TECHNOPARK PHASE II, ELECTRONICS TECHNOLOGY PARKS, SEZ II, AT, TIPRA, KULATHOOR, THIRUVANANTHAPURAM, <NULL>	India
S2-72833756	Spot Consultants Industries Public	NO 49 C/O SHYAM BIHARI SAHU, SHEO SAGAR CIVIL LINE OPP D M RES, FATEHPUR, उत्तर प्रदेश	India
S2-7283552	PRP	466, TIRUNELVELI, Tamil Nadu	India
S2-18218425	லக்ஷ்மி புரொட்யூசர் பிரைவேட் லிமிடெட்	DOOR NO: 5/218/3, DINDIGUL, Tamil Nadu	India
S2-484096667	Lark Cbhshey Frontier Ínvestors Inc	5596 GARRETT DRIVE, MILFORD, OH	US
S2-799916041	SUSTAINABLE INTERNATIONAL SCHOOL	DEEP NAGAR, ROAD NO. 5 PO- JHAUGANJ, PATNA CITY, Bihar	India
S2-982028647	UPPER LEARNIN6  [CENTER]	1310 PARK GLEN DR, RALEIGH, NC	US
S2-547847653	एपेक्स टेक्नोलॉजी प्राइवेट लिमिटेड	SHOP NO. KISOK NO-8 GROUND FLOOR PKT-B SECTOR--1 BAWANA DSIDC, NORTH WEST, DELHI	India
S2-330161239	#greatertourism	J-216SARITA VIHA, NEW DELHI, Delhi	India
S2-307514869	United Initiative Co	PO BOX 1312, CLARKSVILEL CITY, 7087 HIGHWAY 164, AR	US
S2-527259037	OLM Civil Private Ltd	H.NO 0029/A/1/8BALARAM STREET GRANT ROAD, MUMBAI, Maharashtra	India
S2-920075752	Kosko  Heritage Banco Inc	2015 6TH STREET, MINOT, ND	US
S2-199479086	DORIVA	1022 Pfingsten Road, GLENVIEW, IL	US
S2-180521991	behavioralhealthspecialists.com	5217 Dixileta Dr, CAVE CREEK, AZ	US
S2-414144374	Patna Traders Overseas Private (Ltd)	DOOR NO 2-9 LYONS RANGE, KOLKATA, West Bengal	India
S2-873039390	VH Frequency	563 BRIGICH ROAD, CANONSBURG OTWNSHIP, PA	US
S2-262679077	Jain Marketing Private-Limited		India
S2-973091773	ઇન્ટરનેશનલ સિસ્ટમ્સ એજન્સીઝ પ્રા. લિ.	H.NO 44/56, KALOL, GANDHI NAGAR, Gujarat	India
S2-797062011	గ్రీన్ ఇన్వెస్ట్‌మెంట్స్ స్వీట్స్ ప్రైవేట్ లిమిటెడ్	HYDERABAD, DOMALGUDA, PHOOL BAGH, Telangana, HIMAYATHNAGAR, 2-2-365/20/D&20/D2	India
S2-841282467	YOUNG, SHEELA, M.D., P.C. CORP	1945 GRANT ROAD, WILLCOX, AZ	US
S2-524906730	Service Gulf Jaws Inc.	NC, KANNAPOLIS, #802 WRIGHT AVE	US
S2-588630801	क्रिएटिव मीडिया इलेक्ट्रॉनिक्स लिमिटेड	H.NO 3-264 LEVEL-12, A- SPAZE I TECH PARK, A1- TOWER SECTOR-49, SOHNA ROAD, GURUGRAM, GURGAON, Haryana	India
S2-785327236	#7  TRIBECA LTD	88 HWY 139, null, BRIERFIELD, AL	US
S2-355991707	VILLAR INVESTMENTS RIVERSIDE LLC	18 HERITAGE HILL DR, RUTLAND, MA	US
S2-457595839	SHERRI GÍVEN COMMERCE INC.	135 HILLTOP RIDGE DR, MADISON, AL	US
S2-973987159	cornerstone coastal horizon inc	BERLIN, MD, 12109 PIMLICO LN	US
S2-235572578	PRIVATE TECH HEALTHCARE LIMITED	B3/11A, SUCHETA BHAWAN, 1ST FLOOR VISHNU DIGAMBAR MARG, NEW DELHI, Delhi	India
S2-664499230	axr financial ventures private limited	Tamil Nadu, H.NO 27 2/434, AANDIKADU THOTTAM, ALAMPALAYAM, THEKKALUR, AVANASHI	India
S2-620859486	Vanguard Mortgage  Alliance	502 ENSIO CT, GRANDVIEW, WA	US
S2-834427078	#lorriemclaurin	7318 STRAWBRIDGE LANE, HOUSTON, TX	US
S2-632919329	silver creative duration pc		US
S2-452375444	ਰਾਜ ਕੰਸਲਟੈਂਸੀ ਲਿਮਟਿਡ	ਪੰਜਾਬ, MOHALI, PLOT NO.B-56, MOHALI	India
S2-189227685	Preferred Liberty Fortune	014 CHATHAM STREET, PMB 1429, NASSAU, NY	US
S2-423776701	Perfect Infra	#4TH  FLOOR, COMMERCIAL TOWER 1 (CT-1), ADANI SHANTIGRAM TOWNSHIP, VAISHNO DEVI CIRCLE, S G HIGHWAY, DASKROI, ગુજરાત	India
S2-908980551	(Services) Anand LLP	B-#22, LAJPAT NAGAR -3, NEW DELHI, Delhi	India
S2-874308059	LLC GOFF BEST RESTAURANT,	LAKE HAVASU CITY, AZ, 2671A STINGRAY LN, NULL	US
S2-580558041	हाई आईटी प्रा. लि.	M1/2, BLOCK-1, ROAD NO 11 RAJENDRA NAGAR, PATNA, बिहार	India
S2-382855880	Ravina (India) Farm	0033 B, GROUND FLOOR, RAMAKRISHNA STREET, CHENNAI CITY CORPORATION, தமிழ்நாடு	India
S2-17786967	Bonet, Inc	2418. KIRKWOOD STREET, SPRINGFIELD, MO	US
S2-944220002	बेस्ट Management प्राइवेट लिमिटेड	NO. 00428 B-272, GROUND FLOOR, PART-I, GREATER KAILASH, NEW DELHI, DELHI GK, Delhi	India
S2-398652614	માય ગોલ્ડ કન્સલ્ટિંગ પ્રા. લિ.	DHARM GOLD INDUSTRIAL ESTATE, EAST SHED OF PLOT NO 17, SURVEY NO 242/1 PAIKI 2 AND, SURVEY NO 242/4 PAIKI 2 VILLAGE SAKATSANALA, MORBI GUJARAT, MORVI, RAJKOT, Gujarat	India
S2-203101963	Acme Institute of Technology Corporation	Uttar Pradesh, 89 MAHAVEERPURI (JAMUN MOHALLA) LAL KURTI, MEERUT	India
S2-430350879	শিব ভেঞ্চারস ফার্নিচার প্রাইভেট লিমিটেড	71 JESSORE ROAD DIAMOND ARCADE 5TH FLOOR ROOM NO- 504, KOLKATA, HOWRAH, পশ্চিমবঙ্গ	India
S2-684239363	Jansons Skill (India)  Co	BLOCK G, ROOM NO.0505, OFFICE COMPLEX, CITY CENTRE, SILIGURI, পশ্চিমবঙ্গ	India
S2-497547716	Urban Cleaning Service Co	N/A, CULPEPER TOWN, 534 FOURTH STREET, VA	US
S2-330479925	PROFESSIONAL INSURANCE ADVISORS INC.	FORMOSO, 102 Main St, KS	US
S2-475843046	ATLANTIC CONSTRUCTION CENTER	2621- VEREDA DE GENTE, PMB 3129, TUCSON, AZ	US
S2-579277725	Naex Innovative	1569 BRIDLE CIR, GREENVILLE, NC	US
S2-452007061	ഫോർച്യൂൺ ശക്തി ഇൻഡസ്ട്രീസ് Private Limited	H.NO 2/287  A, KARIAVATTAM JUNCTION, PERINTHALMANNA ROAD, PERINTHALMANNA, MALAPPURAM, KARIAVATTOM PATTIKAD, Kerala	India
S2-51721082	Atlantic  Brremar L.L.C.	#16 Emigrant Creek Road, PRYA CITY, MT	US
S2-710437128	Keech's Interiors  Corporation	1750 4TH AVENUE, <NULL>, CANTON, IL	US
S2-846676045	Sri Dreamlife Gems Limited	SR.126/127/14, FLAT NO-604, VISION STARWEST PH-2, MULSHI, Maharashtra	India
S2-434787150	Apparel Golden Labs Southside	999 ANNISTON BEACH ROAD, ANNISTON, AL	US
S2-911043227	Clamotr  Holdings	11 NEWKIRK STREET, null, TUSCCOLA, IL	US
S2-180353329	প্রিমিয়ার প্রডিউসার এলএলপি	76 B R B BOSE ROAD 5TH FLOORR NO A 510, KOLKATA, CALCUTTA, পশ্চিমবঙ্গ	India
S2-40363818	HOLDINGS PREMIER PARTNERS	25 HOLLANDALE RD, DANBURY, CT	US
S2-556057744	Bangalore India South	86 , 2ND CROSS HULMAVU, VILLAGE, BEGUR HOBLI, BANGALORE SOUTH, ಕರ್ನಾಟಕ	India
S2-159977303	INC ONCOLOGY AMERICAN PARTNERS	471 KENMONT DR, CHARLOTTE, NC	US
S2-427279214	Delhi Gccldbal	T-11, 37-38, CENTRAL MARKET ASHOK VIHAR PHASE -I, DELHI, Delhi	India
S2-439051226	Pacific Services	0675 ALBERTA STREET, AUBURN, AL	US
S2-560419082	होटल ट्रेडिंग प्राइवेट लिमिटेड	GALA NO. 14, THANE, Maharashtra, THANE	India
S2-871952743	SMITH REGENCY PARTNERS	2372 STOWE RD, VIRGINIA BEACH, VA	US
S2-777681001	Children's  Association of [Chandler]	1700 OAKLAND COURT, CHANDLER, AZ	US
S2-296296860	VERAECTOEVO	S-31, KHIRKI EXTENSION PRESS ENCLAVE R, NEW DELHI, दिल्ली	India
S2-492629454	Price Cascade Roofing Inc	820 PERFECTO LOPEZ RD, CORRALES, NM	US
S2-122374495	Coalition Clinic Summit	729 PRTAT STREET, BALTIMORE, MD	US
S2-925593453	Gulf Alliance	#3230 Rolling Meadow Way, CLEVELAND, TN	US
S2-947238213	Dr Lyraveo	H.NO 011 BIDG, KANDIVALI WEST, MUMBAI, Maharashtra	India
S2-809809081	গুজরাট ম্যানেজমেন্ট এলএলপি	TARULIA 3RD LANE, MOHISH GOT KRISHNAPUR, KOLKATA, PARGANAS NORTH, West Bengal	India
S2-223802835	Hurst's Manufacturing Ltd		US
S2-257960946	PEDIATRIC DENTAL COMPLETE CENTER	MA, FAIRHAVEN, <NULL>, 403 NASKETUCKET WAY	US
S2-169342861	Rodriguez & Stewart Btc LLC	911 OLD HICKORY BOULEVARD, NASHVILLE, TN	US
S2-625168777	Primary Care Custom Associates Partners	#513 LAYNE DRIVE, WEST BURLINGTON, IA	US
S2-996477188	Gennie-Barr Apex	LYNDHURST AVENUE, CAMARILLO, CA	US
S2-969771396	Municipal, Emilee-Taylor Inc	null, ISLIP, NY, 6 LAUREL AVENUE	US
S2-265632764	जैन टेक्नोलॉजी प्राइवेट लिमिटेड	GAT NO 741/1, SOLAPUR, PANDHARPUR, Maharashtra	India
S2-850595611	Dr Performance Solutions Private  Limited	PROPERTY NO.001021000042, WARD NO. 10, PLOT NO.44, NEAR PARSOCEFT, VISHAL NAGAR, ISLMPUR, ISLAMPUR, महाराष्ट्र	India
S2-879979310	CORNERSTONE QUALITY-PET CARE CO	717 LYNN ST, MISHAWAKA, IN	US
S2-733629345	Piedmont Network  Care Partners	14432 PIONEER PARK WAY, BEAVERTON, OR	US
S2-357362607	timber irenic corp	##551 Penora St, NULL, DEPEW, NY	US
S2-557263899	Kuldeep (India) Fin  Limited Center	Gujarat, A-310 SAHJANAND BUSINESS, PARK, NIKOL SP RING ROAD, AHMADABAD CITY	India
S2-637928959	Drayiq Drayiq Inc. Services | www.drayiqdra.com	847 OTTAWA AVENUE, DIXON, IL	US
S2-662510475	Internal Meicdtre Care	531-535 CHRISTIE STREET, OTTAWA, IL	US
S2-51408974	bbc international school corp	NO 78 NO 78 BLOCK J-2, JJ COLONY WAZIRPUR, DELHI, Delhi	India
S2-859837266	VANTES LABS CORP	2346 KAEL CIRCLE, MESAT OWNSHIP, AZ	US
S2-117113924	ಅರ್ಬನ್ ಸಿಸ್ಟಮ್ಸ್ ಪ್ರೈವೇಟ್ ಲಿಮಿಟೆಡ್	G-2ND FLOOR N, Y, H COMPLEX, MOKA ROAD GANDHINAGAR, BELLARY, Karnataka	India
S2-268575674	Urban  Cleaning Service! Center	00119 MAIN SAINT, AR, ALTUS	US
S2-656326559	POWELL'S CTAEHRNG	PEORIA, 33355  132TH DR, AZ	US
S2-667816874	Maple Coordination (India)	H.NO 865 GAT NO 3/6, A/P AKOLNER, TAULKA NAGAR, महाराष्ट्र	India
S2-486880319	Vision Coastal Care Associates Uptown Group	182 A MAIN STREET, NORTH CANAAN, CT	US
S2-40231949	XPW DIAMOND FOUR INC	731B BEARD AVE, SHAWNEE, OK	US
S2-245296396	RINET (CORP)	#1213 WILKERSON STREET, FLATWOODS, KY	US
S2-500876262	Producer Niyati Co-Services	BUILDING NO. 28/1588, OTHUPALLIPARAMBU ROAD, NEAR GALAXY EDIFICE, VAZHAKKALA, ERNAKULAM, Kerala	India
S2-467851694	PINNACLE INVESTMENT ASTOISAEOS LLC	323 WILSON BOULEVARD, HAGERSTOWN, MD	US
S2-916379043	Raj Hospitality Límited	5-7/1331 A C JOSE LANESWAMI CHINMAYANDA ROAD M G ROAD P O, ERNAKULAM, Kerala	India
S2-573158976	RUBI MELENDEZ GREENLAND ÍNC	ORIENT CIY, OH, <NULL>, 765 DARBY CREEK ROAD	US
S2-780262548	Emlyn Shay Dírect Center	OCOTILLO, AZ, 2841 NOLINA PLACE	US
S2-716890153	Ltd Tethys & Pvt Center	ROOM NO. /445 F, MEENANGADI PO, MEENANGADI, SULTHANBATHERY, WAYANAD, Kerala	India
S2-460902915	Ceex Inc	24566 CREEKWOOD DR, SPLENDORA, TX	US
S2-288889352	Tirumalagiri Vincom Private [Limited] [Limited]	H. NO. 1, 5-564/22/73, GROUND FLOOR, GANGA AVENUE, KASHIPURAM, JONNABANDA, OLA ALWAL, M. M. DISTRICT, TIRUMALAGIRI, N/A, తెలంగాణ	India
S2-235016705	harris and villalobos llc	FLAMINGO PL, BALTIMORE CITY, MD	US
S2-184273819	GLAS ALLIED FREIGHT PARTNERS  LLC	1568 BELAYER DRIVE, N/A, ST GEORGE CITY, UT	US
S2-295350823	Grace Center	798 LA RIVIERA DRIVE, CA, SACRAMENTO	US
S2-398686913	Itv (índia) Private		India
S2-457971957	Main Street	PALATINE, IL, 157 FLAKE DRIVE	US
S2-650999566	py sun llp	BANIPARA BEGRIDOMJUR, HOWRAH, পশ্চিমবঙ্গ	India
S2-173666075	Sai Corp Center		India
S2-864797701	Smt Smart Infotech Pvt	NO 3 , SHRINATH APARTMENTS, KANDARPADA, DAHISAR (WEST), MUMBAI, महाराष्ट्र	India
S2-175036632	Arabella Batey Mozayyx Inc Services	##28 BROOKSIDE DRIVE, MOHAWK, NY	US
S2-271402708	HERITAGE COALITION OF TOPEKA ASSOCIATES CORPORATION	4804 BRENTWOOD ROAD, KS, TOPEKA	US
S2-703175430	Ferdinande Ybusong, DPM of Silver Spring Northside	2048 LYTTONSVILLE ROAD, SILVER SPRING, MD	US
S2-280739503	Colonial  Desert Silver	2490 SUSAN LN, ATLANTA, GA	US
S2-240863656	#creativechoice	1611 PLOK STREET, CHARLOTTE, NC	US
S2-687845461	Khalid Seva Samiti-Corp #80468	H.NO 135 DHARANI SQUARE MAINRD, OPPOSITE FORD COMPANY, CHENGALPATTU, Tamil Nadu	India
S2-310838424	Saroj Taldnk  Private Limited	HOUSE NO.176, GALI NO 02, SHIV NAGAR, SRIGANGANAGAR, राजस्थान	India
S2-699742713	Golden  Integrated Gesher LLC	111 SEELE, LOCKESBURG, AR	US
S2-93820365	Laxmi Markseigng  LLP	IX/4-63 HPUVATHOOR ELAVALLY PANCHAYATT, THRISSUR, Kerala	India
S2-586171873	CARDIOLOGY BEACON  INC CENTER	12336 LINCOLN BLVD, PERRYSBURG TWP, OH	US
S2-361802603	Foot & Ackfe Group	##15 VIMIOSO WAY, HOT SPRINGS VILLAGE, AR	US
S2-670160307	Nirman Cóllege	17-1-386/SN/5/A, BESIDE SAMA GARDENS S N REDDY NAGAR, CHAMPAPET, HYDERABAD, Telangana	India
S2-2297190	Georgette  Weiss	6456 HICKORY GROVE RD, RAMER, AL	US
S2-416545730	Uptown Diner!	25 HADLEY RD, PIERREPONT, NY	US
S2-503687652	अल प्रोजेक्ट्स प्राइवेट लिमिटेड	NO. 764 C/O ARUN TOMAR VILLAGE AND POST DOOHRI NEAR PILKHUWA, HAMIRPUR, GAZHIABAD, उत्तर प्रदेश	India
S2-792377243	OSPREY,  LLC	1002 ENGLISH AVE, LOUISVILLE, KY	US
S2-484489685	zonnyahjordan.com	492 WOODPECKER DR, BRINNON, WA	US
S2-350860379	Networks Valentin of Townsend	233  Edgar Road, TOWNSEND, DE	US
S2-384138262	KUBER & [CO]	FLAT NO.2-R KANTHI SHIKARA APARTMENTS, 2ND FLOOR, PUNJAGUTTA, Andhra Pradesh	India
S2-840757607	Jocelyn Donovan Atlantic Marketing LLC	027 GENERAL FORREST DR, COLUMBIA, TN	US
S2-576321252	Am Charitable Trust Center Ltd	515 516 534 535, FLOOR-5TH, PLOT-49, VYAPAR BHAVAN, MUMBAI, Maharashtra	India
S2-434438250	Global ઈસ્ટ Services ફર્નિચર Private Limited	#073 , BHUWNESHWARI LOW COST COLONY, JAHAGIRABAD, SURAT, Gujarat	India
S2-453332591	CEVUE TAX	806 MIAMI AVENUE, TERRACE PARK, OH	US
S2-20047561	Halcora Htealhce	1222 4TH AVE, FARGO, ND	US
S2-863769855	*** Dermatology Sterling Care-Inc	11121 POWERS PLACE, DAKOTA RIDGE, CO	US
S2-911698416	Vision Associates Center	819 HERREN RD, NICKERSON, KS	US
S2-90043615	SÉRVICES BUTLER LLC	101 WYNHAVEN DR, PO BOX 1075, KINGSPORT, TN	US
S2-81491362	Inc Fresh Auto Body	013929 INAUGURAL ST, MANOR, TX	US
S2-983593471	Phan Tri-eState Alpha Inc	1764  SOUTHPOINTE DR, HOOVER, AL	US
S2-998146644	ZXQ HIGHWAY INFRATECH PRIVATE LIMITED	F. NO. 28A NANDAN VAN GREENS, KHEMA KA KUA, JODHPUR, Rajasthan	India
S2-926725617	Heritage Ásset	1116 GABALDON RD, BELEN CITY, NM	US
S2-689956958	Gangavi Strategic Private Ltd	PLOT C-335 PLOT NO-5, KH. NO-996 VILL. BHARWARA CHINHAT, LUCKNOW, उत्तर प्रदेश	India
S2-186129623	Tirupati (Cáre)	###13 5, K. G. BOSE SARANI, KOLKATA, KOLKATA, KOLKATA, West Bengal	India
S2-229734169	LEGACY EEFYG	AURORA, IL, 692 TERRY AVENUE	US
S2-966981098	प्राइम फाइनेंस प्राइवेट लिमिटेड	HOUSE NO C-105 & 106 GROUND FLOOR, BLK-F PKT 1 SEC 11 ROHINI, NORTH WEST DELHI, Delhi	India
S2-737618971	KP (INDIA) ADVISORY CORP	1752, KAINTI POKHRI (UPULA), DARPAN, Odisha	India
S2-377036404	camachoresilience.com	5503 Hornaday Rd, GREENSBORO, NC	US
S2-414067573	MA Ltd Pvt-Servicesprivate	13/7/A, JESSORE ROAD SOUTH DAKBANGLOW MORE, BARASAT, KOLKATA, পশ্চিমবঙ্গ	India
S2-879289004	TRUE TREADETRS LIMITED	NO. 79/1, G STREET JOGHUPALYA ROAD HALASURU, BANGALORE, Karnataka	India
S2-860659109	BELDEN RESOURCES CORP		US
S2-365160674	New & Brothers Pvt	2-9, KARL MARX SARANI, KOLKATA, KOLKATA, West Bengal	India
S2-753390250	& N Q E Prudential North	41751 DOS SANTOS WAY, MECHANICSVILLE, MD	US
S2-848494479	Innovative Interprivate Corp	##4031 BISHOPTOWN RD, SCOTT COUNTY, VA	US
S2-446914040	Behavioral Health All Group Clinic Corporation	8329 HAZEL COURT, IN, EVANSVILLE	US
S2-157095804	Thane Invatrade Limited Services	NO 18 BLDG N. 27 RUBY-2B/101, KAILASHNGR AMBERNATH (EAST), THANE, Maharashtra	India
S2-230052062	Ínc Dois Trust	6740  331, BREMEN, IN	US
S2-45179503	साउथ एक्सपोर्ट्स प्राइवेट लिमिटेड	H.NO B3/209 C/O AJAI KUMAR, ASHA NAGAR, HARDOI, उत्तर प्रदेश	India
S2-561322479	KE Technologies Perviate Limited	1213 PEARLS OMAXE TOWER II NSP, NEWDELHI, Delhi	India
S2-536394753	Torava LLC	67 VIA SINTRA, CAMARILLO, CA	US
S2-99030430	Smt Pro &-Co	PRANIDHAAN, ROAD NO.D/7, NEAR LITTLE ANGEL SCHOOL, VISHWANATH NAG, AR, BEGUSARAI, Bihar	India
S2-725906442	Wiseman Apex Studios,	HOMESTEAD PL, CAMPBELL, OH	US
S2-546153154	Julissa Medley, D.O. D.O.		US
S2-432030560	OJ Smart Maritime, Co	4664 Dickens Hill Rd, BRADYVILLE, TN	US
S2-640778833	M/s Kunal Traders Pricfoe Limited	West Bengal, 16 GNAESH CHANDRA AVENUE7 TH FLOOR BOW BAZAR, KOLKATA	India
S2-110715455	Office of Environmental Protection Inc	12 GRANT RD, SALEM, MA	US
S2-836670965	CÓMMODITY BETTER WILLIAMS	2896A 320ST STREET, MAILLA, IA	US
S2-87957566	SIIA ENTERPRISES, ENTERPRISES, INC	6223-6227 Indigo Rd, TOWN OF EGG HARBOR, WI	US
S2-486593717	Krishnagiri Multi	DOOR NO 3/501 C4 BHARATHIYAR NAGAR, AVALAPALLI ROAD, HOSUR, KRISHNAGIRI, Tamil Nadu	India
S2-310640578	Cofield Gúlf Industries Inc	36 MAIN ST, GORHAM, ME	US
S2-279653076	Cure Déli P.C.	309-313 STADIUM BLVD, JEFFERSON CITY, MO	US
S2-440758479	Drexflux	##17 KENDRICK AVE, WORCESTER, MA	US
S2-772365562	Hyper Finance Infratech Corporation	JAWALA BULDG C-3-2A, B.D ROAD, JAIPUR, Rajasthan	India
S2-334385466	LLC Monarch	14933 394 RD, CLAREMORE, OK	US
S2-66774865	Hargr0ve's-Harbor Productions	#3960 YAQUI DRIVE, FLAGSTAFF, AZ	US
S2-925445247	REBEKAH FOX PGINNACTE HOMES CENTRAL INC	OH, WARREN, 36 Apricot Drive	US
S2-914971947	Advanced Data Services Holdings	#842 SPRING STREET, RED BOILING SPRINGS, TN	US
S2-489464935	willow bíoscience	0389 Sandy Shores Rd, MCHENRY, MD	US
S2-870142566	Garland Rapid Seafood Incorporated	737 ALLISON AVE, BARDSTOWN, KY	US
S2-304622613	HAVELl COLD PVT. LTD.	Maharashtra, SR. NO. B3/253 PL NO. 11, 2ND FLOOR, BANER PARK, HAVELI	India
S2-727295997	Cancer Committee Summit	74970 SADDLEHORN RD, null, TWENTYNINE PALMS, CA	US
S2-353869039	Vision  Unified Health	02929 GRANVILLE AVE, BESSEMER, AL	US
S2-50698854	अर्बन प्रोड्यूसर	B3/301 & 302, 3RD FLOOR, WING C, VIPL IT PARK, PLOT NO. 28, MIDC IT PARK AREA, GAYATRI NAGAR ROAD, PARSODI, NAGPUR REGION, NAGPUR, महाराष्ट्र	India
S2-336492418	Tribhuvan Investment Private  Limited	HN 154 C/O MANGALORE INSTITUTE, TECHNOLOGY, MOODABIDRI, MANGALORE, Karnataka	India
S2-778150002	Br0wn & Wtíe Nmp LLP	2200 MAIN STREET, DURHAM, NC	US
S2-736935685	Precision Infrastructure Dybeamrcs West  Inc.	0931 BROADWAY, SOUTH PORTLAND, ME	US
S2-202383354	GLOBAL LIMITED INCORPORATED	2020 HAYWARD AVENUE, WASHINGTON, AZ	US
S2-84925259	Jaipur Crushers  Private Ltd	D-30, LUV KUSH MARG, HANUMAN NAGAR VAISHALI NAGAR, JAIPUR, Rajasthan	India
S2-834788169	cho and mishler holdings	2409. E HILLS DRIVE, MOORE, OK	US
S2-304432789	Neis Best	7265- STILLMEADOW GROVE DRIVE, PMB 7685, MAGNOLIA, TX	US
S2-426374335	OLIPHANT HOLDINGS CENTER	2521 GRAND AVENUE, BRONX, NY	US
S2-332697038	Inner Cybér(India)	ARAJI NO. 215/1, BARA LALPUR LAMHI, VARAHASI, उत्तर प्रदेश	India
S2-74052745	Piedmont Foundation	707 MERIDIAN DRIVE, VILLAGE OF PLOVER, WI	US
S2-378583175	O Q & L Table Central	2734 MCKELLIPS ROAD, MESA TOWNSHP, AZ	US
S2-630783835	highlandhorizonwells.com	3010 HIGH PLATEAU DRIVE, GARLAND, TX	US
S2-680319756	Nova	5845 MORNINGSIDE DRIVE, FAIRFIELD, OH	US
S2-662357943	Ltd Capital Triumph	2333 62ND ST, KANSAS CITY, KS	US
S2-820447844	Digital Pvt Consulting Ltd	5 PUSHPA OSWAL APTS OPPJOHNSON TILES, THANE, Maharashtra	India
S2-973361255	VISAKHAPATNAM LIMITED (SERVICES)	Andhra Pradesh, 2/18, MASAHEBPETA, SATYAVARAM, PAYAKARAOPETA, VISAKHAPATNAM	India
S2-169183026	Highland-Network Care	506 CRADY LN, PORTLAND, OR	US
S2-80859251	UZ Agro	JAWAHAR WARD, PANDHURNA, PANDHURNA, Madhya Pradesh	India
S2-65047598	DREAM PRIME CONSULTANCY PHARMACY LTD	NO 14/6 , 1ST FLOOR, 18TH CROSS, KANAKANAGAR, R.T.NAGAR, BANGALORE, Karnataka	India
S2-159794062	Golda Brady, M.D., M.D., LLC	3463-3467 CONSTELLATION DRIVE, DAVIDSONVILLE, MD	US
S2-754457201	Clean Navigation PLLC Services	15455 CONWAY RD, null, CHESTERFIELD, MO	US
S2-456344069	Sindhi India  Private Limited	FLAT NO.##103 , RAM'S ENCLAVE, COMMUNITY HALL, SHANKARLAL NAGAR, ERRAGADDA, HYDERABAD, Andhra Pradesh	India
S2-948718577	Saint Synagogue Llc	209 FIELDCREST DRIVE, MT JULIET, TN	US
S2-340949704	Orbis Presidio	313 WELLS STRET, SISTERSVILLE, WV	US
S2-866117	Bb Samiti (Center)	TABLE NO.14, 3RD FLOOR, CHINUBHAI HOUSE, 7-B AMRUTBAUG COLONY, OPP. SARDAR PATEL STADIUM, NEAR HINDU COLONY, NAVRANGPURA, AHMADABAD CITY, ગુજરાત	India
S2-705574772	Economic Develpooegnt Council Inc	19315 SAHLER ST, DOUGLAS COUNTY, NE	US
S2-650923383	New Delhi Softwares Private	UG-06 D-211 BASANT PLAZA, NEW DELHI, Delhi	India
S2-222055568	The Jvpd Scheme Estates Private Limited	701, PREM SAGAR, PLOT NO.57, SWASTIK CO-OP.HSG.SOC N.S.ROAD NO.3, JVPD SCHEME, Maharashtra	India
S2-26489125	Cary Premier (Meridian)	1415 LOWELL AVE, PARK CITY (SUMMIT CO), UT	US
S2-466793401	ওয়ান প্রডিউসার স্টোর্স	69/3, PURNA DAS ROAD, KOLKATA, HOWRAH, SOUTHERN AVENUE, West Bengal	India
S2-907295661	BUSHEY-TBK	PORTSMOUTH, OH, DEVER STREET	US
S2-816468190	U 7 5tar Home Co	218 HAMMOND STREET, WI, MERRILLAN	US
S2-827328047	Caa-Biotechnology Greater Inc.	3555 PERSHING DR, MURFREESBORO, TN	US
S2-261193119	*** Alliance Advisors (India) [Clinic]	A-71/844, HARIOM APPARTMENT NR OCTROI NAKA NAVA WADAJ, AHMEDABAD, ગુજરાત	India
S2-642715625	Niia Federal Seneca Inc.	PA, 1526 HOLLY PIKE, SOUTH MIDDLETON TOWNSHIP	US
S2-512487404	CEVUE ALPHA LLC	852 MAIN ST, ARCADIA, WI	US
S2-714609023	Leeanne  5laughter, CPA		US
S2-583344870	GONZALEZ ENDOCRINOLOGY	25840 1/2 GAREY ROAD, DENTON, MD	US
S2-202254406	cornerstone textile dynamics llc	2251 CHAPALLA, YUMA, AZ	US
S2-838013230	Everest Black	12188 TRYON HILL ROAD, PORTLAND, OR	US
S2-293227677	OPERATING ENGINEERS UNION LOCAL NO	10006 101, TOWN CREEK, AL	US
S2-399231289	TODAYS POLYTECHNIC  PUBLIC	OFFICE NO 7, C I SQARE, KOLAR ROAD, BHOPAL, HUZUR, Madhya Pradesh	India
S2-476314552	Stine [Superior]	#1002 MARIETTA DR, NULL, PAINESVILLE, OH	US
S2-16357674	Llc Riraon Ventures	GROTON, NY, 1046 SPRING STREET EXTENSION	US
S2-594202508	Creative Total  Redwood Inc	10850 LICNOLN TRAIL, FAIRVIEW HEIGHTS, IL	US
S2-624638149	Ava Limted Private Limited	HOUSE NO 20., BLOCK A, PKT 10, SECTOR 18, ROHINI, DELHI, Delhi	India
S2-444943231	Turney Trailblazer (Inc.)	15116 1/2 WELLS FARGO ST, HESPERIA, CA	US
S2-436216559	Downtown First Ubs Western Clinic	245 KIRCHNER ROAD, DALTON, MA	US
S2-314839645	Normand  + Cantrell Wellness	020392 490TH LN, MCGREGOR, MN	US
S2-381085212	Fay's Phármaceuticals	8608  116RD AVE, NEWCASTLE, WA	US
S2-97590426	Ptmliae Ahmedabad Mines Limited	D/G-14, AHMEDABAD, ગુજરાત	India
S2-422019217	Goggins Collective Holdings	2034 1/2 30TH ST, OMAHA, NE	US
S2-755967777	Bright LLC Services	Church St, ASHEBORRO, NC	US
S2-824547317	Benton National  Yield	4357- 275, UT, CEDAR CITY	US
S2-843377484	MOHANLAL ASHIRWAD (LIMITED)		India
S2-85140643	Blue Cleaning Service Eastgate	46 CRESCEUS ROAD, OREGON, OH	US
S2-193623406	Surgical  Tri-State Medicine Corp	10127 95ND DR, AZ, PEORIA	US
S2-352415217	Him Development Private	DOOR NO 96 , 60 FEET MAIN ROAD, MEI LAYOUT, NAGASANDRA POST BENGALURU, BANGALORE NORTH, ಕರ್ನಾಟಕ	India
S2-565932729	Ltd. Traders Pvt. Services	SHOP 44A, WING2, AVILLION, GREENFIELDS, JVLR ANDHERI, MUMBAI, Maharashtra	India
S2-550340874	ডায়নামিক হসপিটালিটি প্রাইভেট লিমিটেড	VILL-PUTIMARI, PO AND PS- BAGDOGRA DIST-DARJEELING, BAGDOGRA, DARJEELING, West Bengal	India
S2-198007298	One LLP Energy	##88 BINDILI, KHANDAPADA, RANIPADA C/O-BABAJI PANDA, NAYAGARH, Orissa	India
S2-795598397	Global Héalth Center LLC	4916-4920 STRATTON MILL ST, OH, NORTH RIDGEVILLE	US
S2-213722036	श्री प्रोड्यूसर प्राइवेट लिमिटेड	SEC-#13, PLOT-18, FLAT NO. SH-804, 8TH FLOOR, VAISHALI, GHAZIABAD, Uttar Pradesh	India
S2-668750668	Sawyer Microelectronics Group Center	1810 CORTLANDT STREET, HOUSTON, TX	US
S2-718536927	Bhabani Eservices Overseas Co	DOOR NO 26 VILL-LEHARA, TOLA-NEHRA, PANCH-NEHRA EAST, BLOCK-MANIGACHHI, DARBHANGA, Bihar	India
S2-438148131	#nationalmortgage	5164. BLUE LAKE ROAD, CHURUBUSCO, IN	US
S2-782127160	IVENAY OUTDOOR	8004 CAREY BRANCH PL, FT. WASHINGTON, MD	US
S2-987313373	N I & U Next	166 OLD COUNTY ROAD, STOCKTON, UT	US
S2-932823692	ईस्ट फाइनेंस प्राइवेट लिमिटेड	NO 150  UNIT 101/201, PUNE, Maharashtra	India
S2-210483382	Better Grsycsale LLC	OAKRIDGE, OR, 47643 SCHOOL STREET	US
S2-723215156	Atlantic Health	76 MINOTT RD, WESTMINSTER, MA	US
S2-388509260	Le, Johnston & Sons Géneral LLC	250 CASTLE HAYNE RD, WILMINGTON, NC	US
S2-426739518	Rajmoti Taaifng Limited	NO 428, 7TH MAIN, 9TH CROSS, II BLOCK JAYANAGAR EXTENSION BANGALORE BANGALORE KA, IN, BANGALORE, Karnataka	India
S2-981852914	Unicel Realcon Private Ltd	SWASTIK MOTORS NR, SHIVPRABHA BLDG GHATKOPAR, MUMBAI, Maharashtra	India
S2-738939698	Sandie Robak Liberty	##576 HAPPY HILL ROAD, LEXINGTON, NC	US
S2-25169556	Southern Summit Wealth	4536 5TH STREET ROAD, HUNTINGTON, WV	US
S2-310063956	Pacific Institute Ínc	170 ELM STREET, NEWBURY, MA	US
S2-357529927	Diehl Peak Chemical Center Corp	700 WASHINGTON SAINT, COOLTON, CA	US
S2-295714526	#wildtechnologies	NO 221 7, SARASWATI COLONY, Maharashtra	India
S2-118768054	Ssd Vidyalaya Infratech Corp	12-29, ADARSH NAGAR, TIRUMALAGIRI, Telangana	India
S2-502425945	डिजिटल एग्रो प्राइवेट लिमिटेड	DOOR NO 33 KH. NO. 540/180 POLE NO. 220, NEW DELHI, SOUTH WEST DELHI, Delhi	India
S2-694261025	Green Limited Private Foundation		India
S2-246684197	Callahan Meshflow L.L.C.	420 RUSSWOOD DRIVE, SPRINGVILLE, TN	US
S2-563521942	WOOD NATURAL LLC	14403 WOODFOREST BLVD, HOUSTON, TX	US
S2-181206417	M/s Bj & Co	PLOT NO. 109/3 , FF, KIRTI, NAGAR, SECTOR 15, PART 1, SADAR BAZAR, Haryana	India
S2-836094331	ഗാലക്സി എൻജിനീയറിംഗ് പ്രൈവറ്റ് ലിമിറ്റഡ്	C/O SREEJAN R, KAKKACHI, PUTHIYOTTIL HO, Vadakara, <NULL>, Kerala	India
S2-623991486	Mukim Pura Clock Tower Solutions Private	705, MUKIM PURA CLOCK TOWER, Delhi	India
S2-365823366	Fiscal Resorts	DOOR NO 13/569 PLACO BUILDINGK C ROAD THOPUMPADY, ERNAKULAM, Keralam	India
S2-979670022	Clyeus  Regions	271 MEDILL STREET, DALLAS, TX	US
S2-694864720	Andromeda Tsirh Private Limited #6660	KUYYANDATHIL HOUSE, PATHIYARAKKARA PO VATAKAR, VADAKARA, Kerala	India
S2-429213344	Dr Devendra [Finvest]	NO 57 C/O DR YASHWANT AMBATKAR, TILAK ROAD DHANTOLI, NAGPUR, Maharashtra	India
S2-481234870	Mountain Venture	SEARCY, 104 APACHE DRIVE, AR	US
S2-39333035	Cascade Oriental Ltd	23 CLEVELAND AVENUE, ENDCOTT CITY, NY	US
S2-740525216	Al Dream  Private (ID: 78025)	DOOR NO 150/6 G1 BHAGWATI RAJ APARTMENT, DEVI NIKETAN COMPOUND, JAIPUR, Rajasthan	India
S2-125712220	M/s First Food Limited Service	Maharashtra, FLAT NO 502, MIHIR TOWERS, PLOT NO 18 SECTOR-6, AIROLI	India
S2-566249243	Grace Feeds Private Limited	S NO.28/1/1 KIRTI CLASSIC, MULASHI HINJEWADI, HAVELI, Maharashtra	India
S2-662272320	Garcia Silver Enhanced West Pc	TUTTLE, 2436 COUNTY ROAD 1198, OK	US
S2-602742358	Diamond Suhdfmpgtly	DAYTON STREET, CHERRY CREEK, CO	US
S2-500664789	ब्राइट इंटरनेशनल प्रा. लि.	DOOR NO 7COMMUNITY CENTRE EAST OF KAILASH, NEW DELHI, SOUTH DELHI, दिल्ली	India
S2-865499859	-- Anchor Creative Worldwide Inc.	1200B NORTH STREET, ID, INCORPORATED	US
S2-750126067	CALDERON MAYWOOD ÍNC	705 NORTHERN FALLS RD, CREEDMOOR, NC	US
S2-598086932	upperfurniture.com	389 DELLWOOD DR, EUGEE, OR	US
S2-374947319	Neis Resolution	BRACKETT RD, NEWTON, MA	US
S2-430014313	Tomas and Bishop LLC	37 GRAND AVE, NY, BROOKLYN	US
S2-194777906	#squadoverseas	C/O SHRI GODICHAND LAXMANRAO JAGTAP GANESHA NAGAR FRONT SIDE OSMANABAD, OSMANBAD, Maharashtra	India
S2-423125153	Ikigai Holdings  Clinic	46, KALI KRISHNA TAGORE STREET, KOLKATTA, KOLKATA, West Bengal	India
S2-167881840	Meenva Energy Private Limited	A-1006, KAMDHENU 23 WEST, PL-A10/2-A11 KOPARKHAIRNE, THANE, Maharashtra	India
S2-813669498	JOHNSON, BROWN AND  CLANTON INC	2428 YORKTOWN SAINT, HEMPSTEAD, NY	US
S2-115528884	Umbranex	H/O- ANNAPURNA DAS LINGAPADA, SORO, BALASORE, Orissa	India
S2-941572392	Sion Banking-Care	WEST VALLEY CITY, 6820, UT	US
S2-347641335	LLC Physical Therapy Pocrtnesr	1173 1000, UNION MILLS, IN	US
S2-304765043	# 8 RR  Bioworks	ELKIN, 0148 Tallwood Dr, NC	US
S2-634288514	summitlending.com	14 1/2 WINSOR LN, NORTHBOROUGH, MA	US
S2-943063842	SUNSTAR CONTRACTING LLP #73979	###62 SECTOR - 1, ROHTAK, Haryana	India
S2-293660945	Classic Corp Center	3875- HUNTERS POINT PIKE, LEBNAON, TN	US
S2-100795814	vjn infrastructure private limited	C/O RATNADIP BAPUSA, MEHENGE, SHRIHARI NAGAR, AKOLA, Maharashtra	India
S2-227051389	Smt VVS PROTECTOR-CORP	C/O WARD NO1 BARSA, KASAR SHEIKHPURA, SHEIKHPURA, बिहार	India
S2-693062683	Center Shree LLP	UNIT NO. O-309, PUNE, Maharashtra	India
S2-424357791	FEODORA'S BAY ACPLIANCE LLC	316 TONI DRIVE, MARION, AR	US
S2-451252817	கிருஷ்ணா இன்ஃப்ரா மெடிக்கல்ஸ் எல்எல்பி	PERAMBUR PURASAWALKAM, SUBRAMANIAN STREET, CAR NAGAR, Tamil Nadu, CHENNAI, NO 9	India
S2-355007151	Animal Smart Wélfare Guild Corp	WV, 256-D INDEPENDENCE ROAD, SANDVILLE CITY	US
S2-733290461	Icube Educational (Ltd)	दिल्ली, 18, 1/FLOOR, MAIN ROAD, DUABA GALI, MAUJPUR, DELHI, EAST DELHI	India
S2-980007837	Béo	905 CREEK DRIVE, CLUTE, TX	US
S2-876777612	betterprecisionpineapple.com	250 TULL CT, BELLINGHAM, WA	US
S2-497635525	MUSCLE MUSCLE & CO-PRIVATE	C.C.65/1774-A, FIRST FLOOR PAVAKKULAM BUILDING METRO PILLAR NO.577, OPP. MATHRUBHUMI, K, ALOOR, KOCHI, Kerala	India
S2-647992176	-- Rosemonde Boyd Karman Partners Ltd	SMYRNA, TN, 211 CARRIAGE HOUSE DRIVE	US
S2-179936805	MOREHEAD PÉDIATRICS	HONDO, 1713 1/2 AVE EAST, TX	US
S2-43401134	GOLDEN ALGONQUIN LLC	11332-11336 LAKE ONTARIO DR, CITY OF EL PASO, TX	US
S2-669934306	@doia	DEFEATED CREEK HWY, DEFEATED, TN	US
S2-487822192	2671 Madison Ave Company Partners	131-A 4833, NULL, CHANDLER, TX	US
S2-53607697	LIFE VIJAY POWER MEDICALS LTD	#74 SHAH BHAVAN, 1ST FLOOR 8 CIRCUS MARKET PLACE, KOLKATA, পশ্চিমবঙ্গ	India
S2-662793020	KSB Bain	523 PATTON DR, RADCLIFF  CITY, KY	US
S2-153618197	CARDIOLOGY CLINIC SEATTLE, LLC	SEATTLE, 6022 117TH PLACE, WA	US
S2-295086067	RIDGE NETWORK CORP	290C LOTUS POINT ROAD, BRANT, NY	US
S2-842046798	Lorenza Watkins Renatus Inc.	W10269  TWIN LAKE RD, DUNBAR, WI	US
S2-344253642	M/s My Logistics Prívate	KUMHRAR, AGAMKUAN(APPROACH -GANGA BRIDGE) AGAMKUAN, बिहार	India
S2-798355890	Supreme Public School	H.NO 547 3, KASI INDUSTRIAL ESTATE, JAFFERKHANPET, CHENNAI - 600 083., Tamil Nadu	India
S2-417418279	Northampton Feoot & Ankle Health LLC	10 DAMON RD, NORTHAMPTON, MA	US
S2-867206426	Rogerson Interests	#724 MEMORIAL BOULEVARD, MURFREESBORO, TN	US
S2-658627895	Womens Health United-Medicine Coastal, LLC	4N 33 THORNLY RD, ST CHRALES, IL	US
S2-984365277	Rathke, Gáil, D.D.S., PC	5803-5807 8055, UT, WEST JORDAN	US
S2-231691268	DONOVAN GOLDEN ONE	831 HENRY LANE, GILBERT, AZ	US
S2-166091380	5tanley Póint Corp	1020 Twin Pines Dr, IDA GROVE, IA	US
S2-109419314	फॉर्च्यून मार्केटिंग प्रा. लि.	SHED NO. #72, GAUTAM BUDDHA NAGAR, Delhi	India
S2-712606334	Ss River	HOUSE NO. 9-39, ZONE H4-5 SUVIDHA KUNJ, PITAMPURA, DELHI, Delhi	India
S2-326477245	Enterprises Systel Limited	001ST FLOOR HEAD OFFICE, PLOT NO. C-1, VILE-BHAGAD INDUSTRIAL AREA, TALUKA MANGAON, RAIGARH, Maharashtra	India
S2-518641186	New Delhi Shares	203, 2ND FLOOR, WING 2, HANS BHAWAN, BEHIND ICAI BUILDING (ITO), BAHADUR SHAH ZAFAR MARG, NEW DELHI, दिल्ली	India
S2-184526152	Delhi Gypsy Industries Private Ltd	H.NO-9, KH. NO-5 AND 6, FIRST FLOOR, DELHI, Delhi	India
S2-433230313	Company Engineering Sllym Holdings	GROUND FLOOR, PLOT NO.34, VINODS DIAMOND KOTHARI NAGAR, 2ND STREET, RAMAPURAM, CHENNAI, தமிழ்நாடு	India
S2-839379362	UNITED LIMITED PRIVATE TÉCH	SURVEY NO. B3/781 , BLOCK 1071, DHAVAT, KARJAN, Gujarat	India
S2-915234832	Pacific View Associates LLC	8832 Atherton Rd, POWELL, OH	US
S2-749214189	OG Otg		US
S2-195307070	Jaipur  Owners Ltd	1ST FLOOR, B-20, MADHUBAN COLONY, NEAR JAIN MANDIR KISAN MARG, TONK ROAD, JAIPUR, Rajasthan	India
S2-412376970	Shri Vakratunda & Brothers Group Limited	NO 29 LEELA SADAN, SHARDA NAGAR, POPS - PHULWARI SHARIF, PATNA, PATNA, Bihar	India
S2-817964564	Dovalyraavi	##66 OAK ST, HORNELL, NY	US
S2-209539841	SHREE MULTIMEDIA OF SECTOR-4 M.V.P.COLONY	HN 4 HIG-230, SECTOR-4 M.V.P.COLONY, Andhra Pradesh	India
S2-69732962	Northwind Lakeside Llc	5974 CAYUTAVILLE RD, null, HECTOR, NY	US
S2-658916490	Mendez Learning Center Llc	2713 MERCER MILL BROWN MARSH ROAD, ELIZABETHTOWN, NC	US
S2-120968541	Quality Uied  Law Group Group	1063 DARRINGTON DRIVE, CARY, NC	US
S2-318030474	ADVANCED CRYSTAL ANDRETTI L.L.C.	107 DAVENPORT DR, STAMFORD, CT	US
S2-407966521	Associated F+b Private  Limited	H.NO 1127 RAGHUVANSHI MILLCOMPOUND BLOCK NO 28 2ND FL S B MARG LOWER PAREL, MUMBAI, Maharashtra	India
S2-243015029	ஸ்ரீ எண்டர்பிரைசஸ் எல்எல்பி	DOOR NO 32, SAIDAPET, KANCHIPURAM, Tamil Nadu	India
S2-751907628	Bland, Dyé & Padgett	5513 HOMER CIR, CITY OF EL PASO, TX	US
S2-934957806	FF  Vcniiamy Limited	UNIT NO. 307 AND 308, SKYE CORPORATE PARK, P NO.2-5 SCHEME NO. 78-2, INDORE, Madhya Pradesh	India
S2-128645621	Center Lifewood Investment LLP	H.NO 418 CITY HEIHTS SOUTH CITY 1, GURGAON, Haryana	India
S2-658497266	Archer of Drowning Crk-winston Center	1615. TROTTING RIDGE RD, DROWNING CRK-WINSTON, KY	US
S2-530623555	Nicky Miller, Esq., DDS PC Clinic LP	0026 CAPTAIN HONEYWELLS RD, ARDSLEY, NY	US
S2-388158486	शक्ति मार्केटिंग प्राइवेट लिमिटेड	DOOR NO 202 VEDANT ENCLAVE, BOMBAY, MUMBAI CITY, Maharashtra	India
S2-591206514	Sewell Precision Madison, Llc	5125 AVOCA AVENUE, MD, ELLICOTT CITY	US
S2-178849866	Heritage (Service) Futurewave	524-528 MAINE STREET, ENID, OK	US
S2-102564893	Capital Solutions  Limited	820, DEVPATH COMPLEX, B/H LAL BUNGLOW OFF C. G. ROAD, AHMEDABAD, ગુજરાત	India
S2-525320408	Nest Management	B1, # 220\32\33, JESTA B1, 3RD CROSS MUNESHWARA BLOCK, KEMPAPURA, BANGALORE, Karnataka	India
S2-186138470	Blue Hypnosis Harbor	10856-10860 GAMBRIL DRIVE, PRINCE WILLIAM COUNTY, VA	US
S2-476359702	Metro Ministries	##8610 OLDHAM RD, MO, KANSAS CITY	US
S2-977079382	bluebakery.com	6014 PONCA ST, AUSTIN, TX	US
S2-514857415	Sree  Impex Pvt Ltd	102 TRINITY, OPP SIGNATURE COMPLEX, NR ZYDUS HOSPITAL, THALTEJ HEBATPUR ROAD, THALTEJ, AHMEDABAD, ગુજરાત	India
S2-91868066	ADITYA INFRA LIMITED	#5 993/34/133, NEAR MEERAJ MASJID NEW RAHMAT NAGAR, GULBARGA, Karnataka	India
S2-430714624	Margery C Martin,	FOLSOM CITY, CA, 127 BARROWS WAY	US
S2-747118718	Historical Guild Uptown	1239A B ST, HAARLINGEN CDP, TX	US
S2-496465362	सदर्न एस्टेट प्राइवेट लिमिटेड	FLAT NO. 702, 7TH FLOOR, S4 BUILDING, MORAJ RIVERSIDE PARK, TAKKA, PANVEL, RAIGARH, Maharashtra	India
S2-953830384	યુનિવર્સલ બિલ્ડર્સ પ્રા. લિ.	Gujarat, AHMEDABAD, 57/1	India
S2-766209119	uzq innovation ltd	#20 , 1ST CROSS, MISSION ROAD KARAGAPPA GARDEN, S.R.NAGAR, BANGALORE, Karnataka	India
S2-604534593	Franklin Encore (Corp)	2031  ART STREET, WINSTON-SALEM, NC	US
S2-115051637	Star Sngtander Ltd	0013679 KIT RUN, SPLENDORA, TX	US
S2-510374284	... CORNER CAFE	370 BUENA VISTA BLVD, WASHINGTON CITY, UT	US
S2-897595746	FINANCE  AIC MARKETING	A-50, SECTOR 2, NOIDA, NOIDA, उत्तर प्रदेश	India
S2-186385921	Kalpatru & Brothers Holdings Company	15, KRISHNA, BUDAUN, COLONY, BUDAUN, BUDAUN, BUDAUN, उत्तर प्रदेश	India
S2-720581524	Vallejo Center	9330  PIERSON LAKE RD, CHASKA, MN	US
S2-372368979	Sumitomo Oxendine Highland	KANSAS CITY, 3425 27ND ST, KS	US
S2-495938550	Griffin, Pamterson & Martin Inc	35 LITTLEFIELD RD, STANDISH, ME	US
S2-524514610	Felecia Griego, L.C.S.W., DDS PC	PARMA, OH, NULL, 4310 YORKSHIRE ROAD	US
S2-573438290	COASTAL SUPERIOR  PEGASUS EASTGATE CORPORATION	22- ELM PARK, GROVELAND, MA	US
S2-532155195	CREATIVE MEDIA SOUGICNS CORP	AL, FAYTTE, 19159 18	US
S2-262465976	TECH DEVELOPERS FURNITURE LIMITED	BUILDING NO.1-188/2-15B MARUTHOORKURICHI, KATTATHURAI PO, KANYAKUMARI, Tamil Nadu	India
S2-873627173	poonamengineering.com	138 KADAIYURANVALASUUPPUPALAYAM POST VLLAKOVIL, KANGAYAM TK ERODE DT, Tamil Nadu	India
S2-976693670	Supreme Blue Inc. Clean	3121 EARNETT ST, MEMPHIS, TN	US
S2-32000789	SUNRISEINVESTMENTS.COM	B/202/2, HIRANANDANI HERITAGE ESTONIA S V ROAD, OPP. POISAR DEPOT, KANDIVALI W, MUMBAI, NULL, Maharashtra	India
S2-788264448	Pune Science Limited	महाराष्ट्र, FL-107 BL A9 BRAMHA AVENUE NEAR BRAHMA ESTATE SN-1A/1/260/2A KONDHWA, PUNE	India
S2-743868388	YH Tréxim	PLOT NO-2165, KALYANI MANDAP, PS- BADAGADA, BHUBANESWAR, Odisha	India
S2-952890462	Dream Finance	C/O BHARTHU RAM DARDI, COLONY SAMANA, SAMANA, ਪੰਜਾਬ	India
S2-927264715	Capital-Classic	5729 36ND ST, LUBBOCK, TX	US
S2-140988915	Advanced Trdiang Infratech Pvt  Ltd	HOUSE NO 546, SECTOR 23, FARIDABAD, Haryana	India
S2-437296256	DELHI SHREE PRIVATE LIMITED	B 115, SHAKTI APARTMENTS, SECTOR 9, ROHINI, DELHI, Delhi	India
S2-207408381	Pvt Marketing Vela Haji Ltd	SWAR GANGA, BLDG A-5, FLAT 601, VALLABHNAGAR, PUNE CITY, PUNE, Maharashtra	India
S2-307659998	Mr Flying Private Solutions Limited	UNIT NO. 844B, TOWER A1, SPAZE ITECH PARK, SECTOR 49, SOHNA ROAD, GURGAON KTY., हरियाणा	India
S2-586456860	Noida Handicrafts Ltd	58/5/AT-7 , VANDANA ENCLAVE KHORA COLONY, NOIDA, Uttar Pradesh	India
S2-741562225	cockrellbluebiopharmaceuticals.com	CITY OF MOORPARK, 4957 MIRA SOL DR, CA	US
S2-342762462	गुरु सॉफ्टवेयर प्राइवेट लिमिटेड	RAMA COMPLEX, 4TH MILE STONE, SIRSA ROAD VPO BEER DHANDOOR, HISAR, HISSAR, Haryana	India
S2-962327592	Tech Prayag Feature Private Limited	12 2ND FLOOR9THCROSS 1ST, MAIN SRIKANTESHWARA NAGAR, BANGALORE NORTH, Karnataka	India
S2-182800147	Carlie's Modern	430 RIVER RUN RD, <NULL>, ORIENTAL, NC	US
S2-781347174	Odilia T. D.D.S. Shields,	WA, 2715 259ST AVE, CAMAS	US
S2-500898898	GARRETT SILVER HYDRO LLC	16 LAUREL AVE, <NULL>, CORNWALL, NY	US
S2-737982739	सनराइज मार्केटिंग एलएलपी	KISHORE KUTI WRIGHT TOWN, JABALPUR, 1971, Madhya Pradesh	India
S2-491949641	Unified Tri State Hall  Partners	5654 WARREN RD, WARREN, VT	US
S2-699295357	SUNNY GROUP-OF COMPANIES PVT (LTD)	ROOM NO.11 TO 14, 1ST FLOOR, 143/145, DADYSETH AGIARY LANE, MUMBAI, Maharashtra	India
S2-720459408	প্রিমিয়ার কনস্ট্রাকশন প্রাইভেট লিমিটেড	8 ALIMUDDIN STREET 4TH FLOOR P S ENTALLY, CALCUTTA, KOLKATA, West Bengal	India
S2-546471115	Marigold Ventures Enterprises Private (Limited)	246, 13TH CROSS, HOYASALA NAGAR, 2ND STAGE INDIRANAGAR, BANGALORE NORTH, ಕರ್ನಾಟಕ	India
S2-864285513	Dr DRIVE DRIVE ENTERPRISES PIVCATE LIMITED	GROUND FLOOR EZ160, SAKTHI TOWERS, CHENNAI, Tamil Nadu	India
S2-508893892	Patriot Resources LLC	749 MANCHESTER RD, NEENAH, WI	US
S2-262624901	PRIVATE RAJ LIMITED HEALTHCARE	MIG- #99, CHANDRASHEKHAR NAGAR, BALLIA, Uttar Pradesh	India
S2-441338478	Hutchcraft Midstream Corp	302 EDMUNDS STREET, SOUTH BOSTON TOWN, VA	US
S2-733136359	@lyndsieoh	515 PHILLIPS STREET, SEAFORD, DE	US
S2-147597212	সূর্য কনসালট্যান্টস প্রাইভেট লিমিটেড	HOLDING NO. G-19, HOWRAH, KOLKATA, West Bengal	India
S2-384459326	Stp Condulany (India)  Group	B-47 GALI NO 2, DABUA COLONY, NEAR AD PUBLIC SCHOOL, FARIDABAD, हरियाणा	India
S2-387641971	RAMOS & & NICHOLS AUTO LTD	721 GREEN TREE CIR, CHESAPEAKE CITY, VA	US
S2-30007774	Dr maxwellproducer.com	#65-A G/F PLOT NO-65 GALI, NO4 LAXMI NAGAR, NEW DELHI, Delhi	India
S2-426638983	Martica Hughes Liberty Cms Inc.	AZ, #525 Miller Rd, SCOTTSDALE	US
S2-70990524	Udaipur & Brothers Private Ltd	NO 17 EXTN OLD NO 16 DABRI, NEWDELHI, दिल्ली	India
S2-182257760	હરિ ૐ પ્રોડક્ટ્સ પ્રાઇવેટ લિમિટેડ	KISHAN SHOPING CENTER, HALVAD, MORBI, Gujarat	India
S2-759212176	Meridel Vickers Total Ameren Service	QUINCY, IL, 2740 COLLEGE AVENUE	US
S2-390342597	Ab & & Co	SHOP NO 18, EKSAR VILLAGE BORIVALI WEST, BORIVALI WEST, महाराष्ट्र	India
S2-1452388	AHMED, COX AND  OLSON CARE LLC	31 LAKEVIEW DRIVE, SHIPMAN, IL	US
S2-932749780	Johnson Delta Bnb	321-323 DODGE ROAD, PMB 4807, AMHERST, NY	US
S2-551775620	Prairie All Royal Group	45642 GATE CREEK RD, VIDA, OR	US
S2-749454396	INTERNAL MEDICINE LEGACY CARE  ASSOCIATES LLC	2042 JENNINGS ST, WOODBRIDGE, VA	US
S2-151461169	Delta Delta Duration	5018 AMBER VALLEY PKWY, FARGO, ND	US
S2-319347165	Route 59 Services	5354 70TH CIRCLE, BROOKLYN CENTER, MN	US
S2-375086979	Standard Supply Sysaesm Company	5759-D SPENCER CREEK RD, MO, CAMDENTON	US
S2-273832701	Cap College	A-1201, TOWER T3, NX1, TECHZONE-4, GREATER NOIDA WEST, BISHRAKH, Uttar Pradesh	India
S2-964222232	PROGRAMGLOBAL.COM	515 CLINTON SAINT, BUFFALO, NY	US
S2-433766805	IK Santander	99 KEENER LLNE, BARBOUSRVILLE, WV	US
S2-404437431	Blue Bharat Business Private	Bihar, NO 316 42, SURYA APPARTMENTS FRASER ROAD, PATNA. P.S.-GANDHI MAIDAN, PATNA	India
S2-122749726	dentalcareassociates.com	090 PINKERT ST, MEDFORD, MA	US
S2-948778018	Sunrise ഫുഡ്സ് പ്രൈവറ്റ് ലിമിറ്റഡ്		India
S2-929902036	Marci1le M0ntague, R., DMD, (PC)	015888 Lime Ave, YUMA, AZ	US
S2-18069194	Pa1acios and Harris Verde, L.L.C.	90. COMMONWEALTH AVE, BOSTON, MA	US
S2-370922755	हाईटेक आईटी प्राइवेट लिमिटेड	1-4542/WAGLE ESTATE S/DN./WAGLE ESTATE INDIRA NAGAR PADA NO 1 RAIGAD GALLY, THANE, Maharashtra	India
S2-605181581	(LLC) Western Hologram	1254 1854, DALE, TX	US
S2-564607371	Mew Hospital L.L.P.	B-32, LAWRENCE ROAD, INDUSTRIAL AREA, Delhi	India
S2-540305413	metro league holdings	LOGAN CITY, 447 1740, UT	US
S2-872616936	Pranika Solar of Surat	#102 , REKHA PARK LOW RIZE APPARTMENT NEAR PAL JAKATNAKA, SURAT, Gujarat	India
S2-762448705	ERTHA ZAMORA OPTIMAL BREWING LTD	TN, KNOXVILLE, 2726 ANDOVER HILL WAY	US
S2-22288275	Mba Automation Private	Tamil Nadu, PLOT NO. #3 , HOUSE NO. 5A, CTA GARDEN, MANGADU	India
S2-661262013	BLACKWOOD (&)	634, PULACHIWADI NR NATRAJ S NAGAR, PUNE, null, Maharashtra	India
S2-183738003	Mr Aashiana Trading Private Private Ltd	FT.N.23 TEJPRATIK APARTMENT TAL BARAMATI, BARAMATI, महाराष्ट्र	India
S2-391042758	Family Cruhc Cruhc	MYRTLE BEACH DRIVE, FORT WORTH, TX	US
S2-64418871	Aidan Lucero Bumrungrad	493 HGHLAND AVENUE, NULL, ATLANTA, GA	US
S2-102711581	Dr Sarc Memorial	DOOR NO 427 D-18, GROUND FLOOR VEENA ENCLAVE NEAR BHARTI PUBLIC SCHOOL, NAGLOI, NEW DELHI, Delhi	India
S2-198235841	LLC Tetech Óxford	2711 FIRESIDE DR, MIDLOTHIAN, TX	US
S2-956041209	ரெட் எக்ஸ்போர்ட்ஸ் பிரைவேட் லிமிடெட்	Tamil Nadu, N/A, NO 30 & NO. 13, KANCHIPURAM	India
S2-183338018	Bikash Lifeline Private Exports Limited	राजस्थान, PLOT NO. 14B BEHIND KAMLA, NEHRU COLLEGE, JODHPUR	India
S2-241241308	Dr Sar Ecommerce Private  Limited	NO 220, SSM ROAD MURPHY TOWN, HALASURU, BANGALORE, Karnataka	India
S2-615431102	Urology Medicine	##10430 AIRPORT HIGHWAY, SWANTON, OH	US
S2-278059740	LLC Urology Signature Partners,	GOLDMINE MOUNTAIN DRIVE, AZ, SAN TAN VALLEY	US
S2-693586025	Mayank  Resource Center	1/4, PANDARAM ST, CHENNAI, தமிழ்நாடு	India
S2-616017210	Sri Kredence Sbahn Corp	816, JAIGIR GHAT ROAD PANERARA, THAKURPUKUR, KOLKATA, West Bengal	India
S2-179648730	Vision Specialists	35312 NEWPORT HWY, CHATTAROY, WA	US
S2-301617943	LP West Bgwilm	331 BROAD STREET, PO BOX 5199, LANSDALE BOROUGH, PA	US
S2-842116625	Smart Consultancy Public Limited	MZ46 BANSI TRADE CENTER, INDORE, Madhya Pradesh	India
S2-134746614	Biz Mac Pcviate Limited	DOOR NO 598. C/208, VASUDEO TERRACE CHSL KASTUR PARK, SHIMPOLI ROAD, BORIVALI WES, T, MUMBAI, महाराष्ट्र	India
S2-851656121	RV Orrrgin Corp	1921 MCDANIEL LN, MCMINNVILLE, OR	US
S2-997369119	ALI Technochem Private	L-107- BASEMENT, LAJPAT NAGNR LL, NEW DELHI, Delhi	India
S2-672933784	Whitehurst & Mills	9609 SANTA CLARA DR, FT WORTH, TX	US
