entity_id	business_name	business_address	country
S3-384490400	Florella Curtis Green Technical	Jamesville Road, Syarcuse, New York	US
S3-222719751	Inc. Ironclad	2316 Bicrhwood Dr, Dubuue, Iowa	US
S3-78039510	Radiant Private Limited Partners	#642. Falt No-14, Landmark Society, College Road, Nashik, Nasik, MH	India
S3-372653922	Avicaloveo aka Dermatology Physicians of Holly Ridge LP	184 Tar Landing Road, Holly Ridge, NC	US
S3-754716126	Federal Semiconductor  Sytsems Inc	259 Shore Rd, Lake Pleaant, New York	US
S3-306746497	SG Máta Pvt.	Pune, MH, Pune, H.no 137/11 Parag Opp Policeground Off F C Road Shivajinagar	India
S3-118169863	Az Traders	104/1, Pratap Nagar Sanganer, Jaipur, Rajasthan	India
S3-29163754	Tri-State Center	30952 Shortcut Road, Dakota, Minnesota	US
S3-63972769	Onyxnex f/k/a Historical Network, LLC	15112 Brown Lane, Victorville, CA	US
S3-763086390	Korverairi t/a Painters Union Local No 794	904 12th Street Place, Newton, IA	US
S3-467252881	Limited Bangalore South Srinivasa Services	Door No 62-135, 9, 1St Block, T Mariyappa Road, Bangalore, Bangalore South, KA	India
S3-581531924	Economic Development Program [Corp]	City Of Ojai, 1410 La Paz Dr, California	US
S3-168163135	M. Sylvestre Continental	10335 Bayless Lane, Fort Wayne, IN	US
S3-221465283	ಮಾ ಫುಡ್ಸ್	D.no.0661, J.c.s.t.m Block, Kuvempunagara, Mysore, KA	India
S3-426355268	mountain complete apex p.c.	8803 Blue Lcik Rd, Louisville, Kentucky	US
S3-862960270	Hittle, Tillman & (Áskew)	2827 52, Albemarle, North Carolina	US
S3-578737696	Clear Verde	0022136 Santa Monica Dr, Hempstead CITY, Texas	US
S3-514260198	Harbor Unified Bioscience Llc	9723a Candace Ter, Henrico County, Virginia	US
S3-210470478	Dr shreetrading.com	Kurali, ਪੰਜਾਬ, 472 W. No. 13, Near Dav School, Mohali	India
S3-95244599	Mcrae and Jain Dógecoin Inc.	155 Blair Place, Danville City, Virginia	US
S3-791160215	Cardiology  Group	##450 Siskiyou Blvd, Ashland, Oregon	US
S3-129235769	WO Tracom  Ltd	Vi/758, Andalat Building Mookambi Road, Kochi, KL	India
S3-575289937	Mecham Pineapple [LLC]	#304 Sandy Ln, Chandler, Oklahoma	US
S3-885733219	Veofluxkor formerly: E 5 K Greenfire	6801 Preinkert Drive, Unit 7505, College Park, MD	US
S3-302029305	#pioneerhighland	Fl. 0, 1015 Peterson Aveneu, Wichita, Kansas	US
S3-625432131	Coastal Jena Inc	722-726 Oak Grove Road, Kings Mountain, North Carolina	US
S3-749814957	Vision Complete Medicnie, Inc	35 Coleman Circle, Hampstead, North Carolina	US
S3-772450023	Shri Advance Specialists Pvt Ltd.	C-187 Vivek Vihar, Delhi, East Delhi, DL	India
S3-247897636	Barragan, Davis and-Martinez	8812 Munson Avenue, Niagara Falls, New York	US
S3-100079873	ಒನ್ ಟೆಕ್ನಾಲಜೀಸ್ ಪ್ರೈವೇಟ್ ಲಿಮಿಟೆಡ್	#C-332, 3Rd Stage, 4Th Block, Bangalore, Basaveshwaranagar, KA	India
S3-197904884	MAY Steels	B1-1602/6, County 107, Sector 107, Gautam Buddha Nagar, Noida, UP	India
S3-89105085	OZB Trading of Burari		India
S3-501086351	Yuva Trade Private		India
S3-767758233	kang managers inc	903 Granite Dells Rd, Unit 16, Payson, Arizona	US
S3-259915601	Tri-State  Roman-Corp | www.tristate.com	2211 Kilborne Dr, Unit A, Charlotte, North Carolina	US
S3-160175387	beavergrandeur.com	201, Beaver Grandeur Baner, Pune, MH	India
S3-964752096	High Ventures Corp	H.no 7-465 Narsingarh House, 23, Pragati Vihar, Bicholi Mardana, Indore, Dudhia, MP	India
S3-750517553	Ahmedabad Technhloies Private Limited	Hn 765 4, Mahesana, Ahmedabad, GJ	India
S3-713293109	The Choice Grand Jena PC	77th Dr, Glendale, Arizona	US
S3-525779109	Tobrsoai Corp	662 6, Lueders, Texas	US
S3-549654538	My Food Private		India
S3-354605916	Moczygemba Frésh Brc Corp	Annex Street, West Virginia, Berkeley Springs, Unit 1	US
S3-945223958	Bright Nippon LP	258 Chillum Pl, Washington, District of Columbia	US
S3-921816286	Sarasesh Strategies Private Ltd	Door No 280 C P - 175, Lucknow, Viraj Khand Gomti Nagar, UP	India
S3-58139644	Ramirez and Kulow	Tennessee, 025 Sugar Hill Dr, Moscow	US
S3-257584183	The 30 21 Pharmaceutica1	32nd Street, # 27, Yuam, Arizona	US
S3-378405190	Terrye's  Keystone	#139 Watering Trough Road, Statesville, North Carolina	US
S3-209013105	TN Iheartmedia LLC	406 Center St, Danville, Illinois	US
S3-441603265	Rosenblum Veterinary PLLC Center	Layton, Utah, 1424- 1200	US
S3-850487903	Hines Móuntain Públishing Inc.	4 Gorsline Dr, Halfmoon, New York	US
S3-623126041	... Sohi Co &	Mumbai City, Mumbai, MH, Plot No.76	India
S3-80521956	Chicky Costa 8etter Tire Shop	Texas, 3824 Gazola St, Texarkana	US
S3-720317627	B1ue Hypnosis!	598 Oakwood Dr, Shepherdstown, West Virginia	US
S3-716955593	roverquechemical.com	0290 Champion Avenue, Ohio, Columbus	US
S3-352216996	Llc Lauer, Coney & Hendrickson Illinois	111-39 Lefferts Boulevard, South Ozone Park, New York	US
S3-987412552	Person Medical Center	3920 A St, Lincoln, Nebraska	US
S3-586992095	Innovative Vanguard	715 Veltre Pl, Atlanta, Georgia	US
S3-403655821	Rubio, Lyons and	5523 Ecohls Rd, Cabot, Arkansas	US
S3-502693341	Eastern Solutions  Limited	#620 D-37, Delhi, Opp Pkt 1 Mayur Vihar-1, दिल्ली	India
S3-609203919	Raj International Private Ltd	C/o Nirmla Pandey, Gali No 1, Shyam Kunj, Bhondsi, Gurgaon, HR	India
S3-854085205	One Private Limited Service	Block 1, B16 Green Vistas Prakriti, Edachira, Kakkanad, Ernakulam, KL	India
S3-356659244	Shri Desire Infrastructure	Sh-8, MH, Eri West, Oberoi Trade Centre, Plot No 69, B.h Laxmi Ind Est Andheri W, Off New Link Road, Andh	India
S3-544003533	One Ventures Private		India
S3-954462883	Naqvi & Gáo Goldman Partners	830 Drlxel Ave, Wayne, Indiana	US
S3-274586686	लोटस ईस्टर्न कंसल्टेंसी एलएलपी	Shop No.##6, Opp. M.i.d.c Colony, Alibag, Tal- Alibag, Dist- Raigad, Alibag-1, Raigarh, Raigad, महाराष्ट्र	India
S3-351757727	5alli Purvis LLC Nexus [Gulf]	407 Pine Street, Pepin, Wisconsin	US
S3-37881099	Value Detailing [LLC]	17035 Adler Lne, Noblesville Township, Indiana	US
S3-680597075	#cúlturalguild	Hurst, 1009 Black Street, Texas	US
S3-690308206	Jay Solutions Prvcate Limited	MH, Khalatkar, Tower, Plot No R-96, Flat No 101, Nagpur	India
S3-555805141	Kolkata Ltd Services	Umit No ##601, 6Th Floor, Krishna Building 224, A.j.c Bose Road, Kolkata Region, Howrah, পশ্চিমবঙ্গ	India
S3-563297252	Dr Tech  Lignstiias	#2/679, Indore, Bhagirathpura Industrial Area, MP	India
S3-791805125	Gem Farming Company Services	No. 27, Synergy House, 17Th Cross, Service Road M C Layout, Vijayanagar, Bangalore, Bengaluru, KA	India
S3-503302975	Dynamic Propegty Propegty Labs LLC	2038  Hillside Dr, Falls Church, Virginia	US
S3-179461231	Lyraflux D.B.A. #1 Management LLC	249 Middletown Road, Unit Unit 3D, Clarkstown, NY	US
S3-143029402	Edwards Secure Inc. Sérvices	18627 Rolling Shores Ct, Humble, Texas	US
S3-652324024	James's Associates	8609 Leonard Street, Portland, Oregon	US
S3-723387858	Vioyumayuma trading as Value Custom Earth	1017 Belmont Street, Charleston, WV	US
S3-454922031	Golden Cleaning Service Partners	43 Glann Road, null, Apalachin, New York	US
S3-827813839	Physicianspediatricsuperior.Com	3170 State Rte 13, Crooksville, Ohio	US
S3-675890414	Gonzalez Prógrám	351 Clear Lake Rd, Mckenzie, Tennessee	US
S3-448457477	Minarva + Co Corp	KA, 6-43/8, Bangalore	India
S3-632759250	Capital Apex Incorporated	2854 Stewart Way, Tyler, Texas	US
S3-882805550	Stag	Andalusia, 17161 70, Alabama	US
S3-703608263	Prívate UIV Labs Limited	Radha Kishan Cold Stoage, N. H. No. 8, Nadiad, Kheda, ગુજરાત	India
S3-336323912	Premier Buoeiels Pvt Ltd	170/A, Patna, बिहार	India
S3-421276715	LUCAS GESHER	2133 Bard Road, PO Box 1704, Lincoln City, Oregon	US
S3-290507564	Green Corporation	7 Hunting Lane, Lynnfield, Massachusetts	US
S3-948063370	Merilee Luthi, D.C. Corporation	Ranch Road 1222, Streeter, Texas	US
S3-479230647	Dr dynamic services limited	##10/11, Tiruppur, Coimbatore, TN	India
S3-626564831	Balderas Biracilik	7454 Sr 113, Berlin Heights, Ohio	US
S3-102231260	Prime  Logistics Limited	No 2, 12Th Main Road Kubera Nagar Extn, Madipakkam, Chennai, தமிழ்நாடு	India
S3-855006752	Technologies Saw Infrastructures	C/o Lekh Ram, Kathoowas, Kotputli Behror, Alwar, RJ	India
S3-767385869	Practice Fbtl Juli's	Middlebury, Indiana, 11851- 20	US
S3-323288766	Indu Institute ([Company])	X#111/488, Meempara.p.o Puthencruz, Ernakulam, Cochin, കേരളം	India
S3-826385192	The 2010 8roadway Place Realty Ínc	501 321, York, South Carolina	US
S3-331948925	Premier Printing Global Corporation	101 Eden Lane, Duluth, Minnesota	US
S3-549506280	Ronna Quade Prairie Devices	NULL, Village Of Spring Green, ##328 Jefferson St, Wisconsin	US
S3-468828115	Lague, Huckabee And Jimenez LLC	0013617 James Garfield Street, Manor, Texas	US
S3-871215382	Bischoff Best Kímco, LLC	5777 Ridgeview Dr Southwest, Unit 731, Cedar Rapisd, Iowa	US
S3-34948477	Richardson  Peak Archimedes Inc	Riverside Drive, NULL, Chester, Maryland	US
S3-616871044	Rocky Regional Starry LLC	116 Shaw Rd, Tellico Plains, Tennessee	US
S3-489433919	Limited Mumbai Bricks Private	401-D, Fourth Floor, Opp. Asian Paints L.b.s. Marg, Bhandup (W), Mumbai City, Mumbai, MH	India
S3-856402613	Flint	680 Sierra Trl, Chanhassen, Minnesota	US
S3-983843950	SERVICES HOT BEAUTY PRIVATE LIMITED	Hn A-854 302, <NULL>, Shiv Shaila Apartmentgeeta Cinema Compound Worli Naka, Mumbai, MH	India
S3-7033905	First-Business	B-188, Nihal Vihar, Nangloi, New Delhi, West Delhi, दिल्ली	India
S3-743039634	International प्रोजेक्ट्स	No 706, Ghaziabad, UP	India
S3-170525077	Harbor Smart Morgan Partners Inc		US
S3-859173696	Devika Abi-acPuse	S No #46 6 Plot No 1Apaud Road, Pune, महाराष्ट्र, Poona	India
S3-153420867	Novigild trading as Exim Barter Limited	Sr 110/1A, Orient Plaza, 98/1, Office No 203, Pune, Maharashtra, Pune City	India
S3-468652271	Hayslip LLC Services	Wilson Street, City Of Menomonie, Wisconsin	US
S3-590949722	Kritavi Centre	TN, ##38 Thanikachalam Road, Madras-17, T.nagar	India
S3-138505736	Kagal  Center Private Limited	MH, Kagal, 266/1/7/266/1/8, Kolhapur	India
S3-409749690	Chennai Industries Private Ltd	No.19, Chennai, TN	India
S3-581339404	ब्लू इंडो एंटरप्राइजेज	C/o Rajendra Kumar Jain, Ward No. 16, Gayatri Nagar, Sagar, MP	India
S3-831068389	Ariacalo	05518 Wichita Avenue, Cleveland, Ohio	US
S3-110164115	Fayenex Sys formerly known as Division of Veterans Affairs	1500 Keelen Drive, Fl 0, Saint Louis, MO	US
S3-984057737	Camille D.O., Hart, R. P.C.	10342 Balsam Ave, Hesperia, California	US
S3-85064846	Urban Investment Limited Center	Door No 4-9-101 Ftb2, 2 Flr, Balaji, Nilayam, Venkatesh Nagar, Tirumalagiri, Hyderabad, Andhra Pradesh	India
S3-927816180	Igm Movies	Bangalore-55, KA, 339/3	India
S3-227878864	Protea  (india) Pvt. Ltd.	Hn 349 B-block-503 V S R Celestialtowers, Gajularamaram, Rangareddy, TG	India
S3-93214481	Prime Regions	216 Rameytown Road, PO Box 8770, Church Hill, Tennessee	US
S3-422650157	DS	B-701/702, Mumbai, 7Th Floor, Flexcel Park, 184-87, S. V. Road, Jogeshwari West, Jogeshwari West, Maharashtra	India
S3-264655985	Mr Sunrise-Engineering Private (Limited)	Bangalore North, Bangalore, KA, ##2 4Th Cross Muniswamy Reddy Layout	India
S3-357239577	KZW Consultants Prihate Limited	E-c-2/138 Arera Colony, Bhopal, MP	India
S3-191564844	Indian  Wheels Private Limited	No:4 Pandian Palace Veeraperumal Muddali Street, Madras, Chennai, TN	India
S3-521245250	Strategic Retail Ínnovations Llc	1964 Adams Ave, Abington, Pennsylvania	US
S3-963974134	blueintegratedpermiancom	6834 Canopus Loop, Tucson CDP, Arizona	US
S3-441449003	Noviquox	D.No:40-7-12A, Flat No.1, Lord Datta Complex Labbipet, Mogalrajpuram, Vijayawada, Srikakulam, Andhra Pradesh	India
S3-216502459	Elite Steels (India) Private Ltd	House No S-2/52 Street 3, Swarn Park Extension, West Delhi, DL	India
S3-121961921	Life Consultancy Pvt Ltd.	#149, Tiruvallur, NULL, TN	India
S3-590709323	TT	P.No.76 Panchwati Colony Kamta, Chinhat, Lucknow, Uttar Pradesh	India
S3-428136341	Prabha Research-Limited Service	10Vidyashnkar Gruhanirmna, Mysore, KA	India
S3-89711061	Main Bistro! Street Corp	Minnesota, Sauk Rapids, <NULL>, 3625 Shadowwood Drive	US
S3-489913428	Rosenblum Veterinary Clinic  PLLC	1424- 1200, Layton, Utah	US
S3-706543229	ସୂର୍ଯ୍ୟ ଆଇଟି	Plot No 142/3098, Bhubaneswar, Khordha, OD	India
S3-826146377	Private Bharat Hotel Trading Ltd	उत्तर प्रदेश, Noida, Gautam Buddha Nagar, Q-307	India
S3-961706108	Rizalyra trading as South Health Center Inc	3723 Agnes Avenue, Kansas City, MO	US
S3-99069664	Tribble Ridge	112-20 103 Ave, South Richmond Hill, New York	US
S3-204865612	All  Communications LLC Center	4302 Hilton Head Dr, Oneeida, Wisconsin	US
S3-375377155	Ivenan Hotels, Incorporated	3603 Cadillac Ct, Rockford, Illinois	US
S3-85578755	Children's Center	3265 Falls Parkway, Unit Unit R, Branson, Missouri	US
S3-921550160	Horvath  Classic Catin LLC	1920 Mckinney Ave, Dallas, Texas	US
S3-619288893	Silver Sai Paejrcts Private-Limited	Plot 462 2-16-137/1/201, Hyderabad, Rangareddy, TG	India
S3-187692913	Office of Parks 5ervice and	Toronto, <NULL>, Ohio, 1409 Madison Ave	US
S3-338764802	Premier Visicln Global Private Limited	##206 Kumbhephal, Aurangabad, MH	India
S3-33278326	Harbor Innovation Inc	Ohio, Chillicothe, 6409 Egypt Pike	US
S3-312130758	All All Jab	North Carolina, Rocky Point CITY, ##247 Broken Spur Ct	US
S3-294650062	Drexdrex F/K/A Midwest Property Solutions Inc	4428 Copper Glen Court, West Jordan City, UT	US
S3-66586369	main street coffee	088 Kermits Way, <NULL>, Granville, New York	US
S3-314075166	Bombay	P No 2045I Opp Gelmandir, Chitaliya Road, Jasdan, Rajkot, Gujarat	India
S3-8536450	Crystal [Retail]	Charlotte, North Carolina, 8220 Southern Magnolia Cir, Unit 2311	US
S3-27478211	Royal Engineering Ltd	H.no 897 1287, Laskarhat, Ground Floor Dakhinpara, Madhyapara, Kolkata, Kolkata, Howrah, WB	India
S3-2383227	Twisted  Deli	00194 Charlotte Street, Rochester, New York, # Unit 1	US
S3-434493914	Calodova	Andheri (East), MH, Adarsh Industrial Estate, Sahar Road, Mumbai, 6	India
S3-94842440	Pipefitters Local Union	2733-2735 Cryodon Blvd, Columbus, Ohio	US
S3-141974939	Spiegel, Lau and Kincade Service	Williamsville, New York, 1520 Wehrle Dr	US
S3-752044877	Bombay Investment Private	3Rd Floor, Campus 31, Rmz Ecoworld, Sarjapur Marathahalli Orr, Devarabeesanahalli Village, Varthur Hobli, KA, Bangalore, 301-304	India
S3-938468863	northhill.com	9451 Kleinman Rd, Indiana, Highland	US
S3-53600583	pediatric physicians	11805 32nd St, Santa Fe, Texas	US
S3-184418783	Nio [Holdings]	##1800 Lower Bloomfield Road, New Concord, Ohio	US
S3-374266816	Cascade Insurance,	02511 Bradley Lane, Russellvville CITY, Arkansas	US
S3-342290556	Mira's Couriers	11231 27rd Ave, Chippeaw Falls, Wisconsin	US
S3-428811664	అర్బన్ బిల్డర్స్ ప్రైవేట్ లిమిటెడ్	Tirumalagiri, Hyderabad, E-22, Mahadevapuram Colony, 2-067, TG	India
S3-429205744	LLC SUMMIT PAYMENT	Burgstaller Court, Grove City, Ohio	US
S3-579674018	The Willow Flexible LLC	119 Cody Cir, Portland, Tennessee	US
S3-997372553	रेड टेक्नोलॉजीज प्रा. लि.	##151, Madhuban Vikas Marg, New Delhi, DL	India
S3-672136212	Caque Glóbal, Corp	13862 Wimbleton Dr, Victorville, California	US
S3-480325873	Davis LLC [Rush]		US
S3-177086244	Tavosol formerly known as Mudgal Leasing Private Limited	F-306, Shiva Apartment, Nagarbhavi Village, Bangalore North, Bangalore, Karnataka	India
S3-781332610	Comstock Iron-Works Inc	1720 Highland Acr Dr, Kaufman, Texas	US
S3-271402285	Taveras Hóarzhon Biotech LLC	Cr 528A, Rosharon, Texas	US
S3-795828363	Balianta Infoservices Private	H.no 837 Hig- 33, Kalinga Vihar, K-5, Tamando, Balianta, Khordha, Orissa	India
S3-624853411	ब्लू टेक प्राइवेट लिमिटेड	Near Vijay Iti, Dausa, RJ	India
S3-52471742	Haloaria	At; Begunia, Khurda, Puri, Orissa	India
S3-104051610	Copeland Colonial Galaxyedge LLC	2730 Wakefield Pines Drive, Unit 203, Raleigh, North Carolina	US
S3-743405233	Dr Bhagirath &  Co	127, Bassti Hazrat, Noida, New Delhi, DL	India
S3-824172410	Junio, Sialar & Verma Inc	310. Blauvelt Rd, Orangetown, New York	US
S3-580933616	Verakor fka Cultural Program	3101 Western Avenue, Marion, IN	US
S3-762259985	V/Q-Cambridge LLC	225A Pennsylvania Ave, Freeport, New York	US
S3-117492635	Gildvera Sys fka Digital Care Pvt Ltd	0-1305, Floor-13, Plot-104, B, Dosti Elite, Sion Road No. 29, Sion Telephone Exchange Sion E, Mumbai, Mumbai City, Maharashtra	India
S3-604346795	Advani Johnson and Jones LLC		US
S3-40499852	LAKSHMI BUILDERS PRIVATE LIMITED	Flat No.-039-a-4, Cis Officer Co Op Society, West Delhi, New Delhi, DL	India
S3-310507641	Timber LLC Service	143 Sunyside St, null, Forest CITY, North Carolina	US
S3-822731897	Shivam Impex	8/569, Valliyammai Street Medavakkam, Chennai, TN	India
S3-143458255	Precision Sthfging-International Inc	609 30th St, Moorhead, Minnesota	US
S3-655056709	Metropolitan Fellowlsbip	216-220 Busby Lane, Denton, North Carolina	US
S3-964429740	Hasan Tuts	2114 Tull Ave, NULL, Fayetteville CDP, Arkansas	US
S3-166691183	Whitlock, Allbright and	42 Orchard St, # 3, Medfoord, Massachusetts	US
S3-555148506	Veque Harmony Corp	1804 Pine Street, <NULL>, Tulsa, Oklahoma	US
S3-784112329	Detwiler & Merchant Northwest Llc	889 Wilda Rd, Stuarts Draft, Virginia	US
S3-329731663	Bikaner Investments Pvt		India
S3-611681185	CV Constructions Company	No. 1-3 A-5, Jaymangal House, Opp. Gandhidham Station, Ellisbridge, Ahmedabad, ગુજરાત	India
S3-768023457	Perideon Epr, [Inc]	Marion, 8316 Express Drive, # B, Illinois	US
S3-224256717	Federal Electronics Systems,	6633 Wycombe Way, # Apartment C, Parkville, Maryland	US
S3-830194709	Kesteon Supply  LP	164 1/2 Water Street, Fredonia, New York	US
S3-937065292	Vatavue [Inc]	Kingsport, 1202 Sevier Terrace Dr, Tennessee	US
S3-139094135	Golden Ameren Inc	200 Skidmore Rd, # 10, Sutton, West Virginia	US
S3-644048125	Gaman & &	First Floor, Opp.bk 1038, Section 24, Kalyan, Thane, महाराष्ट्र	India
S3-440526638	Palco Cárdamom Private Limited	Durgapur Industrial Estate Nasser Avenue, Bardhaman, Durgapur, পশ্চিমবঙ্গ	India
S3-186465747	chittoorprivatedistribution.com	Cuddapah, AP, Door No001-349, Kommireddygaripalli, Puricherla Mandal Devalampeta Panchayath, Vankayalapativri, Palli Post	India
S3-381218955	A+ TOKEN	Melanzana Dr, Hilliard, Ohio	US
S3-512904954	Quantelle [Starry]	New Castle, Delaware, 300 Minquadale Boulevard	US
S3-272479330	Monami Brothers Private Limited	Plot 117 Core-3 Scope Complex7 Institutional Area Lodi Road, New Delhi, South Delhi, DL	India
S3-568992243	Fortune Healthcare Private [Ltd]	17/663(28), Adoor, Adoor Tower Central Adoor, KL	India
S3-946940621	સેવન ઇન્ટરનેશનલ	GJ, C 32 Suryoday Parkgotri Road, Vadodara, Baroda	India
S3-852035600	New Delhi Security Limited Cénter	DL, 209, South Delhi, New Delhi	India
S3-385140939	Martin Iii	001944 600, Spingville, Utah	US
S3-284992705	ಶ್ಯಾಮ್ ಟೆಕ್ನಾಲಜಿ ಪ್ರೈವೇಟ್ ಲಿಮಿಟೆಡ್	##6/1 Pc Industrial Area, Bangalore North, Bengaluru, ಕರ್ನಾಟಕ	India
S3-598078698	Lynda Sawyer Tax Service Inc	4839 Las Palmaritas Dr, Glendle, Arizona	US
S3-21794144	-- Leverex Center [Co]	260 Cheney Way, Boulder Creek, California	US
S3-350891899	Xyloxylo	Door No #93, Bangalore, Banglore, KA	India
S3-249794401	Continental Net Llc	3419b Fork Loop, Green Bank, West Virginia	US
S3-130696594	Heritage-Coalition	1427 Joseph Ave, Spokane, Washington	US
S3-36534658	Lyrex Etf	15 Taft Road, Cumberland Hill, Rhode Island	US
S3-653563802	Xyloumbra Labs a/k/a Blue Hypnosis!	350 Oakwood Drive, Shepherdstown, WV	US
S3-551896062	Royal Pvt Ltd Services	38 Paschim Marg Vasant Vihar, South West, Thane, DL	India
S3-712837153	2598 Center Street Management	Country Farms Road, Tazewell County, Virginia	US
S3-782157920	multiplexpaints.com	Hn 954 8-A, Connaught Place, Janpath, दिल्ली	India
S3-758147068	QM Services	Tennessee, 738 Dry Hollfw Road, Vanleer	US
S3-422302536	Industrial Consumer LLC-Partners	1156 Buhrer Avenue, Cleveland, Ohio	US
S3-423381704	Keystone Delta LLC Suisse,	1319 Colonial Ave, Maryland, Cambridge	US
S3-509985983	Premier Industrial	Lockport, 16. Spruce Street, New York, # Apartment 2	US
S3-304001350	Shri Shubham Brothers  & Pvt Ltd	H.no 0040-808-C-2 Srinivasa Nagar, Kurnool, AP	India
S3-756587658	redmarketing.com	C-286, Mumbai, Kalbadevi Road, MH	India
S3-63697521	Alpha Services	TN, Coimbatore South, Rh-82, NULL	India
S3-848567575	M/s Royal Corporation Center	HR, Jhajjar, 26/418, Jhajjar, Ram Kalan Colony Bahadurgarh	India
S3-436492194	owenspiedmonteagle.com	43 Main St, # Apartment 200, New Rochelle, New York	US
S3-232904105	Quality Broadcast	6601 60, # 425, Apache Junction, Arizona	US
S3-507422487	Behavioral Health Vanguard Care-Associates LP	108 Cross Creek Lane, Proctor, West Virginia	US
S3-665688320	Yao & Thoafs Technology Care	8647 Shoe Tree Mcfelea Ln, Milltown, Indiana	US
S3-898496296	Fields Bread	57 Brandywine Ln, Suffield Depot, Connecticut	US
S3-419784793	Ruby Hayden Royal Vertical L.L.C.	105 Lake St, Chiholm CITY, Minnesota	US
S3-303843937	Davis ([Invesco])	6307 Trailview Dr, Houston, Texas	US
S3-846883084	M/s Kesar Agorgetch Pvt Ltd	Shed-#22 Keshav Industiral Park, Opp. Jay Radhe Residency, Kathwada Singarva Road, Daskroi, Ahmedabad, GJ	India
S3-630945821	Perez and Gartman Inc	##2022 Westwood Avenue, Redding, California	US
S3-56796894	Stardom  Anrmgo Ltd	Plot No.6, Noida, UP	India
S3-681282590	Heart Fdn PC	1902 Orchard Rd, Evansville, Indiana	US
S3-92858754	Hammerschmidt, Reyes Dietrich & Fitness	587 Main Street, Farmington, Washington	US
S3-274131801	Of Bureau Corp Aging	Arizona, Elooy, 6015 Shedd Road	US
S3-535500951	Great LLC Guild	335 Creekside Ln, Pelham, Alabama	US
S3-528462835	Continental Ínfrastructure (Ltd)	7 C 3Teachers Colony Bagalur Road, Hosur, Dharmapuri, TN	India
S3-959890071	Kelotavoevo	No. 308 12/2, Kolkata, Howrah, WB	India
S3-259731751	Miraect0	3311 Benjamin St, Minneapolis, Minnesota	US
S3-979662805	My Constructions Private Ltd	620, Janta Tower-ii District Center, Janak Puri, New Delhi, West Delhi, DL	India
S3-626612737	IUJ Corporation Center	#21, Gayatri Bhavan, Bindupark Society, Subhash Bridge, Keshavnagar, Ahmedabad, GJ	India
S3-484842565	Coimbatore South Enterprises		India
S3-433241808	Fluxectoiri	3163 Maple Drive, Reedsport, Oregon	US
S3-739153407	The Dént Cafe LLC	New Haven Ct, Oklahoma City, Oklahoma	US
S3-963115015	luckyinstitute.com	Fp No. 37/1, Nr. Evergreen Party Plot, Tp 406, Bhadaj, Daskroi, Ahmedabad, GJ	India
S3-242301173	New Investment Investment Private Ltd | www.newinvest.com	Metromingle, No. 59, West Of Chord Road, 2Nd Stage, 2Nd Main, Basaveshwaranagar, Bangalore North, Bangalore, KA	India
S3-760101156	Golden Educational	C-12, M.i.d.c, Supa Taluka Parner, Ahmednagar, महाराष्ट्र	India
S3-878267165	சாய் ஃபவுண்டேஷன் பிரைவேட் லிமிடெட்	தமிழ்நாடு, 221, Sivaganga	India
S3-334974009	Galaxy-Investment Corporation	H.no 8-9-39, Khila Bazar, Inside Fort, Khammam, Rtc Depot Road, Khammam, TG	India
S3-7434546	6olden Public School  Private Limited	404, Greater Bombay, महाराष्ट्र	India
S3-291200641	Rey Pimco Llc	483- Amon Road, Cookeville, Tennessee	US
S3-193449252	Davine Crabtree LLC Dome Horizon	117 Park Dr, Unit 35, Bostton, Massachusetts	US
S3-905968009	Sea Trading L.L.P.	Wz-429 A/4, Naraina Vihar, New Delhi, DL	India
S3-711504076	Zaon  Restaurant LLC	404 Tunnel Boulevard, Unit 05F, Chattanooga, Tennessee	US
S3-389649603	Shri Chandrakanta Medical	312 Detp Kamal Commercial, Hub, Sarthana Jakatnaka, Choryasi, Surat, GJ	India
S3-489324	Miraveoflux Formerly Office of Public Works	8048 Jeff Road, Indianapolis, IN	US
S3-666307285	Varshita Fóod Pvt Ltd	F-701, Park View City-2 Sector 49, Sohna Road, Gurgaon, HR	India
S3-186661420	Pvt Delhi Nutrition Ltd.	Plot 256 G-7, First Floor Gali No-6, Brahmpuri, North East, Delhi, दिल्ली	India
S3-296370724	Roleor Kogyo  LLC	Mosinee, Wisconsin, 278 16th Rd	US
S3-548687666	Caque-Global, Corp	14040 Wimbleton Dr, Victorville, California	US
S3-292974825	Trivikram Trivikram Academy	Sirisia, Post-kargahar, P.s.-kargahar, Sasaram, Sasaram, Rohtas, BR	India
S3-932137387	Center J A Oneim, Inc	Texas, 2380 Apache Ln, Quinlan	US
S3-193754933	Caloex LLC Partners [Partners]	10950 Marr Road, Columbus, Indiana	US
S3-150664658	Duran Sterling LLC Services	Ohio, 2928-2930 Sherbrooke Valley Court, Willoughby Hills	US
S3-415290502	Wexjax formerly known as Certified Portfolio LLC	1135 Kingsport Drive, Wheeling, IL	US
S3-784194261	Federal Semiconductor Systems Inc. Inc.	259 Shore Road, Lake Pleaant, New York	US
S3-399194524	Vantageevo	234 Ashok Vihar, Nagar Nigam Colony Near Ashoka Garden Thana.Bhopal Station Road, Bhopal, Madhya Pradesh	India
S3-452972713	Houston Hoistorlcsl Coalition	10840 North Freeway, Texas, Houston	US
S3-954589746	Inc. 59/13 Bsrkry	142 5516, Unit Lot J5, Troy, Alabama	US
S3-160471695	Nunez Mórtgage	3325 Pebble Beach Dr, # Apt 11, Conway, Arkansas	US
S3-193603669	Delhi Infra Private	Door No 28 F No-35, Plot No28/2jamuna, Bazar Aprt, Sec-9, Rohini, Delhi, North West Delhi, DL	India
S3-531907892	Private Igm Movies Ltd	339/3, Tank Bund Road, 17Th Cross Malleswaram West, Bangalore, Bangalore-55, KA	India
S3-897689569	Flory's Jewelers LLC		US
S3-83379095	Universa1 Universal Industries-Private	Flat No 505, Raghunath Enclave, Block A, Gt Road, Gandhi Gram, Rama Devi Chauraha, Kanpur Nagar, UP	India
S3-445027598	59/13  Bakery Inc.	142 5516, Troy, Alabama	US
S3-928389991	Stylish  Salt Limited	Door No 10 & 11 Inside Pinnacle, Enclave, Anagalpuram, Bangalore North, Bangalore, KA	India
S3-381019270	Dental [Care,]	##540 Parsons Road, Pleasanton, Texas	US
S3-817285932	Megabui1d &  Adscimes	205., Mumbai City, Mumbai, महाराष्ट्र	India
S3-266466437	Safar Constructions [Private-[Limited]]	North Dinajpur, Vill Mahasunda, Raiganj, WB, P.o. Bhupalpur	India
S3-295968264	The Direct Payroll Digital	5081 Lyndon Dr, Fort Worth, Texas	US
S3-715340263	Ramirez and Kulow	025 Sugar Hill Dr, Moscow, Tennessee	US
S3-137867358	ZE Bay Entertainment	10162 Powers Lake Pt, Woodbury, Minnesota	US
S3-561164450	बॉम्बे मॉडर्न बिजनेस प्राइवेट लिमिटेड	No 98 J. S. Kmble H-no. 40, Nanded, MH	India
S3-863604772	Strategic Asset Dynamics, - 5387891195	Washington, Yakima, 1206 C3 Fifteenth Avenue	US
S3-283202943	Az Trames Ltd	Plot 259 104/1, Pratap Nagar Sanganer, Jaipur, राजस्थान	India
S3-795132045	N0sevue  LLC	4039- Village Park Ct, Winston-Salem, North Carolina	US
S3-134698611	Borough Of	5240 Sarah Jane Cir, Kearns, Utah	US
S3-384329396	Walliw Hortwiftz Empire Associates	Palatine, Illinois, 473 Northwest Hwy	US
S3-307734612	Richardson Peak Archimedes  Incorporated	127 Riverside Drive, NULL, Chester, Maryland	US
S3-688023906	সুপ্রিম এন্টারপ্রাইজেস প্রাইভেট লিমিটেড	143 Karnani Mansions27a Park Street, WB, Calcutta, South Parganas	India
S3-580450328	Maitildereissselect.Com	807 Columbia Ave, Somerton, Arizona	US
S3-690302474	फर्स्ट बिजनेस	B-188, Nihal Vihar, Nangloi, West Delhi, New Delhi, दिल्ली	India
S3-700262907	Gregory's Deli Ltd		US
S3-779094679	Jk (India) Pvt.	No 191B Pocket-c2 Mayur Vihar Phase-3, East Delhi, Kondli, DL	India
S3-812977358	Kaverita 5ervices Pvt	D-4 Ansa Ind Estatesaki Vihar Raod Sakinaka Andheri (E), Mumbai, महाराष्ट्र	India
S3-979006051	ipdaedalus.com	#1647 Greene Lake Dr, Xenia, Ohio	US
S3-829864185	UNITED INFRASTRUCTURE PRIVATE LIMITED	Door No 30/113-Mcd-142 Ground Floor, Sant Nagar, East Of Kailash, New Delhi, South Delhi, DL	India
S3-513810701	Hoard, Zulema,  D.D.S., DDS PC	18071 1/2 91st Drive, Peoria, Arizona	US
S3-21179255	Seka's	Austin, TX, 2109 Point Bluff Drive	US
S3-461601046	Strategic-Vanguard Mustang lnc	215 Rivers Edge, Willliamsburg CITY, Virginia	US
S3-503678148	Bateman, Glover and Larsen Bánkshares	10432 Labrador Loop, Prince William County, Virginia	US
S3-981635576	Veratavodelta aka Great Fund	6418 Castle Crags Avenue, Hesperia, CA	US
S3-857729779	Metropolitan South	900-904 Westgate Ave, Floor 0, Saint Louis, Missouri	US
S3-678595084	Mr Classic Management Private	H.no 0025/303 Hansa Tower, Central Market Ashok Vihar, Delhi, DL	India
S3-860225788	Private Rajasthan Frágrances Límited	Kodagu, #2/165, ಕರ್ನಾಟಕ, South Karnataka Region	India
S3-306740955	Noinnovative.Com	16060 Lower Cattle Drive, Sisters, Oregon	US
S3-103311518	Suellen Mcesdoa Clean Development (LLC)	11 Corss Rd, # 2, Haverhill, Massachusetts	US
S3-862812185	WOZ Solutions Private	ಕರ್ನಾಟಕ, Chamrajnagar, Chamrajanagar, C/o Bebamma W/o Mahadevappa 22/248	India
S3-401315006	Ashlen Zucker Bold	3703c Mountain Park Cir, Mountain Brook, Alabama	US
S3-968206433	karitawatsonmd.com	4418 Ktrk Manor Ct, Fresno, Texas	US
S3-786587459	સનરાઇઝ હોસ્પિટાલિટી પ્રાઇવેટ લિમિટેડ	GJ, Plot No 2 Nr Vir Nagarsociety S T Work Shop Road, Mahesana, Mehsana	India
S3-778162411	gemindiafarming.com	No. 27, Synergy House, 17Th Cross, Service Road M C Layout, Vijayanagar, Bengaluru, Bangalore, KA	India
S3-832600419	Korwex	Ahmedabad, Shed-#22 Keshav Industrial Park, Daskroi, GJ, Opp. Jay Radhe Residency, Kathwada Singarva Road	India
S3-802955331	क्लासिक Management Private Limited	#0025/303 Hansa Tower, Delhi, Central Market Ashok Vihar, DL	India
S3-102670806	Tri-State Aldape LLC Plus	425 North Shore Rd, Norfolk City, Virginia	US
S3-931619812	Partners Industrial Corp	महाराष्ट्र, Pune City, Pune, Plot No -11, Adarsh Colony, Pune(cb), Sr No 163/2A	India
S3-894764095	Build Sndamstm	#631. C-3, Shahdara, DL	India
S3-768751951	Chetna Hospital LLP	New Delhi, 405, दिल्ली	India
S3-939844804	Hedi Lowe Atlantic Security  LLC	Dunkirk, Unit Lot 6, 5, New York	US
S3-200269800	Inc Oncology Golden Partners	1420 Harmon Ave, Bismarck, North Dakota	US
S3-583627576	Coimbatore Private Kapoor Limited	D.no.6, Coimbatore, TN	India
S3-701437306	Direct Payroll-(Digital)	Fort Worth, Texas, 5081 Lyndon Dtive	US
S3-920118360	... MAY Steels  Corp	UP, B1-1602/6, Noida, Gautam Buddha Nagar, County 107, Sector 107	India
S3-48137887	Health (Institute)	null, Massachusetts, 34 1/2 Blaine Avenue, Worcester Township	US
S3-53529556	Micro Private Limited Partners	No. 701 Hoechst House, Mumbai, Mumbai City, MH	India
S3-920972073	Indore Enterprises Pvt Ltd.	Door No 268 F No. G 1 164, Indore Region, Indore, MP	India
S3-547859707	Washington & Mercer Associates [Llc]	21143 267st Dr, Buckeye, Arizona	US
S3-612389955	Aor &  Co	388 Buddha Enclave D Block, Meerut, UP	India
S3-256675983	3720 Lexington Court Owners	Foley, 12303-12305 Fernwood Drive, Alabama	US
S3-878201422	Gildquokelo a/k/a Sirisoft L.L.C.	AR, 345 Boulder Drive, Van Buren	US
S3-324671473	આલ્ફા બિઝનેસ પ્રાઇવેટ લિમિટેડ	702, Jeevandeep Complex, Opp. J. K. Tower Ring Road, Surat, GJ	India
S3-888791814	Center Regional Summit LLC	30468 Tower Road, Elkhart, Indiana	US
S3-323224382	Aarvraj LLP Cénter	A5 Sevadham Shripal, Kalyan, Thane, महाराष्ट्र	India
S3-962850208	Martino and Andrade  LLC	765 Sonne Dr, Fl 0, Annaoplis, Maryland	US
S3-923573675	Indian Estate Prilvfe Limited	A7-3/605, Ekta Gardens, Plot No. 9, I.p Extension, Patparganj, Delhi, New Delhi, DL	India
S3-393358786	Behavioral Health Partners of Virginia Beach  City	1769 Box Elder Arch, Virginia Beach City, Virginia	US
S3-916487818	Sunrise Hospitality Private Ltd	ગુજરાત, Mahesana, Plot No 2 Nr Vir Nagarsociety S T Work Shop Road, Mehsana	India
S3-345613138	Urology Partners	222 Main St, Star, North Carolina	US
S3-902561981	Sterling Agricultural Systems Inc.	5792 Furlong Way, Hamitlon CITY, Ohio	US
S3-449346536	Corp Behavioral Heahd Group	247 40th St, Moline, Illinois	US
S3-450985840	Seven Ínternational	C 32 Suryoday Parkgotri Road, Baroda, Vadodara, GJ	India
S3-329138827	delhi infra private limited	Door No 28 F No-35, Plot No28/2jamuna, Bazar Aprt, Sec-9, Rohini, Delhi, North West Delhi, DL	India
S3-65947266	Desire Infrastructure [Llp]	Sh-8, Oberoi Trade Centre, Plot No 69, B.h Laxmi Ind Est Andheri W, Off New Link Road, Andh, Mumbai, MH	India
S3-552877486	सूर्य Technology प्राइवेट लिमिटेड	#212/213, Bussa Industrial Estate Century Bazar Lane, Prabhadevi, Mumbai, MH	India
S3-454599126	India Ic Secirty Private Limited	Fn206, Hno2-22-263/2/26nr, Secondfloorbankerchambers, Hyderabad, TG	India
S3-187101562	Benson Table Incorporated	013 Water Hyssop Loop, Leanedr, Texas	US
S3-250132313	Pansie Snowden  Vanguard Accounting Inc	Jera Cv, Brookland, Arkansas	US
S3-436211559	Orbiflux	1575 Base Road, North Vernon, Indiana	US
S3-204415076	Shepherd And Webster Clínic	28th Street, Lubbock, Texas	US
S3-962606361	Bennett Silver	Kingview Avenue, Ohio, Dayton	US
S3-983020919	Johnson Inc 5ervices	2262 Holiday Rd, # 101, Coralville, Iowa	US
S3-311915926	Kimes Dynamic Cotadenza	1517 Forest Lakes Ave, Adk, Georgia	US
S3-654275427	East Motor		US
S3-370794568	Inc Pioneer Genomic Ventures	1221- Raymond Ave, La Grange Park, Illinois	US
S3-325411997	Federal Association	605 Millbury Street, # 5, Worcester, Massachusetts	US
S3-979644524	Global Íntegrated Hills LLC	11783b 126nd Pl, Tigard, Oregon	US
S3-866491816	bay golden obic group	830 Price Ct, Sacramento, California	US
S3-186898086	MOORE LEGACY YORKVILLE INC	115 Davenport Rd, Spruce PINE, North Carolina	US
S3-486722363	Future-Constructions Private Limited	Ground Floor, N-73, Shyam Nagar, South, West Delhi, दिल्ली	India
S3-135152175	Sri Az Ltd Traders	Plot 259 104/1, Jaipur, राजस्थान	India
S3-824304959	Rocky Corporation Corporation Inc.	Bledsoe, Kentucky, Napier Rd	US
S3-178014177	Tetech Guggenheim-LLC	3020 Princess Anne Rd, Norfolk, Virginia	US
S3-44102043	Baroda Chits Pvt.	Old Police Lines Nr Makarpurabus Stand Makarpura, Baroda, Vadodara, ગુજરાત	India
S3-865450881	Green Mortgage Ltd	18 4nd St, # 202, Cincinnati, Ohio	US
S3-397361339	Quobrix dba Heartland Coastal Acp Group	745 King Billings Road, Traphill, NC	US
S3-330421607	Yeary  Cascade	4521 Charles Drvie, West Valley City, Utah	US
S3-68465701	HKD Inc Defi	00985 10600, White City, Utah	US
S3-264661077	Ultra lndustries Private [Limited]	In Front Of Ranchore Temple Gindore Jhalrapatan, Jhalawar, RJ	India
S3-519774781	6rand  Infrastructure Products PLLC	Charleston, 5220c Walnut Valley Dr, West Virginia	US
S3-202047017	Niral Associates-Fund	15/16, Rameshwar Malia Lane, Ground Floor, Howrah, Kadamtala , Panchanantala, WB	India
S3-247130031	Sciences, Bison LLC	5434. Hunter Rd, Oolteawh, Tennessee	US
S3-784201203	Flint	Minnesota, 680 Sierra Trail, Chanhassen	US
S3-606748709	Owens Ace-Venture Inc	2220 Red Rock Dr, Belton CDP, Texas	US
S3-432706614	Oorja Infra Infra Private-Limited		India
S3-128707480	Animal Welfare Federation VI LLC	71 Walters Way, Stoughton, Massachusetts	US
S3-596281662	Watson,, Karita MD	4418 Kirk Manor Ct, Fresno, Texas	US
S3-333068469	Private Krishi Immbpmex Limited	Gujarat Vihar, 2Nd Floor, DL, Vikas Marg, Delhi, 101	India
S3-211936902	Juli's Family Prcaie	11851- 20, Middlebury, Indiana	US
S3-164762992	शिवा इंफ्रा Limited	A-601., Bombay, Mumbai City, MH	India
S3-175460705	diamondagroindia.com	0021/305/6, Edayar Street, Mankavu, Palakkad, KL	India
S3-4702136	Internal Medicine Care Associates Of Webster Foundation	149 Wishing View Dr, Unit Apartment D, Webter, New York	US
S3-791184814	Apex (India) Private Limited Center	No ##01, Mumbai City, Mumbai, महाराष्ट्र	India
S3-638987043	Bright Book Stóre Inc.	344 Red Mountain Ave, Torrington, Connecticut	US
S3-224106844	Primary Care Specialists Of Fort Davis	600 State Street, Fort Davis, Texas	US
S3-710420900	Smt Spm  Aut0mation Pvt. Ltd.	Door No B3/80/52 Vadakekkara House Cheralparambu, Wadakanchery, Thrissur, KL	India
S3-618779553	Sigma Services Private Ltd	Plot 7-136 Unit No. 2901, 29Th Floor, Plan S Business Park, D108/1, Opposit D.y.patil Stadium, Midc Industrial Area, Nerul, Navi Mumbai, Thane, MH	India
S3-300904207	Sterling Mraisne Laboratories Inc	701 43rd Avenue, Unit #H301, Puyallup, Washington	US
S3-80479498	Kordeltanovi	303, Aashirwad Chgs, Plot No. 104, Patparganj (I.P. Extension, ), Delhi, East Delhi, दिल्ली	India
S3-257759163	Pioneer Industries Private [Limited]	C/o Bhimrao Katkar, Milkat No 1757/2 Vasagade, Kolhapur, Sangawade, MH	India
S3-631287082	Lokhandwala Trogt Trogt		India
S3-236988218	First Talent LLC	Washington, Leavenworth, ##19055 River Rd	US
S3-51317008	XQZ United Shop PC Services	2358 Burdett Ave, # Apartment C108, Troy, New York	US
S3-395421342	antonio homes	5924 Stanhope-Kelloggsville Rd, Andover, Ohio	US
S3-868546259	Inc Hernandez Certified Wholesale,	33 Purchase St, Rye, New York	US
S3-636344572	Big Cáfe!	6800 Shep Hollow Ln, Dittmer, Missouri	US
S3-370023415	GREAT VENTURES	Texas, Dallas, 1903-1907 Harbor Lights Drive	US
S3-27393654	cardiology.com	##450 Siskiyou Blvd, Ashland, Oregon	US
S3-519263159	Hoekstra & Nieto (L.L.C.)	1039 Oak Meadows Road, Birmingham, Alabama	US
S3-705408100	lotusshivamedia.com	Plot No. 579, Lewis Road, Bhubaneswar, Khordha, ଓଡ଼ିଶା	India
S3-900830028	Hines Publishing Inc. Partners	4 Gorsline Dr, Halfmoon, New York	US
S3-999156305	Keller Value Grill Llc	219-221 Pamlico Dr, Washington, North Carolina	US
S3-101910558	Ellis  Choice LLC	3003 Westbrook Lane, PO Box 3138, Bowie, Maryland	US
S3-222702431	Anand Media Private Limited & Co		India
S3-141118288	LLC Integrated Selcurity Consultants,	##79 Nassau Ave, PMB 5895, Babylon, New York	US
S3-634538038	samridhi storage corp		India
S3-604949072	inc keque blue manufacturing	Dogwood Creek Ln, Matthews, North Carolina	US
S3-529257327	@Oneventures	Block 1, B16 Green Vistas Prakriti, Edachira, Kakkanad, Ernakulam, കേരളം	India
S3-846654857	Devika Services	S No #46 6 Plot No 1Apaud Road, Poona, Pune, MH	India
S3-837428761	Billye Kime Spruce	268 Main St, # B, Maynardville, Tennessee	US
S3-294707067	Certified Pórtfolio LLC	1135a Kingsport Dr, Wheeling, Illinois	US
S3-316064934	Desiri Hancock-Online [L.L.C.]	125 New Ludlow Road, Chicopee, Massachusetts	US
S3-621753244	3038 Commerce AVE Owners CORP INC	2006 Fourth Avenue, Incorporated, Washington	US
S3-564888842	साईं एस्टेट प्रा. लि.	002, Firozabad, उत्तर प्रदेश	India
S3-767152845	Priska & Sso Private Limited	RJ, Tijara, Bdi Sunshine City Bhiwadi, B-405 Tower Pearl, Alwar	India
S3-197972252	Surgical Frntier Care LLC		US
S3-649055696	Harbor V Inc Partners	8796 Walnut Bottom Lane, Frederick, Maryland	US
S3-963332757	Aurora-LLC	3474 Gemini Pl, Chander, Arizona	US
S3-776092423	Orthopedic of Incorporated-LLC Center		US
S3-215515553	DEVELOPER5 DALMIA ENTERPRISE PVT LTD	Amit Height, B/2 Sasanenagar, Hadapsar, Pune, MH	India
S3-771751223	KFB Integrated  [Corp]	#3218 Pinewood Avenue, Chattanooga, Tennessee	US
S3-126709274	Lamoureux Signs (Inc)		US
S3-820356440	Chatura Herbs Ltd	Pune, B/804, MH	India
S3-696701099	City Tre Private Limited	No.13/1, Mysore, KA	India
S3-62844515	Smt Noor (Projects)	Flat No. D/b3/507 Vardhaman Township S No. 44A Sasane Nagar Hadapsar, Pune, Poona, MH	India
S3-108377511	Best Ftundaamtion Private Limited	4 Hosakerehalli Main Road Opp.agromore Factory Byatarayanapura, Bangalore, KA	India
S3-728087180	Niva, Inc	2275 Moix Boulevard, # Apt 33310, Conway, Arkansas	US
S3-570653246	Shree Services Limited Services	Plot No.ia/6, Vijayapuri Colony, Hayathnagar, Hyderabad, TG	India
S3-168535765	Aurea Romero Gulf Infrastructure,	602 Scuttle Ct, N/A, Jopppa CDP, Maryland	US
S3-473284341	Nylamira	212/213, Maharashtra, Prabhadevi, Mumbai, Bussa Industrial Estate Century Bazar Lane	India
S3-624782174	Swart [Automotive]	00513 Seventh Ave, Rio Rancho, New Mexico	US
S3-790208743	Spiegel, Lau and Kincade Inc	1520 Wehrle Dr, Buffalo, New York	US
S3-157018315	Lyraorbix D.B.A. Hamilton School of Medicine	1107 3rd Street, San Bernardino, CA	US
S3-743653082	pspecialists.com	138 Dogwood Ln, Mocksville, North Carolina	US
S3-871164499	Studio 84 Bístro [LLC]		US
S3-344859985	Shrinath  Brothers Ltd	Office No.a-1109, Plot 7A/1, Corporate Park, Sector-142, Gautam Buddha Nagar, Noida, UP	India
S3-993761189	Ltd North Infotech	Hn 637 Office 628, Ahmedabad, Vastrapur, ગુજરાત	India
S3-3746210	Sapiens Services	401, Rushiraj Regency, Opp.mama Mungi, Gangapur Road, Nashik, MH	India
S3-143866234	Freeman, Anderson & Williams Ltd	4204 Wescott Drive, Phoenix, Arizona	US
S3-616063947	Mendoza & Ledesma Couture, Llc	132 Cherry Ln, Leitchfield CDP, Kentucky	US
S3-609719657	Chiropractic Specialists of Arcade Board	50 Douglas Dr, # Apartment 101, Arcade, New York	US
S3-111069795	Chiropractic Clatnr LLC	58 Annex Dr, Inwood, West Virginia	US
S3-93521126	Geor Partners	6276 113, Millsap, Texas	US
S3-228595048	Saint Cathedral	Ohio, 449 State St, Lindsey	US
S3-490016900	Borough Of	5240 Sarah Jane Cir, Kearns, Utah	US
S3-777758190	Value Services	1327 Encore Ln, Waxhaw, North Carolina	US
S3-96757526	Silver Tattoo  Center	0539 Inman Street, Cleveland, Tennessee	US
S3-623345499	Hernandez Certified Wholesale, Inc.	33 Purchase Street, Rye, New York	US
S3-322950354	Meribx L.L.C.	1305 Weston St, La Crosse, Wisconsin	US
S3-702947674	NELSON MONTESSORI SCHOOL	Fowler Street, Roseburg, Oregon	US
S3-957383737	Surat Energy Private	1033-1034 Hari Om Marketring Road, Surat, GJ	India
S3-514889975	NAQVI & GAO GOLDMAN PARTNERS	830 Drexel Ave, Fort Wayne, Indiana	US
S3-199864916	Behavioral Health Associates (Inc)	735 State Rd, Massachusetts, Aquinnah	US
S3-44426194	@aabuilders	4Th Floer, Room No. 420 21, Hemant Basu Sarani, Kolkata, Kolkata, Howrah, WB	India
S3-737361237	Brixhaloio Formerly Cardinal Inc	15500 18th Avenue, Unit ROOM 17, Lynnwood, WA	US
S3-53203663	Liberty Academy LLC	3925 Harbor View Drive, Morristowwn, Tennessee	US
S3-427319266	Wilke Kódíak Inc	20345 De Arboles, Queen Creek, Arizona	US
S3-423458212	Ironclad LLC	820 69th Avenue, Caarrington, North Dakota	US
S3-250315232	Pvt Prime Inbrastrcuture Ltd	Surat, #97, N/A, Surat, GJ	India
S3-961308321	Chin Frontier Bioworks Corp	PMB 4376, 234 Birch Ave, College Place, Washington	US
S3-90791413	Thompson Tri-State Care Services	Simmental Road, FT. WORH, Texas	US
S3-278971308	kiran travels co	H Near Pole No 45, Pherwan Panna Vill Jharoda Kalan, Najafgarh, West Delhi, New Delhi, DL	India
S3-243834574	Krishi Krishi Impex Limited Center	101, Gujarat Vihar, 2Nd Floor, Vikas Marg, Delhi, DL	India
S3-232199300	Onyxaria Co a/k/a OJP Media Private Limited	Uttar Pradesh, S/O Shri Vijay Singh, Mathura, Manjesh Vihar Colony, Pali Khera, Sonkh Road	India
S3-985326021	Small & Mckenna Care Corporation	2635 1/2 Wicker Ave, PMB 8701, Farmers Branch, Texas	US
S3-100617532	जय प्रोडक्ट्स प्राइवेट लिमिटेड	Villa No B-26, Bishrakh, उत्तर प्रदेश	India
S3-776237711	Sai Estate Pvt	002, Firozabad, UP	India
S3-121391267	New Delhi Technologies Pvt. (Ltd.)	House No. 059/159 Kh. No. 568/110/18 Ground Floor Ganesh Pura - B, New Delhi, DL	India
S3-878663066	Delta Karman	134 Green Dr, # Suite A, Avilla Township, Indiana	US
S3-647142473	Caldos LLC Services	21833 Cragon Road, Harlingen, Texas	US
S3-692732868	Shri Nandadeep Brothers Limited Services	Jagdeo Saraswati Apartment Shyampal Path, Jagdeo Path, Patna, BR	India
S3-703915491	Day Learning Celne-beEhugene	2802 Applewood Lane, Unit Apartment 63, Eugene, Oregon	US
S3-908798525	Metro LLC Fortune	604 Edgerton Ave, Turmann, Arkansas	US
S3-986837471	Total Trading  Pvt	P.no.78 Panchwati Colony Kamta, Chinhat, Lucknow, UP	India
S3-821156661	M/s Pahrrh & Co	A 223, N/A, New Delhi, South Delhi, DL	India
S3-609819277	Hettie Burkhalter,	0329 Falcon Run, Morgantown, West Virginia	US
S3-228387397	*** #best	6274 Feldspar Ln, # 308, Hixson, Tennessee	US
S3-310133267	Avitavo a/k/a Ear Nose & Throat Silver Care	20 C Ks Way, Brevard, NC	US
S3-623232554	Meentech Services Pfiate Limited	Door No 6Th Floor, Unit 601, Spaze I T Tech Park Sohna Road, Sector - 49 Gurgaon, Gurgaon, Gurugram, HR	India
S3-13000213	DQH Thayre	618 Nugent Avenue, Johnson CITY, Texas	US
S3-476805732	Vion Heartland (Sérvices)	703 Ahrens Street, Houston, Texas	US
S3-775129175	Rogers's Medical	##2060 Bearwallow Road, Ashland City, Tennessee	US
S3-479549624	Maitilde Reiss Select	Columbia Ave, Somerton, Arizona	US
S3-902995219	hanssenkolar.com	Spruce St, Charlottesville City, Virginia	US
S3-662530763	Pyravantageavi DBA Pratik Services Private Limited	564 A-37 Road No 12 Banjarahills, Hyderabad, Telangana	India
S3-363958412	[Inc] Gutierrez Total Sab	Crookston, 545 Summit Avenue, Minnesota	US
S3-212403286	Bharat Builders Private [Limited]	99/103, Mumbai, Mumbai City, MH	India
S3-481610192	HW Broadband	266 Sweetman Road, Charlton, New York	US
S3-368923841	zequity.com	100 Colt Loop, KLYE, Texas	US
S3-144530387	Burke Copper Ínc	St Marys Ave, Staten Island CITY, New York	US
S3-521218740	Human Rights Foundation	##24307 32nd Avenue Court, Spanaway, Washington	US
S3-905600268	Metropolitan South Clinic Co	900-904 Westgate Avenue, Fl 0, Saint Louis, Missouri	US
S3-562653888	Cashion & Duhon Ópendoor Inc	1017 Emerald Terrace, City Of Sun Prairie, Wisconsin	US
S3-119659258	Chin  Frontier	234 Birch Avenue, PMB 4376, College Place, Washington	US
S3-963890773	Cephas & Associates Private-Limited	C-44, Jaipur, राजस्थान	India
S3-663637806	Sr & Company	Space No 302, 3Rd Floor Eros Corporate Park, Gurgaon, Imt Manesar, HR	India
S3-654933886	Asset Building Ministries	6716 289th St, Valley, Nebraska	US
S3-883167999	Devpujan India (India) Córp	Attar Galli, Near Central Library, Guledgudda, Bagalkot, Guledgudda, KA	India
S3-995144517	ksupply.com	New York, Fredonia, 164 1/2 Water Street	US
S3-802586241	Cald0s Aviation, LLC	21833 Cragon Rd, Harlingen, Texas	US
S3-709032271	Bautista and Williams	22 Cove Way, Long Lake, New York	US
S3-107469572	Diamond Pvt (India) Agro Ltd	0021/305/6, Palakkad, KL	India
S3-409381121	... columbusyouthtrust.com	Ohio, Bldg. 11, Columbus, 870 1/2 Westbury Ln	US
S3-259941442	Ironclad LP	820 69th Ave, Caarrington, North Dakota	US
S3-362365044	South Btc	0155 Brattle Street, NULL, Cambridge CITY, Massachusetts	US
S3-730015955	Marget  Tully, DO PLLC Service	432 245, Middlesex, New York	US
S3-776444842	New Products  Private Limited	S. No. 208/1, Pune, MH, Alandi Rd., Rahul Park Behind Abhiraj Bldg., Bhosari, Pune	India
S3-380717787	& Hilaire Holtwd	75 Block St, Abington, Massachusetts	US
S3-139887225	... Varshita  Food Pvt Ltd	F-701, Park View City-2 Sector 49, Sohna Road, Gurgaon, हरियाणा	India
S3-684728353	Eulalie's Roofing	05535 Desert Hills Dr, Cave Creek, Arizona	US
S3-505150422	Robinson, Áustine, L.C.S.W., M.D., P.C.	New York, Ellenburg Center CITY, 6968-6972 Star Rd	US
S3-363856333	Shree	C/O Sunita Pandurang Kothale Ward No. 1 Near Gram Panchayat At Po Shelubazar, Mangrulpir, Washim, Maharashtra	India
S3-725919065	New Délhi Clothing Private Limited	B-##45 Greater Kailash-i, South Delhi, N/A, दिल्ली	India
S3-150235221	Saint Tardrbs  Private Limited	C/o Balwan Singh Po- Behal, Bhiwani, HR	India
S3-295792063	PARTIDA RIDGE GRAYSCALE L.L.C.	656. Tradition Trl, River Falls, Wisconsin	US
S3-47840497	Multiplex-Paints	Hn 954 8-A, Delhi, Janpath, DL	India
S3-404377113	Onyxjax f/k/a Regional Summit Brand LLC	30468 Tower Road, Elkhart, IN	US
S3-778372924	Lura Sanchez, MD,  P.C.	2172 Salem Street, # 102, APEX CDP, North Carolina	US
S3-237698530	Harbor  Smart Morgan Partners	#11615 Valley Road, Fairfax, Virginia	US
S3-956979333	Blue  Committee	Baton Rouge City, Louisiana, 3911 Prescott Rd	US
S3-385344879	Sarasaksh Trading		India
S3-19915735	Christenson Choice 8outique	69 Timberwilde Drive, Trinity, Texas	US
S3-258192637	Sri Premier Investments Private Limited	At Marul Tal - Yawal; Dist - Jalgaon, Jalgaon, MH	India
S3-396271701	Inside Technologies Partatt [Limited]	Gala No-1, Plot No-1231, Kwc, Steel Market, Road Number 14, Nr. Sai Mandir, Kalambol, I, Navi Mumbai, Raigarh, MH	India
S3-609214923	লোটাস ইন্ডাস্ট্রিজ প্রাইভেট লিমিটেড	Block G-936 12/1, Netaji Subhas Road, Howrah, Kolkata, WB	India
S3-844634154	Kolkata Mines Private Ltd	142/1A Sarat Bose Road1st Floor Suite No 1A & 1B, Kolkata, Calcutta, WB	India
S3-601715491	South Lending	456 Morning Star Road, Pantego, North Carolina	US
S3-523757899	Solbrix	42 Hickrey Drive, WV, Evans	US
S3-245045730	Fitzgibbon & Mannix Pizza  Clinic Corp	410 Sumac Lane, Provo, Utah	US
S3-895465057	Alliance Services Center	757/8, Dhanasree Motors, Dhanasree Plazza, Nanniyo, Nedumangad, Thiruvananthapuram, Trivandrum, KL	India
S3-641521762	M/s SUN TECH LLP	ಕರ್ನಾಟಕ, Bangalore, Bengaluru, No 2404	India
S3-608860325	Samvit Ltd India	Plot 606 Mukta Market Complex At- Gopabandhu Chhak, Jajpur, OD	India
S3-769912703	Vision प्रॉपर्टीज Private Limited	101 & 1015, 10Th Floor, Panchshil Plaza, Gamdevi, Hughes Road, Grant Road (West), Mumbai, महाराष्ट्र	India
S3-362266283	The Statesville Interstate Jena	Tomlin Mill Rd, Statesville, North Carolina	US
S3-459784605	Thrissur Infratel Prívate Limited	28/105B Pm Ibrahim Vellur Colony Line, Patturaikal-22, Thrissur, കേരളം	India
S3-677292792	Dermatology Holly Associates of Care Springs	7281 42, Holly Springs, North Carolina	US
S3-381230337	Fayebelo t/a Holy Methodist Church Center	Unit 160, Phoenix, AZ, 2122 Butler Drive	US
S3-157537504	Kelofaye DBA: Regional Environmental International LLC	1117 Gregg Street, Raleigh, NC	US
S3-716379787	கேலக்ஸி இன்ஃப்ராஸ்ட்ரக்சர் பிரைவேட் லிமிடெட்	தமிழ்நாடு, Hn 489 C-108, Tiruchirappalli, 5Th Cross East, Fort Station Road Thillai Nagar, Tiruchirappalli	India
S3-934016612	Royal Trading Pvt Ltd.	DL, South West, H.no 38 Paschim Marg Vasant Vihar, Thane	India
S3-265977087	Interfaith Center	254 47, Saranac Lake, New York	US
S3-262372748	A Cbnbr 3 All	36010 2, # 19, Sultan, Washington	US
S3-346494808	Onyxecto	Block B-856- A-8, Gorakhpur, UP	India
S3-923583359	Nielsen Medicines Inc.	17968 Royal Oak Ct, PMB 9617, Tinley Park, Illinois	US
S3-598778555	Best Freight Inc	14413d Sedgwick Drive, Granger, Indiana	US
S3-703779940	Sri Imagine Trading Private	N-012/304 J-12, Shiv Raj Nagar Colony, Mahmoorganj, Varanasi, UP	India
S3-256492598	Nupur Global	Block C-185. 121, Lake Town, Block-a, North 24 Parganas, North 24 Pgs, WB	India
S3-848539973	Veterans of Division Affairs	150 Keelen Dr, Fl 0, Saint Louis, Missouri	US
S3-373722659	Pe Surya Tech Limited	#409, Mumbai, Mumbai City, महाराष्ट्र	India
S3-196450428	Ectonexnyla trading as 204 Park Street Associates LLC	20700 Cordill Lane, Spicewood, TX	US
S3-316743380	Lishe Mcvey Grading	Charlotte, 10011. Queens Oak Ct, North Carolina	US
S3-268007376	Adelaida A. Baker, Baker, M.D., DDS (PC)	North Carolina, Jamesville, 1220 Hardison Dr	US
S3-244959952	Hoekstra & Nieto	Oak Meadows Road, Birmingham, Alabama	US
S3-853250833	Shakti Tdtagon Ltd		India
S3-527949470	-- Behavioral Health  Silver Partners LLC	100 Sunmar Ct, # Apartment 4C, Gwynn Oak, Maryland	US
S3-708402489	Ashoka Realty Private  Limited	No.20 3Rd Floor, Shankarmutt Main Road, Shankarpuram, Bangalore, KA	India
S3-375872613	Insttithte Links Of Technology	MP, 404 B, Indore, Tirupati Business Center, 22/1 South Tukuganj, Indore	India
S3-703291387	Thomas'S American LLC Service	Kenton, Ohio, 234 Espy Street	US
S3-198272359	Northwind LLC	7844 Culloden Crest Ln, Prince William County, Virginia	US
S3-468787061	Mathieu Total Ínflection Inc	3401 Cleveland Avenue, Village Of Plover, Wisconsin	US
S3-52843767	Shree Producer [Private]	Mangrulpir, Akola, MH, 358 C/o Sunita Pandurang Kothale Ward No. 1 Near Gram Panchayat At Po Shelubazar	India
S3-540291945	Ráven	213 Wards Lane, Crewe, Virginia	US
S3-16007615	Gildariajax	28 Second Floor, Right Side . Okhla Indust, New Delhi, South Delhi, दिल्ली	India
S3-401690553	Pvt Dlhi Gas Ltd	9, null, Delhi, North West, DL	India
S3-184091939	Atlantic Crystal	1111 Coffey Lane, Unit 303, Newberg, Oregon	US
S3-12715629	Smith Express  Harbors	800, Jasonville, Indiana	US
S3-411743918	Ariazeta f/k/a Sree Infotech Private Limited	F-91 Sector 8, Noida, Gautam Buddha Nagar, Uttar Pradesh	India
S3-545758969	MC Tradeign Private Limited	Hyderabad, F-9-205, Hyderabad, TG	India
S3-249778402	HYDERABAD SOFT PRIVATE LIMITED	#6-3-1112/7, Hyderabad, TG	India
S3-40257457	Womens Health Clinic	570 Turtle Neck Road, Aleaxnder CITY, Alabama	US
S3-723891909	North  Tirupati Infrastructure Private Limited	101, Dadri, Gautam Buddha Nagar, UP	India
S3-374447574	2251 madison lane holdings	3311 Benjamin St, Minneapolis, Minnesota	US
S3-101418813	Brk (India) Producer Private  Limited	No. 793/7 29, 48 Chambers Jhokan Bagh Civil Lines, Jhansi, UP	India
S3-425516707	#shivainfra	Mumbai City, A-601., Bombay, MH	India
S3-955361240	Ines Liu Colonial	4755 Rolling Meadows Lane, Signal Mountaain, Tennessee	US
S3-197768583	Indian  Business Pvt Ltd	419, 4Th Floor, Atlanta Estate, Mumbai, Goregaon East, MH	India
S3-833138509	Classic Management Private Limited	0025/303 Hansa Tower, Central Market Ashok Vihar, Delhi, दिल्ली	India
S3-768148386	Back Alley Massage	670D St Charles Road, Carol Stream, Illinois, Unit 103	US
S3-568260764	Future Industries Private	Door No 171, Karnal, N/A, HR	India
S3-733291034	Vikash School Public	WB, Kolkata, Howrah, 2 Oc Ganguly Sarani	India
S3-954245370	Alliance India Pvt  Ltd	F.no 401/402, 4Th Floor, Hicon Heights Plot No 108, 24Th Road, Bandra West, Mumbai, MH	India
S3-585159086	HAL 5ervices  Private Limited	8-2-293/82/A/1259, Shaikpet, Hyderabad, Andhra Pradesh	India
S3-994434104	Perez, Atkins and Nathanson	Mansfield, Texas, 880 Turner Way	US
S3-348119456	Elgin  Tourism Pvt Ltd	C-3, Ground Floor, Kh. No.515/1, Main Road South Ganesh Nagar, Near Fair Deel Auto, Mobile, Delhi, East Delhi, दिल्ली	India
S3-469917121	A & Z Equity		US
S3-214276298	Sterling  & Co.	Near Swami Narayan Vada Savasar Naka Anjar, Kachchh, GJ	India
S3-422697049	Gujarat International Private (Ltd)	208, V3 Landmark Building, Nr. Gopinathji Showroom Atladara Padara Road, Atladara, Vadodara, Baroda, ગુજરાત	India
S3-585004399	The Loque	Texas, 1636 1153, Seymour	US
S3-565746789	Firefighters Union Local Enterprises		US
S3-649251766	enggsamarpanindia.com	1St Floor, NULL, Amritsar, PB	India
S3-511486726	Inc Deis	257 Samuel Dr, Opp, Alabama	US
S3-137110932	Private Ideal and Sons Limited	##226, Bangalore, KA	India
S3-551397960	Clark, Ross and Young	N7092 33rd Drive, Fremont, Wisconsin	US
S3-642834056	Private Apex Lgisitcs Limited	3327 A/112/1, Anand Nagar Near Kapil Ice Cream, Gurgaon, HR	India
S3-131619643	13 29 (Tokyo)	3311-3315 Tanterra Circle, Brookeville, Maryland	US
S3-576198191	BIERLY NEWS INC.	6954 Jackson Ct, Merrillville, Indiana	US
S3-308020969	Behavioral Health Silver Ptnlecs  LLC	Sunmar Ct, # Apartment 4C, Gwynn Oak, Maryland	US
S3-450592380	South Lightwave	2111 Coddington Road, Caroline, New York	US
S3-409803800	A & Z Équity Inc.	100 Colt Loop, KLYE, Texas	US
S3-759524534	Ss Prcaodfcer Limited Limited	Plot No.47/2 &3, West Maredpally, Hyderabad, TG	India
S3-367076371	Hernandez Apex Chemica1  Partners	Virginia, Isle Of Wight County, 10280- Park Street	US
S3-520999617	Laor  LLC	79-20 149 Street, Flushing, New York	US
S3-160492412	Samridhi Storage  Corp	<NULL>, WB, Howrah, 5/4.	India
S3-786451133	Main 5treet Mssage	Dolton, PO Box 8348, Illinois, 14446 Woodlawn Ave	US
S3-650605681	Xiao Group	239 Whaley Strete, Freeport, New York	US
S3-833392466	Gold  Hospitality Private Limited	Shed No 754. 2, Vadodara, GJ, Vadodara	India
S3-159533662	Pediatric-Dentistry Metro Specialists	3609 Sipsons Trace, Deerfield Twp, Ohio	US
S3-36622089	Dr Sahiba (lndia) Housing	No 80 Room No. M 5 X 4 2/2 Kamawadi, Dinquarry Road, Panjrapol, Deon, Ar, Mumbai, Mumbai City, MH	India
S3-661705593	Balderas Bíracilik Bíracilik	7454 Sr 113, Berlin Heights, Ohio	US
S3-549288300	One Ss C0nstructions Ltd	7/406, Paramban House, Iringallur, Tirurangadi, Malappuram, Malapuram, KL	India
S3-405073792	Center School Infiniti	Plot No 7 K N Enclave Ramdsa Nagar Old Municipal Office Road (, Hyderabad, Jawaharnagar, తెలంగాణ	India
S3-367200791	Jai Sotliosn  LLP	Thane, River Retreat, Casa Rio Kalyan Shil Road, MH, Kalyan, A -C-403	India
S3-757461433	Smith Public Empire L.L.C.	133 Belmont St, Akron, Ohio	US
S3-190580239	Pioneer Rate Ínc		US
S3-179736149	YB [Golden]	H.no 3 Shivji Marg Westend Greens Rangpuri, New Delhi, दिल्ली, South Delhi	India
S3-636314868	solsticetax.com	2335 Black Spruce Court, Goldstream, Alaska	US
S3-313440033	UROLOGY PARTNERS LLC	222 Main Street, Star, North Carolina	US
S3-988583965	Beix (Incorporated)	Orly Ln, Wilmington, North Carolina	US
S3-671090042	Nexzetaquo	3/4, 75C, 3Rd Floor, Kamdhenu Building, Kolkata, Kolkata, Howrah, West Bengal	India
S3-341307929	Limited Garuda Services Service	Door No 7-230 Raja Park Sindhi Colony Adarsh Nagar, Jaipur, RJ	India
S3-971509646	International Industries Group Associates	Block B-69 Plot No D-3, 6-D Engineers Colony Manyawas New Sanganer Road, Jaipur, RJ	India
S3-334242921	Ish  Valves Corp	Plot 885 702, Mumbai City, MH	India
S3-401958495	Indian Bright Investments  Private Limited	C/o Manoj Kumar Verma, Suryapuri Colony Sarita Vihar, Near Surya Mandir, Kendui, Gaya Bihar, BR	India
S3-250408939	Vanguard Empire, Corp.	231 Philadelphia Pike, Wilmington, Delaware	US
S3-533968230	Chapman'S Diagnostics Associates	21 Intervale Road, Dedham, Massachusetts	US
S3-689059564	LLC M & E Analytics	Oklahoma, Enid, 502 Greg Dr, N/A	US
S3-574367032	Gurukripa Business Limited Services	3388/6, 1St Floor, Krishvi, Opp. 6Th Cross, Mahalakshmi Layout, Davanagere, Davangere, KA	India
S3-548090659	elorasbistro.com	108 Heitage Ridge Court, Knightdale, North Carolina	US
S3-476983849	KIC National Art Inc	#80 24, Beulaville Towship, North Carolina	US
S3-918474252	Ivett Jean Homecare Ltd	2218 Terrace Pl, NULL, Sioux City, Iowa	US
S3-869913789	securegrandinvescocom	Texas, Spring, Clay Stone Ct	US
S3-721891302	Motecus Cross	8754 Cth C, Town Of Gardner, Wisconsin	US
S3-946856332	Cashion-& Duhon 0pendoor Inc	1017 Emerald Terrace, City Of Sun Prairie, Wisconsin	US
S3-818269663	Federal Semiconduotr Systems Inc	259 Shore Road, Lake Pleaant, New York	US
S3-298242214	kellervaluegrill.com	North Carolina, Washington, 219-221 Pamlico Dr	US
S3-847691920	Lotus Ram Hospitality Private	1004, Mumbai, MH	India
S3-52810700	h3x.com	California, Santa Cruz, Branciforte Avenue	US
S3-991119362	>> Indian Builders Private	H.no 00406 H. No.-475, Palam Vihar, Gurgaon, हरियाणा	India
S3-725969348	Eye  Associates	33 Heatherwood Drive, Texarkana, Texas	US
S3-697761495	Culver Ashford	8664-8668 Blue Jay Way, Citrus Heights, California	US
S3-169185870	National Investments Llc	01481 8, Town Of Armstrong Creek, Wisconsin	US
S3-985429817	star biotherapeutics inc	1 Pineridge St, Melville CP, New York	US
S3-584676977	Maspvindia.Com #34604	B-23/6878/27, Ludhiana, ਪੰਜਾਬ	India
S3-758572390	Grand Infrastructure Products P.L.L.C.		US
S3-69151709	Korarcevo	190rd Avenue, Gresham, Oregon	US
S3-286643445	Herrin	13929 Poelstra Street, Vail, Arizona	US
S3-971757685	Summit Institute	5495 A Street, Springfield, Oregon	US
S3-406104592	Noque Cafe LLC	2327. San Lucki Way, Knoxville, Tennessee	US
S3-835246685	Joanna Fryman, Cpa, M.D., (P.C.)	3133 Coach Houe Ln, Virginia Beach, Virginia	US
S3-969135680	13 29 ([Tokyo])	3311-3315 Tanterra Cir, Brookeville, Maryland	US
S3-628683446	Foundation Oriental Tax Private	C/o Prashant Yadav H-#17 Vikas Nagar Rajgarh Police Station Premnagar, Jhansi, UP	India
S3-74153829	Chapman's Dagestics Associates	21 Intervale Rd, Dedham, Massachusetts	US
S3-158431869	stevens canadian	Juniper Drive, Saugus, Massachusetts	US
S3-733792772	federal huntington inc	7315 1/2 Old Dickersons Rd, Orange, Virginia	US
S3-694629575	Eastern-Impex Private Ltd	Plto 5-1. A/p Sanaswadi Bhandari Estate Tal Shirur, Pune, MH	India
S3-210434169	The Continental Foundation LLC	#30W 179 Attleboro Ct, Warrenville, Illinois	US
S3-631798048	ಮೈ ಕ್ರಿಯೇಟಿವ್ ಸರ್ವಿಸಸ್ ಪ್ರೈವೇಟ್ ಲಿಮಿಟೆಡ್	Door No 1275 Gaganachumbi Double, Mysore, KA	India
S3-649539384	Ace Tokyo	7916 Briarglen Drive, Elkridge, Maryland	US
S3-866499551	M/s Tirupati Energy Priveat Limited	#1405, 14Th Floor, B-wing, Manav Kalyan Chs Ltd., Link Road, Bangur Nagar, Goregaon West, Mumbai, Mumbai City, MH	India
S3-539749079	Suryam Services  Private	महाराष्ट्र, Tal-gadhinglaj, H. No. 1338 Nesari, Kolhapur	India
S3-157005002	Complete American Ring LLC	255 4st Ave, Ontario, Oregon, PMB 920	US
S3-539954460	ब्लू इंडो एंटरप्राइजेज	C/o Rajendra Kumar Jain, Ward No. 16, Gayatri Nagar, Sagar, MP	India
S3-517196599	Onyxflux	22 Elm Streit, New York, Woodbury	US
S3-538571276	Shri mlkcopier.com	Shop No-1-3, Nagar Nigam Compound Pragati Nagar, Burhanpur, Burhanpur, East Nimar, MP	India
S3-911769208	Candi Stewart,-L.C.S.W.,		US
S3-888693941	Behavioral Health Partners óf Virginia Beach City	1769 Box Elder Arch, Virginia Beach City, Virginia	US
S3-894990045	Industrial  Corp Services	Sr No 163/2A, Plot No -11, Adarsh Colony, Pune(cb), Pune, Pune City, MH	India
S3-29896424	रेड मार्केटिंग	C-286, Mumbai, Kalbadevi Road, MH	India
S3-626768292	Hot1ine Design Private	H No 1-11-38/90- Near Sri Basaweshwara Co-operative Basaweshwara Colony, Raichur, ಕರ್ನಾಟಕ	India
S3-727461540	@qualityasset	2488 Pierce Ct, City Of Simi Valley, California	US
S3-433879730	Cure (Tavem)	Sixth St, Owensboro, Kentucky	US
S3-520592911	Shri 0ils Mraiie Private Limited	H.no 4 Ravidarshan Apartment, Edulji Road, Tembhi Naka, Thane, MH	India
S3-650034664	सेवन वेंचर्स लिमिटेड	DL, South West Delhi, Near Pole No 534, Mundhela Khurd, 55, New Delhi	India
S3-176933572	Rms Private Limited Center	Door No 11, Sai Priya Colony, Dammaiguda, Hyderabad, N/A, Andhra Pradesh	India
S3-180258644	Kamakhya Reamil	Lakshmi Vihar, Phase 1, Serilingampally, Hyderabad, Plat # 176, Hyderabad, తెలంగాణ	India
S3-421776348	Rodriguez, Richardson & Trujiao LLC	240 Paddock Cir, NULL, IOWA CITY CDP, Iowa	US
S3-117560381	Calopyra née First Fellowship	741 Main Street, Pennsburg Borough, PA	US
S3-117776802	ग्लोबल इंजीनियरिंग प्रा. लि.	Door No 651 Sr No. 53/8 Siddhivinayak, Sankalp-2 Undri, Pune City, Pune, MH	India
S3-463000169	Clean Wellness	7300 159th Street, Orland PARK CITY, Illinois	US
S3-781649535	Diva Investment Proste Limited	820/2, Runanubandh Apartments, Manas Lane, Off Bhandarkar Road, Pune, महाराष्ट्र	India
S3-438668230	Watson Costamafre Inc	4102. Osborn Road, Maryvale, Arizona	US
S3-911254528	Capital Mbmistrires	292 Masters Dr, Dallas, Texas	US
S3-48370388	Nylajaxyuma DBA Aero Nursing Home	2/3, Premniwas, National Road Bhandup (West), Mumbai, Mumbai City, Maharashtra	India
S3-180755989	Zack Fórtis Inc.		US
S3-679848053	Danville  Cornerstone	1020 Campbell Ln, Daanville, Illinois	US
S3-384830992	Nandan Consultants Private Límited	D.no.9-40/19 Visalakshinagar, Visakhapatnam Region, Vishakhapatnam, AP	India
S3-5320827	Globe Laboratories Pvt	14D 14Th Flooratma Ram House1 Tolstory Marg, <NULL>, South Delhi, DL	India
S3-983960816	pediatricdentalmedicine.com	1011 Spring Creek Road, Collinsville, Texas	US
S3-653707578	Griffin Modern Chemical LLC	Indiana, 001531 600, Sullivan	US
S3-756736120	Coimbatore Kapoor [Private]	Door No 6, Coimbatore, தமிழ்நாடு	India
S3-289319417	M/s Elgin Ltd Pvt Tourism	East Delhi, दिल्ली, Delhi, C-3	India
S3-130131408	Smt Western Limited-Private Technologies	Banglore, KA, Door No #93, Bangalore	India
S3-629270575	Oncology  Specialists LLC	640 61 St, Brooklyn, New York	US
S3-684768842	Family Coastal Inc	65, Building Building 8, Foley, Alabama	US
S3-593342815	chhfashion.com	55 - Silvar 2 Nr. Nova Petrocam, Ahmedabad, Ahmadabad, GJ	India
S3-156407104	Qualcon Safety Private	No.41 Jayalakshmi Nagark K Nagar Tliruchirapalli, Tiruchirappalli, 620 001, தமிழ்நாடு	India
S3-31021195	omexgroupcompanies.com	Howrah, Sankrail, Champatala, WB, C/o Phanindra Nath Pal	India
S3-721350312	Eye Pinnacle Specialists LLC	2293 Stonehenge Dr, Raleigh, North Carolina	US
S3-659020566	Adwin Group of Companies Corp	D-596, South Delhi, New Delhi, DL	India
S3-299679644	transcendent entertainment private limited	Bl-a, 398 Ho Chi Minh Sarani, Kolkata, Kolkata, Howrah, WB	India
S3-414180530	Asset Building Mínistries	6716 289th St, Valley, Nebraska	US
S3-761732076	RIUBC	1115 Walker Place, Unit Apt 1, Jonesboro, AR	US
S3-401679176	Prism  Retail Private Limited | www.prismret.com	C/o-puspanjali Routray, Bhadrak, OD, N/A	India
S3-296843266	QK Bancorporation L.L.C.	##3410 Cordell Rd, New Palestine, Indiana	US
S3-270923199	mukta law chambers (ID: 36828)	41 Sea Breeze Bldgjuhu Tara Road, Mumbai, Mumbai City, MH	India
S3-679711804	Rahel Richardson Pacific Inc	22 Riverlands Dr, Unit A, Newport News City, Virginia	US
S3-895690520	Eulalie's Roofing	05535 Desert Hills Drive, Cave Creek, Arizona	US
S3-833197112	elite steels (india) private private limited	House No S-2/52 Street 3, Swarn Park Extension, West Delhi, DL	India
S3-469200591	Priska & Sons  Private Limited	B-405 Tower Pearl, Bdi Sunshine City Bhiwadi, Tijara, Alwar, राजस्थान	India
S3-396125832	Wood Schoen & Smith LLC	512 Liberty Drive, Wheaton, Illinois	US
S3-657324514	Safe  Diagnostic Services	7935-A Trinity Cir, Tinley PARK ICTY, Illinois	US
S3-107163903	mountainking.com	Riverbanks Rd, Grants Pass, Oregon	US
S3-819539914	Sarasan Limited Services	उत्तर प्रदेश, Noida, Block Chestnut, Gh 04 Mahagun Mywoods, Gautam Buddha Nagar, 09133	India
S3-914383398	Ace Consultants Pivaite Limited	Mumbai, MH, 703	India
S3-472926056	High Ventures	No. 7-465 Narsingarh House, 23, Pragati Vihar, Bicholi Mardana, Indore, Dudhia, मध्य प्रदेश	India
S3-242888374	Maid Maid Deli	Sevierville, 1549 1/2 Clabo Hollow Rd, Tennessee	US
S3-782144263	Silver Power Private	Door No 3/12 Podar Building No 2Dr Maisuri Road Samdalar Street Road, Mumbai City, Mumbai, महाराष्ट्र	India
S3-265485089	BENSON TABLE INC	013 Water Hyssop Loop, Leanedr, Texas	US
S3-366577916	Cozy Pdfoa PLLC	Cincinnati, Ohio, 719C Ashford Ct	US
S3-670541218	Bright Nippon	258 Chillum Place, Washington, District of Columbia	US
S3-768319076	Mr Singh & Brothers Pvt  Ltd	Rial Garden Peermuchalla, Mohali, 1-51C Third Floor Impe, ਪੰਜਾਬ, Derabassi	India
S3-818351828	Wolski Mountain	551 Oakland Ave, Milton, North Dakota	US
S3-316742541	Vicinity Technologies (Nidia) Private Limited	32 33, North 24 Paraganas, Howrah, পশ্চিমবঙ্গ	India
S3-993611022	Joanna Fryman CPA M.D. P.C.	3133 Coach House Lane, Virginia Beach, Virginia	US
S3-258714332	Sterling-Inc.	Massachusetts, Lynn, 69 Lynnway	US
S3-609006529	Dixon Marketa	Joseph St, Anchorage, Alaska	US
S3-817610482	M/s Sunrise Private Limited Service	No #2 4Th Cross Muniswamy Reddy Layout, Bangalore North, Bangalore, KA	India
S3-705700015	Seven Gold Constructions [Private]		India
S3-130639079	oncology specialists llc	640 61 Street, Brooklyn, New York	US
S3-162358459	Veozeph	001420 Fourth Street, Asotin, Washington	US
S3-696731659	Bevodyne Care Corp	745 Broadway Saint, Coal City, Illinois	US
S3-661100566	Sri Nylalumdelta	Door No 202 Plot No G-54 Ground Floor Vardhman Central Mall Lsc, Nehru Vihar Landmark Mother Dairy, South Delhi, North Delhi, दिल्ली	India
S3-922225752	COLONIAL ASSOCIATION ASSOCIATION	649 Delavan Avenue, Buffalo, New York	US
S3-894611810	Cochran & West Advisors LP	Georgia, 609 Rankin St, Atlanta	US
S3-836417584	Dermatology Group LLC	110 Tim Curt, Oak City, North Carolina	US
S3-468188842	Zetasyn	Mumbai City, Mumbai, महाराष्ट्र, Fourth Floor, Opp. Asian Paints L.b.s. Marg, Bhandup (W), 401-D	India
S3-857954396	Siddhanath Mauli Private [Limited]	পশ্চিমবঙ্গ, 161/1 Mahatma Gandhi Roadroom No. 34, Kolkata, Calcutta	India
S3-885816770	Sheela Lone Tri-State  Star, Inc	14 Main Street, Medford, Massachusetts	US
S3-900079651	Star Alliance Center	5045 Collina Place, North Highlands, California	US
S3-180032483	Industrial Traders Corporation	Pune, Plot No -11, Adarsh Colony, Pune(cb), Pune City, Sr No 163/2A, MH	India
S3-104467026	Credit  Co Center	Block F-10 B-209, First Floor, Ashok Vihar, Phase-i, North West, Delhi, DL	India
S3-525216729	Candis's  Apex	17215 1/2 Vintage Wood Lane, Spring, Texas	US
S3-218874793	Roopva Chemicals	C/o Ram Saran Adhirajpur Naraicha, Fatehpur, उत्तर प्रदेश	India
S3-743528946	Integrated Consumer Enterprises Incorporated	253 Founteenth Ave, Oregon, Milton-Freewater	US
S3-203505954	physicaltherapycustom.com	5, Pulaski, New York	US
S3-270949908	Precision LLC  Center	1010 Old Main Street, Hartford, Kentucky	US
S3-286104111	Square Consultancy Private	Sector B Kalunga Industrial Estate Kalunga Rourkela, Sundargarh, OD	India
S3-565741016	கோல்டு ஐடி பிரைவேட் லிமிடெட்	TN, Chennai, No: 2E, Tambaram, Sriraman Nagar, Ist Street Vignarajapuram, Vengaivasal	India
S3-175394130	Minarva & Co  Corporation	#6-43/8, C.k.garden, Moonshine Apart St.thomas Town Post, Cooke Town, Bangalore, KA	India
S3-65526730	chennai-61 systems private 1imited	4, 32 Streetnanganallur Chennai-61, Chennai, TN	India
S3-400590797	Balaji Management പ്രൈവറ്റ് ലിമിറ്റഡ്	Xl/96indian Guest House Palace Durbar Hall Road, Ernakulam, കേരളം	India
S3-64387901	Foot & Ásmkale Health		US
S3-63907912	Foot & Ankle Specialists	2517 Canyon Metdows Dr, Missouri City, Texas	US
S3-721916764	Atlas LP	306 Walnut St, Csatalia, Ohio	US
S3-436225511	Orthopedic [Trusted] | www.orthopedic.com	223 28nd Ave, Moline, Illinois	US
S3-899065996	Mumbai Learning Pvt  Ltd	Block F-556 3-B, Matru Mandir, 278 Tardeo Road, Mumbai, Mumbai City, MH	India
S3-713069826	Giles, Lutton & Raatdo LLC	201 Gillespie Drive, Unit 10103, Frnklin, Tennessee	US
S3-515850199	#platinumautomation	Ames, 1300 Coconino Rd, Iowa	US
S3-424936038	Federal Electronics Systems Inc	Unit Apartment C, Parkville, Maryland, 6633 Wycombe Way	US
S3-139623733	স্টার অ্যাগ্রো প্রাইভেট লিমিটেড	No. 797 Paschim Daspara, Baikunthapur Purbasha Complex, Sonarpur, Kolkata, Howrah, WB	India
S3-783740886	M/s Sea (India) Cutting Private Ltd (ID: 86554)	55-56, Vairam Street, Opposite To Vasavi Vidyalay, Coimbatore, TN	India
S3-141270546	Star Sere Can Inc	##2909 Midland Ave, Memphis, Tennessee	US
S3-184369897	Herrin-Corporation	13929 Poelstra St, Vail, Arizona	US
S3-754363491	VMI Éntértainment Ltd	D-370, Pandav Nagar Complex, New Delhi, DL	India
S3-355137670	Innovative	D- 76, P. C. Colony, Kakkarbagh, Sampatchak, Patna, Bihar	India
S3-201278018	holy israel pllc	Grand Island, 255. Forest Creek Ln, New York	US
S3-360154088	Surya Tech Private Ltd Ltd	#409, Building Samarth Vaibhav Off New Link Road, Oshiwara, Andheri Wes, T, Mumbai, Mumbai City, MH	India
S3-735960179	The Isahella Ferraro, DO	615 Sparkling Light Dr, Del Valle, Texas	US
S3-234345344	यूनाइटेड इंफ्रास्ट्रक्चर प्राइवेट लिमिटेड	H No 30/113-Mcd-142 Ground Floor, New Delhi, दिल्ली, South Delhi	India
S3-348953088	Vanguard Medical Solutions, Llc	7111 Straccioni Lane, Pricne George, Virginia	US
S3-819131907	Ridge Quality Cahgres-LLC	546 Chicopee Street, # 301A, Chicopee, Massachusetts	US
S3-949731650	Nexgild F/K/A Premier Marketing Laboratories LLC	TX, Houston, 523 Remington Green Court	US
S3-731059895	Pratikservices.Com	#564 A-37 Road No 12 Banjarahills, Hyderabad, TG	India
S3-554177802	Smt Apex (Iina) Press-Private Limited	###01, R.c. Marg Vashi Naka, Near Manish Vijay Complex Opp. Islampur, Chembur, Mumbai, Mumbai City, MH	India
S3-76550117	Karmen Mckee,	1432 South Fork Drive, Pecos, Arizona	US
S3-452713397	Crowder Pharma (ID: 63011)	716 Fairway Drive, Unit APT E, Eansville, Indiana	US
S3-177827314	ONCOLOGY CLINIC COLUMBUS	2005 Franklin Street, Columbus, Indiana	US
S3-842844104	Monaco [Mobile]	9909 97, Terrebonne, Oregon	US
S3-66093354	Noor-Projects	Flat No. D/b3/507 Vardhaman Township S No. 44A Sasane Nagar Hadapsar, Poona, Pune, महाराष्ट्र	India
S3-972555644	Fayequo	1305 Weston Street, City Of La Crosse, WI	US
S3-311976747	lainezhouse.com	New York, 57 Florida St, Buffalo	US
S3-947271409	Solis Capital Pembina  LP	163 Colgate Ave, Springfield, Missouri	US
S3-696838374	HW-Broadband	266 Sweetman Rd, Ballston Spa, New York	US
S3-164259835	Venkata (Partners)	Block G-741 Pitashri Industries Rupchand Mhsake B51 Midc Phase3 Nagewadi, Jalna, MH	India
S3-956045056	Nexaria DBA: Aurea Romero Gulf Infrastructure, LLC	602 Scuttle Court, Joppa, MD	US
S3-532577199	Laksh Brothers	B-357a, New Delhi, DL	India
S3-175960356	Plunkett and Fischer LLC Service Service	5543 Spur Ln, Mckinney, Texas	US
S3-727113022	Shri Ridhi Enerrpises Private Limited	#220 P.no.4 And 4 A, Hyderabad City Region, Hyderabad, TG	India
S3-960502301	north parts	10101 Twenty Mile Rd, Adel, Oregon	US
S3-260716081	Happy Cleaning Service	Kansas, Ottawa, 2349-2353 Stafford Ter	US
S3-96263487	इंडियन ब्राइट इन्वेस्टमेंट्स प्राइवेट लिमिटेड	C/o Manoj Kumar Verma, Suryapuri Colony Sarita Vihar, Near Surya Mandir, Kendui, Gaya Bihar, BR	India
S3-922086343	Sri Sarkar Marketing L.L.P.	9611/13, Motia Khan Multani Dhanda, Paharganj, New Delhi, East Delhi, दिल्ली	India
S3-264458249	Elliott Translational Services	245 Farragut Ave, Hastings On Hudson, New York	US
S3-964693955	Si  Trading	Sno 2/1/1 Shop No.2 Bld A, Divineaundh Nrcosmos Bank, Pune, महाराष्ट्र	India
S3-580972169	American Blue Newbury	75 Forest Park Ave, Massachusetts, Springfield	US
S3-847493938	Maxi Ligons Smart Waste Incorporated	10288 56th St, Clear Lake, Minnesota	US
S3-652984493	Blue Auto Body (PC)	815 Shady Lane, Charleston, West Virginia	US
S3-152289445	Dr Aer0 Nrsng Hóme	2/3, Premniwas, National Road Bhandup (West), Mumbai City, Bhandup, MH	India
S3-222774492	Brighton Health Center Services	12082 Big Cottonwood Canyon Rd, Unit 307, Salt Lake City, Utah	US
S3-891087548	Fields Bread  Group	57 Brandywine Lane, Connecticut, Suffield Depot	US
S3-914724559	Gold International Private	C/o Surjeet Singh, Barsi, Jind Road, Jind By Pass, Divreportingcircle, HR	India
S3-311908998	Pioneer	C-20 /2 1Sector 16 Nerul, Navi Mumbai, Maharashtra	India
S3-773119249	Great Fúnd	6418 Castle Crags Avenue, Hesperia, California	US
S3-757497444	New De1hi Clothing Private [Ltd]	B-##45 Greater Kailash-i, New Delhi, DL, N/A	India
S3-190776192	Solutions	10/A, Hira Shiva Colony, Khote Nagar, Jalgaon, Maharashtra	India
S3-493052341	Strategic Asset Dynamics,  LLC	1206 C3 15st Avenue, Yakima, Washington	US
S3-707495956	Properties Ss Family	#482 & 433, 25Th Main, 2Nd Cross, Btm Layout 2Nd Stage, Bangalore Rural, Bangalore, KA	India
S3-325305893	clear patriot trading inc	Roseland Ct, Reynoldsburg CITY, Ohio	US
S3-191694761	Sky Management Private Ltd	House No. #14, New Delhi, West Delhi, दिल्ली	India
S3-809018147	P U &  W Network	965 40th Avenue, Columbia Heights, Minnesota	US
S3-271610344	behavioralhealthmedicine.com	180 Main Street, Unit 515, Amesbury, Massachusetts	US
S3-446299140	eoprotection.com	Hempstead, Unit Apartment 7D, 150 Columbia St, New York	US
S3-890332922	Zaor, LLC	1660- Wilton Rd, Unit #1, Tacoma, Washington	US
S3-604773617	Star Star Foods	Door No 582 D-87, F/f Block-d, East Of Kailash, Mcd Park, Delhi, N/A, DL	India
S3-544662553	Vijay Media Private  Limited	Hno16 Kachnar Barshana, Pass Ekta Nagar Road, Jabalpur, Bhopal, MP	India
S3-542846188	Ashlen Zucker L.L.C. Services	Mountain Brook, Alabama, 3703c Mountain Park Cir	US
S3-851185011	siruvanitraders.com	#0488 634, S.f. Basement Right Side, Gali No. 7, Govindpuri, New Delhi, Kalkaji, DL	India
S3-741166459	The North Tge LLC	015 Sahuaro, Guadalupe, Arizona	US
S3-47169058	Better Sldsy Corporation	Indiana, Indianapolis, 05521 Front Point Court	US
S3-715100641	The  Oncology Heartland Medicine		US
S3-955894632	aditya systems private limited	C-462/1, Iiird Floor Lado Sarai, South Delhi, दिल्ली, Delhi	India
S3-638351876	M/s Tech Logistics	No 2/679, Indore, MP, Bhagirathpura Industrial Area	India
S3-864167476	Pratik Services Limited Center	Door No 564 A-37 Road No 12 Banjarahills, Hyderabad, TG	India
S3-715557272	Deltaveogildx	No. 5/3, Ground Floor, Venkateshwara Complex, 5Th Cross, Kalasipalyam New, Extn, Bangalore., Karnataka	India
S3-550040119	Kupka-Clean Cdtroud	1538 16st Ave, Seattle, Washington	US
S3-966886895	Umbragild dba Indian Foundation Private Limited	9-245/7A, Mdo Office Backstreet Opp Savitha Hospital, Ramanayyapeta, Kakinada, East Godavari, Andhra Pradesh	India
S3-988284780	Pushkaraj Stmabt Stmabt (India) Private Limited	Plot No:27, null, Secunderabad, Hyderabad, Andhra Pradesh	India
S3-933142907	Machinists Union Lódla No 992 LLC	15733 Lundberg Street, Surrpise, Arizona	US
S3-160079793	Southern Equities Private	Hyderabad, # 1-8-308/2 & 1-8-308/2/1, Hyderabad, Andhra Pradesh	India
S3-91441371	Western Technologies Private Ltd	No #93, Homadevanahalli, Basanthpur Begur, Hobli, Bangalore, Banglore, KA	India
S3-667600906	Keziah ínterests Inc	Vitoria, 200 Carter Saint, Texas	US
S3-605071965	Marketing	A-64, Jai Shiv Apartment, C-2, West Enclave, Pitam Pura, Delhi	India
S3-435631593	Xylojax	127, Bassti Hazrat, Noida, New Delhi, DL	India
S3-598431353	Global Traders Private	83, Murlipura Scheme Road, Jaipur, RJ	India
S3-760228105	Davis LLC Services	602 Pierre St, Belgrade, Montana	US
S3-74037205	Smt Prathmesh Services (Private)	Surat, Plot 254 Office No 60-61, Surat, 1St Floor, Princess Plaza, Sardar Chowk, Minio Bazar, Varachha Road, ગુજરાત	India
S3-616196668	Holy [Methodist]	2122 Butler Drive, # 160, Washington, Arizona	US
S3-507999563	Doyle Plrovoeence LLC	1609- Mccallie Ave, Chattanooga, Tennessee	US
S3-310072849	@Southerntechnology	A2 3Rd Floor, Hyderabad, Shaikpet, TG	India
S3-482458224	(Córp) Motecus Cross	8754 Cth C, Town Of Gardner, Wisconsin	US
S3-778714723	Rizasyn dba Community Federation LLC	1698 Natures Way, Lindenhurst, IL	US
S3-707728312	Human Rhhmts [Ministries]	633 Sycamore Street, Ohio, Portsmouth	US
S3-382517691	Ear Nose & Throat Sílver Care	20 C Ks Way, Brevard, North Carolina	US
S3-239760412	Veoumbra DBA Sb Traders Pvt. Ltd.	#Plot No 112, 113, &114, Janaradhana Hills, Gachibowli, Ranga Reddy, Hyderabad, Telangana	India
S3-248354989	Bharat Products Private	#43A, Lotus, Vrundavan, Vikas Nagar, Haveli, महाराष्ट्र	India
S3-999655382	>> METRO METROPOLITAN YIELD L.L.C.	64 Boyd St, Long Beach, New York	US
S3-553577001	Oorja Infra Private Límited	G-1054 Sobha Amethyst Whitefield Hosakote Main Road, Bangalore, KA	India
S3-708632684	Beloveraavi Labs F/K/A Crowder Pharma LLC	Unit APT E, Evansville, IN, 716 Fairway Drive	US
S3-170854488	Shri Ss International  Limited Private	315-C, S. M. Building, 1St Floor, Office No.25/26 Behind Hinduja College, New Charni Road, Mumbai, Mumbai City, महाराष्ट्र	India
S3-507762756	Urgent Care Care Partners Center	2600 Blufield Ave, Nashvillle, Tennessee	US
S3-580527367	Shyam Projects Private	255, B Wing, Bldg-3, Sharma Estate S V Road, Mina International, Jogeshwari, West, Mumbai, Mumbai City, MH	India
S3-272296891	Avaan Nidhi (Indr) Pvt Ltd		India
S3-978002994	Super Industries Pevantr Limited	Ground Floor L-complex Building, Kumarakom Po, Kottayam, KL	India
S3-482756312	FOOT & ANKLE HEALTH	Fort Wayne, Indiana, 4780-4782 Williamsburg Dr	US
S3-709767818	Govind Nagar P.O. Udyog Nagar Buildtech Private Ltd	04, Govind Nagar P.o. Udyog Nagar, Kanpur, उत्तर प्रदेश	India
S3-490273837	Zetahalojax DBA: Zamora Express Private Inc	27 Rivers Run Boulevard, Oak Ridge, TN	US
S3-138349649	Great [Guild]	335 Creekside Ln, Pelham, Alabama	US
S3-815346201	Onyxtavo formerly known as Metropolitan Network	OH, Miamisburg, 5281 Soldiers Home Miamisburg Road	US
S3-13039826	Oriana G. Heaton,	1912 Kalorama Place, # 18, Washington, District of Columbia	US
S3-536483044	Alpha Alpha Ventures Ltd	Rh-82, Shriram Sheshta, Bodipalayam Road, Madukarai Market, Coimbatore South, NULL, தமிழ்நாடு	India
S3-799043850	Vioorbi Formerly P U & W Network	MN, Unit Apartment 709, 965 40th Avenue, Columbia Heights	US
S3-925731443	pacificleague.com	310 Cass St, Chilton, Wisconsin	US
S3-772826906	Day Center-Eugene Center	2802 Applewood Lane, # Apartment 63, Eugene, Oregon	US
S3-94711690	Solutions Amatya Ltd Partners	Supreme Forest Avenue Tower, 6Th Floor Katol Road, Nagpur, MH	India
S3-447667164	Poswa1 Funds-Ltd	Pl 18 Sr 36/3/1 Panchwati, Pimpri Chinchwad, MH	India
S3-872643255	First Business Ltd	B-188, Nihal Vihar, Nangloi, New Delhi, West Delhi, DL	India
S3-370859331	bureauit.com	TN, No.47, Elumalai Street Ayanavaram, Chennai	India
S3-174014845	hittletillmanaskew.com	2827 52, Albemarle, North Carolina	US
S3-792316087	Ledarnet  Inc	2447 Oak Tree Lane, Joliet, Illinois	US
S3-693181019	Elite [Care]		India
S3-898318876	Division of	Wisconsin, Somerset, 318 Cedar St	US
S3-685389320	ggarescom	1023 Monroe Street, Elkhart, Indiana	US
S3-96177494	Global Trading  Private Limited	101, Arun Chambers, Tardeo, Mumbai, MH	India
S3-481318931	Future  Industries Private Limited	N/A, Karnal, हरियाणा, H.no. 171	India
S3-690118441	जय ट्रेडिंग प्राइवेट लिमिटेड	B-7, West Delhi, DL	India
S3-116413668	Taylor Aosscnaeion	2512 Wilson Boulevard, # 1 APT 101, Winchester, Virginia	US
S3-907104331	Apex Energy Piormvcae Limited	D-83 Okhla Industrial Area, New Delhi, South Delhi, दिल्ली	India
S3-546828616	Value Bmtr Bmtr Water LLC	7805 Kenbridge Rd, Windsor Mill, Maryland	US
S3-100565090	Worden, Beasley & Smith LLC	Ohio, 130 Main Street, Dalton	US
S3-949839497	Carroll Choice Melar	1144 Hewitt Ave, Washingotn CITY, Pennsylvania	US
S3-837373766	Private Future Finance Ltd	Door No A-987 B/206, Navrangpura, Ahmedabad, GJ	India
S3-194065890	urologyspecialists.com	10097a Dorrel Rd, Brookville, Indiana	US
S3-406542782	Historical Foufditian	803 Main Street, North Carolina, Grahham	US
S3-530826426	solutions rajani connect corporation	H.no 626 S.no107/1, Shivajinagar, Pune, MH	India
S3-783246414	Rohrbaugh's Iudleacne L.L.C.	1501 Sandy Gen Pl, Sandy Spring, Maryland	US
S3-67500619	Travers Pracsfic Cms  Inc	501 I Street, # UNIT B, Ontario, California	US
S3-779374707	Mills Frontier Elite [Llc]	51 Myrtle St, Unit 6, Malden, Massachusetts	US
S3-107247829	Jay Solutions Limited Services		India
S3-780200531	Pediatric R0id Partners, LLC	222, Middlesex, North Carolina	US
S3-671831236	Certified Portfolio LLC	1135a Kingsport Drive, Wheeling, Illinois	US
S3-219971560	bussmedicalcenter.com	409 Grant St, Salt Lake City, Utah	US
S3-645840379	Links Institute of Technology LLP	No 404 B, MP, Tirupati Business Center, 22/1 South Tukuganj, Indore	India
S3-644760253	Superfast Healthcare Pvt Limited	#3/200C 1, Coimbatore, தமிழ்நாடு	India
S3-729302548	Bloom Bloom Pyrophyte (Inc)	927 Northwestern Ave, Fairview Heights, Illinois	US
S3-686836223	lucknow chandra limited	253/13 Nadan Mahal, Kundre Rakab Ganj, Lucknow, UP	India
S3-28207266	Department Of Lbbor	Mckenzie St, Dallas, Texas	US
S3-884118650	green corporation	Lynnfield, Massachusetts, Hunting Ln	US
S3-802661293	novabrothers.com	E 402., 4Th Floor Casa Bella Gold Spectra Chs, Palava Dombivali E, Thane, महाराष्ट्र	India
S3-290399562	Ofelia-Braley, DMD, DDS [PC]	430 Shore Rd, # Apartment 9J, Long Beach, New York	US
S3-109184034	Capital Ministries Corporation	292 Masters Drive, Dallas, Texas	US
S3-906557261	Adelaida  A. Baker M.D. DDS PC	Jamesville, Hardison Drive, North Carolina	US
S3-849552649	Community Federation Federation Llc	01698 Natures Way, Lindenhurst, Illinois	US
S3-654811929	Martinez, Lewis and Lanuza	114 Kavaney Drive, Bismarck, North Dakota	US
S3-195690592	Sankatharan Pvt. Ltd. (Center)	Hn 28 Office No.225, Thane, MH	India
S3-995104984	Leung Etf	562-564 Washington Ave, # Apartment 2, Albany, New York	US
S3-119529523	Xylobelo a/k/a Vision Center of Pelham LLC	3036 Chandler's Mill Road, NC, Pelham	US
S3-99414564	5ai Enterprises	401, Rangareddy, Indira Nagar, TG	India
S3-511813832	llc blue integrated permian	Arizona, 6834 Canopus Loop, Tucson CDP	US
S3-121255036	Physical Therapy Green Associates INC		US
S3-787137027	Frontier Charities  [P.C.]	8500-B Grantshire Ln, Fl. 0, Saint Louis, Missouri	US
S3-518480035	Umbracira	1St Floor, Mayur Nagar, Above Umiya Hardware, Kamrej Char Rasta, Gujarat, Surat, 580	India
S3-175334866	Surgical Medicine	Cave Creek, 28441 57th Street, Arizona	US
S3-900350765	Rajrani Natural		India
S3-632688115	Platinum  Enbridge	Arizona, Chino Valley, Salida Del Sol	US
S3-140057413	Dreamkraft Gee Private  Limited	Indra Residency, Vadodara, GJ	India
S3-803962212	Shrinath Brothers	Gautam Buddha Nagar, UP, Office No.a-1109, Noida	India
S3-238020923	Pvt New Délhi India Ltd	Right Side . Okhla Indust, दिल्ली, South Delhi, New Delhi, 28 Second Floor	India
S3-589928744	Southern Equities Private [Limited]	Door No 1-8-308/2 & 1-8-308/2/1, 1St Floor, Road No. 1 Patigadda, Begumpet, Secunderabad, Hyderabad, Andhra Pradesh	India
S3-482394747	Innovative  It	Mumbai City, Unit No. 309 3Rd Floor Ashish Indl Est Gokhale Road South Dadar, MH	India
S3-600434732	India Safnsh Services Associates	No 2-60 House No. 4/38/8 Sanchali Bazar, Banga, Nawan Shehar, PB	India
S3-392579532	Noor	Pune, Maharashtra, Flat No. D/507 Vardhaman Township S No. 44A Sasane Nagar Hadapsar, Pune	India
S3-279927916	Complete Analytics Corporation	6356 Wingate St, Fairfax County, Virginia	US
S3-961903052	Shri Ideal and Sons	##226, 4Th Cross, 35Th Main Btm Layout 2Nd Stage, Bangalore, KA	India
S3-750419869	Stahl Tecnntoloies  L.L.C.	4441 Greystone Drive, Concord, North Carolina	US
S3-877261890	Schutz Wen Pllc	605 Pheasant Kno, Mckinney, Texas	US
S3-702280906	Statesville Interstate  Jena	851 Tomlin Mill Road, Statesville, North Carolina	US
S3-206204953	Shri Brg Services Services Private Limited	#39 New No.70 Siva Thottam R.a Puram, Chennai, தமிழ்நாடு	India
S3-494304968	Kpl (india) Private [Limited]	80, GJ, Ahmedabad	India
S3-748369059	Strategic Rftil Innovations LLC	1964 Adams Avenue, Abington Township, Pennsylvania	US
S3-55337148	signatureinterstatelithiumcom	11 Boylston St, Easthampton, Massachusetts	US
S3-444247405	Cornerstone Vaeilo,s LLC #76757	6613-C Loch Raven Boulevard, Unit Apartment B, Northwood, Maryland	US
S3-353513225	Lumberton First Historical Committee	100 Nelson Way, Lumberton, North Carolina	US
S3-927199303	Ciravio	2202b Strong Horse Drive, NULL, Conroe, Texas	US
S3-600807351	Zetavera trading as Toshniwal Architectural Limited	Newno. 16, Ponniammaan Koil Stkottur Chennai 600 085, Chennai 600 085, Chennai, Tamil Nadu	India
S3-563974185	Sky Heights (India) Private	Hn D/394 20-34, Visakhapatnam, Vishakhapatnam, AP	India
S3-424651476	Custom Talent (Associates)	46940 Boe'S Dr, Pelicn Rapids, Minnesota	US
S3-765318261	Lindstrom Blue Youth Ctiorpramic	31242 Orton Drive, Lindstrom, Minnesota	US
S3-194798446	Blevins Classic Royalty  LLC	3107 Kingshighway, Fairmont City, Illinois	US
S3-370671157	Center Economic Development Corporation	1410 La Paz Dr, City Of Ojai, California	US
S3-594852029	Collazo Índustries Índustries	04 Hendersonville Rd, Unit 216, Asheville, North Carolina	US
S3-185762742	Group BL Strategy	H.no 692 A-324 Chattarpur Enclave Phase - Ii, New Delhi, South Delhi, DL	India
S3-863365863	Obrien (Phoenix) Harbor	1545 Templeton Pl, Rockville, Maryland	US
S3-617402131	heartlandcoastalacp.com	King Billings Rd, Traphill, North Carolina	US
S3-597854010	Vargas	1649 Howard Avenue, Des Plaines, IL	US
S3-457022046	Precision  Art	1010 Old Main St, Hartford, Kentucky	US
S3-50960519	Star Defense Systems	1308 Dorchester Drive, Mundelein, Illinois	US
S3-559612454	Cardiology Health Hamburg of Group	153 Chapel Glen Dr, Hamburg, New York	US
S3-35514576	Southern It Limited Services	Hn 817 F-19, Shopping Centre Mansarover Garden, Kirti Nagar New Delhi, DL	India
S3-367760670	Value Taiwan LLC Center Center	00233 Meadows Of Wildwood Boulevard, Grover, Missouri	US
S3-723262024	प्रीमियर कंसल्टिंग प्राइवेट लिमिटेड	2293 Mie, Jhajjar, Rohtak, HR	India
S3-934901493	Burnett and Osbogrne,-LLC	502 Belden St, Sherman, Texas	US
S3-166003376	प्रीमियर विजन ग्लोबल प्राइवेट लिमिटेड	H No ##206 Kumbhephal, Aurangabad, MH	India
S3-139082496	Regional Environmental-Ioterbnational LLC	##1117 Gregg Street, Raleigh, North Carolina	US
S3-878673384	Supreme Frontier Era Inc	7305 Mint Clover Ln, Knoxville, Tennessee	US
S3-245813487	Chatura Hergs Limited	B/804, Pune, महाराष्ट्र	India
S3-340727754	Rocky Trust	30 Auna Dr, Unit 8, Brockton, Massachusetts	US
S3-786622260	विजन टेक्नोलॉजीज लिमिटेड	C - 278/1/11, Gali No. - 11 C - Block, Bhajanpura, Delhi, दिल्ली	India
S3-906881210	Mcdaniel Ponlra Ínc.	#65 Central Park Dr, Scituate, Massachusetts	US
S3-290832380	precision realty company		US
S3-667921819	Family Coastal  Group	731 65, Foley, Alabama	US
S3-834019209	Select Consulting	211. Madison Park Dr, Huntsville, Alabama	US
S3-911117442	hyderabad sustainable private límited	C 1401- My Home Abhra Opp Inorbitmall Madhapur, Hyderabad, TG	India
S3-634421188	1155 Lexington Avenue Partners INC.	603 Wisteria Street, Mansfield, Texas	US
S3-970209707	Solxyloonyx	8213 Hirsch Dr, Charlote CITY, North Carolina	US
S3-407956122	Royal Consultancy Pvt	Plot No-r-6, Khairthal, Alwar, राजस्थान	India
S3-122896260	Nak0der Ltd Partners	C/o Sukhwant Singh, Jalandhar, Nakoder, PB	India
S3-860833772	Division of Consumer	5212-5214 Dry Wells Road, Austin, Texas	US
S3-747113539	Solzeph aka Family Pinnacle Medicine LLC	233 Maybrook Road, Hamptonburgh, NY	US
S3-614067721	Miraaria D.B.A. Southern Ventures Pvt Ltd	1603, Lotus Link Square, K3 K4 Cts 195, Near Apna, Mumbai, Maharashtra	India
S3-414509724	Blue Eurste Inc	Damon Avenue, <NULL>, Ipswich, Massachusetts	US
S3-76051369	Sebrion Llc		US
S3-872531308	Lakshmi Technology [Private]	906 Sukh Sagar Complex, Near Hotel Fortune Landmark, Ashram Road, Usmanpura, Ahmadabad, Ahmedabad, ગુજરાત	India
S3-932975509	Vision Héalth Holdings	7854 Alexander Promenade Place, Raleigh, North Carolina	US
S3-111969567	Servin Cascade Karbon  LLC	Jasmine Cascade Ct, Baytown, Texas	US
S3-853132149	Care	No.1A, Sargunar Salai, Nagalkeni, Chrompetchennai, Sriperumbudur, Kanchipuram, Tamil Nadu	India
S3-193995299	M/s Si Trading Private	Sno 2/1/1 Shop No.2 Bld A, Pune, MH	India
S3-841041835	Mcrae and Jsnin Dogecoin	Blair Pl, Danville City, Virginia	US
S3-311450963	Maid Yoga!	445 Carr Ln, FALL Branch CITY, Tennessee	US
S3-783479501	ovventures.com	No 1289, Bangalore, KA	India
S3-952847703	PFK Roman	8249 15rd St, Howard Lake, Minnesota	US
S3-792611559	Heartnetworkpartners.Com	234  Sapling Lane, Knoxville CTY, Tennessee	US
S3-983812900	Midwest Center Health	##2921 Bay St, Port Angeles, Washington	US
S3-394720398	Liberty Trg	7843 Huber Ct, Indianapolis, Indiana	US
S3-342230444	Mr visionproperties.com	Mumbai, MH, 10Th Floor, Panchshil Plaza, Gamdevi, Hughes Road, Grant Road (West), Mumbai, Door No 101 & 1015	India
S3-662063034	pacificselect.com	Greene St, Mead, Washington	US
S3-726044852	Young and Johnson, Llc	1901. Highland Road, Maryville, Tennessee	US
S3-701910717	KZW Consultants Limited Service	E-c-2/138 Arera Colony, Bhopal, मध्य प्रदेश	India
S3-682595178	Strategic Retail	3029 Cr 145, Alvincity, Texas	US
S3-702066444	Coimbatore Kapoor Prívate Prívate Limited	6, Gopal Samy Kovil Street, Ganapathy, Coimbatore, TN	India
S3-118865156	Total Mobility Laboratories	Manhattan, 4700 Tabor Valley Road, Kansas	US
S3-128733668	Universal Aer0space Concepts	9020 Sunview Trail, Grovertown, Indiana	US
S3-414393023	Royal Studios Consumer	3135 Whip-Poor-Will, Unit 0, Belvidere, Illinois	US
S3-270480506	Vision Atlantic Phyilcians Inc	0305 Eleventh St, # 505, Ocean CITY CITY, Maryland	US
S3-79241177	Gujarat Tech Prirtae Limited	4 Kulada Ray Lane, Khagra, Murshidabad, Berhampore, WB	India
S3-297955793	Pena Praetorian	2100 Pinkerton Road, Zanesville, Ohio	US
S3-461655376	Casique Delta Scuti  LLC	Caballo Rd, Tucson, Arizona	US
S3-379383053	Kalinga India	RJ, C/o Mukesh Singhal, Bari	India
S3-617281902	Embee Private Limited Center	No. 677, First Floor, Desk # 10, 27Th Main, 13Th Cross, Hsr Layout, Sec 1, Bangalore, KA	India
S3-450594252	Future  Foundation Limited	##07, Floorâ5, 2, Marathon Icon, Ganpatrao Kadam Marg Opp Peninsula Corporate Park, Lower Parel, (W), Mumbai, Mumbai City, MH	India
S3-624419840	નોર્થ એનર્જી પ્રા. લિ.	H.no 356 Office/ Shop No. Ff 5, Supar Bazar 1 Nana Kapaya, Mundra, Kachchh, ગુજરાત	India
S3-930721079	technologiesjyotiinfotech.com	Door No 25-2-20Jayakrishnapura Rajahmundry., East Godavari, AP	India
S3-965125495	Chennai-61 Systems Private	4, 32 Streetnanganallur Chennai-61, Chennai, TN	India
S3-726651784	Maid Yg!a	445 Carr Lane, FALL Branch CITY, Tennessee	US
S3-738499648	Red Technologies  Pvt Ltd	##151, Madhuban Vikas Marg, New Delhi, DL	India
S3-512153783	Christenson Chóice Boutique		US
S3-299186112	Llc All Space	#81 Warner Rd, East Haven, Connecticut	US
S3-671389907	Shree Glass Private Ltd	N 3 Plot No. 403 Cidco Aurangabad Kettle Garden Road, Aurangabad, MH	India
S3-599705297	Internal Médicine Quality Care	Carroll Street, Lexington, North Carolina	US
S3-17145952	ઇન્ડિયન ફાઉન્ડેશન	Raghuvir Business Empire, Magob, Puna Road, Opp. Skyview, ગુજરાત, Pupri, Ug Floor Shop 15, Surat	India
S3-817341380	Xylodrex formerly: ZE Bay Entertainment LLC	10162 Powers Lake Point, Woodbury, MN	US
S3-598112754	Back Álley Massage Inc	670D Saint Charles Rd, Carol Stream, Illinois	US
S3-151967801	Richardson Peak Archimedes Inc	127 Riverside Dr, NULL, Chester, Maryland	US
S3-994622983	A1pha Tradelink  Limited	No.71, Bangalore, KA	India
S3-561784506	Ectohalohalo	Altf Okhla 101, Room No. Mr-1, Plot No. 101, Mathura Road, Okhla, New Delhi, South Delhi, Delhi	India
S3-99674304	श्री इंफोटेक प्राइवेट लिमिटेड	Gautam Buddha Nagar, Gautam Buddh Nagar, F-91 Sector 8, UP	India
S3-967321607	Universal & Associates Private	Agra, Door No 987 6/216; Soami Nagar Dayal Bagh, Agra, UP	India
S3-474358957	भारत होटल ट्रेडिंग प्राइवेट लिमिटेड	Noida, UP, Q-307, Jalvayu Vihar Sector 21, Gautam Buddha Nagar	India
S3-887959726	प्रीमियर विजन ग्लोबल प्राइवेट लिमिटेड	No ##206 Kumbhephal, Aurangabad, MH	India
S3-777082999	Wi1liams Desert Ofs LLC	303 Applewhite Ave, Stantonbsurg, North Carolina	US
S3-460966388	Sr & Company	3Rd Floor Eros Corporate Park, Space No 302, HR, Gurgaon, Imt Manesar	India
S3-987779435	@elitecreative	22010 Meadowvale Rd, Elk River, Minnesota	US
S3-628543828	Vilinis	Lavender Dr, NULL, Princeton, Texas	US
S3-449219249	Cure Bakery!	163 Radford Street, # Apartment 3C, Ynkers CITY, New York	US
S3-674675411	Garrett Micwest Bakery (Inc.)		US
S3-644355487	WEST INSTITUTE	TG, Hyderabad, Laxmi Cyber City, Whitefields Serilingampally Mandal, Ranga Reddy, Shaikpet, Sy:11 Wework Krishe Emerald Kondapur Main Road	India
S3-90645803	Petronia Persinger Enterprise LLC	Ashby Dr, Davidson, North Carolina	US
S3-949586512	The Beacon Elite [Lake]	4802-4804 Palestine Rd, Springfield, Tennessee	US
S3-116272909	Harbor Center	1598 Swamp Road, Newbury, Vermont	US
S3-404682087	Watterson Garduno LLC (Services)	# APT B04, South Carolina, 227 Lodges Ln, Clover	US
S3-946988217	summitmedicalcenter.com	106 Francis St, Wateerbury, Connecticut	US
S3-497285901	Orthopedic Physicians of Incorporated Llc	897 Clearcreek Rd, Incorporated, Idaho	US
S3-719954219	lmswenson.com	422 Crown Hill Rd, Orrville, Ohio	US
S3-230320155	Star Sotwcare  Worldwide LLC	2948 Russell Minor Lane, N/A, Spotsylvania County, Virginia	US
S3-934718052	Mlk Center #83384	Shop No-1-3, Burhanpur, East Nimar, MP	India
S3-480503467	Thompson Tri-State Southern Service	2225 Simmental Rd, FT. WORH, Texas	US
S3-315902396	SD	B 204 2Nd Floor, Block-B, Bestech Business Tower, S.A.S.Nagar (Mohali), Rupnagar, Punjab	India
S3-106137657	Lewis LLC Fashion	30 Ruby Ct, Dartmouth, Massachusetts	US
S3-928060596	Filip-Telecom of Little Rock L.L.C.	1415 Juniper Road, Little Rock, Arkansas	US
S3-213242417	cottrell rocky annaly	2900 Jackson Avenue, Texas, City Of El Paso	US
S3-29619862	Nio  Holdings	##1800 Lower Bloomfield Road, New Concord, Ohio	US
S3-70717617	Miradrexzeph	Tamil Nadu, Kamudhiramanathapuram, Kamudhi Kalanjia Magalir Vattarasangam Kottai Medu, Kamudi, Ramanathapuram	India
S3-136846945	*** Roth Hovnanian Service	99 Centarl St, # 2, Natick, Massachusetts	US
S3-762533988	SWIFT DYNAMICS INC	4919-4921 34th St, FORT Simth CDP, Arkansas	US
S3-769966780	UQ Fine Limited Center	No 224A, 2Nd Floor Devika Tower, 6, Nehru Place, Greater Noida, South Delhi, DL	India
S3-824608300	Unique  Constructions	Door No 432 2-5-67/244, Chintalmet Upperpally, Rajendranagar, Rangareddy, Attapur, TG	India
S3-677406742	visioncenterpelham.com	Pelhm, North Carolina, 3036 Chandler'S Mill Road	US
S3-849270697	Beix Inc. Center	702 Oryl Ln, Wilmington, North Carolina	US
S3-736384001	Yelena Heise Prime Chile	Baldwin County, Alabama, 4000 2nd Street	US
S3-409884615	ਰਾਮ ਕੰਸਟ੍ਰਕਸ਼ਨ ਪ੍ਰਾ. ਲਿ.	B-20-1033, Dyal Nagar, Ghumar Mandi, Ludhiana, ਪੰਜਾਬ	India
S3-121270833	Corner Barbershop	21558 Snowflower Loop, Chugiak Township, Alaska	US
S3-720872095	Lotus Shiva Media Private	Plot No. 579, Khordha, Bhubaneswar, OD	India
S3-773432635	Summit-Star Calamos Inc	72 Wavelry Avenue, Eastchester, New York	US
S3-162913815	Capital Mínistries	292 Masters Dr, Texas, Dallas	US
S3-495483872	Smt Lakshmi Technology Limited Partners	906 Sukh Sagar Complex, Near Hotel Fortune Landmark, Ashram Road, Usmanpura, Ahmadabad, Ahmedabad, GJ	India
S3-339455672	Prism Retai1 Private [Limited]	N/A, Wo, Tusar Jena, Aradichhaka, ଓଡ଼ିଶା, C/o-puspanjali Routray, Bhadrak	India
S3-350485648	Fetcetoeoch  Inc	Chicago Ave, Minneapolis, Minnesota	US
S3-994196612	Megabuild & Services	205., 2Nd Floor, Abhinav Apartment B Wing, Shraddhanand Road, Vile Parle Ea, St, Mumbai, Mumbai City, MH	India
S3-10913120	Elite Energy Enttrddprmies		US
S3-166034350	anand software private limited	#21/B Parshottam Nagar Harmiroad, Vadodara, ગુજરાત	India
S3-62849194	Prime & Co-Corporation	Jodhpur, Aashiyana Amar Bagh, Kudhi, Door No 7-48 S-54, RJ, Jodhpur	India
S3-145828530	primelogistics.com	Plot No 2, Madipakkam, Chennai, TN	India
S3-177773338	Costa, Chicky Tire Shop Services	Gazola St, Texarkana, Texas	US
S3-813603607	Platinum (Enbridge)	1795 Salida Del Sol, Chino Valley, Arizona	US
S3-27926484	Alpha Private Limited Services	702, Jeevandeep Complex, Opp. J. K. Tower Ring Road, Surat, ગુજરાત	India
S3-140623338	Ace Imaging LP LP	1328 Third Saint, Enola, Pennsylvania	US
S3-650390480	Contreras And Johnson Inc		US
S3-245152101	New Investment Pivgtea Limited	Metromingle, No. 59, West Of Chord Road, 2Nd Stage, 2Nd Main, Basaveshwaranagar, Bangalore, ಕರ್ನಾಟಕ	India
S3-627087515	Iriiri+ D.B.A. Capital Spdr Group	78 Hidden Valley Farm Road, Republic, WA	US
S3-938468988	Textile Polytechnic	10/6 Atchaya Apartment Thindal, Erode, TN	India
S3-641545070	Globe Pvt Ltd Services	Door No 80 Everest Shopping Centre M G Road Vishnu Road, Dombivli West, Thane, महाराष्ट्र	India
S3-760834825	মডার্ন হাই প্রপার্টিজ প্রাইভেট লিমিটেড	2Nd-Fr, Fl-2a, 25/2, Sodepur First Lane, Kolkata, Howrah, Kolkata, WB	India
S3-382171090	ROUTE 46 DlNER INC	61665 Kingtson Ct, South Bend, Indiana	US
S3-251493919	Aviorbi	42 A, Senguptha Street, Coimbatore South, Coimbatore, Tamil Nadu	India
S3-850606574	LLC INTERNATIONAL MARKETING ALLIANCE	4520 29st St, Littlee ROCK CITY, Arkansas	US
S3-571562361	Firefighters Union Local No	9431 Lakeshore Drive, Prescott Valley, Arizona	US
S3-167221620	सूर्या लॉजिस्टिक्स प्राइवेट लिमिटेड	Shradhanandpeth South Ambazari Road, Nagpur, MH	India
S3-209014451	Clear Bright  Atlanta	115 Forest Ln, Pinehurst, North Carolina	US
S3-566118709	Federal Ebctronisc Systems, Inc	6633 Wycombe Way, # Apartment C, Parkville, Maryland	US
S3-332493948	Delta-Natoial Bce	null, Oregon, Scio, 38628 Birch St	US
S3-418607736	MINTA THOMAS BIG L.L.C.	Herron Dr, <NULL>, Nashvile Township, Tennessee	US
S3-849713903	Precision International Inc Service		US
S3-317819553	Charlottehousingassociation.Com	6335 Elgywood Lane, Charlotte, North Carolina	US
S3-432608968	Vantagedovax	201 Saidham P K Road Mulund West, Mumbai, Maharashtra	India
S3-726685441	jacklinarmendariz.com	Massachusetts, 50 Charles Street, Dorchester	US
S3-26421150	Empire Foundation Inc	34676- Wesley Rd, Wilmington, Illinois	US
S3-383761773	Iconic Memorial Trust	Block B-325 N.17, Heroor, Udupi, Udupi, KA	India
S3-82111641	Xylogild d/b/a Textile Polytechnic	10/6 Atchaya Apartment Thindal, Erode, Tamil Nadu	India
S3-451964277	Youth Services	Plot 352 S. No. 21 Near Pmc School Dhanori Road Dhanori, Pune, MH	India
S3-480380278	Amalia N. Éllison, DDS, DDS PC	2145 Enterprise Street, Springfield, Illinois	US
S3-576108616	Yoder LLC Assets	118 D, South Hutchinson, Kansas	US
S3-908624576	Ruby Hayden Róyal Vertical LLC	105 Lake St, Chiholm CITY, Minnesota	US
S3-100991729	Fayesynzeta formerly DHP Scientific LLC	NY, 53 Dean Road, Parma	US
S3-744666188	Miller Printing United		US
S3-262094680	Beum	17th Ave, Phoenix, Arizona	US
S3-959376890	Veoevoveo dba August Golden Myers LLC	267 Mill Street, Unit 2, Lancaster, MA	US
S3-629036509	Mbg & Associates LLP	Door No 35T Floor Scope Complex, South Delhi, New Delhi, दिल्ली	India
S3-271912964	communitychurch.com	40 Dorset Ave, Virginia Beach City, Virginia	US
S3-173639272	Arpita College	H.no 274 Vijaya Bunglow No. 5153, Behindkurlappolicestation, Valva, Sangli, MH	India
S3-959475658	beardespositoiniguez.com	550 Palm Dr, # T9, Wickenburg, Arizona	US
S3-559819187	all retail studios	Highlands Ranch, N/A, Colorado, Hunters Creek St	US
S3-692284831	Pvt. Fastflow (India) Realtors Ltd.	10/174, Kunnathery, Aluva, Keralam	India
S3-988816334	Evoiri DBA: Ines Liu Colonial Fact LLC	4755 Rolling Meadows Lane, Signal Mountain, TN	US
S3-977891261	Stardom Ágro Ltd	Plot No.6, Gautam Buddha Nagar, UP	India
S3-929165287	Kritavi Centre Corp	H.no ##38 Thanikachalam Road, T.nagar, Madras-17, TN	India
S3-556004316	Edwards Sgaure Sgaure Energy Inc.	18627 Rolling Shores Court, Humble, Texas	US
S3-651041069	Custom Stellar (Íncorporated)	380 Tr 118, Tifin CITY, Ohio	US
S3-214367574	Shivam Foods Private Ltd	No 8-1St Fl Chankya Complex, Vadodara, GJ	India
S3-309918921	Halojaxflux D.B.A. Pinnacle Keystone	295 Radisson Road, Seneca, SC	US
S3-582423883	लक्ष्मी बिजनेस लिमिटेड	Blgd No. D 2, Room No. 16, 1St Floor, S.s. Nagar, G.t.b. Nagar, Mumbai, Mumbai City, महाराष्ट्र	India
S3-393392745	Shubham & Brothers	AP, Kurnool, Door No 0040-808-C-2 Srinivasa Nagar	India
S3-934924069	Shri internationalfinance.com	Cp-3 Vikalp Khand, Lucknow, उत्तर प्रदेश	India
S3-203563095	Yao & Thomas Téchnology	8647 Shoe Tree Mcfelea Ln, Milltown, Indiana	US
S3-831503239	Technologies Associate Associate Concept Private Ltd	T.c. 10/24-1, KL, Trivandrum, Thiruvananthapuram	India
S3-319489488	wavesolora.com	1129 Cherry Ridge Dr, NULL, Sugarcreek, Ohio	US
S3-227988540	FZ LLC Rothschild	732 Tanasi Trl, Townsend, Tennessee	US
S3-158159745	Hyderabad Limited Private Cloths	Plt No.97, Road No.3, Banjara Hills, Hyderabad, TG	India
S3-680607034	न्यू प्रोडक्ट्स प्राइवेट लिमिटेड	S. No. 208/1, Alandi Rd., Rahul Park Behind Abhiraj Bldg., Bhosari, Pune, Pune, MH	India
S3-422471574	Bright Consultancy  Private	Rohtak, R43-no Iii Rohtak City, HR, Rohtak	India
S3-848030400	boringenterprises.com	Texas, Austin, <NULL>, 11100- Andenwood Dr	US
S3-506351103	Caldial-Soulpower LLC	250 Seaver St, PMB 764, Roxbury, Massachusetts	US
S3-772387467	Dr ADAR STUDIO PVT LTD	##2/254/3386, Tagore Nagar, Vikhroli (East), Mumbai City, Mumbai, महाराष्ट्र	India
S3-887027267	सूर्या लॉजिस्टिक्स प्राइवेट लिमिटेड	Shradhanandpeth South Ambazari Road, Nagpur, महाराष्ट्र, Nagpur	India
S3-657470422	Scholarship Fellowship Inc #78018	3930 Huffman Rd, Anhorage, Alaska	US
S3-477771624	solstice tax inc	2335 Black Spruce Ct, Goldstream, Alaska	US
S3-438777442	#stahltechnologies	4441 Greystone Dr, Concord, North Carolina	US
S3-935786210	Shepard, Clarisse, M.D. Inc	867 Cable Creek Road, PO Box 2672, Asheboro, North Carolina	US
S3-472555141	E 5 K-Greenfire	6801 1/2 Preinkert Drive, # 7505, College Park, Maryland	US
S3-337459308	Willow LLC Center	119 Cody Circle, PMB 818, Portland, Tennessee	US
S3-798916476	Shree Trading	111/222, Divreportingcircle, Jaipur, RJ	India
S3-684178480	Petronia  Persinger Enterprise	00534 Ashby Dr, Davidson, North Carolina	US
S3-339156634	Shri Indian Private Foundation Limited	5-9-245/7A, Mdo Office Backstreet Opp Savitha Hospital, Ramanayyapeta, Kakinada, East Godavari, AP	India
S3-531750462	Munoz & Cantirtof, Inc	1460 Golf Club Ln, Crossville, Tennessee	US
S3-71220324	K0lkata Critical Prvinte Limited	#97A Southeren Avenue, Calcutta, পশ্চিমবঙ্গ	India
S3-457576352	Incorporated Shaw Controls	2 Pinetree Rd, New Cassel, New York	US
S3-25328631	Eilert Blue	Wetherburn Rd, Ellicott City, Maryland	US
S3-202850227	C/O LLC [Hospitality]	604 Hill Ave, Mattydale, New York	US
S3-396197037	Govind Nagar P.O. Nagar Udyog Buildtech Private Limited		India
S3-39375644	Limited Chennai Industries [Services]	No.19, Chennai, TN	India
S3-564325918	Red Abfuo Body, LLC	204 Mill Race Drive, Frederick County, Virginia	US
S3-171757688	Pinnacle  LLC	Hailey, Idaho, 181 Hyndamn View Dr	US
S3-993259782	SWARNA VIDYALAYA LIMITED	GJ, Junagadh, Khandha Commercial Center. Opp. Railway Station. Kevda Wadi, Shop No. 8	India
S3-750113700	LE Private Limited Services	H. No L-115 Ridgewood, Estate, Gurugram, HR	India
S3-768627886	Care	Flat No-306, 3Rd Floor, Tower F, Indosam 75 Society, Sector-75, Noida, Gautam Buddha Nagar, Uttar Pradesh	India
S3-415813734	Shakti  Media Limited	Vill & Post Itiyathok Market Kharagpur Road, Gonda, UP	India
S3-167983869	developerstropicalshubham.com	103, Hig Madhavpuram, Iit Society, Near Brahmeshwar Temple, Kalyanpur, Kanpur, उत्तर प्रदेश	India
S3-76084152	Brixonyxx DBA: WWB Automobile	25(15), S. M. P. Sarani, Barrackpur, Kolkata, Kolkata, Howrah, West Bengal	India
S3-373144	Om Marketing Private	Plot 999 I-79 First Floor Ashok Vihar Ashok Vihar Phase I, New Delhi, North Delhi, दिल्ली	India
S3-771563909	Keque Manufacturing Inc Center	610 Dogwood Creek Ln, Matthews, North Carolina	US
S3-396782017	Sebrion LLC	New York, Smithfield Valley Rd, Amenia	US
S3-578566526	Mcpherson & Ellis Plutonian L.L.C.	8834 Willow Green Drive, Sandy City, Utah	US
S3-943582670	Center Harbor Ínc	080 3300, # 2065, Utah, W Valleey CITY	US
S3-169237138	hkpee.com	A-606 Blue Pearl Link, Road Chincholi Bunder, Malad West, Mumbai, MH	India
S3-545938094	8rk (India) Producer	No. 793/7 29, Jhansi, UP	India
S3-853005341	गुजरात ग्लोबल प्रा. लि.	E-b3/408, Shipra Krishna Vista 14 Ahinsha Khand, Indrapuram, Ghaziabad, उत्तर प्रदेश	India
S3-781907006	Beacon Data	3604 Doubletgee St, Forest Grove, Oregon	US
S3-66738853	M/s Nexxylobelo	Door No 17, 3Rd Floor, Lewis Road Rajarani, Bhubaneswar, Khordha, OD	India
S3-220675960	ஆதித்யா மார்க்கெட்டிங் லிமிடெட்	55, Tambaram, Kanchipuram, தமிழ்நாடு	India
S3-41645399	Ghitna & Co	First Floor, Kalyan, Thane, MH	India
S3-346564041	RK Solutions Private [Limited]	H.no 0781/38 1Kheta Ji Ka Jav, Sikar, Rajsamand, राजस्थान	India
S3-940590059	#4  Banking	4413 Russell Avenue, Peoria CDP, Illinois	US
S3-190558179	Vega Cascade  Whoecasl Inc	19829 Echo Rim Dr, Surprise, Arizona	US
S3-457236977	maafoods.com	0661, Kuvempunagara, Mysore, KA	India
S3-465797863	Painters Union Local	700 Crossings Boulevard, # 8313, Antioc Hcity, Tennessee	US
S3-424723335	Frontier Autmooibl,E LLC	24225 170th Ave, Illinois City, Illinois	US
S3-845453996	Lucky Tattoo	36 Margo Dr, Perinton, New York	US
S3-728059936	5olutions Al Spaces Center	41, Plaza Centre, 129, G.n.chetty Road, Chennai, TN	India
S3-697671007	इनोवेटिव आईटी	Unit No. 309 3Rd Floor Ashish Indl Est Gokhale Road South Dadar, Mumbai, Mumbai City, MH	India
S3-559310398	PJ Studios ([Llc])	782 Brent Ct, Mercedcdp, California	US
S3-2143205	Gnk Smart (India)-Limited Services	दिल्ली, A-3/221 Iind Floorsector1-7 Rohini, New Delhi, North Delhi	India
S3-603207634	ONL Cable	761 Appletree Ln, Bartlet, Illinois	US
S3-59010377	Foss Secure Chádwick Inc.	206 10rd Saint, Kansas, Louisburg CITY	US
S3-994784376	Dynamic-Security Innovations Incorporated	302 Tyler Drive, Holcomb, Kansas	US
S3-519960108	Vadakara Meter Pvt Ltd.	Key Cee Building 8-10/83-F, Nadapuram Road, Kozhikode, Vadakara, കേരളം	India
S3-680010891	Duval and Roemer [Kimco]	11 Ivy Dr, Little Rock, Arkansas	US
S3-685166059	लाइफ आईटी प्राइवेट लिमिटेड	Fl-602, H-wing, Marvel Ritz (E), Sn-171(p), Pune, Pune City, MH	India
S3-552448296	Private Wrx Foundation Limited	House No. 1999, Sutar Pada, Boisar-e, Boisar, Thane, MH	India
S3-464630771	Brg Private Limited Center	39 New No.70 Siva Thottam R.a Puram, Chennai, TN	India
S3-265356748	Galore Pavers Private  Limited	MH, Mumbai City, Azad Ngr Welf Comm Indira Nagar Jarimari Galli-2, #1 37-B, Kurla	India
S3-448580545	UIV Labs Prdgivate Limited	Radha Kishan Cold Stoage, Kheda, GJ	India
S3-952845641	Estate Sai Estate Pvt	002, Firozabad, UP	India
S3-394973576	M/s Shiv Chit Private Límited	Hn #603 E-223, Jaipur, V.k.i. Area, राजस्थान	India
S3-331441135	Bennett and Flynn Incorporated	53 Tripp Lake Camp Rd, Maine, PO Box 8427, Poland	US
S3-429525528	Services Áeon Technologies-Private Limited	Ag-4-572 Shalimar Bagh, North Delhi, Delhi, DL	India
S3-207404608	Aarohi & Có	#388 Buddha Enclave D Block, Meerut, UP	India
S3-25028927	Panchal (India) Financial Private Limited	3, Mumbai, Thane, महाराष्ट्र	India
S3-720936299	Mathieu Total Inflection (Inc.)	Wisconsin, 3401 Cleveland Ave, Village Of Plover	US
S3-158875540	বিজয় সার্ভিসেস প্রাইভেট লিমিটেড	2, Kolkata, Howrah, WB	India
S3-127529151	American Blue Néwbury LLC	75 Forest Park Ave, Springfield, Massachusetts	US
S3-973771276	#Cascadeinsurance	02511 Bradley Ln, PMB 367, Russellvville CITY, Arkansas	US
S3-458014998	Yo Média Média Limited	M-506, 3Rd Floor Tower M, Exp Parkview, Sector Chi-5, Noida, Gautam Buddha Nagar, उत्तर प्रदेश	India
S3-590288404	Alma Maynard Better Nuclear	717. Bridle Creek Drive, Georgetown, Texas	US
S3-813773398	ગુડ એગ્રો પ્રાઇવેટ લિમિટેડ	#78, Survey No. 06, Shreeji Nagar, Gandhidham, Kachchh, GJ	India
S3-332688528	Greener Association Pvt	C/o Vedprakash Palariya, Nalla Pushkar Pushkar, Ajmer, NULL, RJ	India
S3-795965668	SRIPATI GROUP		India
S3-106188490	Pediatric Dentistry Atlantic Clinic (LLC)	321-323 Council Avenue, Hobson City, Alabama	US
S3-343858884	FZ Rothschild  LLC	732 Tanasi Trail, PMB 9272, Townsend, Tennessee	US
S3-318759985	Shradha-Clinic	Shop No.72/10 Nr, Jhansi, उत्तर प्रदेश	India
S3-274612736	NKN Energy Private	C/o Shri Kusan Karu Kore At Amgaon Tq Amgaon Dt Gondia At Amgaon, Gondia, Gondiya, MH	India
S3-515762511	Private Sigma Serdvis Limited	Plot 7-136 Unit No. 2901, 29Th Floor, Plan S Business Park, D108/1, Opposit D.y.patil Stadium, Midc Industrial Area, Nerul, Navi Mumbai, Thane, महाराष्ट्र	India
S3-738498821	AY Limited Private Edutech	23A, Master Mind Iv, Royal Palm, Aarey Colony Mayur Nagar, Goregaon East, Mumbai (SUBURBAN), महाराष्ट्र	India
S3-57290119	One Consultants Private		India
S3-588653459	Mcduffie  Global	67 Leicester St, PORT Chester, New York	US
S3-545237626	North Computing Inc. Services	Riverside Drive, Patriot, Indiana	US
S3-819730604	Liberty Academy	Morristowwn, Tennessee, 3925 Harbor View Drive	US
S3-766104733	Platinum Toger Inc.	1549 Moss Creek Avenue, # COND 101, Anchorage, Alaska	US
S3-679222493	Hilaire & Howard	75 Block St, Abington, Massachusetts	US
S3-568951831	rhea rush pattana, llc	Gulrey CITY, 66 Berkley Road, Alabama	US
S3-53457599	Laor  LLC	New York, 149 Street, Flushing	US
S3-40333486	The Premier  Marketing Laboratories LLC	52 Remington Green Ct, Houston, Texas	US
S3-600528764	Rizzo Heartland Heartland Opportunities Inc	#504 Hansbarger, Fort Worth, Texas	US
S3-820068515	Boleify  International	2400 Sierar Blvd, Unit APT 31, Sacramento, California	US
S3-247666451	Lyra L.L.C. Services	006 Perkins Road, Barkhamsted, Connecticut	US
S3-712328950	Sri Indiabulls & Brothers Límited	Post Harriya Tehsil Sagari, Azamgarh, UP, Azamgarh, Vill Bramhaulli Dhyan	India
S3-396886882	shívamfoods.com	8-1St Fl Chankya Complex, Hiro Honda Show Room, Nizampura, Vadodara, GJ	India
S3-437646045	Lumkor fka TIA Plus Inc	700 Hall Street, Bangs, TX	US
S3-659926723	Pediatric-Care	8610. Shadow Lakes Street, Fl 0, Wichita, Kansas	US
S3-224042	Twisted Pizza Inc.	1162 Airport Road, Everett, Washington	US
S3-946183063	Strategic  Retail Ventures	3029 Cr 145, Alvincity, Texas	US
S3-878404399	Baptista, Hinze and Kim Truist	0019 Rabbit Ridge Dr, Weaverville, North Carolina	US
S3-318539175	aabuilders.com	#4Th Floor, Room No. 420 21, Hemant Basu Sarani, Kolkata, Kolkata, Howrah, WB	India
S3-840089968	Caque Glbol,a Córp	13657 Wimbleton Drive, Victorville, California	US
S3-868896807	Suellen Mendoza Clean LLC Service	11 Cross Rd, Unit 2, Haverhill, Massachusetts	US
S3-886093999	Pediatric Specialists Industries		US
S3-213427511	Industrial Cocpx Dundahera Labels Pvt Ltd	Nasscom Coe Iot & Ai, Gurgaon, Industrial Complex Dundahera, HR	India
S3-817433552	Metro Fortune  LLC	604 Edgerton Ave, PMB 8868, Turmann, Arkansas	US
S3-160434361	boamplify.com	116-D Sugar Ridge Ln, Lafollette, Tennessee	US
S3-606380425	Mumbai Limited Services	Unit Nos. 607-610, Acme Plaza Andheri Kurla Road, Opp Sargam Cinema, Andheri East, Mumbai City, Bombay, MH	India
S3-474172510	Internal Medicine  Care Associates of Webster	149 Wishing View Dr, # Apartment D, Webter, New York	US
S3-806211039	Lettie Butler Inc Services	149 Las Brisas Drive, Fl 0, Decatur, Texas	US
S3-708578550	Dr diva investment private limited	820/2, Pune, Off Bhandarkar Road, MH	India
S3-676243607	Twisted Deli Llc	00194 Charlotte Street, # Unit 1, Rochester, New York	US
S3-237287070	Keystone Afstarlnin	146 Hillcrest Rd, Needham, Massachusetts	US
S3-154327066	Haubrich & Showalter  Corp Service	1400 Florida Ave, # 509, Washington, District of Columbia	US
S3-928028045	Prater  and Hutson	4350 Shisler Road, Clarence, New York	US
S3-671900696	Meenakshi	Fl-1-B-12 Pimpalpan S G R S.M. Sno-5 Dhayari, Pune, Maharashtra	India
S3-72897010	cardiologyhealthhamburg.com	153 Chapel Glen Dr, Hamburg, New York	US
S3-335408128	Capital Ministries	292 Masters Drive, Dallas, Texas	US
S3-225306191	Best Apparel Works Care Ltd	2986 Fulton Drive, Unit T3, Atlanta, Georgia	US
S3-874116016	Superfast	No. 3/200C 1, Nallichettipalayam (Post) Annur (Via), Coimbatore, Tamil Nadu	India
S3-957145521	Pediatric Rapid Partners,	##11033 222, Middlesex, North Carolina	US
S3-22206548	Hinton  Blue	Van Duyn Road, Eugene, Oregon	US
S3-807593000	ಪ್ರೈಮ್ ಕೇರ್ ಲಿಮಿಟೆಡ್	Flat No C5, Jana Jeeva Nest, 29Th C Cross, Balaji Layout, Kaggadasa Pura, Cv Rama, N Nager, Bangalore, KA	India
S3-210586976	Dermatology Center	24413 38th Avenue Court, Spanaway CITY, Washington	US
S3-329278917	metropolitan network	Miamisburg, 5281 Soldiers Home Miamisburg Rd, Ohio	US
S3-343352989	Nexflux f/k/a Fancie's Seafood	MO, 1144 Shinstock Way, Osage Beach	US
S3-280458629	Kalbadevi  Road Home Corp	No. 00975 Bharat Photo House5, 45, Mumbai, Kalbadevi Road, महाराष्ट्र	India
S3-388410445	Clear Bright Atlanta Ltd	115 Forest Ln, Pinehurst, North Carolina	US
S3-904118259	Lawless's Tattoo of	19655 Lake Shore Dr Court, Chicago Heights, Illinois	US
S3-933494706	Utlimpex.Com	Plot 205 S/o Kalu Ram Saini Ward No. 5 Chirawa Chirawa (M), Jhunjhunu, Jhunjhunun, RJ	India
S3-227870839	Caque Corp Services	13862 Wimbleton Drive, Victorville, California	US
S3-532158892	2594 Seventh Avenue	2319 1/2 Forest Flower Way, Tomball, Texas	US
S3-547233781	north media private limited	House No. Ga -1/5, Block B, Atharved Iii, Pt No 235, Kamthi, Nagpur, महाराष्ट्र	India
S3-817208396	Hyderabad Soft Private Ltd	Hyderabad, Dor No 6-3-1112/7, తెలంగాణ	India
S3-776869552	Green.Com	Hunting Lane, Lynnfield, Massachusetts	US
S3-761694957	Dscreative.Com	2035 Medicine Bow Dr, Ballwin, Missouri	US
S3-548338868	Merilee Luthi, Services | www.merileelu.com	6801 Ranch Road 1222, Streeter, Texas	US
S3-528719795	Orbigildxylo d/b/a Sargent Legacy Oriental LLC	7760 Pintail Drive, Fayetteville, NC	US
S3-415965941	Martino ánd Hendrix	6720 Corsair Ave, Prescott, Arizona	US
S3-134509842	ಬಿಗ್ ವೆಂಚರ್ಸ್ ಪ್ರೈವೇಟ್ ಲಿಮಿಟೆಡ್	Bangalore, Pantharapalya, Mysore Orad, KA, Bangalore, Door No D/110	India
S3-860722616	Projects Ashok Services Pvt.	#3-100/126, Tirumalagiri, Andhra Pradesh	India
S3-398853308	Keloumbra Formerly Lotus Consulting Limited	Step, Patiala, Punjab, Thapar Institute Of, Engineering & Technology	India
S3-61420046	Jarlance Miluna	107 Madison Mill Drive, Nolensville, Tennessee	US
S3-997198520	Chris Véiadya LLP	42, Mahesana, GJ	India
S3-991537332	Division Of Veterans Affairs	150 Keelen Drive, Fl. 0, Saint Louis, Missouri	US
S3-528084507	Bridhi Research Private	C103 Sonal Link Residency, Chs Ltd, Link Road, Malad West, Mumbai, MH	India
S3-70026735	YB Golden Ltd	3 Shivji Marg Westend Greens Rangpuri, New Delhi, South Delhi, DL	India
S3-288944203	Byers  Premier Tree LLC	53 Alan Loop, Staten Island, New York	US
S3-569681719	Lorette Arnold, D.O. Center	8001 Old Dominion Rd, Albemarle County, Virginia	US
S3-876189879	Richardson Peak Archimedes (Inc)	127 Riverside Dr, NULL, Chester, Maryland	US
S3-99198097	Silva	1012 Thornhill Drive, Newark, DE	US
S3-418443526	Atlas Square | www.atlassqua.com	Maple Drive, Reedsport, Oregon	US
S3-344574452	Samrudhi  Traders	773, Budheswari Colony, Khordha, Bhubaneswar, OD	India
S3-238343997	Everest Foods (Ltd)	C/o Mandeep Singh Gill, UP, Lucknow	India
S3-404677133	Clyis Detubche, LLC	0150 Riverside Drive, Clanton, Alabama	US
S3-191442299	frontier council	102 Main St, Fairbank, Iowa	US
S3-923729928	Paulus Value Hartford	1500 Country Club Rd, # 8, Georgetown, Texas	US
S3-988256048	Desiri Hancock Ónline L.L.C.	125 New Ludlow Rd, Chicopee, Massachusetts	US
S3-254132054	bharatservices.com	Door No 4 Sadanand Road, Kolkata, null, WB	India
S3-394578077	Doyle  Providence L.L.C.	Tennessee, Chattanooga, Mccallie Ave	US
S3-820347754	Shashi Constructions Prívate Limited	No 6, Mandhar Nagar, 3Rd Street, Tambaram, Kanchipuram, தமிழ்நாடு	India
S3-385789290	Hester Sherrell, DMD,		US
S3-610398748	Cricket Brothers Pfvate [Limited]	Ft No B00801, Raigarh(mh), Panvel, MH	India
S3-963843679	domenigaingrahamharbor.com	212 Gloria St, Schriever, Louisiana	US
S3-788049746	Cesonnet Ldtntgg Inc	Middlebury, 542 Buttolph Dr, Vermont	US
S3-284363492	Womens  Health Physicians LLC	3349 Ezell Rd, Nashvlle, Tennessee	US
S3-608578475	Global-Automobiles Private [Limited]	Pno63, Sapthagiri Enclave, Balapur, Hyderabad, TG	India
S3-931998427	Sukh Private Limited Service		India
S3-273652812	Filip Telecom LLC Little Rock of	1415 Juniper Rd, Little Rock, Arkansas	US
S3-723952091	Niral Fund Associates Limited	15/16, Howrah, Kadamtala , Panchanantala, WB	India
S3-971833045	Aurea Romero Gulf Infrastructure,	N/A, Jopppa CDP, Maryland, 602 Scuttle Ct	US
S3-104589460	precisionchemicalinnovations.com	233 Crater Rd, Petersburg, Virginia	US
S3-324544955	Swarna	Shop No. 8, Khandha Commercial Center. Opp. Railway Station. Kevda Wadi, Junagadh, Gujarat	India
S3-393865801	Pediatric Cáre	8610. Shadow Lakes St, Fl 0, Wichita, Kansas	US
S3-5637897	Nupur Global	Block C-185. 121, Lake Town, Block-a, North 24 Pgs, North 24 Parganas, পশ্চিমবঙ্গ	India
S3-283939601	Pediatric Spécialists L.L.C.	138 Dogwood Ln, Mocksville, North Carolina	US
S3-729913948	Sri Redst0ne Redstone Education Private Limited	H.no 26, Chennai, Keelakottaiyur, TN	India
S3-315714499	Mr Satyam Wehee Society	1St Flr, Sun Heights Gandhi Nagar, Off A S Road, Powai, Mumbai, Door No 585 Office No 107, Mumbai City, MH	India
S3-441411419	Coastal  School of Medicine	1742 Gray Station Sulphur Spgs Rd, Tennessee, Jonesborough	US
S3-975735198	#déltanational	null, 38628 Birch Street, Scio, Oregon	US
S3-352513515	Reiter Pelican LLC Center	604- Knightsbridge Lane, Keller, Texas	US
S3-981377817	Laborers Local Ulnnon 489		US
S3-788809573	Cognitive Ventures (India)		India
S3-758692994	Perez, Atkins And Nathanson Incorporated	880 Turner Way, Mansfield, Texas	US
S3-506638153	स्काई मैनेजमेंट प्राइवेट लिमिटेड	House No. #14, Block-a, Block Furniture, Landmark Na, Whs Kirti Nagar Ind. Area, New Delhi, West Delhi, DL	India
S3-921272922	Kimberlee Waters Oncology Ltd	915. Flag Pole Hill, Marion, Ohio	US
S3-343012747	>> Harmon Grand Printing Llc	136 Kinzie Ave, Akron, Ohio	US
S3-157616462	Total Trading Pvt  Ltd	P.no.78 Panchwati Colony Kamta, Chinhat, Lucknow, UP	India
S3-901259619	#beaconelite	4802-4804 Palestine Rd, Springfield, Tennessee	US
S3-285121652	Gurunanak Acaemdy	##2, Shiv Park Colony, Udaipur, राजस्थान	India
S3-154032343	New Delhi India Pvt Ltd	H.no 28 Second Floor, Right Side . Okhla Indust, New Delhi, South Delhi, DL	India
S3-824268103	Halodova a/k/a Reid, Turner & Lemon Alliancebernstein LLC	144 Hidalgo Lane, Elgin, TX	US
S3-125127593	FVX-(india)	U-c-161, Top Floor, Krishna Appartments, Shakarpur, Delhi, East Delhi, DL	India
S3-418447838	Smart Projects	246 Udyog Vihar 4, Gurgaon, Blue One Square Plot No, Dlf Ph-Ii, Haryana	India
S3-773239109	South Lightwave	Caroline, 2111 Coddington Road, New York	US
S3-166296629	Vodafone Hóldíngs	Door No 12-1-23, Kakinada, AP	India
S3-571633516	Sri Teak Distributors Private	53, Satra Plaza, Ground Floor, Plot No.19 & 20, Sector-19d, Vashi, New Bombay, MH	India
S3-886743055	Trendz Enterprises Pvt.	Ga-216, 1St Floor Niladri Vihar, Bhubaneswar, Khordha, Orissa	India
S3-886761178	Khed Services LLP	A-6 604 Genesis Co, Operative Hsg Soc Ltd, Mumbai, Pune, MH	India
S3-792906629	Highland Services	No 191 Shop No 12 13 Ground Floor Gulab Bagh Uttam Nagar, West Delhi, दिल्ली	India
S3-570323018	Copeland Galaxyedge Service	2730 Wakefield Pines Dr, Raleigh, North Carolina, # 203	US
S3-478379367	2594 Co Avenue Seventh	2319 1/2 Forest Flower Way, Tomball, Texas	US
S3-628716505	The  V 9 Quality Grading Inc.	12245 1/2 261st Saint, Kent, Washington	US
S3-801844788	Kestify Dollar	7641 Casa Morena Cir, Midvale, Utah	US
S3-864504489	QK Bancorporation [LLC]	Cordell Rd, New Palestine, Indiana	US
S3-651745640	>> Behavioral Health Value Associates [L.L.C.]	49th Avenue, Auburn, Washington	US
S3-979388180	इंडियन बिल्डर्स प्राइवेट लिमिटेड	H.no 00406 H. No.-475, Gurgaon, Palam Vihar, HR	India
S3-172142625	Moczygemba Frésh Brc Corp	Berkeley Springs, West Virginia, 21 Annex Street	US
S3-351015186	Mr Lumkeloflux	No 82, Ground Floor & 4Th Floor, Perfect Tower City Park, Egattur Village, Muttukadu Pa, Nchayat, Chengalpattu, Chennai, TN	India
S3-657579868	एपेक्स Logistics प्राइवेट लिमिटेड	3327 A/112/1, Anand Nagar Near Kapil Ice Cream, Gurgaon, हरियाणा	India
S3-635545224	Machinists Union Local No	15733 Lundberg St, Surrpise, Arizona	US
S3-599420440	Essential Agro  (Limited)	Plot No. 9 Ganga Sagar Park Nana Mauva Road, Rajkot, Pal, ગુજરાત	India
S3-825441201	Kritavi Centre-Corporation	H.no ##38 Thanikacahlam Road, T.nagar, Madras-17, TN	India
S3-738801707	Wines Trst Co	WB, Atghara, North 24 Parganas, Kolkata	India
S3-148167875	Beacon Great Stonebridge L.L.C.	30th St, Unit Unit B, Fort Smith, Arkansas	US
S3-196038822	ಅಪೆಕ್ಸ್ ವೆಂಚರ್ಸ್ ಪ್ರೈವೇಟ್ ಲಿಮಿಟೆಡ್	#21, Bangalore, ಕರ್ನಾಟಕ	India
S3-909885170	Ivenan Hotels, Ínc	Cadillac Court, Rockford, Illinois	US
S3-501530026	Custom Stellar	380 Tr 118, Tifin CITY, Ohio	US
S3-519541941	ସାଉଥର୍ନ୍ ହେଲ୍ଥକେୟାର୍ ପ୍ରାଇଭେଟ୍ ଲିମିଟେଡ୍	Block Road Lathikata, Sundargarh, ଓଡ଼ିଶା	India
S3-850433648	Lovett Trúst	33532 Bluff Road, Boring, Oregon	US
S3-78912466	Devon's Property Solutions [Ltd]	New Scotland, New York, 232 State Farm Road	US
S3-333103617	jarlance miluna co		US
S3-835489380	Evopyra	724 Cool Meadow Dr, Fort Worth, Texas	US
S3-828485555	Modern Inc Partners	145 Robin Song Ln, Harvest, Alabama	US
S3-439982778	Piedmont VI  Trust LLC	19893 Emmerson Dr, Maricopa, Arizona	US
S3-892185132	Meix L.L.C.	1305 Weston St, City Of La Crosse, Wisconsin	US
S3-232051093	Maybelle F. Culver,	582 Gampp Lane, Portsmouth, Ohio	US
S3-320544993	certifiedportfolio.com	Kingsport Dr, Wheeling, Illinois	US
S3-151677806	GARCIA HOLDINGS	Brookfield, Connecticut, 2 Fawn Ridge Drive	US
S3-194623884	अरिहंत सॉफ्टवेयर प्राइवेट लिमिटेड	E-a-8 Himachal Societyplot No 22 Sector 17 Vashi, New Mumbai, Thane, MH	India
S3-263823603	Hirel Retails (India)-L.L.P.	K-27, New Delhi, DL	India
S3-628753045	Rycca Mansfield	6 Little Shadow Catcher Road, # 120, Big Sky, Montana	US
S3-946900181	Aarohi Co &	388 Buddha Enclave D Block, Meerut, UP	India
S3-587362662	Krishna Énterprises Pvt. Ltd.	Fl 301 Shreyash Garden, Dsk Road Dhayari, Pune, महाराष्ट्र	India
S3-107557782	Coastal Inc Jena	Kings Mountain, North Carolina, 722-726 Oak Grove Rd	US
S3-555821943	Private Products Dream Enterprises (Limited)	Block B-856- A-8, Ramnagar Colony Mohaddipur, Gorakhpur, UP	India
S3-909729583	Saint Cáthedral	449 State Street, Lindsey, Ohio	US
S3-558476312	Swift Dynamics  Inc	4919-4921 34th Saint, Arkansas, FORT Simth CDP	US
S3-198532240	#baycouncil	02501 Fernwood Dr, Gerensboro, North Carolina	US
S3-882741815	#nandadeepbrothers	Jagdeo Saraswati Apartment Shyampal Path, Jagdeo Path, Patna, BR	India
S3-103683141	Vantagevantageonyx trading as Vodafone Holdings	D.No.12-1-23, Jawahar Street, Near Pindal Cheruvu, Kakinada, East Godavari, Andhra Pradesh	India
S3-216606641	Maa Estate Private Ltd	##401, Jhavar Estate, Thatipur, Gwalior, MP	India
S3-163538712	Vijayawada Aut0mation Private Ltd	D.no:40-7-12a, Vijayawada, Srikakulam, ఆంధ్రప్రదేశ్	India
S3-68895426	Sri Shaman Technologies Private	Door No 6/V-256, Lucknow, Sector-6, Gomti Nagar Vistar, UP, Lucknow	India
S3-951397801	PRIMARY CARE CLINIC CORP	Killeen, 001011 Stan Schlueter Loop, Texas	US
S3-799995945	Vision Associates LLC	3363 New Hope Way, Carlyle, Illinois	US
S3-252848602	Strategic Retail	1964 Adams Ave, Abington Township, Pennsylvania	US
S3-477183728	dibartolomeomcnulty.com	##72 Roxbury Rd, White Hall, West Virginia	US
S3-263545254	Greater Noida Grand  Private Limited	Gf-4, Omaxe Arcade, Near Omaxe Nri City Pari Chowk, Gr. Noida, उत्तर प्रदेश	India
S3-874671188	-- Maa Estate Private-Limited	##401, Jhavar Estate, Thatipur, Gwalior, मध्य प्रदेश	India
S3-145805160	Private HAL Services Limited	8-2-293/82/A/1259, Road No 36, Jubilee Hills, Hyderabad, Shaikpet, Andhra Pradesh	India
S3-346633344	Enigma Mstsa Private [Limited]	##1004/8 Rameshwarpuri Gandhi Nagar, Naugarh, Basti, UP	India
S3-923884347	Piedmont Arrived Corp	0541 Trammell Dr, South Bend, Indiana	US
S3-164824571	Lumveoxylo	Office No 203, Pune City, Pune, महाराष्ट्र	India
S3-354265860	नॉर्थ Care Pvt Ltd	E-3/157, Plot No.e-157, First Floor Shiv Ram Park, Near Sani Bazar Road, Nangloi, West Delhi, DL	India
S3-647682625	Daggett Gcalcda	02839 Denison St, Indianapolis, Indiana	US
S3-299003734	Marketing Snr (india) Private-Limited	Allauddinchak, Punpun Station Mahavir Colony, Nh-83, Patna, BR	India
S3-240101465	Wexyuma dba Minta Thomas Big L.L.C.	374 Herron Drive, Unit 7, Nashville, TN	US
S3-952775061	శ్రీ ఇన్వెస్ట్‌మెంట్స్ ప్రైవేట్ లిమిటెడ్	Plot No.d/240, Sy.no.1098/aa To 110, Senthan Green Park, Ramachandrapuram, Medak, TG	India
S3-595315621	harborschoolmedicine.com	Mockingbird Ct, Columbus, Ohio	US
S3-593089229	Physical Therapy Desert	Stallings, 1009 Hunleyhill Ct, North Carolina	US
S3-809475740	Continental LLC Service	3419b Fork Loop, Green Bank, West Virginia	US
S3-541529468	Premia Dmeeins Private Limited	C/o Shri Vasantrao, Govindro, Rui, Tq Hadgaon, Hadgaon, Nanded, MH	India
S3-969508966	Gandara Inc Service	1234 Girard St, Unit BSMT, Washington, District of Columbia	US
S3-865393827	*** Thomas'S American Partners Llc	Espy Street, Kenton, Ohio	US
S3-782164619	Naqvi & Gao Goldman	830 Drexel Ave, Fort Wayne, Indiana	US
S3-225022493	Pyranex DBA: Vision Technologies Limited	C - 278/1/11, Gali No. - 11 C - Block, Bhajanpura, Delhi	India
S3-191699297	Aditya Systems Private Limited	Delhi, Iiird Floor Lado Sarai, दिल्ली, South Delhi, C-462/1	India
S3-638865069	Frontier Charities	8500-B Grantshire Ln, Affton, Missouri	US
S3-962638369	Delta  Karman Inc	134 Green Dr, # Suite A, Avilla Township, Indiana	US
S3-910326644	National  Star	27 Robin Rd, Edgecomb, Maine	US
S3-736711223	Sirisoft  L.L.C.	Arkansas, Van Buren, 345 Boulder Drive	US
S3-872618843	Dermatology Physicians of Holly Ridge	Tar Landing Road, HOLY Ridge CITY, North Carolina	US
S3-777063865	Lennon Center	176 Beech Tree Ln, Becket Township, Massachusetts	US
S3-578642272	Sterling LLC Services Ventures		US
S3-332571278	1 800 Got Junk Sacramento of	Cottage Way, Unit STE 36, Arden-Arcade, California	US
S3-279876444	Tri-State	18315 Lodgepole Pine Street, Cypress, TX	US
S3-510657222	Nova & Brothers Private Limited	Palava Dombivali E, Thane, E 402., MH	India
S3-498616133	Y+  Automotive Group	42. Hickrey Drive, Evans, West Virginia	US
S3-866677701	Frasca Data (LLC) (LLC)	1063 Quilliams Rd, Cleveland, Ohio	US
S3-969687536	Oncology Gólden Partners (Inc)	1420 Harmon Ave, Bismarck, North Dakota	US
S3-853577381	പയനിയർ ഡെവലപ്പേഴ്സ് ലിമിറ്റഡ്	37/2200-8, M C Tower, C Achutha Menon Road, Thrissur, NULL, KL	India
S3-873779026	Rion	827 Cedar Springs Road, Athens, TN	US
S3-46019063	Graham's Partners	414 Tyler Avenue, Groton, Connecticut	US
S3-451195536	Great Green	231 Parkway Avenue, # Unit B, City Of Oshkosh, Wisconsin	US
S3-916248830	Emerick Saul	Houston, 3307 Vega St, Texas	US
S3-278139004	rosenblumveterinaryclinic.com	1424- 1200, Layton, Utah	US
S3-496836150	Sigma	Unit No. 2901, 29Th Floor, Plan S Business Park, D108/1, Opposit D.Y.Patil Stadium, Midc Industrial Area, Nerul, Navi Mumbai, Thane, Maharashtra	India
S3-842540751	Ectoyumaio formerly: 2511 First Road Company	2124 Seventh Street, Unit A4, Lumberton, NC	US
S3-104528327	Hólmes		US
S3-926721684	Vision Inc Medicine, Complete	35 Coleman Cir, Hampstead, North Carolina	US
S3-723231622	Federal (Association)	605 Millbury Street, # 5, Worcester, Massachusetts	US
S3-880354752	Flying Brothers Private Ltd	Door No 42 Rani Jhansi Road M M Road, New Delhi, Central Delhi, DL	India
S3-70610615	Tavobrixvantage+ trading as 1155 Lexington Avenue Partners Inc.	603 Wisteria Street, Mansfield, TX	US
S3-601755179	Pr0jects Ashok Services Pvt. Ltd.	#3-100/126, Tirumalagiri, Andhra Pradesh	India
S3-279117799	Ama1ia N. Ellison, DDS, DDS	2145 Enterprise St, Grandview, Illinois	US
S3-93066040	Internal Medicine Cáre Associates of Webster	149 Wishig View Dr, # Apartment D, Webter, New York	US
S3-136672854	Kimes Cadenza Service	1517 Forest Lakes Ave, Atlanta, Georgia	US
S3-665006300	Beacon Elite LAKE	4802-4804 Palestine Rd, Springfield, Tennessee	US
S3-964323939	Advanced Security Innovations LLC	08 Fife Avenue, Oklahoma, Sapulpa	US
S3-78493321	pediatricdentistryoptimal.com	31 Loveland Rd, Webter, Massachusetts	US
S3-767261118	Bengaluru Organ Prvmate Limited	No. 16, Bengaluru, Bengalore Rural, ಕರ್ನಾಟಕ	India
S3-157977846	sree ádvisors	325, Chenoy Trade Centre, Parklane, Secunderabad Andhra Pradesh, Andhra Pradesh, TG	India
S3-569947491	(india) Navgraj Fund Pvt Ltd	H.no 512/513 Janki Center Off. Veera Desai Road, Andheri (W), Mumbai City, Mumbai, MH	India
S3-465100279	Límited Sangeeta Brothers	Door No 6 Udaynagar Bengeri Road, NULL, Dharwad, Dharwar, KA	India
S3-750575126	Jaipur Ddgsers Limited	F1, Plot No. 13, Parth Sarthi Residency Ii, Jaipur, राजस्थान	India
S3-539028798	Liberty  Academy	3925 Harbor View Dr, Morristowwn, Tennessee	US
S3-535777444	Cotton Internet Pvt Limited	D-1/238, Delhi, North East, दिल्ली	India
S3-804749928	Drexzeph One DBA: Avril Albanese Institutions	1059 Boston Post Road, Mamaroneck, NY	US
S3-229418112	Sanchez  Xii LLC	Arizona, 9220 Flying Butte, Fountain Hills	US
S3-425021715	Hendrix, Johnson and Gehman Eqv	Cardingtton, Ohio, 3753 Rd 166, PO Box 9716	US
S3-16906256	Bright  Seafood	012718 Hilden Road, North Carolina, Durham, PMB 6320	US
S3-982429275	arcos cardiology llc	2711 Windwood Dr, Winchester City, Virginia	US
S3-361181989	Best	14516 Shooter Mc Gavin Drive, Manor, TX	US
S3-824794666	Merchant Vangguadr Atlanticus LLC	Vacaville, California, 190 Orchard Ave	US
S3-460366419	Empire Trust L.L.C.	6003 Trenholm Village Dr, Powhatan, Virginia	US
S3-537496943	Pikpl.Com	Ahmedabad, 80, ગુજરાત	India
S3-32171386	Black Private Limited Center	126/6D, Kanna Illam, Periyasamy Nagar Puthu Gramam, Kovilpatti, Thoothukudi, TN	India
S3-520182489	UIV Labs  Private Limited	Radha Kishan Cold Stoage, N. H. No. 8, Kheda, GJ	India
S3-637737619	TECH LOGISTICS	Indore, No 2/679, Bhagirathpura Industrial Area, MP	India
S3-392379837	Ganesh Institute Limited  Partners	Pdot No-528 Pkt-c G/f ., East Delhi, DL	India
S3-188220702	નોર્થ એનર્જી પ્રા. લિ.	No. 356 Office/ Shop No. Ff 5, Supar Bazar 1 Nana Kapaya, Mundra, Kachchh, GJ	India
S3-570255573	HITECH SHYAM CONSULTANCY PRIVATE LIMITED	Plot 509 477/726, Near Paban Mandi House, Jamda, Jhargram, Jhargram, Midnapore, WB	India
S3-47140926	Super-55 Yoga LLC	1300 110th St, PMB 6042, Vancouver, Washington	US
S3-423452681	Smt Creative Logistics Private Ltd	H.no ##512 Atma House Ashram Road, Ahmedabad, GJ	India
S3-507614189	Martino and Hendrix	6720 Corsair Ave, Prescott, Arizona	US
S3-759488208	karmenmckeemd.com	1432 S Fork Dr, Phoenix, Arizona	US
S3-151705892	>> Pink Engineering	Ps Srijan Tech Park, Dn-52, 12Th Floor, Sector-v, Saltlake, North 24 Parganas, WB	India
S3-2578147	Priska + Soms-Private Limited	RJ, Bdi Sunshine City Bhiwadi, Tijara, B-405 Tower Pearl	India
S3-779219189	pv ridge meshflow llc	28538-28542 Lake Shore Blvd, Willowick, Ohio	US
S3-491620719	Yo Ltd Media	M-506, Noida, UP	India
S3-45454318	@Brightram	Lerha Road, Hathras, UP, Chaman Vihar Colony Hathras, Uttar Pradesh, Hathras	India
S3-158165704	Ragland Medical Cénter	PMB 4297, Houston, Texas, 7823 Del Rey Lane	US
S3-553755954	Deltajax DBA: Sunrise Builders Private Limited	Thiruvallur, Tamil Nadu, P. No. 6, Vignesh Apartments, Mahalakshimi Nagar, Noombal, Vanagaram, G1, Chennai	India
S3-872823448	1155 LEXINGTON AVENUE PARTNERS INC.	Texas, Mansfield, 603 Wistsria Street	US
S3-915689466	Mr Great Agro Prívate Limited	#47, Ramkrishna Nagar Near Nirbhay Society, Makhamalabad Road, Thane, Nashik, MH	India
S3-795273867	Milligan Pátriot Rmg LLC	21203 26400, Portage, Utah	US
S3-425750802	KIC National Art Ltd	158 24, North Carolina, Beulaville	US
S3-284067571	Pippa T. Ptd, L.C.S.W. - 5027065727	500 Blake Street, New Haven, Connecticut	US
S3-789850374	Ltd. Technologies Rajlaxmi Works	Plot No. 36, Gandhinagar, GJ, Prime Industrial Park, Santej, Taluka Kalol, Kalol, Gandhi Nagar	India
S3-559094208	Mills Elite LLC Center	51 Myrtle Street, Unit 6, Malden, Massachusetts	US
S3-739256634	Richardson Peak Archimedes  Inc	127 Riverside Drive, NULL, Chester, Maryland	US
S3-153295032	-- valianttechprivate.com	B3/5th Floor, Gedore House, 51 52 Nehru Place, New Delhi, Newdelhi, दिल्ली	India
S3-732652865	(Motors) Tonie's LLC	173 Candlewood Drive, South Windsor, Connecticut	US
S3-20679112	Mastek Riseach Private Limited	No.21, Bangalore, KA	India
S3-412308064	Endaum LLC	2426 346th Street, Federal Way, Washington	US
S3-384030038	जय टेक प्रा. लि.	Room No.03 Shree Gajanan Niwas Vasai, Thane, Palghar, MH	India
S3-396078518	Harbor	8796 Walnut Bottom Lane, Frederick, MD	US
S3-801871026	Pediatric Dental Desert Medicine, Llc	10908-10912 Austrian Pine Way, Unit 1622, Concord, Tennessee	US
S3-556815806	A Cure 3 All C0	36010 2, # 19, Sultan, Washington	US
S3-520587208	जैन ट्रेडिंग Private Limited	Mumbai, Apple Heritage Andheri E, Mumbai, MH, Door No 102 Rathod House Opp	India
S3-335954806	Avadh Acmdlmy	Cts No1972 Airport Side Service Rd Nr Laxminarayan Temple Western Express Highway, Mumbai, Mumbai City, MH	India
S3-159869473	Mayhew and Powell (Inc.)	1249-D Nicholas Ln, North Liberty, Iowa	US
S3-403183619	Infinito Service		India
S3-850937523	Rosene Garafola Valley Bank Ltd	5025 Arkasas Ave, Floor 0, Wichita, Kansas	US
S3-406661724	Horizon Inc Partners	603 Pipe N Tree Dr, PMB 4482, Hartfield, Virginia	US
S3-458244716	Shri VERSATILE FACILITY PRIVATE LIMITED	No #4, Kambar Street, Voc Nagar Pammal, Kanchipuram, தமிழ்நாடு	India
S3-28883465	Vilinis	##5421 Lavender Dr, NULL, Princeton, Texas	US
S3-448435244	Kagal Private Centre Limited		India
S3-672449678	udaipur agency private limited	9/256 Sidco Building, Sidco Industrial Estate Perigandoor Post, Athani, Trichur, KL	India
S3-232278791	Hitech Shyam Consultancy Private	Plot 509 477/726, Near Paban Mandi House, Jamda, Jhargram, Jhargram, Midnapore, পশ্চিমবঙ্গ	India
S3-47800478	Halotavo	Core-3 Scope Complex7 Institutional Area Lodi Road, New Delhi, South Delhi, Delhi	India
S3-512802036	Ectolyra trading as I/P Daedalus	1647 Greene Lake Drive, Xenia, OH	US
S3-44999319	#1 Management	249 Middletown Rd, Nanuet CITY, New York	US
S3-660167485	Sheela-Lfhlne Tri-State Star, Inc	Massachusetts, Medford, 14 Main St	US
S3-373022873	Landmark Assocaites Ltd	88/9, Mahendra Bhattacharjee Road, Distrct -Howrah, Bally Jagachha, Howrah, WB	India
S3-981947992	kritintulsi.com	Plot ##478 House No 77, Ernakulam, Keralam	India
S3-612013037	Moczygemba Fresh Brc Córp	Annex Street, Unit 1, Berkeley Springs, West Virginia	US
S3-578175322	Optimal Agricultural Products of Shelby	711 Dekalb Street, Shelby, North Carolina	US
S3-447815132	सुपर बालाजी मैनेजमेंट प्राइवेट लिमिटेड	304 Kh.no 702 Village Dehra Nenr Umri Chauraha, Umri Kalan, Moradabad, Jyotiba Phule Nagar, UP	India
S3-266697266	Llc Studio 84 Bistro	292 Sumner St, NULL, Boston, Massachusetts	US
S3-677967420	Brightic Gésher Clinic	Washington, 22925 31st Ave, Bothell	US
S3-427957117	HW  Construction	Kingsway International-1 Coronation Road Banda Bahadur Marg, DL	India
S3-895156902	Apex Energy Prívate Limited	D-83 Okhla Industrial Area, South Delhi, DL	India
S3-955355818	Private Rms Save Ltd	#11, Sai Priya Colony, Dammaiguda, Near Ecil, N/A, Andhra Pradesh	India
S3-664765032	... Clyis LLC Deutsche,	0150 Riverside Dr, Clanton, Alabama	US
S3-154042350	Sullivan Terra  Inc	721 Ftrd Avenue, Barberton, Ohio	US
S3-711435745	Sunshine Vidyalaya	No 943 10/2, Gadital, Hadapsar, Poona, Pune, महाराष्ट्र	India
S3-391416457	Private Canara énterprises Limited	F-239, F/f, Laxmi Nagar, East Delhi, DL	India
S3-404506946	Children's Network  Center	01317 Hembre Ct, Suisun City, California	US
S3-575733581	অ্যাপেক্স ইনফ্রা প্রাইভেট লিমিটেড	Block - M - 35. Baishnabghata Patuli Township, Howrah, South 24 Parganas, WB	India
S3-973371015	Multiplex-Paints Private	Hn 954 8-A, Delhi, Janpath, DL	India
S3-593416813	Infiniti School Service - 5394102180		India
S3-250529835	Evodovasol aka Meentech Services Private Limited	6Th Floor, Unit 601, Spaze I T Tech Park Sohna Road, Sector - 49 Gurgaon, Gurgaon, Haryana	India
S3-481714297	Dumais Preferred 8rc L.L.C.	01861 Vanderpool Rd, Vilas, North Carolina	US
S3-821528653	Halcent Slatsin	346 C 118, Manuelito, New Mexico	US
S3-527376886	Bhagirath Co (&)	127, Noida, New Delhi, दिल्ली	India
S3-203886804	Hanssen & Kolar LLC	309 Spruce Street, Charlottesville City, Virginia	US
S3-577026213	गैलेक्सी टेक प्राइवेट लिमिटेड	C-67shivaji Park, New Delhi, West Delhi, DL	India
S3-437238159	Seven Engineering Private	Rohtak, HR, Subhash Nagar, H. No.-279	India
S3-461060594	Miller United	735 Pleasant St, Cambridge, Massachusetts	US
S3-470877082	Martinez, Georgia,	280 French Road, West Seneca, N/A, New York	US
S3-20446339	I 8 W TPG INC.	5 140th Street, Unit 301E, Ocean City, Maryland	US
S3-43487823	krishnaenterprises.com	Fl 301 Shreyash Garden, Dsk Road Dhayari, Pune, MH	India
S3-328622569	Pr0ctor Legato	5340d Hargrove Rd, Williamson County, Tennessee	US
S3-758667350	Arrah  Realtech	Arrah, Bhojpur, बिहार, P.no. 43 Shivganj Bsnl	India
S3-902659784	Mr Yuva Trade Private	No D104, Srirangam, Tiruchirappalli, தமிழ்நாடு	India
S3-186786934	PRIMARY CARE CLINIC CORP	001011 Stan Schlueter Loop, Killeen, Texas	US
S3-141913972	Kiran Co Services	H Near Pole No 45, Pherwan Panna Vill Jharoda Kalan, Najafgarh, New Delhi, West Delhi, दिल्ली	India
S3-714685927	Arconyx One DBA: Tetech Guggenheim LLC	3020 Princess Anne Road, Norfolk City, VA	US
S3-348679530	M/s Sarthak Services Private	No 82, Ground Floor & 4Th Floor, Perfect Tower City Park, Egattur Village, Muttukadu Pa, Nchayat, Chengalpattu, Chennai, தமிழ்நாடு	India
S3-98859848	Calogild	5340d Hargrove Rd, Williamson County, Tennessee	US
S3-802999337	LLC Detwiler & Merchant Northwest	Wilda Road, Augusta County, Virginia	US
S3-467429705	JR Anchor Bumrungrad	117 Essex Circle, Unit Apartment F, Guilderland, New York	US
S3-828714880	Shaylyn, Bilyeu, DPM	116 1/2 Catboat Road, Wellfleet, Massachusetts	US
S3-383030899	Quality Dogecoin  Corporation	3835-3839 State Avenue, Indianapolis, Indiana	US
S3-97112176	Harms, Cooper and Roth Services	610 3rd Street, Minnesota, Granite Falls, <NULL>	US
S3-534435488	Services Hendrix, Johnson and Gehman LLC	3753 Rd 166, Ohio, PO Box 9716, Cardingtton	US
S3-948625825	Ace Supply,	413 Birchwood Drive, Salisbury, Maryland	US
S3-235967060	New De1hi Services Private	E-239, First Floor, East Of Kailash, New Delhi, South Delhi, DL	India
S3-992482569	Veque [Harmony]	Pine St, <NULL>, Tulsa, Oklahoma	US
S3-800084272	Brixdelta née Biddy T. Torres, O.D.	2555 Erickson Street, Sacramento, CA	US
S3-92623665	Premier Developers Corp	103 N.b.road, Chennai, TN, Chennai	India
S3-629161144	Supreme Mobility Innovations-Concord LP	1035 Nod Street, Knoxville, Tennessee	US
S3-984758041	Limited High Consultancy Services	Flat No. 201, Tower No. 5, Valley View Estate, Gurugram, Gurgaon, HR	India
S3-365534484	Munoth Sith	Darbhanga, House Of Raj Kishor Sah Hospital Road, बिहार	India
S3-570729819	Flitn, LLC	139 Plst Oak Rd, Chapel Hill, North Carolina	US
S3-510062707	R+ Sui Sui	35 Cummings Dr, # UNIT 403, Stafford, Virginia	US
S3-616809101	Private Minerals Conclave (Limited)	Prom Add:b-15/b Kalkaji, New Delhi, South Delhi, दिल्ली	India
S3-177852669	Marketing Snr (india) Private	Allauddincdak, Patna, बिहार	India
S3-975081866	beacon mobility systems group	702 2nd Street, Bellwood Borough, Pennsylvania	US
S3-371478005	Rangareddy Limited Services	Pt No:139/p, Puppalguda, Rangareddy, TG	India
S3-394970471	Guthrie  Committee	##8500 Old Lemay Ferry Rd, Hillsboro, Missouri	US
S3-651971067	Best Rice Incorporated	Texas, Manor, 14516 Shooter Mc Gavin Dr	US
S3-856533868	Fz Róthschild Llc	732 Tanasi Trl, Townsend, Tennessee	US
S3-618740375	Moore Enetbdase	107 Hall Street, Newbern, Tennessee	US
S3-366002689	Pi0neer Dynamic Healthcare (Limited)	Sr.no.241/3/a Datta Mandir Road Wakad, Pune, MH	India
S3-980472309	Brg Services Private	No 39 New No.70 Siva Thottam R.a Puram, Chennai, TN	India
S3-380179752	Oncology Spécialists LLC	Brooklyn, New York, 640 61 St	US
S3-980255075	Pvt. Services Bhavani Tech Ltd.	D-234, Ug, Sushant Arcade Sushant Lok-1, Gurgaon, हरियाणा	India
S3-427900609	TD Eye	No 6, Kh No-18/25, Main Rohtak Road Nangloi, Ex -3, Near Lokesh Cinema, Delhi, North Delhi, DL	India
S3-615583041	WT Hnrn Private Limited	63-A, Gali No.1, Raja Park, Jaipur, राजस्थान	India
S3-779228910	Lumvio F/K/A Temple Ministries	East Hartford, 32 Main Street, CT	US
S3-412163988	Department of Labor Inc	411 Mckenzie St, Dallas, Texas	US
S3-230735336	Korevo F/K/A Snider, Howard & Perdue Super LLC	45 Glory Drive, Highland, IL	US
S3-91169783	Meenakshi &	H.no 346 Fl-1-b-12 Pimpalpan S G R S.m. Sno-5 Dhayari, Pune, महाराष्ट्र	India
S3-818086766	Horizon Fusion Incorporated	2476 Skyland Plae, Washington, District of Columbia	US
S3-999392438	Supreme Enterprises Private	143 Karnani Mansions27a Park Street, South Parganas, Calcutta, WB	India
S3-549777197	Veocalox DBA: Arc Constructions Private Limited	2003 Swapnalok Bldg No 2 Wing B Malad East, Swapnalok Layout Pimripada Rd, Malad East, Mumbai, Maharashtra	India
S3-164581826	Smith Rocky Championsgate L.L.C.	3 Rose Bud Ln, Nantucket, Massachusetts	US
S3-841567290	Suven Inudtaslriles (India) Private Limited (ID: 9052)	Door No 79/87 D Lad Pathkalachowkie, Mumbai, MH	India
S3-396478748	Schwartz and Whitney Llc	Alabama, Mobile, Unit 44, 6964 Airport Blvd	US
S3-380113378	Suryaksh  Corporate	Village Madnapur Post Madnapur, उत्तर प्रदेश, Rae Bareli, Raibareilly, C/o Tej Pratap Singh	India
S3-971726755	Hb Solutions Private	Thane, MH, Janta Market, New Panvel	India
S3-689573236	Kolkata Critical Private Límited	Door No 97A Southeren Avenue, Calcutta, WB	India
S3-313260452	Abraham Krakacquisition, [Inc]	4930 College Oak Dr, Unit APT 60, Sacramento, California	US
S3-280294652	CARE PRIMARY ELITE CLINIC	5527 Classics Court, Dublinn Township, Ohio	US
S3-511642707	U1uberia - Export Center	4, Ahmed Mamooji Street, Liluah, Uluberia - Ii, Howrah, WB	India
S3-266951439	Reliable Design Ventures Ventures LP	1105a Benson St, Altus, Oklahoma	US
S3-970157862	Mcpherson	8834 Willow Green Drive, Sandy City, UT	US
S3-61262693	indianwhee1s.com	No:4 Pandian Palace Veeraperumal Muddali Street, Madras, Chennai, TN	India
S3-832394910	Surat Energy	1033-1034 Hari Om Marketring Road, Surat, ગુજરાત	India
S3-257550539	Co Kandivali East Ram	Block D-338 801, Mumbai, Kandivali East, महाराष्ट्र, 8Flr F Wing Octacrest, Akruli Road Lokhandwala	India
S3-654635639	Office of Parks  and Recreation	1409 Madison Avenue, <NULL>, Toronto, Ohio	US
S3-383518124	American Veterinary	479 Massachusetts Avenue, PO Box 7303, Boston, Massachusetts	US
S3-307392340	Seven Marketing Prívate Limited	Amar Manor Shop No.10, Sno.80/3, 32/3, Wanawadi, Pune City, Pune, MH	India
S3-675960605	Fami1y Medicine LLC	61, Grand Marais, Minnesota	US
S3-499191657	Smt Bombay Care Private	242-243, Tribhuvan Complex, Ishwar Nagar, Friends Colony West, South Delhi, New Delhi, DL	India
S3-47853891	Colonial Colonial Cóuncil LLC	110 Tenth Ave, Winterset, Iowa	US
S3-316518533	Premier Kongsberg Corporation	Glen Crest Ln, Incorporated, Illinois	US
S3-795890949	inc select transit solutions	07918 North Glen Dr, # 1029, Irving, Texas	US
S3-510081329	AMERICAN VETERINARY CLINIC	479 Massachusetts Ave, # 3, Boston, Massachusetts	US
S3-890477630	Behavioralhealthassoc.Com	490 State Rd, Aquinnah, Massachusetts	US
S3-353915472	Arcpyratavo d/b/a Resonex American Inc.	45 Vineyard Lane, Greenwich, CT	US
S3-196420034	Lynda Shr Tax Service Inc	Las Palmaritas Drive, Glendle, Arizona	US
S3-2406578	... Coastal Veterinary Clinic Group	Minnesota, Unit Apartment 303, Chaska, 1st Street	US
S3-134770330	Heart Network Partners Ltd #78833	234 Sapling Lane, Knoxville CTY, Tennessee	US
S3-229650544	Trading Maa Solutions Pvt  Ltd	Maya Puri, G-98-b Lig Flats, Mayapuri, DL	India
S3-500775158	बेस्ट कंस्ट्रक्शन प्राइवेट लिमिटेड	Unit No. ##280 Plot No. 7 2Nd Floor Manglam Place Vardhman Grand Plaza Rohini Landmark Kal, I Mandir, New Delhi, North West, DL	India
S3-246333140	Db2.Com	9166 Madison Grens Ln, # 55, Orangevale, California	US
S3-433677408	Summit Hlodistng-Company	1868 25st St, Redmond, Oregon	US
S3-829389830	मॉडर्न इंडस्ट्रीज प्राइवेट लिमिटेड	18, Hapur, Bhajeda Kalan, UP	India
S3-351378917	Marquis Clearthink  Inc	Portand CITY, 1 Rogers Rd, Connecticut	US
S3-393933486	Patoh &  Co	A 223, South Delhi, DL, N/A, New Delhi	India
S3-298277149	Chiropractic Ace Clinic Inc	97 1/2 Mahogany Hill Way, Draper, Utah	US
S3-617783590	24/15 karbon center	##364 Wieuca Road, Atl, Georgia	US
S3-53334393	Lcpharmaceuticals.Com	New York, # Apartment 503, Wellsville, #689 Trapping Brook Rd	US
S3-828172169	Plumeria Display Private Ltd	MH, Thane, Mira-bhayandar, D 503	India
S3-990389331	ఇండియన్ ఫౌండేషన్ ప్రైవేట్ లిమిటెడ్	Kakinada, Mdo Office Backstreet Opp Savitha Hospital, Ramanayyapeta, AP, East Godavari, 5-9-245/7A	India
S3-191458213	labellefreshotg.com	608 G Avenue, Texas, Temple	US
S3-229413704	thompsoncargo.com	2600-D Forest View Dr, Antioch, Tennessee	US
S3-554151984	Vargas Crystal [Freight]	209-B Donnell Court, Lexington, North Carolina	US
S3-905411851	Kfb Integrated Corp	#3218 Pinewood Avenue, Chattanooga, Tennessee	US
S3-570185901	Shri Ma Spv-Private Limited Services	B-23/6878/27, Main Road, Mohar Singh Na, Ludhiana, PB	India
S3-708114855	starsoftwareworldwide.com	Russell Minor Lane, N/A, Spotsylvania County, Virginia	US
S3-255583006	Memorial Institute	13116-B Norwood Road, Raleigh, North Carolina	US
S3-481248888	Fastflow (India) Realtors Pvt. Ltd.	10/174, Kunnathery, Ernakulam, Keralam	India
S3-231995815	Beum Inc.	26908 17th Avenue, Daisy Mountain, Arizona	US
S3-659277625	Economic Dehveeolnpmmnt Federation	4319 Old Greensboro Road, Thomasville, North Carolina	US
S3-40004786	#Small	2635 1/2 Wicker Ave, Farmers Branch, Texas	US
S3-567875267	Tri-State Roman	2211 Kilborne Dr, Unit A, Charlotte, North Carolina	US
S3-791905400	इंडियन प्रॉपर्टीज प्राइवेट लिमिटेड	Plot 29 B-201, Okhla Industrial Area Phase-1, New Delhi, DL	India
S3-441829521	washingtonmercerassociates.com	21143 267st Dr, Buckeye, Arizona	US
S3-131763159	Smt Mks Clinic (Services)	Plot 404. 912, Ahmedabad, Ahmadabad City, GJ	India
S3-948701755	VT Limited Private Cold	Uttar Pradesh, UP, Kanpur, #58/16/7 - Abirhana Road Kanpur	India
S3-902452756	WT Human Limited Private	63-A, Gali No.1, Raja Park, Jaipur, राजस्थान	India
S3-798874024	Hayden, Ruby Royal Vertical LLC	Minnesota, Chiholm CITY, 105 Lake Street	US
S3-532811642	Kipp Valdz Elite Twelve LLC	10660 Waverly Rd, Malcolm, Nebraska	US
S3-140537805	A & Z Equity Inc.	Texas, KLYE, 100 Colt Loop	US
S3-649963772	ஸ்ரீ பவர் பிரைவேட் லிமிடெட்	Coimbatore, H.no 59, Pollachi, தமிழ்நாடு	India
S3-655061540	Clark Optimal LLC Partners	8601 Xylite Street, Blaine, Minnesota	US
S3-825972145	बिग इंफ्रा	Flat No. 307, Girwa, Bhuwana, RJ	India
S3-535248663	Kaverita Private Limited Service	Howrah, 24 (P-10), Kendua (Main) Road, WB, Kolkata, Flat Gr-5	India
S3-809300400	Dynamic  Property Labs L.L.C.		US
S3-322518010	semagokey.com	22 Elm Street, Oyster Bay, New York	US
S3-707810665	Classic Private  Solutions Limited	#0037, 2Nd Cross, Ganesha Temple Street, Near Deepa Nursing Home, Marathahalli, Bangalore, KA	India
S3-964376549	Gutierrez Totfl Sab Inc		US
S3-214015325	Thrissur Infratel Private ([Limited])	28/105B Pm Ibrahim Vellur Colony Line, Thrissur, കേരളം	India
S3-933562249	Ragland Medical Center Corporation	7823 Del Rey Lane, PMB 4297, Houston, Texas	US
S3-356714108	Sri Prime Infrastructure Infrastructure Pvt	#97, N/A, Surat, GJ	India
S3-333848409	kagal centre private limited	266/1/7/266/1/8, Kagal, Kolhapur, MH	India
S3-316888780	Adelaida A. Baker, M.D., DDS [PC]	1220 Hardison Dr, Jamesville, North Carolina	US
S3-998178711	Anant Academy-Corp	B-15, Jaipur, RJ, Saket Colony, Adarsh Nagar	India
S3-325272848	Helms, Gwennie, M.D., P.C. Services	4381 Meadowridge Ln, Colegeville, Pennsylvania	US
S3-419339032	Human Rights Foundation III LP	##24307 32nd Avenue Court, Spanaway, Washington	US
S3-140701298	south lightwave	2111 Coddington Road, Caroline, New York	US
S3-631987576	Behavioral Héalth Vanguard Care Associates	108 Cross Creek Lane, Proctor, West Virginia	US
S3-893201784	Orbilyra DBA Precision Automotive LLC	45-13 48 Avenue, Woodside, NY	US
S3-597784037	Helios Helios Hrmritage-LLC	8634 Eighth Avenue, Portland, Oregon	US
S3-106472258	eversmoorehernandez.com	Unit D, 2025 Eastgate Dr, North Carolina, Greenville	US
S3-798695247	A Aspen, Inc Center	211 Chestnut Creek, Dardenne Prairie, Missouri	US
S3-239319792	भारत बिल्डर्स प्राइवेट लिमिटेड	99/103, Kazi Syed Street, Masjid Bunder, Mumbai, Mumbai City, MH	India
S3-62697409	Star Star Foods Limited	Door No 582 D-87, Delhi, DL, F/f Block-d, East Of Kailash, Mcd Park, N/A	India
S3-392461484	Troester Troester LLC Center	141 Main St, Anson, Maine	US
S3-314243500	@guadalupitaworks	State Highway 434, Guadlaupita CDP, New Mexico	US
S3-665784397	Samvit Ltd Center	Plot 606 Mukta Market Complex At- Gopabandhu Chhak, Po-jajpur Road, Jajpur, OD	India
S3-281600688	Srour, Jackson & Salem Ínc	1657 17 Mile Road, NULL, Riverton, Wyoming	US
S3-886967572	Kanha Tea Private	P No. 362, Pune City, Pune, MH	India
S3-257037483	Gng  Holdings	G-#9 Rabindra Pally Po Jyangra, Kolkata, D B Nagr, WB	India
S3-187902993	Scholarship Trust Inc	5009 Scotch Ridge Rd, Pemberville, Ohio	US
S3-906561683	chandrakantamedicalcentre.com	Hub, Sarthana Jakatnaka, 312 Deep Kamal Commercial, GJ, Choryasi, Surat	India
S3-53472743	QD Muzero LLC Services	421 Military St, Hamilton, Alabama	US
S3-925486361	Northwind LLC	7844 Culloden Crest Lane, Gainesville, Virginia	US
S3-774287693	Cornerstone LLC Hall		US
S3-917101912	-- NEW DELHI PROJECTS PRIVATE [LIMITED]	House No #692 Second Floor Bijwasan Near Sunday Market, New Delhi, <NULL>, DL	India
S3-286798794	ग्रेट इंजीनियरिंग लिमिटेड	P. No. 17, Vijay Nagar Kartarpura Phatak Ke Pass, 22- Godam, Jaipur, RJ	India
S3-666448593	MERCURY (INDIA) PRIVATE LIMITED	Plot 206 C 101, Chanakya Appartment, Shroff Road Rajkot, Rajkot, GJ	India
S3-726222859	vpsbuilders.com	H No- 150/A, Tili Ward Sagar Sagar, Sagar, MP	India
S3-753367847	Private Indian Bright Investments (Limited)	Door No 469 C/o Manoj Kumar Verma, Rampur, Gaya, BR	India
S3-687619135	JU Lease	5473 Tr 63, Unit 514, Fostoria, Ohio	US
S3-969769368	Orbinyla DBA Vanguard Medical Solutions, LLC	7111 Straccioni Lane, Prince George County, VA	US
S3-504409224	Exim Bargr Limited	Office No 203, Sr 110/1A, Orient Plaza, 98/1, Pune, Pune City, MH	India
S3-699685756	Krn Lok Ltd	H-95., Siddarth Nagar, Jaipur, राजस्थान	India
S3-190862161	Urology Supreme Center LP	4318 Palladium Dr, # APT 301, Chesterfield County, Virginia	US
S3-517251839	Mecham Pineapple	#304 Sandy Ln, Oklahoma, Chandler	US
S3-736175964	Prime Holdings Supply		US
S3-910775560	Radiant Travels  Private Limited	Door No 642. Flat No-14, Nasik, Nashik, MH	India
S3-778743108	WOZ Private Limited Center	C/o Bebamma W/o Mahadevappa 22/248, Chamrajanagar, Chamrajnagar, KA	India
S3-451754160	Monaco Mobile	97, Terrebonne, Oregon	US
S3-525856076	First Búsiness	B-188, Nihal Vihar, Nangloi, New Delhi, West Delhi, दिल्ली	India
S3-362685987	Complex Industrial Pvt Dundahera Labels Ltd	Nasscom Coe Iot & Ai, Industrial Complex Dundahera, Gurgaon, हरियाणा	India
S3-142496944	Smith Empire Public L.L.C.	Ohio, 133 Belmont Saint, Akron	US
S3-424239611	[Júarez] Wilson & LLC	2703. 82rd Street, Lubbock, Texas	US
S3-569872292	Alaknanda Inventions  (India) Private	Door No 137 81, Ambattur, Tiruvallur, TN	India
S3-20980062	AE C0nsultancy Límited	Egmore Nungambakkam, 1A, TN, Chennai, Dewsidemanorsapartment, 58 Mcnichols Road, Chetpet	India
S3-114855597	North  Tge-LLC	015 Sahuaro, Guadalupe, Arizona	US
S3-818780783	Meix L.L.C. Cénter	1305 Weston Street, City Of La Crosse, Wisconsin	US
S3-194048212	Technologies Pani Labs Pvt	H.no 2/595 Biula Street Thirumullaivoyal Avadi, Chennai, TN	India
S3-369078435	My Creative Services Private-Limited	#1275 Gaganachumbi Double, Road, Chamaraja Mohalla, Mysore, ಕರ್ನಾಟಕ	India
S3-414846167	Multiplex Paints Private	Hn 954 8-A, Connaught Place, Janpath, दिल्ली	India
S3-137919828	OCEAN & ASSOCIATES	S.no.214/220/221 Bldg A9, Flat No.603 Kumar Park Infinia, Bhekrainagar, Fursungi, Pune, MH	India
S3-770407510	Surgical Group  Services	0010548 Latting Road, Cordova, Tennessee	US
S3-797908482	Obrien Harbor Phoenix LP	1545 Templeton Place, Rockville, Maryland	US
S3-108518784	Itace.Com	407 4Th Flr Safal Arise, Manjalpur, GJ	India
S3-674692075	[Inc] Shaw Controls	2 Pinetree Road, North Hempstead, New York	US
S3-815540502	Meentech  Services Private	Door No 6Th Floor, Gurugram, Gurgaon, HR	India
S3-545385772	Llc Zeex	11 Tubac Road, Tubac, Arizona	US
S3-548580097	Young, Byrne	Washingtonville, Franklin Pl, New York	US
S3-513144889	Aditya Brothers Private-Limited	Radayal Kalan, 38, Dewas, MP	India
S3-712537464	fortunehealthcare.com	17/663(28), 2Nd Floor, Adoor Tower Central Adoor, Adoor, KL	India
S3-177665495	Ectoumbra t/a Applegate and Watson Center	1826 Sterling Drive, Monmouth, OR	US
S3-259279583	Ro1ex Trading  of Nashik Pvt Ltd	Govinda Apt Flat 4- Viveka, Nashik, MH	India
S3-797925941	Dode's Chemical	116 Sunnydale Dr, Springdale, Arkansas	US
S3-70669759	S. Porter D.O.	1812 Younger Avenue, Statesville, NC	US
S3-679543414	Hazoor Brotehngs Pvt. Ltd.	Ward No. 177 Khavo Ka Mohalla, Guda Vishnoiyan Th. Luni, Jodhpur, Luni, RJ	India
S3-113201373	magjonescpa.com	St Charles St, Fort Benton, Montana	US
S3-170908787	Civil Educational Society LLP	Hno B6 462, Gali Jain, School Wali Bhadra Bazar, Sirsa, HR	India
S3-320243397	Eastsuperiorsolana.Com	82- Neponset St, Unit A, Canton CIY, Massachusetts	US
S3-733851544	skinner, palacios & puryear clinic	Westchester Cir, Mountain Brook, Alabama	US
S3-986686820	Prime Dream Constructions Private Ltd	Kokanwadi Be.raja Rani, Apt Ne S.t. Hostel, Chhatrapati Sambhaji Nagar, Aurangabad, MH	India
S3-414030917	National  Alliance	1112 Towne St, Cininnati CDP, Ohio	US
S3-140016900	Four  Hospital	Andheri Weh, Enterprise Centre, Opposite Hotel Airlinks, Nehru Road, Vile Parle (East), Mumbai, MH, No 1St Floor	India
S3-876093129	Pune Media  Company	#25 S No. 372 A, Pune, Pune Dhole Patil Road, MH	India
S3-624794880	Korcalo	Ranjeet Kumar Kothari S/o Kanhaiya Lal Kothari Oswal Kothari Mohalla, Dhadha, Bikaner, राजस्थान	India
S3-769639777	Borough Of Pllc	5240 Sarah Jane Cir, West Valley City, Utah	US
S3-778745046	Mazur Transportation of Sidney	4344 Runor Drive, Sidney, Ohio	US
S3-291056874	Noida  Care Private Limited	Flat No-306, 3Rd Floor, Tower F, Indosam 75 Society, Sector-75, Noida, Gautam Buddha Nagar, UP	India
S3-233196274	Rizawex trading as AY Edutech Private Limited	23A, Master Mind Iv, Royal Palm, Aarey Colony Mayur Nagar, Goregaon East, Mumbai, Maharashtra	India
S3-526387323	West Ltd Services	Room No. 2, Bombay, Mumbai City, महाराष्ट्र	India
S3-36735214	Sunrise Réd Systems Private	House No. 402 Block -A3 Sector-13 Printer Apartments Rohini, New Delhi, Rohini Sector, DL	India
S3-248827731	Dovaquoxylo	30 Ruby Ct, Dartmouth, Massachusetts	US
S3-370823274	Blue Indo Enterprises Co	Ward No. 16, Gayatri Nagar, Sagar, C/o Rajendra Kumar Jain, MP	India
S3-278360018	NF Inc. Center	605 Cottage Place, Utica, New York	US
S3-849742436	Marquette & Young Inc	237 Chandler Street, # 2, Worceter, Massachusetts	US
S3-597197828	Salli Purvis Gulf Néxus LLC	407 Pine St, Wisconsin, Pepin	US
S3-672633764	Primary Care-Elite Inc. Clinic	5527 Classics Ct, Ohio, Dublinn Township	US
S3-797141885	South-Btc	0155 Brattle Street, NULL, Cambridge CITY, Massachusetts	US
S3-547946912	Scholarship Fellowship Incorporated	3930 Huffman Rd, Anhorage, Alaska	US
S3-144130758	Shree ఇన్వెస్ట్‌మెంట్స్ Private Limited	Tellapur, Medak, Plot No.d/240, TG	India
S3-49125282	Cardiology Health of Hrmtrig Group	New York, Hamburg, 153 Chapel Glen Dr	US
S3-242536707	pitts packaging	10506 Prxton Run Rd, PO Box 2904, Charlotte, North Carolina	US
S3-857735708	Raj-Polytechnic	తెలంగాణ, Indraprasthcolony Bagh Amberpet, Hyderabad, Hn 332 2-2-18/18/4/6	India
S3-935679703	Health Behavioral Vanguard Associates Care	108 Cross Creek Lane, Proctor, West Virginia	US
S3-911509980	M/s Kusum (Sport)	19Th Street Lotus Colony Anna Nagar East, TN, Chennai, Door No 362	India
S3-598262810	Thomas's Ámerican	234 Espy St, Kenton, Ohio	US
S3-723701818	SAHIBA (INDIA) HOUSING LIMITED	H.no 80 Room No. M 5 X 4 2/2 Kamawami, Dinquarry Road, Panjrapol, Deon, Ar, Mumbai City, महाराष्ट्र	India
S3-29946087	Holmes LLC		US
S3-976102881	dk (india) foundation private limited	#63 B, Bangalore, Jp Nagar Ist Phase Bangalore, KA	India
S3-970117869	k.com	Calcutta, #1, Upper Wood Street, WB	India
S3-909503828	Smt Diamond Agro (India) Pvt	0021/305/6, Palakkad, KL	India
S3-444464115	Seattle-Clinic Integrated Family	Seatte, 5034 Ninth Avenue, Washington, null	US
S3-772792581	Thanjai Gold Private	RJ, 0012Th Chopsani Road, Jodhpur Region, Jodhpur	India
S3-46070364	dhansangh.com	Plot 644 At- Town/vill.- Balbhadrapur, Darbhanga, BR	India
S3-824291916	Preferred  Innovative Eagle	424 Rock Prairie Lane, Ft Worth, Texas	US
S3-203565238	navranglab.com	152, Sector-9 Huda, Ambala, Panchkula, हरियाणा	India
S3-397362218	Maybelle F. Culver, D.C. Co	582 Gampp Lnae, Portsmouth, Ohio	US
S3-143456269	ସୁପର୍ ଏଷ୍ଟେଟ୍ ପ୍ରାଇଭେଟ୍ ଲିମିଟେଡ୍	Plot 673 Kamla Complex Power House Road, Rourkela, Sundargarh, OD	India
S3-432090048	Cornerstone	1020 Campbell Lane, Danville, IL	US
S3-245814340	Cook Allied Térra	California, 225 Selby Ranch Road, Unit APT 3, Sacramento	US
S3-186865714	Narmada Abode [Ltd]	Visakhapatnam, Door No.-19-20/a C.b.m Compound, AP	India
S3-900584653	Shri Sarkar Corporation Services	Green Wiew Apartment, Fa/2 Block 3, Sevoke Road, Siliguri, Jalpaiguri, WB	India
S3-258622825	Orbibrixdrex	Brson CITY, 90 Holly Hill Rd, North Carolina	US
S3-155384971	llc star software worldwide	2948 Russell Minor Lane, N/A, Spotsylvania County, Virginia	US
S3-183016091	Fancie'S  Seflolbd	Shinstock Way, null, Osage Beach, Missouri	US
S3-402390985	Wallace, Valdes & [Rasmussen]	8881-C Country View Lane, Hopewell, Virginia	US
S3-706950769	SHREE INVESTMENT PRIVATE LIMITED	Kadapa, East Godavari, 9/487A, AP	India
S3-894703683	M/s ADITYA MARKETING LIMITED	55, Tambaram, Kanchipuram, TN	India
S3-154484199	Custom Associates Talent	46940 Boe'S Dr, Pelicn Rapids, Minnesota	US
S3-121265723	Ditch Plains INC	4312 Coburn Drive, PMB 6809, Flagstaff, Arizona	US
S3-767765157	Jamnagar Company Services	Laxminiwas, R.no.1, 53, Digvijayplot, Rajkot Region, Jamnagar, ગુજરાત	India
S3-228302113	Sunrise Builders Limited Private	G1, P. No. 6, Vignesh Apartments, Mahalakshimi Nagar, Noombal, Vanagaram, Chennai, Thiruvallur, TN	India
S3-653952034	Dixon Starlink Care LP	1002 Mayo Creek Ln, Wngina, Virginia	US
S3-903371903	Young, and Byrne Zachry	17 1/2 Franklin Place, Washingtonville, New York	US
S3-470601439	HOBBS,, QUINTANA PH.D.	265 Classen Blvd, Oklahoma, Norman, Unit APT	US
S3-315892191	Interstate Center	11628 199th Avenue Court, Bonney Lake, Washington	US
S3-700862550	Sangeeta  Brothers	6 Udaynagar Bengeri Road, NULL, Dharwad, Dharwar, KA	India
S3-506123902	Minor, 5heri, M.D.	117 Warenr Bridge Road, Shelbyville, Tennessee	US
S3-439429182	Quovioonyx	820 Charles St, Dekalb, Illinois	US
S3-615177406	Vigliotti, Sanchez +	14 Fernwood Drive, Fl N, Texarkana CTIY, Texas	US
S3-245743342	Brooks Ere Community	001801 Palm Village Boulevard, # 153, Bay Ccity, Texas	US
S3-442394710	Nupur Global Corp	Block C-185. 121, Lake Town, Block-a, North 24 Pgs, North 24 Parganas, WB	India
S3-426250493	CV  Constructions	No. 1-3 A-5, Ahmedabad, GJ	India
S3-133922516	First Talent Gróup	##19055 River Road, Leavenworth, Washington	US
S3-570157048	Aditya (Law)	203/A/8, Shryanand C.h.s Shivaji Ngr, Thane W, Thane, महाराष्ट्र	India
S3-827627189	Tatiania Mongenergo Precision Holding LLC	419 Aiken Rd, Shelbyville, Kentucky	US
S3-77354930	Timber LLC	143 Sunnyside Street, North Carolina, Forest CITY, null	US
S3-942979443	New Delhi Real Pridtae Limited	Altf Okhla 101, New Delhi, South Delhi, दिल्ली	India
S3-566758602	सिल्वर प्रोड्यूसर प्राइवेट लिमिटेड	Block E-682 B-10 Basement Ansal Tower, 38 Nehru Place, South Delhi, New Delhi, DL	India
S3-231078646	ALLIANCE SERVICES CENTER	757/8, Dhanasree Motors, Dhanasree Plazza, Nanniyo, Nedumangad, Thiruvananthapuram, Trivandrum, KL	India
S3-759843476	#hettieburkhalter	0329 Falcon Run, Morgantown, West Virginia	US
S3-518550329	Pioneer Rbfte Inc	8334 71st Avenue E, Tulsa, Oklahoma	US
S3-350196235	Snider, Fratto + Péck Short LLC	2202b Strong Horse Dr, NULL, Conroe, Texas	US
S3-594960274	LLC Precision Árt	Kentucky, 1010 Old Main St, Hartford	US
S3-328937964	SILVER CREATIVE GLOBAL CORP	726 Madison Ave, Ohio, Springfield	US
S3-768881389	Pvt Shubham & Brothers Ltd.	0040-808-C-2 Srinivasa Nagar, Kurnool, AP	India
S3-247827764	Lower  Charter	36 Jewel Street, Brooklyn, New York	US
S3-383771638	Prathmesh  Services Private Limited	Surat, Plot 254 Office No 60-61, 1St Floor, Princess Plaza, Sardar Chowk, Minio Bazar, Varachha Road, ગુજરાત, Surat	India
S3-136108094	Adkins Cannabis	Twinsburg, 1858 Dooridge Dr, Ohio	US
S3-992654465	of Board Service	6708a Peoria Avenue, Tulsa, Oklahoma	US
S3-699848423	Mr Good Agro  Private Limited	Plot No.78, Survey No. 06, Shreeji Nagar, Gandhidham, Kachchh, GJ	India
S3-166172695	Synvioxylo F/K/A Basalt Reserve LLC	1678 Mcwhorter Road, London, KY	US
S3-468356949	Ma Spv (India) Private [Limited]	Main Road, Mohar Singh Na, B-23/6878/27, PB, Ludhiana	India
S3-296760749	@Freemanking	1102 Norton Street, Rochester Township, New York	US
S3-852523373	ಲೋಟಸ್ ಪ್ರಾಜೆಕ್ಟ್ಸ್ ಪ್ರೈವೇಟ್ ಲಿಮಿಟೆಡ್	771, 34Th Cross, 10Th Main, Jayanagar Iv Block, Bangalore, Bengaluru, Iv Block, KA	India
S3-527760706	Rowland & Córtez LLC	6-8 Lombard Street, Plymouth, Massachusetts	US
S3-967293318	गैलेक्सी फूड प्रा. लि.	No 27. Main Marketlodhi Colony, New Delhi, South Delhi, DL	India
S3-380010710	Creative Services	##4914 New Hope Rd, Raleigh CITY, North Carolina	US
S3-238848374	Charlotte Housing  Association Inc.	6335 Elgywood Lane, Charlotte, North Carolina	US
S3-214924881	rockyregionalstarry.com	116 Shaw Rd, Tellico Plains, Tennessee	US
S3-917646376	Oncology Golden Partners Inc.	1420 Harmon Avenue, Bismarck, North Dakota	US
S3-999687864	Ayala Rain of Des  Moines	89 Amisdad Road, Des Moines, New Mexico	US
S3-362820141	Firefighters Union Local No 424 Inc	155-159 600, Anderson, Indiana	US
S3-598832448	Cardenas Companies 0f Everett	61 Bucknam Street, # 2, Everett, Massachusetts	US
S3-39186927	Real  Tech Prvame Limited	No.e-102 Brigade Apart., Brookfield Itpl Main Road, Bangalore North, Bangalore, KA	India
S3-597413095	रेड इंफ्रा प्राइवेट लिमिटेड	Block G-493 C/o Bhaussaheb Godase, Sillod, Undangaon, MH	India
S3-529333265	Jay-It Limited	21, Mumbai, New Bombay, MH	India
S3-86248930	Merilee Lo,S D.C.	6801 Ranch Road 1222, Streeter, Texas	US
S3-809388958	Kelokor	#65 Central Park Dr, Scituate, Massachusetts	US
S3-876907296	International Nexa Secure Limited Partners	No. 35 41, Udaipur, RJ	India
S3-375963637	redwood.com Enterprises		US
S3-848948091	साउथ सॉफ्टवेयर प्रा. लि.	Wea Karol Bagh, 8A/38, New Delhi, DL	India
S3-592574277	Developers Dalmia Pvt Ltd Partners	Amit Height, Pune, महाराष्ट्र	India
S3-177640616	New Delhi Security Private	209, Nilgiri Apartments, Alaknanda, New Delhi, South Delhi, दिल्ली	India
S3-294953933	Godbolt Násdaq Inc	Savoy, Texas, 1226	US
S3-632504234	Mcpherson Ellis Plutonian LLC Partners	8834 Willow Green Dr, Sandy City, Utah	US
S3-279578277	Zephova Peofples Inc	6748 Sutherlin Street, Spokane, Washington	US
S3-902584401	ಅರ್ಬನ್ ಟ್ರೇಡಿಂಗ್ ಪ್ರೈವೇಟ್ ಲಿಮಿಟೆಡ್	167, Bangalore, KA	India
S3-421447243	Silva Runway  Inc.	Newark, 1012 1/2 Thornhill Dr, Delaware	US
S3-382183596	Cure Studio Hair	06608 Byron Road, BYON CITY, New York	US
S3-347660429	Suryaya Farms Private  Limited	5, Door No.536, New Door No 1057 Ph Road, Maduravoyal, Chennai, TN	India
S3-523364307	Secure Ventures Diagnostic #95976	10016 Belmont Ave, Kansas City, Missouri	US
S3-597331763	Products Dream Énterprises Private Limited	Block B-856- A-8, Ramnagar Colony Mohaddipur, Gorakhpur, UP	India
S3-533982211	ভারত Services Private Limited	4 Sadanand Road, Ground Fl, Kolkata, null, WB	India
S3-873689635	Children'S Network-Center	01317 Hembre Court, Suisun City, California	US
S3-987099155	URGENT CARE ASSOCIATES INNOVATIVE	Fl 0, Wichita, 701 West Saint, Kansas	US
S3-646963958	Carlson And Heckman		US
S3-435658581	Cesonnet  Lodging Inc	542 Buttolph Drive, Middlebury, Vermont	US
S3-572814874	Dr Timeless Charitable Tsrt	Salem, TN, Drno:1/341 Chinnappampatty, Salem, Pappampady	India
S3-390736618	North Best	17728 Riversode Drive, Patriot, Indiana	US
S3-336229476	(ID: @adityalaw 26261)	Thane W, Thane, Shryanand C.h.s Shivaji Ngr, महाराष्ट्र, 203/A/8	India
S3-889071141	एपेक्स लॉजिस्टिक्स प्राइवेट लिमिटेड	Anand Nagar Near Kapil Ice Cream, H.no 3327 A/112/1, HR, Gurgaon	India
S3-755114495	Premier Marketing  Labhrtories LLC	52 Remington Green Ct, Houston, Texas	US
S3-305640646	Federal Association	Millbury Saint, # 5, Worcester, Massachusetts	US
S3-824521762	Harton Veterinary  Clinic	Washington, 4889 76th St, Mukilteo, Unit A401	US
S3-144641205	#Youngbyrne	17 1/2 Franklin Pl, Washingtonville, New York	US
S3-180677090	Kanyaka India		India
S3-391327087	Perideon Er-Inc	8316 Express Drive, Marion, Illinois	US
S3-373165997	Rubio, Jeter and Lyons LLC	Arkansas, 5523 Echols Road, Cabot	US
S3-666431040	Caloex  LLC	10950 Mfrr Rd, Columbus, Indiana	US
S3-582804787	Coimbatore South Torade Limited	TN, Coimbatore, #42 A, Western Region Coimbatore, Senguptha Street	India
S3-197414661	Global  Traders Private	83, Murlipura Scheme Road, Jaipur, RJ	India
S3-535959784	Coastalhighlandsuma.Com	##35-18 43 Street, PO Box 3737, Long Island City, New York	US
S3-181924538	Bennettflynn.Com	53 Tripp Lake Camp Rd, PO Box 8427, Poland, Maine	US
S3-202532519	Clinic Garden Coastal	15 Caversham Woods, Pittsford, New York	US
S3-222924359	Smt Care Brothers Private  Ltd	H.no 1A, Sargunar Salai, Nagalkeni, Chrompetchennai, Sriperumbudur, Kanchipuram, TN	India
S3-611069148	ഭാരത് ശക്തി ബിസിനസ് പ്രൈവറ്റ് ലിമിറ്റഡ്	Pulliyil, Puliyathumukku, Kilikollur, Kollam, KL	India
S3-681078108	Shree Public  School	Ck 8/84, Garwashi, Tola Varanasi, Varanasi, UP	India
S3-91009531	Regional Institute II Trust	Belington, West Virginia, Deerbrook Lane	US
S3-854870037	Office Public of  Works	7746 Jeff Rd, Indianapolis CDP, Indiana	US
S3-907705965	S. Buck Clear	TX, Richmond, 21119 Maybrook Manor Lane	US
S3-242242381	Mr Suraj Earth Parivte Limited	201 Saidham P K Road Mulund West, Mumbai, MH	India
S3-691006875	Painters Union Local NO 901	700 Crossings Blvd, # 8313, Antioc Hcity, Tennessee	US
S3-406330977	Wadhwanicity Sol Sol Co	1St Fl, Wadhwanicity, Surendra Nagar, GJ	India
S3-943005798	R0ss LLC Services	670 Waterworks Road, PO Box 1180, Williamstown, Kentucky	US
S3-165288729	Julietta	423 Wishon Street, Newport, AR	US
S3-181729843	Excellence Consulting Private [Limited]	Door No 271 Flat No-c/11 Shriji Complex, Nr Saraswatinagar Soc Opp Ongc Bldg & Kabir Resturant, Chandkh, Eda Road, Sabarmati, Ahmedabad, GJ	India
S3-880111243	Igm  Movies Privaite Limited	339/3, Bangalore-55, Bangalore, ಕರ್ನಾಟಕ	India
S3-133689739	Metropolitan Dynamic Data L.L.C.	454 150, Morgan CTY, Utah	US
S3-794323979	Cultural Program Program	3101 Western Ave, Marion, Indiana	US
S3-691521945	Mcdonough Chemical-LLC	Batavia, 26 Prairie St, Illinois	US
S3-907321312	13 29 Tokyo LP	3311-3315 Tanterra Cir, Brookeville, Maryland	US
S3-274609082	Multi Résearch	No #2-56/30/P, Sy No 11/25 & 11/26 Khanamet, Serilingampally, Hyderabad, Rangareddy, TG	India
S3-777799463	privatejewelsthiruvananthapuram.com	Zigma, Trivandrum, KL	India
S3-233668918	WUG Limited Center	36 F Tollygunge Circular Roadnew Alipur, Kolkata, Calcutta, WB	India
S3-172663117	Radiant Travels Private	H.no 642. Flat No-14, Landmark Society, College Road, Nashik, Nasik, MH	India
S3-879548578	Commission on Consumer Affair		US
S3-528138726	literacyinitiative.com	Hillside Ln, Alexandria CDP, Virginia	US
S3-335116480	electricalsprivatephulwari.com	F.no G-6, Super Market, Fraser Road, Maurya Lok, Phulwari, N/A, बिहार	India
S3-550726753	Nagar Foundation  Private Limited	15-2, Block No.f, Nr Uma Sankara Vigneswara Temple Baji Junction, Gopalapatnam, Visakhapatnam, Vizag, ఆంధ్రప్రదేశ్	India
S3-89622830	Renteria Black L.L.C.	Albany, 45 Central Ave, # Suite 7A, New York	US
S3-840874881	Anand Products Prívate Limited	322, Delhi, DL	India
S3-285177950	PC Flores Assets	507 Sawyer Rd, Hays, North Carolina	US
S3-477229128	Complete Equity 5ystems LP	#1004 Meadow Crest Dr, Pella, Iowa	US
S3-313911176	>> Star LLC Worldwide Software	2948 Russell Minor Lane, N/A, Spotsylvania County, Virginia	US
S3-313846965	ব্ল্যাক গ্লোবাল প্রাইভেট লিমিটেড	26, Kolkata, Dalhousie Kolkata, WB	India
S3-871971198	Hopkins Bay-Bolpharma	5839 Beacon Falls Dr, Kingwood, Texas	US
S3-450925337	Dadri Resources Pvt. Ltd.	K-002, Dadri, UP	India
S3-118030855	tiaplus.com	700-704 Hall Street, Bangs, Texas	US
S3-730313164	shandafergusonnorth.com	#654 Madison Ave, PO Box 1522, Los Banos, California	US
S3-85075099	First  Infra Ltd	Pune, A 4/2 Utkarsh Nagargadital Hadapsar, MH, Poona	India
S3-976979632	Datha R0driguez, Esq.	1711 Bartlett Way, NULL, Chandler, Arizona	US
S3-308517315	59/13 Bakery	142 5516, Unit Lot J5, Troy, Alabama	US
S3-551499288	Iriwex d/b/a Silver Cornerstone Cafe	35 Yale Place, NY, Buffalo	US
S3-994453288	Advanced Cargo Pargmers Inc	4275 Borderlands Drive, Rancho Cordova, California	US
S3-833801020	Systems Radison Global Private	G-9. Alazim Shopping Center, Unreth, Anand, GJ	India
S3-806761193	Ray Total  Starry	8813 White Ave, St Louis, Missouri	US
S3-70125983	Shepherd-and Webster Clinic	1714 28th Street, Texas, Lubbock	US
S3-505815747	West Monroe Monroe Children's Certified Association	33 Camic Road, West Monroe, New York	US
S3-705751529	Allen Legato	12 Edgewater Estates, Plattburgh, New York	US
S3-793030205	>> Indu Institute [Ltd]	Cochin, KL, X#111/488, Ernakulam, Meempara.p.o Puthencruz	India
S3-963139065	Samarpan Éngineering (India) Center (Corporation)	NULL, Amritsar, ਪੰਜਾਬ, 1St Floor	India
S3-268923574	అరిహంత్ ఎంటర్‌ప్రైజెస్ లిమిటెడ్	002-3-3/267, Hyderabad, Silver Oak Bungalow, Phase-2, Modi And Mehhta Properties, Cherlapally, U, Ppal, TG, Rangareddy	India
S3-642693055	प्रीमियर विजन ग्लोबल Private Limited	H No ##206 Kumbhephal, Aurangabad, MH	India
S3-513421526	Black Construction Private  Limited	126/6D, Kanna Illam, Periyasamy Nagar Puthu Gramam, Kovilpatti, Thoothukudi, TN	India
S3-748178888	Edwards Secure Inc. Center	Humble, Texas, 18627 Rolling Shores Ct	US
S3-342893176	My Food Private Ltd	Block D-675 Shanti Nagar, Sarojini Nagar, Lucknow, उत्तर प्रदेश	India
S3-331959732	Illa Curry, D.O., M.D.,	6803a 136st Ave, Newcastle, Washington	US
S3-631027744	Vision Associates	3363 New Hope Way, Carlyle, Illinois	US
S3-681897277	City Traders	H.no 13/1, Honna Enclave K.n.agrahara, K.r.mohalla, Mysore, KA	India
S3-922921698	PRIVATE SAI VIDYALAYA LIMITED	Gali No 1, Taash Factory, H.no 5-19, Vishwas Nagar, New Delhi, दिल्ली	India
S3-42092667	Reid, Turner & Lemon Alliancebernstein Llc	144 Hidalgo Ln, Elgin, Texas	US
S3-106719084	Seerat Service Private	H.no #466 Property No A-6/24, Gali No- 3, Main Main Brahampuri Chauhan Banger, New Delhi, East Delhi, DL	India
S3-953891946	Young LLC Johnson, and	1901. Highland Road, Tennessee, Maryville	US
S3-757000788	Pediatric Denta1 Denta1 Medicine Inc	1011 Spring Creek Rd, Collinsville, Texas	US
S3-110435119	Bombay  Services	P No 002045I Opp Gelmandir, Chitaliya Road, Jasdan, Rajkot, GJ	India
S3-731363669	NKN Energy Private Ltd		India
S3-523887196	Prime Summit  Security		US
S3-157899422	Shree Glass Private	Aurangabad, N 3 Plot No. 403 Cidco Aurangabad Kettle Garden Road, Aurangabad, MH	India
S3-559530286	#Doex Pet Clinic Care	1461 Ridge Rd, Brookwood, Alabama	US
S3-611659031	Lawrence Alliance (Co)	2173 Allrdedge Rd, Blountsville, Alabama	US
S3-883989735	नॉर्थ केयर प्रा. लि.	E-3/157, Plot No.e-157, First Floor Shiv Ram Park, Near Sani Bazar Road, Nangloi, New Delhi, West Delhi, DL	India
S3-957315432	ಅರ್ಬನ್ ಇಂಜಿನಿಯರಿಂಗ್ ಲಿಮಿಟೆಡ್	Flat No. D-05, 65/1B, Jain Heights Kaikondrahalli, Sarjapur Road, Bangalore, Sarjapura, ಕರ್ನಾಟಕ	India
S3-451870937	Ear Nose & Throat Care Silver	20 C Ks Way, Brevard, North Carolina	US
S3-63972700	inc. minor pioneer concord	003551 Kenwood Ave, Kansas City, Missouri	US
S3-701361727	National (Investments)	8, Town Of Armstrong Creek, Wisconsin	US
S3-614001738	Edwards Secure Esnngry Inc.	18627 Rollign Shores Court, Humble, Texas	US
S3-16513527	Kanha Tea-Private Limited	P No. 362, Sindh Co Op Hsg Socy, Aundh, Pune City, Pune, MH	India
S3-154581330	Tavoevo	Door No 404 B, Indore, MP	India
S3-322061372	5unrise Red (Systems)	House No. 402 Block -A3 Sector-13 Printer Apartments Rohini, New Delhi, Rohini Sector, DL	India
S3-525315859	Mr Tripathi Southern Ltd	21 Maitry Avenue Randheja, Gandhinagar, Gandhi Nagar, GJ	India
S3-251338696	Federal Húntington Inc	7315 1/2 Old Dickersons Rd, Orange, Virginia	US
S3-575952730	Griffin Modern	001531 600, Sullivan, Indiana	US
S3-526138962	Mumbai International Co.	59/60, Floor-2 Plot-25, Dnyan Building P H Purohit Lane, Cavel 1 X Lane, Ramwadi, Kalbadevi, Road, Mumbai City, Mumbai, MH	India
S3-810758368	ब्लू इंडो Enterprises	C/o Rajendra Kumar Jain, Sagar, MP	India
S3-48546987	பிளாக் கன்ஸ்ட்ரக்ஷன் பிரைவேட் லிமிடெட்	TN, Thoothukudi, Kovilpatti, 126/6D	India
S3-849207480	Tripathi	21 Maitry Avenue Randheja, Gandhinagar, Gandhi Nagar, Gujarat	India
S3-162982720	JU Ásson Private	Vill Badhanu, Aligarh, UP	India
S3-828950027	>> Internal Medicine  Coastal Care Associates	6617 Taunton Vale Rd, Louisville, Kentucky	US
S3-307935578	Rossi, Schlosser And Mistretta	Springtown, 1781- J E Woody Rd, Texas	US
S3-930743275	Literacy Federation	1861 151st Plaza, Omaha, Nebraska	US
S3-225915843	SPP	75 Tarun Sengupta Sarani, Kolkata, South 24 Parganas, West Bengal	India
S3-656970559	SolutionselitealloysCom	Door No 128. 10/A, Hira Shiva Colony, Khote Nagar, Jalgaon, MH	India
S3-788980783	Arunima (India) Realtech Private	Flat No. 201, Bangalore, Hennur Road Bangalore, KA	India
S3-424719021	Liberty Center	7843 Huber Court, Indianapolis, Indiana	US
S3-688904823	Lyralum f/k/a Family Medicine LLC	1401 61, Grand Marais, MN	US
S3-665795961	Atlas  Square	Maple Dr, Reedsport, Oregon	US
S3-430655979	augustine developments	16419 Eldridge Pdwy, Tomball, Texas	US
S3-316562831	patriotleague.com	19403-19405 Ridge Dr, <NULL>, East Dubuque, Illinois	US
S3-245129749	OV Ventures  Limited	1289, Bengaluru, Bangalore, KA	India
S3-382989251	Bureau (of)	141 Annie Lane, Libertyville, Illinois	US
S3-276317994	रेड इंफ्रा Private Limited	Block G-493 C/o Bhaussaheb Godase, Babhulgaon Bk, Aurangabad, Undangaon, MH	India
S3-145720094	firstfellowship.com	741 Main St, Pennsburg Borough, Pennsylvania	US
S3-513876007	Unique Foods Ltd	DL, Dsc267, South Delhi, Delhi	India
S3-110155703	Mr Krishna & Sons	D - 101, Archi Peace Park New Vidhya Nagar, Sec 4, Udaipur, राजस्थान	India
S3-493473167	Raj Polytechnic  Ltd	Hn 332 2-2-18/18/4/6, Indraprasthcolony Bagh Amberpet, తెలంగాణ, Hyderabad	India
S3-376760175	Pansie Snowden Vanguard  Accounting Inc	102 Jera Cove, Brookland, Arkansas	US
S3-241492240	Boliex Company	127 Twin Lakes Cir, Martinsburg, West Virginia	US
S3-562274173	ADELAIDA A. BAKER, M.D., DDS PC	Hardison Drive, Jamesville, North Carolina	US
S3-867133719	KFB	TN, 3218 Pinewood Avenue, Chattanooga	US
S3-435636612	Foot & Ankle Specialists Inc	2306 Canyon Meadows Dr, Missouri City, Texas	US
S3-298269939	Little Cmíe (ID: 70167)	25- Garden Street, Nashville, Tennessee	US
S3-663254870	Edwards  Association	7714 Chorus Way, Dallas, Texas	US
S3-345414970	Creative फूड Private Limited	#860. Sno 142/1 Flno 401 Lavish Green, Pune Manjari Bk, Haveli, Manjari, महाराष्ट्र	India
S3-357161627	sninfracon.com	C/o. Chhagna Ram, Jalore, RJ	India
S3-233269099	KT Lab, [LLC]	354 Sixth Ave, Guin, Alabama	US
S3-474495136	Beum Corporation	26908 17th Ave, Phoenix, Arizona	US
S3-540596870	Indian Foundation Private Ltd	5-9-245/7A, Kakinada, East Godavari, AP	India
S3-352809540	Monaco Mobile Inc.	9909 97, Terrebonne, Oregon	US
S3-800902739	Clyyx Auto	Virginia, Fauquier County, 4841-D Point Rd	US
S3-606996471	Services Brook Limited	Lower Parel (W), MH, Mumbai, #317-A Shah And Nahar Industrial Estate, Mumbai	India
S3-32725274	Viosyn Co F/K/A Said Assets Inc	5337 Galapagos, Tucson, AZ	US
S3-247854431	Miraonyx DBA Woodland Apartments Peddar Road Logistics Private Limited	Maharashtra, Mumbai, 5 B-2, Woodland Apartments Peddar Road	India
S3-473263112	SoftlinedevelopersCom	B 204 2Nd Floor, Rupnagar, PB	India
S3-314281859	Infiniti Infiniti Schóol International	Plot No 7 K N Enclave Ramdas Nagar Old Municipal Office Road (, Kapra), Hyderabad, Jawaharnagar, తెలంగాణ	India
S3-497622831	R0yal Investment	529 121 St, New York	US
S3-240293498	Quirky Power  Ltd	Door No 103, Sumithra Towers, Angol Road, Near Hari Mandir, Belagavi, Belgaum, ಕರ್ನಾಟಕ	India
S3-536600040	The Statesville Interstate Jena	851 Tomlin Mill Rd, Statesville, North Carolina	US
S3-388461140	Ceus-Premier LLC	#3477 Loop Rd, Steele, Alabama	US
S3-588708129	Services  Premio Producer Private Limited	75 Tarun Sengupta Sarani, Kolkata, South 24 Parganas, WB	India
S3-732972839	Graham's Appliance LLC		US
S3-739367798	Crowder  Pharma LLC	716 Fairway Dr, # APT E, Eansville, Indiana	US
S3-630239087	Educational Business Pvt.	At; Begunia, OD, Khurda, Puri	India
S3-631718231	Advanced Staffing Ínnovations, Inc	3446 1201, Rusk, Texas	US
S3-210240655	keziahinterests.com	200 Carer St, Vitoria, Texas	US
S3-558096687	tiruvallur electronics pvt. ltd.	No. ##94, 3Rd Street, Saraswathi Nagar, Lakshmipuram, Puthagaram, Kolathur, Tiruvallur, Thiruvallur, தமிழ்நாடு	India
S3-919917624	M/s Meenu Dorstep Private Límited	Gurgaon, 1601, हरियाणा, Gurgaon, Tower-4, Unitech Harmony, Sector-50, Gurgaon	India
S3-971519033	DHP-Scientific	Dean Road, Spencerort CITY, New York	US
S3-478663815	iniguezbeardesposito.com	550 Palm Dirve, Unit T9, Wickenburg, Arizona	US
S3-557632351	Colonial Assciiaiton		US
S3-182313817	Sweet Pub Inc Center	254-C Chicago Ave, Unit # A, Oak Park, Illinois	US
S3-888505908	New Delhi India Pvt	Door No 28 Second Floor, Right Side . Okhla Indust, South Delhi, New Delhi, DL	India
S3-249072694	Arcevo DBA: 1 800 Got Junk of Sacramento	CA, Unit STE 36, Sacramento, 2775 Cottage Way	US
S3-608808228	Value Custom éarth	1017 Belmont St, Charleston, West Virginia	US
S3-376173524	Nunez Center	3325 Pebble Beach Drive, Unit Apt 11, Conway, Arkansas	US
S3-958858591	Marget C. Tully, DO	432 245, Middlesex, New York	US
S3-441512830	Ursula  Dinges Pony		US
S3-168976176	bureaum0torvehicles.com	141 Annie Lane, Libertyville, Illinois	US
S3-422525322	Royal Consultncy Pvt Ltd	Plot No-r-6, Alwar, RJ	India
S3-93022988	Miravantageriza d/b/a Advanced Staffing Innovations, Inc	3446 1201, Rusk, TX	US
S3-332611861	Woodland Apartments Peddar Road Logistics Private (Limited)	Door No 5 B-2, Woodland Apartments Peddar Road, Mumbai, महाराष्ट्र	India
S3-936455897	Holmgren PC Oyj	California, <NULL>, Fontaana, 16365 1/2 Magnolia Way	US
S3-231024558	प्राइम इन्वेस्टमेंट	G-3, Krishna Niwas, Lokamanya Tilak Nagar, Mumbai, Sakinaka, महाराष्ट्र	India
S3-966222835	Mayhew and Pówell	1249-D Nicholas Ln, Building 11, North Liberty, Iowa	US
S3-32619357	Roleor LLC Kogyo	16th Rd, Mosinee, Wisconsin	US
S3-985679320	Shree Glass Private	N 3 Plot No. 403 Cidco Aurangabad Kettle Garden Road, Aurangabad, महाराष्ट्र	India
S3-339822196	gcgindia.com	C/o Brendra Kumar, बिहार, Patna, L.i.g.h-6/216 Housing Colony, Kankarbagh, Patna	India
S3-982199944	Arcos [Cardiology]	2711 Windwood Dr, Winchester City, Virginia	US
S3-711876584	LLC Person Medical Center	Nebraska, 3920 A St, Lincoln	US
S3-404682796	Southern Fresh Vertical Inc	Indiana, Carmel, 1335 Guilford Rd	US
S3-683481378	Shri International Technology		India
S3-267096139	Rhea Riesh Pattana, LLC	66 Berkley Road, Gulrey CITY, Alabama	US
S3-33856778	Tobria Corp	Texas, 662 6, Lueders	US
S3-279599731	HK Pvt. Ltd. Center	A-606 Blue Pearl Link, Malad West, Mumbai, महाराष्ट्र	India
S3-156337433	सिल्वर पावर प्राइवेट लिमिटेड	#3/12 Podar Building No 2Dr Maisuri Road Samdalar Street Road, Mumbai, Mumbai City, महाराष्ट्र	India
S3-9928960	Shree Ímpex Private	56/1Biplabi Rash Beharibose Rd, Calcutta, WB	India
S3-953247384	Resoft Audio (Installation)	Texas, Dallas, 5695 Ridgecrest Rd	US
S3-990533556	... Ear Nose & Throat Care of Coos Bay Association	52 11nd Street, Coos Bay, Oregon	US
S3-431872303	Star Fréight Dynamics, LLC	416 Burrouhgs Dr, Buffalo, New York	US
S3-935141431	Moczygemba Frésh Brc Corp	21 Annex St, Berkeley Springs, West Virginia	US
S3-699265501	Valley-Fellowship	325 Clore Rd, Harker Heights, Texas	US
S3-182341027	LLC Dynamic Property Labss	Falls Church, Virginia, 2038 Hillside Dr	US
S3-562552717	Trendz Enterprises Pvt.	Ga-216, 1St Floor Niladri Vihar, Khordha, Bhubaneswar, Orissa	India
S3-145318992	Sri Innovative Impex-L.L.P.	2Nd Floor, Trivandrum, KL, Thiruvananthapuram	India
S3-525191790	Ram Global  LLP	No 23, Indumati Building, Sai Basava Badavane Near Saibaba Temple, Kelgeri Road, Dharwad, Dharwad, Dharwar, ಕರ್ನಾಟಕ	India
S3-635971928	RHI Project Limited Service	22 Dadegaon Ta Paithan Dist Aurangabad, Aurangabad, MH	India
S3-780686332	Tri-State  Intergaed Processing	Pond St, New Haven, Connecticut	US
S3-907412653	Renteria Black	Albany, New York, 45 Central Ave, # Suite 7A	US
S3-376106772	Kingman Vlosuene LLC	null, Arizona, 3275 Southern Avenue, Kingman	US
S3-216166282	Gold Exports Private Limited	Plot No. E-4, Chakan Industrial Area, Phase-iii, Village-kuruli, Tal-khed, Khed, Pune, MH	India
S3-662530516	Watson Saul	687 Old Johns River Road, Blowing Rock, North Carolina	US
S3-320793266	Silver Cornerstone Cafe Corporation	35 1/2 Yale Pl, Buffalo, New York	US
S3-479620789	Freeman,-Anderson & Williams	4204 Wescott Dr, Phoenix, Arizona	US
S3-726259651	Calotavo	Plot No.212b, తెలంగాణ, Hyderabad	India
S3-691931429	Institute Memorial Trust Limited	Bock C-628 Ug 06, Ground Floor, Mgf Metropolis Mall, Mg Road, Gurgaon, Dlf Qe, HR	India
S3-307409851	Waltman  Dome Of	1246 G St, Washougal, Washington	US
S3-484259109	#2511first	2124 Seevnth St, Unit A4, Lumbertn, North Carolina	US
S3-221345390	Mahadhan (Ada) Care Private-Limited	Door No 43 Kuber Complex New Link Road Andheri West, Mumbai, MH	India
S3-55363532	Service Colonial LLC	110 Tenth Avenue, Winterset, Iowa	US
S3-345967602	Hari Hari Héalthcare	H.no.018/1 Ground Floor, Gurgaon, Narsinghpur, हरियाणा	India
S3-302189594	Main Street Pub! Center Center	0080 Christie Court, Fletcher, North Carolina	US
S3-161765616	City	G 1523 Brigade El Dorado, Huvinayakanahalli, Banglorenorth, Bangalore, Karnataka	India
S3-627965544	गुजरात मीडिया प्रा. लि.	H.n. 8-0, Hanumanpur, Chamrauti Bhag-1, Hanumanpur, Chandauli, Dhanbad, उत्तर प्रदेश	India
S3-633054292	Desiri Hancock Online	125 New Ludlow Road, Massachusetts, Chicopee	US
S3-148036592	Keziah Ínterests	200 Carter St, Vitoria, Texas	US
S3-620611403	Trusted Interstate Chesapeake INC	00311 Washington Ave, Prescott, Arizona	US
S3-138401357	Dadri Resources Pvt. Ltd	K-002, Dadri, UP	India
S3-269456131	Glover-Resources LLC	3605 Lake Shore Drive, Illinois, Wonderr LAKE	US
S3-528338772	colonial committee	166 Cero Dr, Green Valley, Arizona	US
S3-489787399	Golden Yoga LP	5849 Winland Drive, Gillette, Wyoming	US
S3-248181320	Vision Associates	Illinois, 3363 New Hope Way, Carlyle	US
S3-346200776	Wilke Kodiak	20345 De Arboles, Queen Creek, Arizona	US
S3-807314705	Belosol	Minnesota, Minnepaolis, Seventh St	US
S3-657014928	Integrated-Consumer Enterprises Inc	253 14th Ave, Milton-Freewater, Oregon	US
S3-228546268	Colonial Cóuncil LLC	110 10th Avenue, Winterset, Iowa	US
S3-858957048	Korveo DBA Secure Grand Invesco Center	20507 Clay Stone Court, Spring, TX	US
S3-237903880	Stardom (Agro)	Plot No.6, Gautam Buddha Nagar, उत्तर प्रदेश	India
S3-489480099	Black Mgeada Pvt Ltd	D.no. 10-7-5/2, Srinivasa Nagar, Brodipeta, Revenue Ward No.5, West Godavari, ఆంధ్రప్రదేశ్	India
S3-929723856	Minerals-Conclave Private Limited	South Delhi, DL, Prom Add:b-15/b Kilkaji, New Delhi	India
S3-286619240	MIDWEST HEALTH CENTER	Port Angeles, ##2921 Bay Street, Washington	US
S3-443664745	Golden Book Store LLC	5155 Yaquina Bay Rd, Lincoln County, Oregon	US
S3-923257232	204 Park Street Associates L.L.C.	Texas, 20700 1/2 Cordill Lane, Spicewood	US
S3-988189904	Prathmesh Services-Pvliae Limited	Plot 254 Office No 60-61, 1St Floor, Princess Plaza, Sardar Chowk, Minio Bazar, Varachha Road, Surat, GJ	India
S3-738893538	Eastern	D-37, 1St Floor, Acharya Niketan, Opp Pkt 1 Mayur Vihar-1, Delhi	India
S3-805555078	Digital Estate प्राइवेट लिमिटेड	R No.2 L K Pawashe Chawl Pawashe Nagar Kopar Road Kopargaon, Kalyan, Thane, MH	India
S3-143358689	Stevenson Porject	Boylston St, Unit 56, Boston, Massachusetts	US
S3-745471414	Adan Leon Optimal	200 Meadow Ln, Tennessee, Hartsville	US
S3-334350133	Bibby B. Mccarthy,	02845 Everglade Ave, Woodridge, Illinois	US
S3-158109589	HW BROADBAND	266 Sweetman Road, Charlton, New York	US
S3-740071988	Yumajaxgild	346 C 118, Mentmore, New Mexico	US
S3-451959337	ಪ್ರೈಮ್ ಕೇರ್ ಲಿಮಿಟೆಡ್	Flat No C5, Jana Jeeva Nest, 29Th C Cross, Balaji Layout, Kaggadasa Pura, Cv Rama, N Nager, Bangalore, KA	India
S3-938668474	chavezlivingston.com	Woodmont Drive, Geoorgetown, Texas	US
S3-250020821	Rízaquo	No 131, Mumbai, Mumbai City, MH	India
S3-291197973	Renteria Bláck LLC	45 Central Avenue, Unit Suite 7A, Albany, New York	US
S3-55199845	Domeniga Ingraham	212 Gloria Street, Unit C, Thibodaux, Louisiana	US
S3-159022884	सदर्न वेंचर्स प्रा. लि.	B3/1603, Lotus Link Square, K3 K4 Cts 195, Near Apna, Mumbai Metro, Mumbai, महाराष्ट्र	India
S3-799861832	Green Wears Private Ltd	Door No 679 A-331 A-block, Indira Nagar, Lucknow, Indira Nagar Lucknow, UP	India
S3-965017631	Rgmony Corporation Inc.	55- Napier Rd, PO Box 4537, Bledsoe, Kentucky	US
S3-771000900	R+ SUI	35 Cummings Dr, # UNIT 403, Stafford County, Virginia	US
S3-888188702	Advanced Transit  Associates Inc	321 Main St, Richmond City, Virginia	US
S3-702865977	Orbicirasyn formerly: Pitts Packaging	10506 Paxton Run Road, Charlotte, NC	US
S3-536696363	Obsidian, LLC	13 Collingwood Court, Florence, Kentucky	US
S3-327183043	Super (Food)	C/o Liladhar Gopichand Barve, Patil Nagar Ward No. 5, Kandri, Nagpur, Gondiya, MH	India
S3-53942881	#primeinfrastructure	#97, N/A, Surat, GJ	India
S3-150702182	Bluebay Softsol Company	1-892/72/11, Kalaburagi, KA	India
S3-595174462	dasiapune.com	S No #46 6 Plot No 1Apaud Road, Poona, Pune, MH	India
S3-139270152	Rieck-Hawk-Inc	6440 Alamo Ave, Unit UNIT 1E, Saint Louis, Missouri	US
S3-353006838	Gangaya India	GJ, H.no 331 2Nd/F Block-d Tps -2 Plot No 192 193 Sumel Business B/h Ambica Mill Compound, Ahmedabad	India
S3-78126680	Evofluxio DBA My Creative Services Private Limited	#1275 Gaganachumbi Double, Road, Chamaraja Mohalla, Mysore, Karnataka	India
S3-460311100	FUTURE INDUSTRIES PRIVATE LIMITED	#171, N/A, HR	India
S3-142616099	Dr Rolex Triagn of Nashik Pvt Ltd	Govinda Apt Flat 4- Viveka, Nand Nagar Gangapur Road, Nashik, MH	India
S3-792985312	Owens Piedmont Eagle	43 Main Street, Unit Apartment 200, New Rochelle, New York	US
S3-715230701	Sunrise Red Systems Private	House No. 402 Block -A3 Sector-13 Printer Apartments Rohini, North Delhi, Rohini Sector, DL	India
S3-328716867	Great Diamond Inc Resilience	8300 Hawkins Creamery Rd, Gaithersburg, Maryland	US
S3-84109677	लक्ष्मी आनंद हॉस्पिटैलिटी प्राइवेट लिमिटेड	Pn-1401561., Ward No-3, Shiv Vihar Colony, R.n-06, Phulwari, Patna, BR	India
S3-232718464	avadh academy	Cts No1972 Airport Side Service Rd Nr Laxminarayan Temple Western Express Highway, Mumbai, Mumbai City, महाराष्ट्र	India
S3-594608598	ram technology private limited	No:4, Madras-8, Chennai, TN	India
S3-704557297	STAR BIOTHERAPEUTICS INC	1 Pineridge Stret, Melville CP, New York	US
S3-369506856	Willow LLC Flexible	119 Cody Circle, Portland, Tennessee	US
S3-129309130	Redstone Private Limited-Service	#26, Vandalur Kelambakkam Main Road, Chennai, TN	India
S3-570779062	Pediatric Medicine Inc Federation	Ohio, 3479 1/2 Linwood Ave, Cincinnati	US
S3-143500819	Indian Builders Private #81405		India
S3-988825890	Relive (India) Technologies	##12, Block-g1, Pocket-3 Sector-g-8, Narela, Delhi, Northwest Delhi, DL	India
S3-411474932	Ideal & Sons Private Limited		India
S3-337565821	Bistro Studio 84 LLC	292 Sumner Saint, NULL, Boston, Massachusetts	US
S3-283971925	star keystone star llc	Omaha, Nebraska, 3701 Mckinley Street	US
S3-179720474	Shiv Chit-Private Limited	Hn #603 E-223, V.k.i. Area, Jaipur, राजस्थान	India
S3-499967233	Dr Awantika Management Pvt	South Delhi, DL, Delhi, H-10/7	India
S3-795910839	Lumic  Staked	Texas, Missouri City Township, 381 Shire Valley Drive	US
S3-93909195	Laden Global Lifesciences	14-A Adriatic Ave, Hampton, Virginia	US
S3-672750497	Marketing Snr Private Limited Center	Patna, BR, Allauddinchak, Patna, Punpun Station Mahavir Colony, Nh-83	India
S3-414601367	JE Com Pvt. Ltd	Noida, Gautam Buddha Nagar, H.no 8 1St Floor, UP	India
S3-554202669	Indranth Ltd Pvt Association	Chawargate, Hathras, R.c. Girls Inter College, UP	India
S3-130748059	Leavitt-Monte Inc.	1370. Murray Rd, N/A, Portlaand, Oregon	US
S3-141872244	गुरु Business Pvt Ltd	Door No D/12, Gurgaon, Gurugram, हरियाणा	India
S3-236376858	Platinum Automation Collective Corp.	1300 Coconino Rd, Unit 104W, Ames, Iowa	US
S3-669760507	backalleymassage.com	670D Saint Charles Road, Unit 103, Carol Stream, Illinois	US
S3-145349549	FZ Rothschild	732 Tanasi Trl, Tennessee, Townsend	US
S3-111087979	Alma Maynard	717. Bridle Creek Dr, Georgetown, Texas	US
S3-736824106	Avilyra formerly known as Surgical Frontier Care LLC	TX, Fort Worth, 5825 Rockport Lane	US
S3-297854627	Shyamashramgroup.Com	Paribibhuti Bhawan, Samanta Sahi Near Omfed Booth, Cuttack, Orissa	India
S3-585452380	Si Trading Private [Limited]	Sno 2/1/1 Shop No.2 Bld A, Divineaundh Nrcosmos Bank, Pune, MH	India
S3-583570093	एस आईटी प्रा. लि.	1165, Delhi, East Delhi, DL	India
S3-760286449	North Atdl PLLC	8862 Lake Nora Dr, Unit APT C, Indianapolis, Indiana	US
S3-136960776	Dr Surya Management Limited	Hn 50 Near Rohti Bridge, Nabha, Patiala, PB	India
S3-784646765	*** Seka's Plumbing [P.L.L.C.]	2109 Point Bluff Dr, Austin ICTY, Texas	US
S3-446641562	हाई वेंचर्स	H.no 7-465 Narsingarh House, 23, Pragati Vihar, Bicholi Mardana, Indore, Dudhia, MP	India
S3-996681669	Zeex  LLC	11 Tubac Rd, Tubac, Arizona	US
S3-23548737	Dr 5hubham + Brothers Pvt [Ltd]	#0040-808-C-2 Srinivasa Nagar, Kurnool, ఆంధ్రప్రదేశ్	India
S3-421505750	जय फाइनेंस प्रा. लि.	Door No 37 B Ashoka Avenue, New Delhi, South Delhi, दिल्ली	India
S3-555927974	Nandan  Consultants Private Limited	#9-40/19 Visalakshinagar, Visakhapatnam Region, Vishakhapatnam, AP	India
S3-253710644	Heritage Supreme Dominion Corp.	##3107 Cashwell Drive, Unit A, Goldsboro, North Carolina	US
S3-276656471	Shree Trading CÓRP	111/222, Divreportingcircle, Jaipur, RJ	India
S3-423671410	Calotavo - 2930412268	5281 Soldiers Home Miamisburg Road, Miamisburg, Ohio	US
S3-579702529	First Infra Ltd	A 4/2 Utkarsh Nagargadital Hadapsar, Poona, Pune, MH	India
S3-179112504	Solutions Ámatya Infotech Ltd	Supreme Forest Avenue Tower, Nagpur, महाराष्ट्र	India
S3-149622512	Sri Devpujan Allied	234 Ashok Vihar, Nagar Nigam Colony Near Ashoka Garden Thana.bhopal Station Road, Bhopal, MP	India
S3-55339773	ChristinesinterstaterecruitingCom	Auburn, 287th St, Washington	US
S3-636989833	Shivam Systems-Limited	G-273., Sector-23, Raj Nagar, Ghaziabad, UP	India
S3-291808736	[[Inc]] Auray Telecom	37032 Montserrat St, Maricopa, Arizona	US
S3-622090081	B/O Amplify Llc	116-D Sugar Ridge Lane, Lafollette, Tennessee	US
S3-825783252	Literacy-Inititive	6424. Hillside Lane, Alexandria CDP, Virginia	US
S3-925899802	Private Hotline Design Limited	Door No 1-11-38/90- Near Sri Basaweshwara Co-operative Basaweshwara Colony, Raichur, KA	India
S3-135199947	Womens Health Physicailn LLC	32 Fletante Way, Hot Springs Village, Arkansas	US
S3-263737710	Liberty Liberty Grgiid		US
S3-690477705	-- Oncology  Clinic Columbus	2005 Franklin St, Columbus, Indiana	US
S3-411519136	Rosene  6arafola Valley Bank	5025 Arkansas Avenue, Kansas, Wichita, Fl 0	US
S3-538014041	Desert Biotech Inc	2597 Jade Rd, Golden Valley, Arizona	US
S3-57134783	NKN Energy Private Ltd	MH, Gondia, C/o Shri Kusan Karu Kore At Amgaon Tq Amgaon Dt Gondia At Amgaon, Gondiya	India
S3-953645376	Youth Delta Anssociaidiocn LLC	24 Winter Street, West Brookfield, Massachusetts	US
S3-119181556	*** Cure Hypnosis	North Carolina, Council, 2235- Baltimore Road	US
S3-480669567	Diia Assets Co	15558 Melinda Court, Damascus, Oregon	US
S3-945472767	Private Noida Care Limited	Flt No-306, 3Rd Floor, Tower F, Indosam 75 Society, Sector-75, Noida, Gautam Buddha Nagar, UP	India
S3-145227730	India  Santosh Services Associates		India
S3-265530304	Adan Lcn Optimal Blackstone Group	Hartsville, 200 Meadow Ln, Tennessee	US
S3-499741860	Calcutta Mental Private	Eart Sk. Para, Chinsurah - Magra, Hooghly, WB	India
S3-906267983	Summit Star Inc Service	72 Waverly Ave, Eastchester, New York	US
S3-342810297	Llc Yoder Assets	118 D, S Hutchinson, Kansas	US
S3-877044518	Miratavomira	North Carolina, Grover, 00309 Mulberry Rd	US
S3-473433246	प्रीमियर बिजनेस प्रा. लि.	170/A, Patna, बिहार	India
S3-90408232	Carpenter Hthcock And	450 Little Creek Dr, Delaaware, Ohio	US
S3-820454614	Prism Reail Private-Limited	C/o-puspanjali Routray, Wo, Tusar Jena, Aradichhaka, Bhadrak, N/A, OD	India
S3-930636384	UrologypartnersCom	02501 Slayton Drive, Bloomington, Illinois	US
S3-666050184	Mr Anant Corp Services	B-15, Jaipur, राजस्थान	India
S3-83423559	Spectra Center Center	DL, East Delhi, No 188 Swayam Sawa Society Triveni Apppt Jhilmil Colony, Delhi	India
S3-483733636	Geor Partners	6276 113, # 1, Millsap, Texas	US
S3-985946905	Chavez and  Miller LLC	6000- Kushla Mcleod Road, Eight ILE, Alabama	US
S3-659745013	Ditch Pláins Inc		US
S3-359610291	Metropolitan Metropolitan Network	5281 Soldiers Home Miamisburg Rd, Miamisburg, Ohio	US
S3-595352433	സൂപ്പർ ഇൻഡസ്ട്രീസ് പ്രൈവറ്റ് ലിമിറ്റഡ്	Ground Floor L-complex Building, Kumarakom Po, Kottayam, KL	India
S3-912977595	SNIDER, FRATTO & PECK SHORT	2202b Strong Horse Drive, NULL, Conroe, Texas	US
S3-74840514	Teak Distributors Private Limited	53, Navi Mumbai, Kamothe, MH	India
S3-836664915	Liberty Grid Inc	41st St, Unit Apartment 704, Tulsa, Oklahoma	US
S3-337724532	Clearverde.Com	0022136 Santa Monica Drive, Hempstead CITY, Texas	US
S3-502777734	Royal Cosultasgncy Pvt Ltd	Polt No-r-6, Khairthal, Alwar, RJ	India
S3-562370658	जैन कंसल्टेंट्स प्राइवेट लिमिटेड	103 Jai Shree Ganesh Bhuv, Thane, MH	India
S3-390465887	Prime  Summit Security LLC	6615 Lubarrtt Way, PMB 2978, Mobile Township, Alabama	US
S3-734474637	DQH Tháyer	618 Nugent Avenue, Johnson CITY, Texas	US
S3-437066390	Gevue Grand Emcthricty, Inc	66 Winslows Mills Rd, Waldoboro, Maine	US
S3-644791200	Lizbeth's Pinnacle Productions Inc.	704-706 Jefferson St, PO Box 151, Mendota, Illinois	US
S3-485592321	Allied Charities (ID: 69542)	Texas, Sinton, 15606 Hwy 188	US
S3-286986522	Aviveranylax D.B.A. Lyrex Etf	15 Taft Road, Cumberland Hill, RI	US
S3-19470873	eulaliesroofing.com #50623	Cave Creek, Arizona, 05535 Desert Hills Dr	US
S3-623478117	quality retail global	5788 Eagle Lake Rd, Cromwell, Minnesota	US
S3-453575460	Vision Health  Holdings		US
S3-158170862	Shradha-Clinic Ltd	Shop No.72/10 Nr, Jhansi, UP	India
S3-740375371	M/s Laksh Brothers-Limited	B-357a, Divreportingcircle, East Delhi, DL	India
S3-130849947	Houston Town Of	14450 T C Jlster Boulevard, Houston, Texas	US
S3-671661636	Hettie Burkhalter,	0329 Falcon Run, Morgantown, West Virginia	US
S3-68034292	Desert Family Practice LP	2462 Short Cut Road, Urbana, Ohio	US
S3-967677143	Asset  Polytechnic	C/o Sangam Motel Pvt Ltd, Kavalettu, Ranebennur, Haveri, KA	India
S3-195576656	I/P  Dalus	#1647 Greene Lake Dr, Xenia, Ohio	US
S3-614210172	Dr Brook Traders Ltd	Mumbai, महाराष्ट्र, Mumbai, 317-A Shah And Nahar Industrial Estate	India
S3-691945955	Veravera Sys f/k/a Clear Bright Atlanta	115 Forest Lane, Pinehurst, NC	US
S3-280484929	Dr Jai Finance Pvt Limited	37 B Ashoka Avenue, New Delhi, South Delhi, DL	India
S3-746047161	Petersheim, Edithe A., Dpm, Dds Pc	4331 Lake Shore Dr, Wishek, North Dakota	US
S3-261665878	Candissapextire.C0m	17261 Vintage Wood Ln, Spring, Texas	US
S3-794378910	Shree Producer  Private Limited	Door No 358 C/o Sunita Pandurang Kothale Ward No. 1 Near Gram Panchayat At Po Shelubazar, Akola, Washim, MH	India
S3-415381194	Kelly and Green (Biracilik)	#121 108th St, Everett, Washington	US
S3-588854048	sourceclinic.com	4032 Osborn Rd, # 161, Phoenix, Arizona	US
S3-130727305	Evolyra d/b/a Labelle Fresh Otg	608 G Avenue, Temple, TX	US
S3-191771290	Associated Engineering LLC  Services	35 Standing Pond Road, Sharon, Vermont	US
S3-775533938	STEVENSON PROJECT	138 Boylston Street, Boston, Massachusetts	US
S3-857013467	Korfaye F/K/A Dk (India) Foundation Private Limited	No 63 B, 13Th Cross, 2Nd Main, Jp Nagar, 3Rd Phase, Bangalore, Karnataka	India
S3-729234919	redstone education private limited	Vandalur Kelambakkam Main Road, Keelakottaiyur, H.no 26, TN	India
S3-593813750	MANAGEMENT MAA BRICKS LIMITED		India
S3-910352754	Smith Smith Empire Public L.L.C.	133 Belmont St, Akron, Ohio	US
S3-963697905	Fancie's Seafood LLC	Osage Beach, Missouri, null, 144 Shinstock Way	US
S3-960910350	Qualcon Safety Private  Limited	No.41 Jayalakshmi Nagark K Nagar Tliruchirapalli, 620 001, Tiruchirappalli, TN	India
S3-624754907	આણંદ સોફ્ટવેર પ્રાઇવેટ લિમિટેડ	21/B Parshottam Nagar Harmiroad, Vadodara, GJ	India
S3-823206229	dreamkraft gee private limited	Indra Residency, Vadodara, GJ	India
S3-725683817	बेस्ट इंजीनियरिंग प्राइवेट लिमिटेड	House No. 114, Kesurdi, Near Janu Bai Temple, Khandala, Satara, महाराष्ट्र	India
S3-885251732	Liberty Program Ltd	5280 1/2 Boydton Plank Road, Brunswick County, Virginia	US
S3-457068239	Colonial Center	Delavan Avenue, Buffalo, New York	US
S3-330507640	Rieck Inc  Service	6440 Alamo Avenee, Saint Louis, Missouri	US
S3-593734868	Phi1ips and Scott	806 Woodin Boulevard, Dallas, Texas	US
S3-652860441	Copeland Colonial Colonial Gseyde	2730 Wakefield Pines Dr, Unit 203, Raleigh, North Carolina	US
S3-471879895	Garuda Services Limited Private	7-230 Raja Park Sindhi Colony Adarsh Nagar, Jaipur, RJ	India
S3-471874675	Mr Aarohi &	388 Buddha Enclave D Block, Meerut, उत्तर प्रदेश	India
S3-5357779	Benfield Colonial  Ingredients	1868. Sunkist St, Upland, California	US
S3-311435351	Ruby Hsycn Royal Vertical LLC	105 Lake Street, Chiholm CITY, Minnesota	US
S3-850358880	नॉर्थ केयर प्रा. लि.	E-3/157, Plot No.e-157, First Floor Shiv Ram Park, Near Sani Bazar Road, Nangloi, New Delhi, West Delhi, DL	India
S3-878451661	lrene's Homeare	7075 Petersburg Rd, Eavnsville, Indiana	US
S3-424432381	VELA, CHERE SMART ALDEL	201 Mary Lane, Cary, Illinois	US
S3-288656157	Mr Thanjai-Private Gold Limited	No 0012Th Chopsani Road, RJ, Jodhpur Region, Jodhpur	India
S3-404843130	Garuda  Services Private Limited	7-230 Raja Park Sindhi Colony Adarsh Nagar, Jaipur, राजस्थान	India
S3-387352485	Garrett Midwest Bakery	Slaughter Rd, Madison, Alabama	US
S3-99514549	Memorial Institute	Norwood Road, Raleigh, North Carolina	US
S3-528384119	Suraj Earth Priater Limited	H.no 201 Saidham P K Road Mulund West, Mumbai, महाराष्ट्र	India
S3-647094811	Surgical  Royal Group	0010548 Latting Rd, Cordova, Tennessee	US
S3-758576422	Vioevosol	Punjab, House No. 4/38/8 Sanchali Bazar, Nawan Shehar, Banga	India
S3-454305686	Chennai 40 Cold Private	Block-d - 00113, Anna Nagar Est Chennai 40, Chennai 40, Chennai, TN	India
S3-450606751	Big Infra  LLP	Flat No. 307, Tonk, RJ	India
S3-275049163	Ultra Industries Private Limited	In Front Of Ranchore Temple Gindore Jhalrapatan, Jhalawar, RJ, Jhalawar	India
S3-703831914	H Clean 3 X	316 Branciforte Ave, Santa Cruz, California	US
S3-52987663	Wood1and Apartments Peddar Road Logistics Private Ltd	Mumbai, MH, 5 B-2	India
S3-592713524	Trinityisrael.Com	Dewey Rd, Pangbuurn CITY, Arkansas	US
S3-478800244	SARASAN INDIA LIMITED	09133, Block Chestnut, Gh 04 Mahagun Mywoods, Noida, Gautam Buddha Nagar, UP	India
S3-518695042	Pena Services	Ohio, 2100 Pinkerton Rd, Zanesville	US
S3-637678104	Fayekelonovi d/b/a Electronic Creative Associates LLC	4742 Deerfield Trail, Springboro, OH	US
S3-31372395	Az  Traders Ltd	Plot 259 104/1, Jaipur, RJ	India
S3-98698640	Graham's Appliance	414 Tyler Avenue, Groton, Connecticut	US
S3-34808543	Hoard, Zulema, D.D.S.,	18071 1/2 91st Dr, Peoria, Arizona	US
S3-758864727	*** Ernakulam Integrated (Índia) Private Limited	C/o Gajendra Nath Singh Jaunpur Janewara Fatehganj Up, Jaunpur, Fatehganj, UP	India
S3-462938896	Lizbeth's Productions Pinnacle	704-706 Jefferson Street, Mendota, Illinois	US
S3-714197501	Blue Bag Private Limited	MH, Thane, 7/9 Shree Sai Dham Chs Old Mumbai Pune Road	India
S3-370126691	Quobrixio trading as Super Balaji Management Private Limited	Kh.No 702 Village Dehra Near Umri Chauraha, Umri Kalan, Moradabad, Uttar Pradesh	India
S3-926479523	Monarch Vertical Inc	019 Cap Rock Cir, Richardson, Texas	US
S3-653637668	Owens Inc Venture Ace	2220 Red Rock Dr, Belton CDP, Texas	US
S3-622476308	Ltd. Hazoor Pvt. (Center)	Ward No. 177 Khavo Ka Mohalla, Guda Vishnoiyan Th. Luni, Luni, Jodhpur, RJ	India
S3-503017296	direct zhejiang	#7506 Commerce Lane, Clinton, Maryland	US
S3-284939582	Petersheim, Edithe A., DPM,  DDS Inc		US
S3-548448290	Industrial Consumer	1156 Buhrer Avenue, Cleveland, Ohio	US
S3-82689391	Holdings Vision Htgh	7854 Alexander Promenade Place, Raleigh, North Carolina	US
S3-10639285	Golden Bright Construction  Limited	Shop M/5m6, Sy No. Z/4/a/2, 4/A/3 4/A/4, Empire State Building, Ring Road, Surat, GJ	India
S3-49136051	Dumais Préferred Brc LLC	01861 Vanderpool Rd, Vilas, North Carolina	US
S3-5227783	Ni0 Holdings	##1800 Lower Bloomfield Rd, New Concord, Ohio	US
S3-955692303	North Tirupati Infrastructure Private	101, Gautam Buddha Nagar, Dadri, UP	India
S3-546726611	Wexvera d/b/a Js Dealtrade (India) Limited	Dindigul, Door.No.6/108.D, Kulathupatti Pirivu, Tamil Nadu, Dindigul	India
S3-391659031	houstontown.com #44844	14450 T C Jester Boulevard, Houston, Texas	US
S3-417855808	রয়্যাল ইঞ্জিনিয়ারিং লিমিটেড	Howrah, Kolkata, Laskarhat, Ground Floor Dakhinpara, Madhyapara, Kolkata, Door No 897 1287, WB	India
S3-327280223	Orbilyrax t/a Joanna Fryman, CPA, M.D., P.C.	3133 Coach House Lane, Virginia Beach City, VA	US
S3-507878133	Creel and Torres Inc Partners	Orchard Drive, Cincinnati, Ohio	US
S3-378829923	First  Fellowship	Main St, Pennsburg Borough, Pennsylvania	US
S3-124039538	Pediatric Specialists L.L.C.		US
S3-365545618	Sree Prowr Pvt Ltd	H.no 59, Balagopalapuram Street, Coimbatore, Pollachi, TN	India
S3-455436567	Iridova d/b/a Whitten Grand Next Inc	3115 Newington Court, Chesterfield County, VA	US
S3-924195828	Kang  Inc Center	903 Granite Dells Road, Arizona, Unit 16, Payson	US
S3-19484843	Radiant Travels Private	No 642. Flat No-14, Nashik, Nasik, महाराष्ट्र	India
S3-627616163	Build System Ltd	#631. C-3, Gali No.-6, Jyoti Colony, Shahdara, DL	India
S3-341585289	Fancie's Seafood	144 Shinstock Way, null, Osage Beach, Missouri	US
S3-929965906	#Doex Pet Care Clinic Corporation	Ridge Road, Brookwood, Alabama	US
S3-169229785	Surgical  Care LLC	10 Aldrin Drive, Huntsville, Alabama	US
S3-610687789	Varshita Food Pvt  Ltd	F-701, Gurgaon, HR	India
S3-462675421	Irene's Hmeche	7075 Petersburg Rd, Eavnsville, Indiana	US
S3-34779053	Spiegel Lau and Kincade	1520 Wehrle Dr, Williamsville, New York	US
S3-884943115	Arrah Realtech  Private Limited	P.no. 43 Shivganj Bsnl, Building 2Nd Floor, Arrah, Bhojpur, बिहार	India
S3-22272001	Prairie Cambridge	1709 Fountain Rock Way, # C, Edgewood, Maryland	US
S3-365016117	Calokorio F/K/A Creative Food Private Limited	Sno 142/1 Flno 401 Lavish Green, Pune Manjari Bk, Haveli, Pune, Maharashtra	India
S3-983223031	Dermatology Physicians Of Holly Reei LP	0184 Tar Landing Rd, HOLY Ridge CITY, North Carolina	US
S3-859105681	Avizeta+ DBA: Junio, Sagar & Verma Inc	310 Blauvelt Road, Orangetown, NY	US
S3-775953665	pinnovations.com	6811 River Berry Way, Knoxville, Tennessee	US
S3-492919319	Imagine Tradig Private Limited	N-012/304 J-12, Shiv Raj Nagar Colony, Mahmoorganj, Varanasi, उत्तर प्रदेश	India
S3-797893935	Laor Clear Pharmaceuticals [PC]	#689 Trapping Brook Road, Wellsville, New York	US
S3-537680997	Quirky Power (Ltd)	103, Sumithra Towers, Angol Road, Near Hari Mandir, Belagavi, Belgaum, ಕರ್ನಾಟಕ	India
S3-437807110	Sigma Services Private Limited	Plot 7-136 Unit No. 2901, Thane, महाराष्ट्र	India
S3-864207766	Creative Materials	5537 Groth Dr, Houston, Minnesota	US
S3-145085164	Sri Sixth Technomarketing Private Ltd	C/o Sankar Karan, Sabang, West Bengal, পশ্চিমবঙ্গ, Vill+po- Uchitpur	India
S3-899979361	Private Chennai Índustries Limited	H.no 19, Chennai, தமிழ்நாடு	India
S3-100573426	New Life Báptist Church LP	2490 Haverford Rd, Spring, Texas	US
S3-166350630	Hari Entrepifdes Pvt Ltd	5D/8E, Faridabad, HR	India
S3-118494305	3720 Court Owners Corp Partners	12303-12305 Fernwood Drive, Foley, Alabama	US
S3-67736745	Farwell & Arrigo Microelectronics Corporation	301 Hammond Dr, Hot Springs, Arkansas	US
S3-711574045	Federal Electronics Systems,-Inc	6633 Wycombe Way, Maryland, Parkville, # Apartment C	US
S3-650442163	Frontier Council Ltd	102 Main Stleet, Fairbank, Iowa	US
S3-201854274	Commercial Apex LLC	00725 Moull Street, # C, Newark, Ohio	US
S3-246454776	Transcendent Entertainment Private Ltd	Bl-a, Kolkata, Howrah, পশ্চিমবঙ্গ	India
S3-537775004	Mercury (india) Private Limited	Plot 206 C 101, Rajkot, ગુજરાત	India
S3-955324343	Cure Cure Bakery! Services	163 Radfrd St, Unit Apartment 3C, Ynkers CITY, New York	US
S3-52494900	florella curtis green technical	402 Jamesville Rd, Syarcuse, New York	US
S3-290415762	Umbraxylojax DBA: Rocky Regional Starry	116 Shaw Road, Tellico Plains, TN	US
S3-119242411	Ectosyn trading as Monarch Vertical Inc	2019 Cap Rock Circle, Richardson, TX	US
S3-55879689	Sandoval Porter and Johnson  Resources LLC	Maryland, 1820 Robin Court, Lusby	US
S3-565560421	Nussbaum Token	54-58 Locke Street, Chelsea, Massachusetts	US
S3-623953190	ഡിജിറ്റൽ പ്രൊഡക്ട്സ് പ്രൈവറ്റ് ലിമിറ്റഡ്	Hameediya Shopping Complexbuilding No Kc Xlii/64 Big Bazaar Near Stone Bridge, Kollam, KL	India
S3-812795629	G0lden Myers LLC	900 Austin Ave, Georgetown, Texas	US
S3-838424694	Shri Forge Folks Pvt.	Flat No. 1302., Mulund, Jata Shankar Dosa Road, MH	India
S3-673470589	SAMRIDHI STORAGE CORP	5/4., B.t Road, Titagarh, Kolkata, <NULL>, WB	India
S3-782597894	Mayhew and Powell Ínc.	1249-D Nicholas Ln, Bldg. 11, North Liberty, Iowa	US
S3-178917578	5hree Services Private	Plot No.ia/6, Hayathnagar, Hyderabad, TG	India
S3-868351011	Jp  & Brothers Private Limited	Shop No.3, Thane, MH	India
S3-229630870	DELHI ERP LTD	No 22/30 - B Tf Tilak Nagar, South West Delhi, Delhi, दिल्ली	India
S3-27762812	फ्यूचर फाउंडेशन लिमिटेड	##07, Floorâ5, 2, Marathon Icon, Ganpatrao Kadam Marg Opp Peninsula Corporate Park, Lower Parel, (W), Mumbai, Mumbai City, महाराष्ट्र	India
S3-761455444	Family Physicians	140 Mafn Street, Farmington, Maine, # Suite 3	US
S3-158587415	Quirky  Ltd Center	H.no 103, Sumithra Towers, Angol Road, Near Hari Mandir, Belgaum, Belagavi, ಕರ್ನಾಟಕ	India
S3-313428413	Deis  Inc	257 Samuel Dr, Opp, Alabama	US
S3-132179650	Patrick Tri-State Controls L.L.C.	1108d Donnington Trail, FT Wotrh, Texas	US
S3-77451339	ls2387.com	11470 15-501, Unit 106, Chapel Hill, North Carolina	US
S3-682179387	Gildlumorbix t/a Schwartz and Whitney LLC	Mobile, Unit 44, 6964 Airport Boulevard, AL	US
S3-164131755	सुप्रीम इम्पेक्स प्रा. लि.	Patna, Block E-00536 Aropur, BR, Patna Sadar	India
S3-940199501	Ceus Premier [Group]	#3477 Loop Road, Steele, Alabama	US
S3-679577732	[Limited] Alpha Management	Iind Floorjaz House Pullepady Jn Chittoor Road, Ernakulam, Idukki, KL	India
S3-270835065	വൺ എസ്എസ് കൺസ്ട്രക്ഷൻസ് ലിമിറ്റഡ്	7/406, Paramban House, Iringallur, Tirurangadi, Malapuram, Malappuram, KL	India
S3-908914636	Watson Vlely Babcock	15919b Lost Anchor Way Lane, Houston, Texas	US
S3-988989495	Diamond Agro Pvt Ltd Partners	0021/305/6, Edayar Street, Mankavu, Palakkad, KL	India
S3-283888113	White and Geis Rising Corporation	606 Shady Oak Ct, Terre Haute, Indiana	US
S3-100204786	Powerful & Sos Ltd	25, Aapka City Plaza Civil Lines, Gurgaon, HR	India
S3-218059493	ইউনিভার্সাল আইটি প্রাইভেট লিমিটেড	Kolkata, WB, 319 Bhattacharjee Para Road, Kolkata, Grd-fr; Fl-g-2-1, Kolkata	India
S3-539734546	5-Stár	Olive St, Snow Shoe, Pennsylvania	US
S3-605667174	Fluxiri formerly known as Services Hot Beauty Private Limited	302, Shiv Shaila Apartmentgeeta Cinema Compound Worli Naka, Mumbai, Maharashtra	India
S3-187260982	Copeland Colonial-Galaxyedge	2730 Wakefield Pines Dr, Raleigh, North Carolina	US
S3-240726534	Bautista-And Williams Services | www.bautistaa.com	22 Coe Way, Long Lake, New York	US
S3-17664680	Solutions Rajani Connect Corp	H.no 626 S.no107/1, Shivajinagar, Pune, MH	India
S3-866757583	YB  G0lden	Door No 3 Shivji Marg Westend Greens Rangpuri, New Delhi, South Delhi, दिल्ली	India
S3-224972754	... Roleor Ktcygo LLC	278 16th Rd, Mosinee, Wisconsin	US
S3-278094243	Bloom Inc  Center	927 Northwestern Ave, Fairview Heights, Illinois	US
S3-699125170	*** R+ Sui	35 Cummings Drive, Unit UNIT 403, Stafford, Virginia	US
S3-863318865	caterra.com	225 Selby Ranch Road, # APT 3, Sacramento, California	US
S3-84303297	martiniii.com	001944 600, Spingville, Utah	US
S3-444955010	Súrgicalmedicine.Com	28441 57th St, Cave Creek, Arizona	US
S3-711793652	Sree  Adgvisois	325, Andhra Pradesh, Secunderabad Andhra Pradesh, TG	India
S3-327465419	South Health	3723 Agnes Ave, Kansas City, Missouri	US
S3-236166473	ಸಿಟಿ ಜಯ್ ಎಸ್ಟೇಟ್ ಪ್ರೈವೇಟ್ ಲಿಮಿಟೆಡ್	Banglorenorth, Huvinayakanahalli, Bangalore, Block D-888 G 1523 Brigade El Dorado, ಕರ್ನಾಟಕ	India
S3-390207147	Private Ghosh (india) Limited	No 1/4769 Street No.8 Baabir Nagar Extention, New Delhi, Shahdara, DL	India
S3-996943602	#7 Inc. Center	800 Kensington Place, # D, Asheville, North Carolina	US
S3-100362667	नॉर्थ मीडिया प्राइवेट लिमिटेड	House No. Ga -1/5, Kamthi, Nagpur, महाराष्ट्र	India
S3-207837586	1523 Services Associates First	6367 Tradition Cir, Brownsville, Texas	US
S3-781220683	NM Roman L.L.C.	6909 Woodhaven Place Dr, Louisville, Kentucky	US
S3-755854995	Calolyra One trading as Space Consultants	Unit No. 327, 3Rd Floor, Suncity Success Tower, Sec-65, Basai Road, Gurgaon, Haryana	India
S3-362365885	Quoaviquo	204 Wayside Court, Bedford, Texas	US
S3-990365403	গুজরাট Tech Private Limited	4 Kulada Ray Lane, Berhampore, Murshidabad, পশ্চিমবঙ্গ	India
S3-518754294	S/Z Capital  Corp	Woods Hole, 16 School St, Massachusetts	US
S3-52285750	International-Marketing  Alliance LLC	Littlee ROCK CITY, Arkansas, 4520 29st St	US
S3-700709080	Lyrazeph d/b/a NM Roman LLC	Louisville, KY, 6909 Woodhaven Place Dr	US
S3-193243274	Chennai Industries Private	No.19, Chennai, TN	India
S3-855396313	3720 Lexington Court Owners Corp	12303-12305 Fernwood Dr, Foley, Alabama	US
S3-984165539	hirelretailsindia.com	K-27, New Delhi, DL	India
S3-807423218	prairie project, inc.	327. Lindley Ln, # Apt 1, Newport, Arkansas	US
S3-242028544	Chennai-61 Systems  Private Ltd	Chennai, 4, 32 Streetnanganallur Chennai-61, Chennai, TN	India
S3-252757600	Phulwari Electricals Private	F.no G-6, Super Market, Fraser Road, Maurya Lok, N/A, BR	India
S3-568518719	Inc Daex lnvestments	15600 Warwick Blvd, Newport News, Virginia	US
S3-789669249	Patel, Oller and Martin Partners Center	Texas, Brownsville, 3544 Villa Del Rey Boulevard	US
S3-296728788	Beaver Grandeur Baner Transport Private Ltd	201, Beaver Grandeur Baner, Pune, MH	India
S3-758777677	Watson  Valley Babcock	Houston, Texas, 15919b Lost Anchor Way Lane	US
S3-23005351	URGENT CARE EMPIRE CLINIC	6461 Briarwood Drive, Effingham, Illinois	US
S3-115439867	Shree Logistics  LLP		India
S3-361321795	Ragland Medical	7823 Del Rey Lane, PMB 7306, Houston, Texas	US
S3-476531226	Pediatric Dental Allied Clrgfc LLC	Temple Township, Texas, 1116- Alice Cir	US
S3-266619742	Chiropractic Specialists	27525 Mechanicsville Rd, Mechanicsville, Maryland	US
S3-736558581	Classic Solutonis Private-Limited	No 0037, 2Nd Cross, Ganesha Temple Street, Near Deepa Nursing Home, Bangalore, Marathahalli, KA	India
S3-980721871	Amt Private Limited Services	Sector No A-31 Plot No-7/c, T-32 P-16 A/p Bagalkot, Bagalkot, Hubli, KA	India
S3-984346334	Good Care Private Ltd	WB, Kolkata, Ba-46 Sukhsagar Villasalt Lake City, North 24 Parganas	India
S3-273180718	P.L.L.C. Arena And Dean	4850 Corey Hunt Rd, Bristol Twp, Ohio	US
S3-506341627	Pyraavifaye d/b/a Oncology Specialists LLC	640 61 Street, Brooklyn, NY	US
S3-871371377	Shri golfeducationalsociety.com	Delhi, DL, Aashirwad Chgs, Plot No. 104, Patparganj (I.P. Extension, ), 303, East Delhi	India
S3-283164777	Bangalore North French  Private Limited	Door No B3/289/a 4Th Main 7Th Cross, Ams Layout, Bangalore North, Bangalore, ಕರ್ನಾಟಕ	India
S3-570979879	Mears, Johnson and (Rodriguez)	City Of Monona, Wisconsin, Dean Ave	US
S3-997512419	deeservices.com	No.3c, Eldorado Building112 Nungambakkam High Road Chennai, Chennai, TN	India
S3-211939980	204 Street Associates LLC Services	20700 1/2 Cordill Ln, Spicewood, Texas	US
S3-285053442	Omex Group of Companies Pvt Ltd	C/o Phanindra Nath Pal, Sankrail, Champatala, Howrah, WB	India
S3-306084024	Clean Púrpose	Indiana, 5165 Stable Drive, Lafayette	US
S3-980832843	Digital Care Pvt	Floor-13, Plot-104, B, Dosti Elite, Sion Road No. 29, Sion Telephone Exchange Sion E, Mumbai City, MH, 0-130, Mumbai	India
S3-89508218	Róck Anvil P.C.	##21 Broadway Street, City Of Edgerton, Wisconsin	US
S3-575946985	M/s @emeraldcare	59, Javali Garden Gokul Road, Hubli, Dharwar, KA	India
S3-795094838	न्यू प्रॉपर्टीज प्राइवेट लिमिटेड	Hn 9-834 Shiv Shakti Intl School, Narayan Vihar Mode Asarpura Village, Gopalpura Byepass, Jaipur, RJ	India
S3-120793647	N0rth Energy Pvt Ltd	356 Office/ Shop No. Ff 5, Kachchh, Mundra, ગુજરાત	India
S3-722172692	0ncology clinic columbus	Indiana, 2005 Franklin Street, Columbus	US
S3-888016512	जैन केयर प्राइवेट लिमिटेड	Pl 29/30, Pune, महाराष्ट्र	India
S3-107455947	Mr Innovative It	Unit No. 309 3Rd Floor Ashish Indl Est Gokhale Road South Dadar, Mumbai, Mumbai City, MH	India
S3-473864303	Systems Radison  Global Private	G-9. Alazim Shopping Center, Near Bhalej Road Bridge Anand, Anand, GJ	India
S3-7212297	Beum	Arizona, 26908 17th Ave, Daisy Mountain	US
S3-258404464	Smt Vk Vk (India) Brothers Private	24 Kushnagar Society Drive-inroad, Ahmedabad, GJ	India
S3-93306468	Jai Fsnance Pvt Ltd	B Ashoka Aveune, Sainik Farms, New Delhi, दिल्ली	India
S3-138499068	Private Hitech Estate Ltd	H.no 106 S No 201, Orient Garden Orient Garden Sade Satara Nali, Pune, महाराष्ट्र	India
S3-134720009	Daggett  Galata	02839 Denison Street, Indianapolis, Indiana	US
S3-582736640	shreeeasternconsultingcom	Navi Mumbai, Ground Floor, Sneha Sadan, Plot No. 15, Sector-21, Nerul (East), MH, Shop No. 5, Mumbai City	India
S3-50661648	એસ આઈટી લિમિટેડ	407 4Th Flr Safal Arise, Baroda, Vadodara, GJ	India
S3-460492351	Mazur Transportation of Sidney ((LLC))	4344 Runor Dr, Sidney, Ohio	US
S3-937020854	Exports Mn Realty Pvt	#8/615 C, Nida Kanjikkode, Palakkad, KL	India
S3-874483701	Institutememorialtrust.Com	Block C-628 Ug 06, Ground Floor, Mgf Metropolis Mall, Mg Road, Dlf Qe, Gurgaon, HR	India
S3-486452326	A Aldfe Pipeline Inc	Vance Circle, Chattanooga, Tennessee	US
S3-623668502	Ragland Medical Cénter	Del Rey Ln, Houston, Texas	US
S3-739801203	Johnson Pladinting Inc	2262 Holiday Rd, Coralville, Iowa	US
S3-469282379	Enclave Holdings	UP, Allahabad, 527-C.	India
S3-227848709	Worldwide Fae	38/7A1, Salem, TN	India
S3-223945424	Capital  Ministries	292 Masters Dr, Dallas, Texas	US
S3-602119387	Firefighters Local 923 [Center]	52 Meadowgate, Wethersfield, Connecticut	US
S3-257028876	Prime Limited-Care	Flat No C5, Jana Jeeva Nest, 29Th C Cross, Balaji Layout, Kaggadasa Pura, Cv Rama, N Nager, Bangalore, KA	India
S3-150400418	Mariele Grasso Valley Dominion	1656 74 Saint, Brooklyn, New York	US
S3-864789423	Danville Cornerstone Tidewater-Inc.	1020 Campbell Ln, Daanville, Illinois	US
S3-373654389	Shri American India Private Límited	Kh No. 569, Green Enclave, Chipyana, Buzurg, Ghaziabad, उत्तर प्रदेश	India
S3-106790822	Philips  and Scott	806 Woodin Boulevard, Dallas, Texas	US
S3-295543754	Waltman  Dome of	Washington, Washougal, 1246 G St	US
S3-732186216	eyecentergeneva.com	4710 Lake Road, # C18, Geneva On The Lake, Ohio	US
S3-318288238	Private Krishna One Technologies Ltd	Gharunda, Karnal, New Grain Market, HR, #817 Shop N.o 192	India
S3-263367416	Direct Dynamic Gráf	415 Spring Valley Drive, Burlington, North Carolina	US
S3-990953829	Corner-Barbershop	21558 Snowflower Loop, Cugiak, Alaska	US
S3-4562807	WO Limited Tracom	Vi/758, Andalat Building Mookambi Road, Kochi, കേരളം	India
S3-666101983	Dorry Mcneil Select  Navios	2005 Frankfort Ave, Kentucky, <NULL>, Louisville	US
S3-10168426	Capital Apex Incorporated	Texas, 2854 Stewart Way, Tyler	US
S3-408782795	Ngksangh.Com	F/504, Eternity Society, Telco Compound, Teen Hath Naka, Naupada, Thane, MH	India
S3-938555771	Igligand.Com	18 Pike St, Auburn, Washington	US
S3-936262596	#gutierrezinterests	18051 Fairville Avenue, N/A, Cleveland, Ohio	US
S3-502394147	Fortune Busness LLP	Office No.5/c 5 Floor Ace, Unnav, Kanpur Nagar, UP	India
S3-713768573	Thrissur Solution Cómpany	Plot 845 Room No:26/501-16/6, NULL, Thrissur, KL	India
S3-232833583	Marquette & Y0ung	Chandler Street, # 2, Worceter, Massachusetts	US
S3-496091612	Pvt Star Hobespitaify Ltd	K-#89 Sarita Vihar, Delhi, South Delhi, दिल्ली	India
S3-104284891	Merilee Lthuh, D.C.	6801 Ranch Road 1222, Streeter, Texas	US
S3-328159781	Yumaaria D.B.A. HK Pee Pvt. Ltd.	A-606 Blue Pearl Link, Road Chincholi Bunder, Malad West, Mumbai, Maharashtra	India
S3-98578010	Hamdan, Coon and Byodne Select LLC	Kankakee, 767 Moore St, Illinois	US
S3-752322492	Umbraavi trading as Burnett and Osborne, LLC	TX, 502 Belden Street, Sherman	US
S3-275362158	Tradingprivate.Com	PB, Third Floor Feroze Gandhi Market, Punjab, Ludhiana, Sco 144	India
S3-218141886	Developers Dalmia Enterprise Pvt Ltd	Amit Height, B/2 Sasanenagar, Hadapsar, Pune, महाराष्ट्र	India
S3-486075736	C0mbs, Le & Bhaefod LLC	Columbus, 740 17th Ave, Ohio	US
S3-438865312	Secure Electronircs Company	Minnesota, Minneaolis, 5871 Sixth Street	US
S3-573294303	Health & Foot Center	4780-4782 Williamsburg Dr, Fort Wayne, Indiana	US
S3-238653635	Hester's Development  LLC	Utah, Building Building, 12 Parkview Dr, Park City	US
S3-363854498	Zetaveo	#4927 Market Ave, Ohio, Canton Township	US
S3-897502135	Ronna Qunbe Prairie Devices LLC	##328 Jefferson Street, NULL, Spring Green, Wisconsin	US
S3-947755079	rieckhawk.c0m	6440 Alamo Ave, # UNIT 1E, Saint Louis, Missouri	US
S3-631005917	donelle bruemmer hills	1706 Seddon Rd, Richmond, Virginia	US
S3-115228768	Urology Pártners LLC	02501 Slayton Dr, Bloomington, Illinois	US
S3-417447907	Shri Jay Healthcare Private Ltd	105 Sakar -Iii Opp Oldhighcourt Nr Income Tax Circle, Ahmedabad, GJ	India
S3-126907417	Bikaner Ínvestments Pvt Ltd	Bikaner, S/o Khiraj Ram, RJ	India
S3-878948824	wz services llc	30 Alexander Dr, Wallingford, Connecticut	US
S3-368431888	Metro Metal-Inc.	292 Sweat Hill Road, Clemmons, North Carolina	US
S3-559558473	Technologies Associate Private Limited Center	T.c. 10/24-1, Trivandrum, Thiruvananthapuram, കേരളം	India
S3-747876563	Indian-Center		India
S3-227299488	Big Infra Limited		India
S3-543925483	Harbor  Center	1598 Swamp Road, Newbury, Vermont	US
S3-360676131	Sarasesh Strátegies Private Limited		India
S3-140963471	Veque Center	1804 Pine St, <NULL>, Tulsa, Oklahoma	US
S3-38593269	Private New Délhi Dealmark Limited	320, B-1, Ijs Palace, Delhi Gate Bazar, Darya Ganj, Thiruvananthapuram, New Delhi, DL	India
S3-330845928	North Aldel	8862 Lake Nora Dr, Unit APT C, Indianapolis, Indiana	US
S3-285357817	Pediatric Dentistry Care	3554 Santa Cruz Way, PMB 3230, Sacramento, California	US
S3-801182617	Optimalagriculturalproducts.Com	711 Dekalb Street, Shelby, North Carolina	US
S3-696993289	DHP Scientific ((LLC))	53 Dean Rd, Spencerort CITY, New York	US
S3-596795024	Geor (Partners)	6276 113, Unit 1, Millsap, Texas	US
S3-944143196	Indo  Marketing	Kalyan, Shop B##1, Prabhat View Chs, Prabhat Darshan, Opp. Shirik, Dombivali, MH, Thane	India
S3-468086099	Private Surat Energy Limited	1033-1034 Hari Om Marketring Road, Surat, GJ	India
S3-663454633	Carlson and Heckman [Inc]	16 Larkspur Drive, null, Colstrip, Montana	US
S3-824023064	selecttransitsolutions.com	7692 North Glen Dr, Unit 1029, Irving, Texas	US
S3-813562861	Shri Verafayemira	House No 4/82 Madanlal Bohara Kapad Market Ichalkaranji, Kolhapur, महाराष्ट्र	India
S3-350282290	llc paseus,	36284 437th Ln, Aitkin Township, Minnesota	US
S3-453025329	Hillary's Hair Stgeo	Laurel, 605 Central Avenue, Delaware	US
S3-250594673	Main Street	Illinois, PO Box 8348, Dolton, 14446 Woodlawn Ave	US
S3-37348531	Umbraonyxjax F/K/A Guadarrama Yhn	32166 181st Street, Porter, OK	US
S3-866347068	Mcmahon-Source	Unit 161, 4032 Osborn Rd, Arizona, Phoenix	US
S3-883295773	Coastaljena.Com	722-726 Oak Grove Rd, Kings Mountain, North Carolina	US
S3-661399555	Quality	3835 State Avenue, Indianapolis, IN	US
S3-911370683	Payne Endocrinology	16 R Prindle Avenue, Connecticut, Ansoniaa CITY	US
S3-154313934	Gandara Kochav Inc.	1006 Girard St, Unit BSMT, Washington, District of Columbia	US
S3-583032023	Awantika Mánagement Pvt Ltd	Delhi, H-10/7, DL, South Delhi	India
S3-674431828	Danyette Nugent Gránite	394 Pedernales Drive, N/A, Smithfield, North Carolina	US
S3-963747170	Private Cephas & Associates Ltd	C-44, Jaipur, RJ	India
S3-635252813	Ofelia Braley, DMD, DDS		US
S3-8877030	అర్బన్ ఇన్వెస్ట్‌మెంట్ ప్రైవేట్ లిమిటెడ్	Door No 4-9-101 Ftb2, 2 Flr, Balaji, Nilayam, Venkatesh Nagar, Tirumalagiri, Hyderabad, Andhra Pradesh	India
S3-682300853	6reen-Energy  Private Limited	9/1741, New Delhi, East Delhi, DL	India
S3-900137304	LUKENS, FAGAN & STONE JOHNSON CARE	Lattice Drive, Unit Condo, Indianapolis, Indiana	US
S3-925106995	Premier Printing Global Ltd	101 Eden Ln, Duluth, Minnesota	US
S3-690496922	Quality Broadcast Corporation	6601 60, # 425, Gold Canyon, Arizona	US
S3-755984396	Blacktrading.Com	12 Fl-4 Plot 68 Sai Sadan, Mumbai, Janmabhoomi Marg Hutatma, MH, Mumbai	India
S3-537132641	Vantageevo	Plot 117 Core-3 Scope Complex7 Institutional Area Lodi Road, New Delhi, South Delhi, DL	India
S3-461483373	Sullivan Terra	721 Ford Ave, PMB 7090, Barberton, Ohio	US
S3-170375053	1523 First	6367 Tradition Cir, Brownsville, Texas	US
S3-511735897	P.A. RAQUELA, PATTERSON,	2201 Evelyn Avenue, Memphis, Tennessee	US
S3-444899741	FRANCO INTERSTATE MONTREAL LP	#11 Washington Street, Pana, Illinois	US
S3-208533991	Preferred  Innovative Eagle L.L.C.	424 Rock Prairie Ln, Ft Worth, Texas	US
S3-531911262	Embee Logistics Private Limited	No. 677, Bangalore, ಕರ್ನಾಟಕ	India
S3-620815675	Koryuma t/a Plumeria Display Private Limited	Thane, Maharashtra, Mercury Towers Pk Lane, Mira-Bhayandar Road, Mira Road, East, D 503, Thane	India
S3-373065703	Capital Group  Services	78 Hidden Valley Farm Road, Republic, Washington	US
S3-822373522	Urologygreenassociates.Com	Sacramento, 8472 Sierra Sunset Drive, California	US
S3-276234962	Watson-Saul	687 Old Johns River Rd, Blowing Rock, North Carolina	US
S3-213353551	Nunez Mórtgage	3325 Pebble Beach Dr, Conway, Arkansas	US
S3-941504388	Baba Infotech  Private Limited	No. 188 C/o- Mina Devi, Ansurchak, Begusarai, BR	India
S3-375320592	Sri International  Projects Co	Flat No. 706, Ghaziabad, UP	India
S3-812411432	Philips and Scott-Group	806 Woodin Blvd, Dallas, Texas	US
S3-478447614	Sri Perfect (India) Tours Pvt	G-47, Raj Nagar Part-ii Palam Colony, New Delhi, DL	India
S3-518231478	starfreightdynamics.com	Burroughs Drive, Buffalo, New York	US
S3-91515142	Carpenter Hitchcock and	450 Little Creek Drive, Delaaware, Ohio	US
S3-808698361	Private MC Tramgig Limited	F-9-205, Hyderabad, TG	India
S3-847444777	Mejia, Devon T., DO, LLC	2145 Joyce Pl, Oxnard, California	US
S3-674886007	Creative Health Enterprises LLC Federation	1108 Clover Dr, null, Incorporated, Washington	US
S3-819605377	Modern Industries Priealte Limited	18, Hapur, Bhajeda Kalan, UP	India
S3-462698685	Medical Buss Center	409 Grant St, Salt Lake City, Utah	US
S3-61211746	IMT	N.17, Heroor, Udupi, Udupi, Karnataka	India
S3-632991268	(India) Navraj Fund Pvt	512/513 Janki Center Off. Veera Desai Road, Mumbai, Mumbai City, MH	India
S3-854445781	Lar LLC	79-20 149 St, Flushing, New York	US
S3-179322168	India Orbit Consultancyprivate Limited Services	No.037, Chennai-16., TN	India
S3-206026692	FARRAR, ROSS & JONES, LLC	New York, Fredonia, 23D Center St	US
S3-66626973	Bryant Reliable Factory LLC	212 Renard Ct, Fl 0, Annapolis, Maryland	US
S3-231639871	Dharohar  Consultants Private (Limited)	Pune, MH, Indapur, Indapur Kalthan No.2, 124 Padule Nivash	India
S3-53073338	Patriot Fresh Enterprises		US
S3-141639223	Smith Hills	508 Reed Ave, # 5, Bowling Green, Ohio	US
S3-725799680	Custom  Tamllant Associates	46940 Boe'S Dr, Pelicn Rapids, Minnesota	US
S3-232096976	-- Miramontes Capital [Co]	4938 Teeter Road, Bellville, Ohio	US
S3-688394480	BORING ENTERPRISES	11100- Andenwood Dr, <NULL>, Austin, Texas	US
S3-968355461	Smt Shree ínvestments Private Limited	#D/240, Ramachandrapuram, Medak, TG	India
S3-360920531	Vanguard  Empire, Corp	Philadelphia Pike, Wilmington, Delaware	US
S3-276629848	Suryait.Com	Plot No 142/3098, Bhubaneswar, Khordha, OD	India
S3-456313648	Fresh Barbershop Service	Virginia, Columbia, 113 Sawmill Road	US
S3-806147222	White And Ramos Inc [Service]	Airline Rd, Morganfield, Kentucky	US
S3-582154745	Dermatology Cénter Inc	24413 38th Avenue Court, Spanaway CITY, Washington	US
S3-727855816	Nexumbra formerly known as Keystone Midwest Insight	Wilmington, 5502 Madeline Drive, NC	US
S3-92611542	Straight Studio Hair Edge	Maiden Lane, # UNIT, Wenatchee, Washington	US
S3-87253115	Novievo	2892 Sedalia Loop, Bend, Oregon	US
S3-763166116	Devika  Asia-Pune	S No #46 6 Plot No 1Apaud Road, Poona, Pune, MH	India
S3-542995320	Jones Polska [LLC]	104 1/2 Franklin Street, Ithaca, New York	US
S3-305535465	Orbiarc Formerly Global Hotels	IL, Rock Island, 1520 21st Avenue	US
S3-785749825	Meenu Doorstep Private Ltd	Tower-4, Unitech Harmony, Sector-50, Gurgaon, HR, Gurgaon, 1601, Gurgaon	India
S3-941138902	Ridge LLC Committee	243 Community Dr, Tennessee, Madisonville	US
S3-872381219	alexis benson supreme cap	505 Oak Street, Unit Apartment 503, Fargo, North Dakota	US
S3-490558002	Premier	14849 Glen Crest Lane, Homer Glen, IL	US
S3-6435714	DB  Polestar LLC | www.dbpolest.com	Altamont, Floor Floor 1, New York, 162 Maple Ave	US
S3-441532054	Mejia, Devon T., Do, Pc	2145 Joyce Place, City Of Oxnard, California	US
S3-329845696	Heartland Coastal Acp	745 King Billings Road, Traphill, North Carolina	US
S3-725801049	Miramiraio DBA: Franco Interstate Montreal LP	11 Washington Street, Pana, IL	US
S3-493791212	R+ Sui	35 Cummings Drive, # UNIT 403, Stafford County, Virginia	US
S3-182899943	Gildcira t/a EZ Usa LLC	9506 Clocktower Lane, Columbia, MD	US
S3-789093392	First Software (Private)	Shop No. 16, Mumbai City, MH	India
S3-946996255	@krishnaone #10626	#817 Shpo N.o 192, Gharunda, Karnal, HR	India
S3-117463705	Linkpoint Trails (Pvt)	Ernakulam, Building No 525 Kanjoor P O, KL, Kalady	India
S3-999677220	International Projects	No 706, Ghaziabad, UP	India
S3-636921061	UIV Labs Private Limited		India
S3-568957026	Meentech Services Private [Ltd]	6Th Floor, Gurugram, Gurgaon, हरियाणा	India
S3-808067929	Ráven		US
S3-496467306	Kolkata Developesr Limited	India House, Kolkata, Howrah, WB	India
S3-962925003	Ridhi  Enterprises Limited Center	#220 P.no.4 And 4 A, H.no. 8-2-293, Flat 303, Anushka Trendz Building, Road No.14, Banj, Ara Hills, Hyderabad City Region, Hyderabad, TG	India
S3-352116494	DESERT NETWORK	9 Elizabeth Circle, Longmeadow, Massachusetts	US
S3-649110685	പയനിയർ ഡെവലപ്പേഴ്സ് ലിമിറ്റഡ്	37/2200-8, M C Tower, C Achutha Menon Road, Thrissur, NULL, KL	India
S3-927961903	CHHEDA CHARITABLE TRUST	Door No 56 Metcalfe Street 1St Floor Room No 1A, Kolkata, Howrah, WB	India
S3-734236016	Physical Therapy Desert Medicine	1009 Hunleyhill Ct, Stallings, North Carolina	US
S3-947900912	Lotus Builders	New Delhi, South Delhi, 3Rd Floor, Santushi Apartment, D-6 Vasant Kunj, 6061/7, DL	India
S3-142331103	CEOR STAR INNOVATIVE INC.	1218 Beatties Ford Road, Chharlotte, North Carolina	US
S3-648118409	Benson, Alexis Súpreme Cap	North Dakota, # Apartment 503, Fargo, 505 Oak Street	US
S3-834909171	Atlantic Co Mitsui Prairie	638 Sunset Park Drive, Unit 115, Sedro Woolley, Washington	US
S3-810640966	Strategic Better Corp Partners	60-34 1/2 251 Street, Little Neck, New York	US
S3-853456354	Manipal Séva Samiti	Nazeempura Bhoor, Bulandshahr, UP	India
S3-615187821	Laden Global Lifesciences  Inc.	Adriatic Avenue, Hampton, Virginia	US
S3-330852430	Pelican Centre Prhiavte Limited	H.no 202 Plot No G-54 Ground Floor Vardhman Central Mall Lsc, South Delhi, North Delhi, DL	India
S3-586623951	Lynda Sawyer Tax Service	Las Palmaritas Dr, Glendle, Arizona	US
S3-703973229	Shrinath Brothers	Office No.a-1109, Gautam Buddha Nagar, Noida, उत्तर प्रदेश	India
S3-330412296	Trusted Cargo Studios LP	11779 Spring Cypress Road, Tomball, Texas	US
S3-986051401	BHARAT SERVICES PRIVATE LIMITED (ID: 91717)	null, Ground Fl, 4 Sadanand Road, Kolkata, পশ্চিমবঙ্গ	India
S3-13980171	Gujarat Surya Technology ಪ್ರೈವೇಟ್ ಲಿಮಿಟೆಡ್	Building No. 74, 2D, Rajeshwari Paradise Ideal Homes Township, Rajarajeshwarinagar, Bangalore, KA	India
S3-679278814	Vaishnavi Sons & Private Limited	C/o. Ground Floor, Piramal Towers Peninsula Corporate Park, Lower Parel, महाराष्ट्र	India
S3-330839837	zamoraexpress.com	27 Rivers Run Boulevard, Oak Ridge, Tennessee	US
S3-970468138	Innovative Unified Enviconmenatl Services LLC	Washington St, Unit 404, Malden, Massachusetts	US
S3-439637476	Sarkar Márketing LLP	9611/13, East Delhi, New Delhi, DL	India
S3-665417183	E 5 K Greenfire Corporation	6801 1/2 Preinkert Dr, Unit 7505, College Park, Maryland	US
S3-542432850	Maor Edison  LLC	Locust Ct, Soiux CITY, Iowa	US
S3-435584417	Rolextradingnashik.Com	MH, Nashik, Govinda Apt Flat 4- Viveka, Nashik	India
S3-857915872	யுனிக் இண்டஸ்ட்ரீஸ் பிரைவேட் லிமிடெட்	No#5, Coimbatore, தமிழ்நாடு	India
S3-91109323	AM Inld Limited	Chamber 1 A 257, New Delhi, Delhi, दिल्ली	India
S3-483497977	Veoecto a/k/a Marketing Snr (india) Private Limited	Allauddinchak, Punpun Station Mahavir Colony, Nh-83, Patna, Bihar	India
S3-441494466	Dadri Resources Ltd. Pvt.	उत्तर प्रदेश, K-002	India
S3-823657350	Olaniq Hoe Care Inc	52 County Rd, Oak Bluffs, Massachusetts	US
S3-934924203	Chiropractic-Specialists  of Arcade	Arcade, New York, 50 Douglas Drive	US
S3-928641162	Perideon Inc Epr,		US
S3-183587866	गुरु सिस्टम्स लिमिटेड	Prop. No. C-0116, G/f, Sector-2, Gautam Buddha Nagar, Noida, UP	India
S3-406056397	Goodall Dynamic Railway Corporation	Talihina, Oklahoma, 53294 Frazier Creek Road	US
S3-654416717	Olympie Wallace Heartland Can	Texas, Graford, 602 Eagle Point Rd	US
S3-819233938	Korjaxlyra	E-3206 Rajajipuram, Lucknow, Uttar Pradesh	India
S3-288111197	Gibney, Horst-and-Leblanc LLC	2924 Fourteenth St, Tcoma, Washington	US
S3-652214000	ಬ್ರೈಟ್ ಕನ್‌ಸ್ಟ್ರಕ್ಷನ್ ಲಿಮಿಟೆಡ್	#2-1St Floor, Bengaluru, Bangalore, KA	India
S3-711118103	residency road life pvt. ltd.		India
S3-276196490	பாபா ஐடி பிரைவேட் லிமிடெட்	Mr-1401 (Matira), 14Th Floor, Pbel City Kelambakkam, Kancheepuram, தமிழ்நாடு	India
S3-937773346	Taylor, Hernandez & Cáthey Inc.	1434 Longacre Drive, Cincinnati, Ohio	US
S3-656073064	शिवा आईटी प्राइवेट लिमिटेड	204, Vikas Deep Building, District Center, Laxmi Nagar, East Delhi, दिल्ली	India
S3-225489915	Bibi Bos Cantor Ltd	Dekalb, Illinois, 820 Charlse St	US
S3-544089599	Bright PLLC Stock	205 High Valley Drive, Liberty Hill, Texas	US
S3-851087849	Pvt. Spm Aut0mation Ltd	Door No B3/80/52 Vadakekkara House Cheralparambu, Wadakanchery, Thrissur, KL	India
S3-215437252	Prathmesh Services Pirgvmt Limited	Pllt 254 Office No 60-61, Surat, ગુજરાત	India
S3-342499147	Orbola Sttreet Corp	1320 Gibbons Street, Houma, Louisiana	US
S3-239785536	safar constructions private limited	Raiganj, WB, Vill Mahasunda, North Dinajpur	India
S3-61497843	Swart Automotive LP	00513 7th Avenue, Rio Rancho, New Mexico	US
S3-969773571	Umbradovasyn	25 Whitney Ln, Berlin, Connecticut	US
S3-163560470	Partida	WI, 656 Tradition Trail, Town Of Troy	US
S3-778153200	BEST MARINE GROUP	Unit 3G, 8000 Flatstar Drive, Ohio, Sunbury	US
S3-266302058	Reliable Wealth (International)	Ivory Ln, Newark, Delaware	US
S3-375145293	Patriot Endocrinology	36 Speridakis Ter, PMB 2131, Cambridge, Massachusetts	US
S3-468407404	Private Modern Lndustries Limited	18, UP, Bhajeda Kalan, Hapur	India
S3-527532792	Preferred Innovative Eagle  L.L.C.	424 Rock Prairie Lane, Fort Worth, Texas	US
S3-351663409	Ravin Bharani Limited	A-201, Shree Sai Tapovan Chs Ltd Bhd Swastik Nagar, Bhaindar East, Thane, Bhaindar, MH	India
S3-933713696	Modern Global Aerospace LLC	5117 Upton Avenue, PO Box 7117, Minneapolis Townshpi, Minnesota	US
S3-375773270	Trusted Cargo Stúdios	Spring Cypress Rd, Tomball CDP, Texas	US
S3-281851184	Gold Hospitality Private Ltd	Shed No 754. 2, Gidc Makarpura, Vadodara, GJ	India
S3-763761510	Ameline's Catering	36 N Saint Wtn, Watertown, Connecticut	US
S3-775088028	Limited Engineering Vision Realtors Partners	1-38 Desh Bandhu Apartmentskalkaji, New Delhi, South East, दिल्ली	India
S3-456551959	Farrar, Ross &	New York, Fredonia, Building Right, 23D Center Street	US
S3-915430507	Lizbeth's Pinnacle  Productions	Illinois, Mendota, 704-706 Jefferson St	US
S3-964294085	5ullivan Terra Incorporated	721 Ford Ave, Barberton, Ohio	US
S3-999184989	Ptivec New Delhi Dealmark Limited	DL, Thiruvananthapuram, 320, Central Delhi	India
S3-601856988	Confirm Planner L.L.P.	Plot 7-45 Villa No. 94, Meenakshi Bamboos, Gachibowli, Hyderabad, K.v.rangareddy, తెలంగాణ	India
S3-833703932	Foot + Ankle Specialists  Corporation	7 Mason, Franklinton, North Carolina	US
S3-215092011	economic development program corporation	1410 La Paz Dr, Ojai, California	US
S3-569487908	Primary Specialists Care	2137 Greenway Avenue, Shakopee, Minnesota	US
S3-204567858	Indian Wheels-Private Limited		India
S3-33597336	Smt Hotline Design  Private Limited	H No 1-11-38/90- Near Sri Basaweshwara Co-operative Basaweshwara Colony, Raichur, KA	India
S3-475798464	Mr karunamoyeeindia.com	MH, Door No 120 Shop Nmo-24, Thane, Grd Floor, B-42-43 Shanti Nagar Sector-1, Mira Road (E), Mira Road (E)	India
S3-812400315	rosene garafola valley bank	5025 Arkansas Avenue, Fl. 0, Wichita, Kansas	US
S3-219494143	Educational 8usiness Pvt. Ltd	At; Begunia, Khurda, OD	India
S3-884662498	Kipp Valdez Elite Twelve-Llc	10660 Waverly Rd, PO Box 8745, Malcolm, Nebraska	US
S3-626113276	rodriguezrichardsontrujillo.com	IOWA CITY CDP, 240 Paddock Cir, Iowa, NULL	US
S3-308858920	LLC Federal Biosmciences,	5412 Rogers Rd, Arkansas, Pine Bluff	US
S3-567368842	Vps Corp (Center)	H No- 150/A, MP, Sagar, Tili Ward Sagar Sagar	India
S3-376602617	Ltd Hygienic Traders	H.no 470, Chennai, Chennai City Corporation, TN	India
S3-245744708	Incorporated Taylor Beacon Greenfire	1253 Panorama Dr, Big Bear City, California	US
S3-458960277	Athena College Pvt. [Ltd]	A 403, Adharsh Retreat Tower-1, Bellandur, Bengaluru, Bangalore, ಕರ್ನಾಟಕ	India
S3-400057120	Shyam Ashram Gróup	Paribibhuti Bhawan, Samanta Sahi Near Omfed Booth, Cuttack, Orissa	India
S3-795562430	Vision Complete Medicine, Inc.	35 Coleman Cir, PMB 4498, Hampstead, North Carolina	US
S3-283424898	Pediatric Care	8610. Shadow Lakes Street, Fl 0, Wichita, Kansas	US
S3-317182079	Lavanya Limited Lifescapes	Unit No. #249, Mumbai City, Mumbai, MH	India
S3-586745267	Allied-Payment	105 Roosevelt Drive, Moro, Illinois	US
S3-795232638	Filip Telecom of Lihtel Rock (LLC)	1415 Juniper Rd, Little Rock, Arkansas	US
S3-809707187	Kolkata  Infrastructure	Door No 48 Jayasreenagar, South 24 Parganas, Kolkata, WB	India
S3-483603003	Surya Tech प्राइवेट लिमिटेड	168, Sirsa, HR	India
S3-253319949	Fayekelo	Maryland, Potomac, Muirfield Drive	US
S3-83155274	Pyravio	#80 Everest Shopping Centre M G Road Vishnu Road, Dombivli West, Thane, MH	India
S3-626137398	National LLC [Services]	Wisconsin, 1859 8, Town Of Armstrong Creek	US
S3-570116928	శక్తి వెంచర్స్ ప్రైవేట్ లిమిటెడ్	# 1-16881-168/1, Chivatamundrajavaram Mandal, Andhra Pradesh, Tanuku West Godavari, AP	India
S3-181269254	Gujarat Tech Private Ltd	No 4 Kulada Ray Lane, Khagra, Berhampore, Murshidabad, পশ্চিমবঙ্গ	India
S3-458832323	Shelton Holdings Technical	Elliott Street, Baltimore, Maryland	US
S3-405722072	Ross Plum L.L.C.	670 Waterworks Road, Williamstown, Kentucky	US
S3-379581107	Premier Consulting Private Limited	2293 Mie, Bahadurgarh, Rohtak, HR	India
S3-718732917	Jai Private Limited Services	3Rd Floor, Lewis Road Rajarani, Bhubaneswar, Plot No. 17, OD	India
S3-819811342	சதர்ன் பாபா இன்ஃப்ராஸ்ட்ரக்சர் பிரைவேட் லிமிடெட்	0121 Gst Roadchennia, Chennai, NULL, TN	India
S3-494556258	Guzman, Micki Select Kochav	154 500, Duchsene, Utah	US
S3-865427278	Private Agra Inrfaaon Limited	Shamshabad Road, Lodhai Shyamo, Agra, उत्तर प्रदेश, Agra	India
S3-883661760	Urban Builders Private (Limited)	2-067, Tirumalagiri, Hyderabad, TG	India
S3-873700244	IAQ Midwest Air1ines	385-C Fred Dr, Buda, Texas	US
S3-279430448	Camille R. Hart D.O. P.C.	10342 Balsam Ave, Hesperia, California	US
S3-895289574	Singh & Brothers Pvt Limited	H.no 1-51C Third Floor Impe, Mohali, Derabassi, PB	India
S3-787610298	Desert  Learning Center		US
S3-444911925	AD	103, Pratham Corner, Lal Park-B, Dhebar Road, Rajkot, Gujarat	India
S3-8503338	Pune Advertising Corp	Shed No #11, Tirupati Industrial Estate, Gut No 105, Pirangut, Taluka Mulshi, Pune, MH	India
S3-832145464	Centre	266/1/7/266/1/8, Plot No 09 Pratham Resid, Kagal, Kolhapur, Maharashtra	India
S3-405443739	Historical Inc Fund	30 1/2 Norfolk Dr, null, Elmont, New York	US
S3-711225269	बिग इंफ्रा	Chittaurgarh, राजस्थान, 307	India
S3-469209240	Geoghegan, Schwáb & Torres Vernal Inc	601 East Street, Seymour, Texas	US
S3-304240768	Flint, LLC Partners	139 Post Oak Road, Chapel Hill, North Carolina	US
S3-710160394	Platinum Fresh Barclays Ltd	445 200, Springville, Utah	US
S3-443716783	P.C. Baptista, Hinze and Kím Truist	0019 Rabbit Ridge Dr, Weaverville, North Carolina	US
S3-263547715	*** The Dent Cósem LLC	1900 New Haven Court, Oklahoma City, Oklahoma	US
S3-287617877	Reliable Wealth International	413 Ivory Laen, Newark, Delaware	US
S3-734303273	Bay  Fellowship	356 Thompson Springs Road, Cleveland, Tennessee	US
S3-877815424	Sri megabuild & [associates]	205., 2Nd Floor, Abhinav Apartment B Wing, Shraddhanand Road, Vile Parle Ea, St, Mumbai, Mumbai City, महाराष्ट्र	India
S3-42519732	Shri gcgindia.com	C/o Birendra Kuamr, L.i.g.h-6/216 Housing Colony, Kankarbagh, Patna, BR	India
S3-897268786	DELHI NUTRITION PVT LTD	Plot 256 G-7, First Floor Gali No-6, Brahmpuri, North East, Delhi, DL	India
S3-144859961	Private Consultancy Blaansi Services Limited	Fl No 02, S No 66, M No 56/1, Ritika Complex, Pune City, Pune, MH	India
S3-706135614	Coastal Veterinary Clinic  Group	110 1st Street, Unit Apartment 303, Chaska, Minnesota	US
S3-329220754	Gevue Gagbhdn Electricity, Inc	66 Winslows Mills Road, Waldoboro, Maine	US
S3-94144480	Arc Constructions Private	2003. Swapnalok Bldg No 2 Wing B Malad East, Malad East, MH	India
S3-642631123	JOANNA FRYMAN, CPA, M.D., P.C.	3133 Coaeh House Ln, Virginia Beach City, Virginia	US
S3-776611762	Ace Tokyo LLC	7916 Briarglen Drive, Elkridge, Maryland	US
S3-375043888	Micki  Guztn Select Kochav	154 500, Duchsene, Utah	US
S3-286618995	Fortune Management Private	#5, Mabif, Agricultural College And Research Institute, Melur Road, Southern Region Madurai, Madurai, TN	India
S3-648012019	Greater Noida Grand Private Ltd	Gf-4, Omaxe Arcade, Near Omaxe Nri City Pari Chowk, Gr. Noida, UP	India
S3-693818150	Divine Premier	18650 Thompson Peak Parkway, Scottsdale, AZ, Unit UNIT 1064	US
S3-610504712	Outlaw LP Service	132 7th St, Mulberry, Arkansas	US
S3-676090707	highproducts.com	Samod House, Gangapole, Jaipur, राजस्थान	India
S3-332121260	Quantelle Shntasrry LLC	300 Minquadale Blvd, New Castle, Delaware	US
S3-304633568	Applegate and Watson Services	1826 Sterling Drive, Monmouth, Oregon	US
S3-659241168	Ectoarc d/b/a Halcent Solutions	346 C 118, Mentmore, NM	US
S3-835945971	Shri Aventure Consultancy Corporation	Hn 95 C/o Balram Yadav, Rasra, Nagra, उत्तर प्रदेश	India
S3-453555878	Bda Clinic Private	MH, Latur, null, Malang Complex, Mumbai City	India
S3-682465414	Cosmetics Reliable Br0wn's	6 Adams Ln, Ashland, Massachusetts	US
S3-505186809	Associated Engineering LLC Service	35 Standing Pond Road, Sharon, Vermont	US
S3-179059814	hamilton school of medicine	California, Third Saint, San Bernardino, NULL	US
S3-817876302	Custom Corporation Center	B.no. 5 Akarsh Encleve, Tilhari R2-1028-1 Mandla, Jabalpur, मध्य प्रदेश	India
S3-763867774	Lulu  Industries LLP	Bfock G-##65 G 2, 1-76/4/12 To 14, Shr Apex Apartment Gangaii, Petbasheerbad, Qutubullapur, Rangareddi, Rangareddy, తెలంగాణ	India
S3-113353070	Rapid Piedmont Allegro  Inc #35098		US
S3-327866204	White Baba International Limited	11-33A, Near Assi Asramam, Pampanvilai, Anananthan Nagar, Kanyakumari, தமிழ்நாடு	India
S3-31822069	Harbor Fitness Inc.	533 River Breeze Lane, Wise County, Virginia	US
S3-400428504	Cibrian Industrigs	109 7th Avenue, Minot, North Dakota	US
S3-453527439	Singh & Brothers-Pvt		India
S3-421437770	Liberty (Committee)	1163 Driftwood Circle, Newbury Par Ktownship, California	US
S3-657642091	Olguin Enbridge LP	7802 Nicaragua Dr, Tucson, Arizona	US
S3-503827567	Dibartolomeo & Mcnulty Llc	##72 Roxbury Rd, West Virginia, Fairmont	US
S3-160639166	Asset Polytechnic Ltd	C/o Sangam Motel Pvt Ltd, Kavalettu, Ranebennur, Haveri, ಕರ್ನಾಟಕ	India
S3-818327842	Jaiswal Sólutions (India) Private Limited	H No 05-9-22/35 & 35A, Hyderabad, TG	India
S3-127099357	wallace, valdes & rasmussen seas	8881-C Country View Ln, Hopewell, Virginia	US
S3-552536898	Indian Business  Pvt Ltd	419, 4Th Floor, Atlanta Estate, Goregaon East, Mumbai, MH	India
S3-378797158	MINERALS CONCLAVE PRIVATE LIMITED	Prom Add:b-15/b Kalkaji, New Delhi, South Delhi, DL	India
S3-692610256	Hester Sherrell,	90 Evelyn Dr, <NULL>, Nashville, Tennessee	US
S3-255461338	Beix Inc.	702 Orly Ln, Wilmington, North Carolina	US
S3-304384219	Willow LLC Center	244 Antler Ave, Redmond, Oregon	US
S3-778647205	Monami Brothers Private	Plot 117 Core-3 Scope Complex7 Institutional Area Lodi Road, New Delhi, South Delhi, DL	India
S3-178131862	Precision Financial Partners Co	1508 Camino Lago, Irving, Texas	US
S3-699742600	LLC Alcala Mícro	32 Pleasant Hill Drive, Norridgewock, Maine	US
S3-671843545	*** temple ministries	32 Main St, East Hartford, Connecticut	US
S3-619190118	northaldelcom	8862 Lake Nora Dr, Unit APT C, Indianapolis, Indiana	US
S3-19414820	Patriot League Co	19403-19405 Ridge Dr, <NULL>, East Dubuque, Illinois	US
S3-130624239	Basalt Reserve L.L.C.	1678 Mcwhorter Rd, London, Kentucky	US
S3-704869206	Ingrid Miranda Continental Cms [LLC]	001303 Spring Valley Dr, PO Box 3456, Nacogdoches, Texas	US
S3-90205459	M/s Cradel Golden Private Ltd	No 308 12/2, Park Mansion, 57A, Park Street, Kolkata, Howrah, Kolkata, WB	India
S3-5645809	New Delhi Services Private Ltd	E-239, New Delhi, South Delhi, DL	India
S3-330979846	Sapiens-Center	401, Nashik, MH	India
S3-453571235	Mumbai Healthcare	Unit Nos. 607-610, Acme Plaza Andheri Kurla Road, Opp Sargam Cinema, Andheri East, Bombay, Mumbai City, महाराष्ट्र	India
S3-223669912	Atlas	306 Walnut Street, Csatalia, Ohio	US
S3-860419385	Interstate Star Materials	8213 Hirsch Dr, Charlote CITY, North Carolina	US
S3-449397690	Hr Cure Studio	06608 Byron Road, BYON CITY, New York	US
S3-47824107	IRONCLAD	820 69th Ave, Caarrington, North Dakota	US
S3-908290090	SAI ENTERPRISES	401, Empress Tower, The Botanika Jayabheri Enclave, Gachibowli, Hyderabad, Indira Nagar, TG	India
S3-713138519	Complete  Payment	249-D Foreman Rd, Decatur, New York	US
S3-156046702	Trading Maa Solutions  Pvt Limited	G-98-b Lig Flats, DL, Maya Puri, Mayapuri	India
S3-738005941	Solaria t/a Jaiswal Solutions (India) Private Limited	H No 5-9-22/35 & 35A, F No 302 Indera Devi Nilayam, Adarsh Nagar, Hyderabad, Telangana	India
S3-458182984	Golden Bright Construction	Shop M/5m6, Sy No. Z/4/a/2, 4/A/3 4/A/4, Empire State Building, Ring Road, Surat, GJ	India
S3-536807079	Zamora-Express Private Inc	27 Rivers Run Boulevard, Oak Ridge, Tennessee	US
S3-554087439	xy software pvt. ltd.	C/o Sarkar Enterprise, Durgapur, Bardhaman, WB	India
S3-946032125	... Technologies Jyoti Infotech	No 25-2-20Jayakrishnapura Rajahmundry., East Godavari, AP	India
S3-599465510	Edwards Association	7714 Chorus Way, Dallas, Texas	US
S3-43416046	Engineering Vision Realtors-Private Limited		India
S3-689423161	3405 Broadway Avenue Apartments		US
S3-449288953	Alma  Maynard Better		US
S3-332575584	Lee Grand Dynamics LLC	701 Ridge Dr, Marengo, Illinois	US
S3-641876912	Ear Nose & Traot Care  of Coos Bay	52 11nd Street, Coos Bay, Oregon	US
S3-476815736	American Vsterinary Clinic	479 Massachusetts Avenue, # 3, Boston, Massachusetts	US
S3-219659426	private tambaram finance limited	Block 1 Fo 3 Pace Adarsaa, Tambaram, TN	India
S3-550651265	Pediatric Dental-Gulf	56 Morgan Avenue, Akron, Ohio	US
S3-76788537	Sterling Fields	532 Chimney Rock Road, Fort Worth, Texas	US
S3-818950214	XY Software Pvt.-Ltd.	C/o Sarkar Enterprise, Golf Nagar More Opp-puja Math, Durgapur, Bardhaman, WB	India
S3-370057050	Bright Limited Private Consultancy	R43-no Iii Rohtak City, Rohtak, HR	India
S3-365018966	Star Brands (Center)	139-A Horseshoe Rd, Farmington, West Virginia	US
S3-459529141	Teesta Brothers Private Ltd	88, Howrah, Kolkata, পশ্চিমবঙ্গ	India
S3-634682220	MOC Gbl Pvt Ltd	No 804 Urban Greens Plot No. Gh 6A, Gurgaon, HR	India
S3-255287053	Taylor-Beacon Greenfire	Big Bear City, California, 1253 Panorama Drive	US
S3-65490400	Vi1e Parle Paradise  Pvt Ltd	A-103, Vile Parle, Mumbai City, महाराष्ट्र	India
S3-562585162	-- Indranth Ássociation Pvt Limited	R.c. Girls Inter College, Hathras, उत्तर प्रदेश	India
S3-778521811	Atlantic Prairie Mflsoi Co	638 Sunset Park Drive, Unit 115, Sedro Woolley, Washington	US
S3-324512135	Temple Mibfitsbries	Main Street, East Hartford, Connecticut	US
S3-488734280	Harrison Signature Tlreion Center		US
S3-345224698	Vertical Agro Private	26, 14Th Main Judicial Layout, Gkvk Post, Bangalore, ಕರ್ನಾಟಕ	India
S3-405162335	Resoft Installation Center	6041 Ridgecrest Road, Dallas, Texas	US
S3-870596194	Chris  Vaidya	42, Shreenathji Aashiyana, Opp. Rto Office, Heduva Hanumat, Mahesana, GJ	India
S3-213352371	National LLC Center	6363 Columbia Road, Ohio, Dover	US
S3-701571788	अल्फा ट्रेडिंग प्राइवेट लिमिटेड	Opp. Nirmal Ngaar, Lbs Marg, Mulund West, Mumbai, MH	India
S3-538469340	Bureau of Aging Corp	Verona, 1106 Tamarack Way, Wisconsin	US
S3-337825878	STRATEGIC WASTE	Rock Elm Road, FT. Worth, Texas	US
S3-867634019	Johnson and Thomas	1591 Bangor Road, Linneus, Maine	US
S3-321107069	Midwest-Hslht Midwest-Hslht Center	##2921 Bay St, Port Angeles, Washington	US
S3-898129494	COMPLETE TELECOM INTERNATIONAL INC	26 Rio Grade Cir, N/A, Florence CDP, Kentucky	US
S3-516689354	Star  Biotherapeutics Inc		US
S3-869951147	hbrothers.com	Ward No. 177 Khavo Ka Mohalla, Jodhpur, Luni, RJ	India
S3-727260869	Brixdelta Co formerly known as Camille R. Hart, D.O., P.C.	10342 Balsam Avenue, Hesperia, CA	US
S3-530440345	Aarvansh Farms Pub1ic Limited	Gf-03, Anushri Complex, Nr. Champaner Society, Usmanpura, Sanoda Tal Dehgaum Dist Gandhinagar, Ahmedabad, GJ	India
S3-522568153	Global Hotels	1520 Twenty First Ave, Rock Island, Illinois	US
S3-669671126	Petronia Persinger	00534 Ashby Drive, Davidson, North Carolina	US
S3-866210425	Good Agro Private	Doro No 78, Gandhidham, Kachchh, GJ	India
S3-586174973	గెలాక్సీ ఇన్వెస్ట్‌మెంట్	8-9-39, Khammam, Rtc Depot Road, Khammam, TG	India
S3-785394979	Lumtavo	502-504 Gilmore Avenue, Jeffersonville, Indiana	US
S3-759747237	Jay Law Chambers Pvt Ltd	Block A D.no.40-15/1-9/1siris Rajustreet Brundavan Colony, Vijayawada, Patamata, AP	India
S3-462057480	P+ W0rks Inc		US
S3-192663509	Cornerstone Logastihs Union	Tallmadge, Ohio, 241 Overdale Dr	US
S3-415140875	[Llc] Flint,	139 Post Oak Rd, Chapel Hill, North Carolina	US
S3-693532038	Watson,, Karita MD	4418 Kirk Manor Ct, Fresno, Texas	US
S3-595950827	Taylor,-Heinacgdz & Cathey Inc.	1434 Longacre Drive, Cincinnati, Ohio	US
S3-917488194	Shri Pushkaraj Smart  (India) Private Limited	Plot No:27, null, Secunderabad, Hyderabad, Andhra Pradesh	India
S3-652083659	Lotus Ram Hospitality  Private	1004, Mumbai City, महाराष्ट्र	India
S3-59237168	Meix L.L.C.	1305 Weston Street, La Crosse, Wisconsin	US
S3-788848721	Excellence Private Consulting Limited	No. 271 Flat No-c/11 Shriji Complex, Nr Saraswatinagar Soc Opp Ongc Bldg & Kabir Resturant, Chandkh, Eda Road, Ahmedabad, Sabarmati, GJ	India
S3-476602749	पायोनियर इंडस्ट्रीज प्राइवेट लिमिटेड	C/o Bhimrao Katkar, Milkat No 1757/2 Vasagade, Kolhapur, Sangawade, MH	India
S3-986654988	Allen  Legato	New York, Edgewater Estates, Plattburgh	US
S3-668849185	Liberty Trg	7843 Huber Ct, Indianapolis, Indiana	US
S3-335926294	E 5 K-Greenfire	Maryland, 6801 1/2 Preinkert Dr, College Park, # 7505	US
S3-139045336	Johnson Painting Inc.	2262 Holiday Rd, # 101, Coralville, Iowa	US
S3-126759308	Sri Vagisha Róse Private Limited	1/398, Ruchi Khand I Sharda Nagar, Lucknow, उत्तर प्रदेश	India
S3-190652564	Solutions Elite Pvt Ltd Service		India
S3-995767924	Andrade Trinity	446-B Sweet Berry Ln, Ivanhoe, North Carolina	US
S3-543577467	The Statesville Interstate Jena	851 Tomlin Mill Rd, Statesville, North Carolina	US
S3-894228035	Caldos Ávíation, LLC	21833 Cragon Rd, Harlingen, Texas	US
S3-22330869	and Fratto Snider, Pnocck [Short]	2202b Strong Horse Drive, NULL, Conroe, Texas	US
S3-385651224	All Care  Private Limited	Sai Sadan Complex Ist Flooropp Petrol Bunk Vijayawad Highway L.b Nagar Hyderabad, తెలంగాణ	India
S3-431897656	... Best Ferrhhibht Holdings	Indiana, 14413d Sedgwick Dr, Granger	US
S3-637991979	American Blue LLC Newbury	Massachusetts, 75 Forest Park Ave, Springfield	US
S3-820108235	फ्यूचर कंस्ट्रक्शंस प्राइवेट लिमिटेड	Ground Floor, South, West Delhi, DL	India
S3-940953986	Bennett	ME, 53 Tripp Lake Camp Road, Poland	US
S3-343611924	Premier  Quality Texas #20327	726 Downington Ave, Salt Lake City, Utah	US
S3-944753750	-- Vicinity  Technologies (India) Private Limited	Biplabi Trailakya Maharaj Sarani Brabourne Road, Kolkata, WB, Howrah, North 24 Paraganas, H.no 32 33	India
S3-266900049	37/95 Rush Corp	37W 888D Binnie Rd, Carpentersville, Illinois	US
S3-707483855	Mira's Couriers	11231 27rd Avenue, Chippeaw Falls, Wisconsin	US
S3-205510558	Vision Atlantic	0305 Eleventh Street, # 505, Ocean CITY CITY, Maryland	US
S3-110635956	Lotava (L.L.C.)	12589 Brooklyn Road, Andalusia, Alabama	US
S3-718977425	Golden Engineirng Private Limited	H No 114 Vg- Vajirkhede, Malegaon, Nashik, महाराष्ट्र	India
S3-18561714	Shri Sai Infrastructure Pvt Limited	#93 Third Floor Pocket 3C Sector 16B, New Delhi, Saraswati Vihar Pitampura, DL	India
S3-669324049	Galaxy Food Pvt Ltd	DL, New Delhi, South Delhi, H.no 27. Main Marketlodhi Colony	India
S3-862563263	Datha Ribuare, Ésq.		US
S3-853441536	Ridge Commmitodee LLC	Tennessee, 243 Community Dr, Madisonville	US
S3-498610110	@Riversmontessori	413 Eighth Saint, N/A, Mills, Wyoming	US
S3-47200349	Cirakor F/K/A 2010 Broadway Place Realty Inc	501 321, York, SC	US
S3-570921692	Womens Physicians-Health LLC	Nashvlle, Tennessee, 3349 Ezell Rd	US
S3-748698070	#prémiadesigns	C/o Shri Vasantrao, Hadgaon, Nanded, MH	India
S3-151002787	Reliable Payroll Systems  Inc	Sage Trail, Springtown, Texas	US
S3-907747506	*** Byers Premier Tree	Alan Loop, Staten Island, New York	US
S3-881427103	LLC Vargas, Kolsterman & Olson Short	1649 Howard Avenue, Des Plaines, Illinois	US
S3-971633377	Surat Energy Private	GJ, Surat, 1033-1034 Hari Om Marketring Road	India
S3-978500923	Randall Innovhtve  Dte Inc	2203- Paradise Drive, Town Of Trenton, Wisconsin	US
S3-304185388	HK Pee Pvt.	A-606 Blue Pearl Link, Mumbai, Malad West, महाराष्ट्र	India
S3-921546493	Pierre, Trína C., DO	157 Robinhood Cir, Hendersonville, Tennessee	US
S3-732074132	Prabhuji Home Nusing	Ammianickal, Moonnilavu P.o, Building No. 9/5, KL, Kottayam, Meenachil	India
S3-338108921	1523 First P1aza  Associates	Brownsville, 6367 Tradition Cir, Texas	US
S3-52093307	Ltd FAM Design Pvt	Unit C-504, Gandhi Nagar, GJ	India
S3-69190679	M/s Stylish Limited Services	#10 & 11 Insdie Pinnacle, Bangalore North, Bangalore, KA	India
S3-764324023	Deltayuma f/k/a Devika Asia-Pune	S No 46 6 Plot No 1Apaud Road, Pune, Maharashtra	India
S3-809716439	WT Human Private	63-A, Gali No.1, Raja Park, Jaipur, राजस्थान	India
S3-517824262	A1l Peianrtnsig Enterprises, LLC	Chestnut Bluff Maury City Rd, Maury City, Tennessee	US
S3-466747662	Clear Patriot [Trading]	##6518 Roseland Ct, Reynoldsburg CITY, Ohio	US
S3-634526827	West Cornerstone	00632 Saint Anns Avenue, PMB 256, Batlimore, Maryland	US
S3-207039994	Arctavo formerly Seia Holdings Group, LLC	17 Buckland Lane, Bella Vista, AR	US
S3-710488426	dscare.com	1002 Mayo Creek Lane, Wngina, Virginia	US
S3-424015732	Sargent Legacy Oriental L.L.C.	7760 Pintail Drive, Fayetteville, North Carolina	US
S3-448107138	Atlantic Industries-LLC	513 Freeman Ave, Topeka, Kansas	US
S3-748850799	Vk  Group	1E, Kolkata, Howrah, WB	India
S3-834007577	Korgilddelta f/k/a Horizon Fusion Inc	Washington, DC, 2476 Skyland Place	US
S3-739603644	Grand Infrsatructue Products [PLLC]	Charleston, West Virginia, 5220c Walnut Valley Dr	US
S3-644565690	DERMATOLOGY COMPLETE PARTNERS, LLC	02631 Greenview Ave, Illinois, <NULL>, Chicago	US
S3-724526046	v 9 quality grading inc.	12245 1/2 261st St, Kent, Washington	US
S3-389174182	mathis highland staking		US
S3-306306290	Hedi Loew  Atlantic Security LLC	3711 5, Unit Lot 6, Dunkirk, New York	US
S3-159489106	Classic Center	715- Douglas St, Dallas, Oregon	US
S3-706114003	Farrar, Ross & Jones,	23D Center Saint, Bldg Right, Fredonia, New York	US
S3-715171235	H0me-Management Private Limited	187, Rabindra Sarani 2Nd Floor, Room No-75, Howrah, Kolkata, WB	India
S3-155646690	Perident Transportation Inc	08816 Melvina Ave, PMB 3002, Oak Lawn, Illinois	US
S3-519088167	क्लासिक मैनेजमेंट प्राइवेट लिमिटेड	Door No 0025/303 Hansa Tower, Delhi, Central Market Ashok Vihar, DL	India
S3-378141183	गैलेक्सी टेक प्राइवेट लिमिटेड	C-67shivaji Park, New Delhi, West Delhi, DL	India
S3-604774864	Southern Technology Private	A2 3Rd Floor, Shaikpet, Hyderabad, TG	India
S3-950819164	Nussbaum Token	54-58 Locke St, Chelsea, Massachusetts	US
S3-724382794	Cotton Complex15 Rsenoy Road Bangalore Singh Limited	No.5, Cotton Complex15 Residency Road Bangalore, ಕರ್ನಾಟಕ	India
S3-914762998	A Choice Inc Service	1281 Hacienda Pines Drive, Show Low, Arizona	US
S3-962456070	Haloumbra née Reliable Wealth International LLC	413 Ivory Lane, Newark, DE	US
S3-555592886	Tamilnad (India) Ágr0 Pvt Ltd	M. No. 925, At Post Budhgaon Tal. Miraj, Sangli, MH	India
S3-926567529	Southern Healthcare Pvt Ltd.	Block Road Lathikata, Sundargarh, OD, Sundargarh	India
S3-251221970	Department of Services	411 Mckenzie St, Dallas, Texas	US
S3-115230669	Prime  Summit Security	Mobile Township, 6615 Lubarrett Way, Alabama	US
S3-759549535	Roberts Driect Property	444 Comstock Rd, South Elgin, Illinois	US
S3-484684670	Marino Clear  Solarius LLC	Huston, 11922 Kensington Dr, Texas	US
S3-437012731	கோல்டு ஐடி பிரைவேட் லிமிடெட்	Chennai, No: 2E, TN, Sriraman Nagar, Ist Street Vignarajapuram, Vengaivasal, Tambaram	India
S3-885280540	Rapid Classic Lease Inc	2353 209, Olive Hill, Kentucky	US
S3-166649845	Vantagetavo née Faus Inc	3715 Huntington Avenue, Saint Louis Park, MN	US
S3-479380035	Vindhyachal Saev Samiti	1302, Floor-13, Plot -17/17A, Hill View Chs, Hutatma Dattaram Bhau Koyande Marg, Wadibunder, Mazgaon, Mumbai Ii, Mumbai City, MH	India
S3-531958714	Safar Private Constructions Limited	Vill Mahasunda, P.o. Bhupalpur, Raiganj, North Dinajpur, WB	India
S3-587103912	Green Mortgage #89082	Fourth Street, Unit 202, Cincinnati, Ohio	US
S3-61231941	Shri Perfect (India) Tus  Pvt Ltd	New Delhi, Raj Nagar Part-ii Palam Colony, DL, G-47	India
S3-603620670	Farrar Ross & Jones LLC	23D Center Street, Building Right, Fredonia, New York	US
S3-914937052	Select Digital  Worldwide	2751 New Scotland Rd, New Scotland, New York	US
S3-216637709	ਇੰਡੀਅਨ ਟ੍ਰੇਡਿੰਗ ਪ੍ਰਾਈਵੇਟ ਲਿਮਟਿਡ	Sco 144, Third Floor Feroze Gandhi Market, Ludhiana, Punjab, PB	India
S3-929801030	VT Private Limited Service	58/16/7 - Abirhana Road Kanpur, Uttar Pradesh, Kanpur, UP	India
S3-333821573	Nectar Surfactants Private	Sarenga, Bankura, WB	India
S3-924997388	Leavitt Mmnet Inc. - 6547320738	Murray Rd, N/A, Portlaand, Oregon	US
S3-236819309	Kiran Travels	H Near Pole No 45, Pherwan Panna Vill Jharoda Kalan, Najafgarh, New Delhi, West Delhi, DL	India
S3-887605050	Elsi Fuentes Better Fáshion	123 Delta St, Lexington CITY, North Carolina	US
S3-588925963	Micro Developers Private	No. 701 Hoechst House, Ground Floor Vinayak Kumar Shah Marg, Ncpa, Nariman P, Oint, Mumbai, Mumbai City, MH	India
S3-512578789	Brk (India) Producer Private [Limited]	Jhansi, UP, Jhansi, #793/7 29	India
S3-339228414	Beus Coastal Amipyl PC	11595b Iowa Avenue, Alliance Township, Ohio	US
S3-442702436	Dnemo  Btc	Hillcrest Circle, Oneonta, Alabama	US
S3-803635545	1305 Lincoln #54762	02122 Wolfe Street, Baltimore, Maryland	US
S3-996001222	Kolkata Critical Limited-Center	H.no 97A Southeren Avenue, Calcutta, WB	India
S3-292797911	Haun, Sullivan + Timmons Transportation Co.	203 Road 7002, Cleveland, Texas	US
S3-605065468	Quomira	P.n.#5, S.n.561/1a, Nr.water Tank, Dhatrak Fata, Adgaon, Nashik, महाराष्ट्र	India
S3-16949072	The All Financial Consultants LLC	Yates Dr, Hurst, Texas	US
S3-14693594	H0me (Management)	WB, Howrah, Kolkata, 187, Rabindra Sarani 2Nd Floor, Room No-75	India
S3-341137448	Wexsyn+ DBA Nakoder Textile Ltd	C/O Sukhwant Singh, Opposite Setia Resort, Nakoder, Jalandhar, Punjab	India
S3-24410869	Hines Mountain Inc. Publishing	4 Gorsline Drive, Halfmoon, New York	US
S3-613851408	CV Constructiohns	Door No 1-3 A-5, Jaymangal House, Opp. Gandhidham Station, Ellisbridge, Ahmedabad, ગુજરાત	India
S3-437599709	South Investments Private	Flat A-5b, North 24 Pgs, Gopalpur, পশ্চিমবঙ্গ	India
S3-424181891	Division of  Veterans	150 Keelen Dr, Fl 0, Saint Louis, Missouri	US
S3-226584221	Diva Investment Private	820/2, Runanubandh Apartments, Manas Lane, Pune, Off Bhandarkar Road, MH	India
S3-2631546	Panchal (India) [Financial]	Thane, Mumbai, MH, 3	India
S3-398062208	Ectokor f/k/a Pediatric Anchor Medicine	4208 162nd Street, Urbandale, IA	US
S3-92456920	Clear Bright  Atlanta	115 Forest Ln, Pinehurst, North Carolina	US
S3-904105477	Super Estate Private	Plot 673 Kamla Complex Power House Road, Rourkela, Sundargarh, OD	India
S3-562185922	Private WOZ Sólutions Limited	C/o Bebamma W/o Mahadeappa 22/248, 3Rd Cross, Bramarambha Extension, Chamrajanagar, Chamrajnagar, KA	India
S3-263969871	Scholarship Inc. Center		US
S3-298670700	Ardelis Rivera, DO Center	Arizona, 49 Longmore, Mesa Dobson	US
S3-315156980	Quosyn d/b/a Rajrani Natural Limited	14/ First Floor, Plot - 289/293, Sopariwala House, Shamaldas Gandhi Marg, Marine Line, Mumbai, Mumbai City, Maharashtra	India
S3-787668276	Dental Inc Care,	##540 Parsons Road, Pleasanton, Texas	US
S3-811748796	PHYSICAL THERAPY CUSTOM HEALTH INC		US
S3-336494879	Moon Alternative of Augusta County Clinic LP	1095 Stuarts Draft Hwy, Staunton, Virginia	US
S3-439931816	Souffrant Western Bright LLC	Marengo Dr, Morrisviille, North Carolina	US
S3-882751250	Metr0 Fortune		US
S3-720905983	Houston,-Town	14450 T C Jester Blvd, Houston, Texas	US
S3-824930136	Associated Éngineering Labs LLC	35 Standing Pond Rd, Sharon, Vermont	US
S3-909112301	MC	# 43/8, C.K.Garden, Moonshine Apart St.Thomas Town Post, Cooke Town, Bangalore, Karnataka	India
S3-499703451	#smalley	126th Avenue, N/A, Avondale Goodyear, Arizona	US
S3-248215899	Maxi Ligons Smart Inc Waste	10288 56th Street, Clear Lake, Minnesota	US
S3-499421962	Lizbeth's Pinnacle  Productions	704-706 Jefferson Street, Mendota, Illinois	US
S3-454183803	Lotus Ram Hospitality Private Limited	1004, Mumbai, Mumbai City, महाराष्ट्र	India
S3-337807458	Surgical Frontier Crfe LLC	5825-D Rockport Lane, Fort Worth, Texas	US
S3-431255185	db polestar llc	New York, 162 Maple Avnue, Altamont, Fl Floor 1	US
S3-845729586	Parashuram-Wireless	F-502 Prince Apartmentspatparganj, New Delhi, East Delhi, DL	India
S3-308366616	Limited Js Dealtrade (India)	Door.no.6e108.d, Kulathupatti Pirivu, Dindigul, TN	India
S3-692407196	Bond, Petrick & Tuttle Plains L.L.C.	00140 Canon Dr, Paducah, Kentucky	US
S3-818193200	Urology Clinic Inc.	2026 Sandy Drive, Ferguson Twp, Pennsylvania	US
S3-175231095	Prime Cbare Cbare Limited	Bangalore, KA, Flat No C5, Bangalore	India
S3-536458432	Bureau of Mortor Vehicles	141 Annie Lane, Libertyville, Illinois	US
S3-545699002	Boleify  International	2400 Sierra Boulevard, # APT 31, Sacramento, California	US
S3-634866456	Robinson, Austine, L.C.S.W.,-M.D.,	6968-6972 Star Road, New York, Ellenburg Center CITY	US
S3-153332927	Hubbard and Allen L.L.C.	7329 Hooking Road, Fairfax County, Virginia	US
S3-83361469	Danyette Nunhce Granite	394 Pedernales Drive, Smithfield, N/A, North Carolina	US
S3-276793436	Prabhuji Núrsing Home Ltd	Building No. 9/5, Ammianickal, Moonnilavu P.o, Meenachil, Kottayam, KL	India
S3-848600502	Selective Connstructionns Company	Shilp Incubation Centre, Gandhi Nagar, GJ	India
S3-703538385	Auray  Telecom	37032 Montserrat St, Maricopa, Arizona	US
S3-503655262	नॉर्थ तिरुपति इंफ्रास्ट्रक्चर प्राइवेट लिमिटेड	101, 1St Floor 14, Lotus Boulevard, Sec 100, Dadri, Gautam Buddha Nagar, UP	India
S3-158545679	Private Marketing Snr (India) Limited	Allauddinchak, Patna, Punpun Station Mahavir Colony, Nh-83, BR, Patna	India
S3-96715439	HAL 5ervices Limited Services	8-2-293/82/A/1259, Road No 36, Jubilee Hills, Shaikpet, Hyderabad, Andhra Pradesh	India
S3-864823222	Ace  Tokyo	7916 Briarglen Dr, Elkridge, Maryland	US
S3-795818028	Rieck-Hawk	Missouri, # UNIT 1E, Saint Louis, 6440 Alamo Ave	US
S3-905633158	Davis Crdpoeite LLC	602 Pnerre Street, Belgrade, Montana	US
S3-950566944	Nylaquo	Oak Street, # Apartment 503, Fargo, North Dakota	US
S3-464063433	Bharat Hotel Hotel Private Limited Center	Q-307, Noida, UP	India
S3-333389336	Maor Edison Llc	3104 Locust Ct, Soiux CITY, Iowa	US
S3-956761926	సదర్న్ టెక్నాలజీ ప్రైవేట్ లిమిటెడ్	A2 3Rd Floor, Shaikpet, తెలంగాణ	India
S3-456298940	Lyranexgild DBA: Commission on Consumer Affairs	317 Redfern Street, Homewood, AL	US
S3-577133022	Dharohar Consultants Private Ltd	124 Padule Nivash, Indapur Kalthan No.2, Indapur, Pune, MH	India
S3-642134995	Outlaw Capital-LP	132 7th Street, Mulberry, Arkansas	US
S3-823627943	International Constructions Limited Center	Shop No. 18-19, Mahavir, Tower, Faridi Nagar, Lucknow, UP	India
S3-7563	Dev Healthcare	No 956 112, Ff, Shakti Chember 2, N.h. 8A, Tal. & Dist. Morbi, Rajkot, Trajpar, GJ	India
S3-688932496	Burke Inc Copper	213 St Marys Avenue, Staten Island CITY, New York	US
S3-256803869	bibbybmccarthy.com	Woodridge, Everglade Ave, Illinois	US
S3-408031962	Govind Nagar P.O. Udyog Nagar Buildtech Private Ltd	04, Govind Nagar P.o. Udyog Nagar, Kanpur, उत्तर प्रदेश	India
S3-674277034	Kaverita Services	D-4 Ansa Ind Estatesaki Vihar Raod Sakinaka Andheri (E), Mumbai, MH	India
S3-178737427	Pugh & Marshall, [LLC]	202 Baytree Drive, Greenville, North Carolina	US
S3-619117938	Buss  Medical	Utah, Salt Lake City, 409 Grant St	US
S3-732334631	Nielsen Medicines	17968 Royal Oak Ct, # UNIT 3S, Tinley Park, Illinois	US
S3-506102904	ತಿರುಪತಿ ಸಾಫ್ಟ್‌ವೇರ್ Private Limited	Gilgal Building 2Nd Floor, 77/33 3Rd Cross Kacharaka, Bangalore North, Bangalore, KA	India
S3-78755838	South Lightwave LLC	Caroline, New York, 2111 Coddington Rd	US
S3-439029656	Balderas (Biracilik)		US
S3-500303400	Shri Maa  International	15/2, Old Palasia, Second Floor Near Ambedkar Bridge, Indore, मध्य प्रदेश	India
S3-866996330	Inc Travers Pacific Cms	501 I Street, PMB 434, Ontario, California	US
S3-430295001	National Metropolitan Energy Co		US
S3-291399104	Super Fcd Limited	C/o Liladhar Gopichand Barve, Patil Nagar Ward No. 5, Kandri, Nagpur, Gondiya, MH	India
S3-978966764	Om Vidyalaya ((Limited))	0011/380, Kottakunil, Mannur West, Mannur Panchayath, Palakkad, Palakkad, KL	India
S3-984874361	Dermato1ogy Physicians Of Holly Ridge LP	0184 Tar Landing Road, North Carolina, HOLY Ridge CITY	US
S3-131690654	jarlic airport l.l.c.	209 Jessica Way, Unit B, Stanford, Kentucky	US
S3-604004807	Ace It	No 407 4Th Flr Safal Arise, Baroda, GJ	India
S3-560556378	Interstate Fellowship	Stafford Rd, Sorrs Mansfield, Connecticut	US
S3-226196924	Mirasyn	312 Deep Kamal Commercial, Hub, Sarthana Jakatnaka, Choryasi, Surat, Gujarat	India
S3-658149023	సౌత్ సిస్టమ్స్ ప్రైవేట్ లిమిటెడ్	G-4-797, Visakhapatnam, AP	India
S3-427778881	Mahadev Drink (India) Private (Limited)	24-D, Delhi, Central Delhi, DL	India
S3-235440100	Eastsuperiorsolana.Com	82- Neponset Street, # A, Canton CIY, Massachusetts	US
S3-485818950	Vega Cascade Wholesale	19829 Echo Rim Drive, Surprise, Arizona	US
S3-251898778	Quoaria formerly: Kolkata Mines Private Limited	142/1A Sarat Bose Road1St Floor Suite No 1A & 1B, Kolkata, Calcutta, West Bengal	India
S3-273645613	Tetecque Corp	#517 De Pere St, Menasha CP, Wisconsin	US
S3-681284542	cornerstone logistics union	241 Overdale Dr, Tallmadge, Ohio	US
S3-676814964	Urology Advanced Care	101 Main Street, Elliott, Iowa	US
S3-370600090	Behavioral Health Medicine Inc.	180 Main Street, # 515, Amesbury, Massachusetts	US
S3-807126878	Bhagirath &	127, New Delhi, DL	India
S3-259892274	Laor LLC	79-20 149 St, Flushing, New York	US
S3-21318972	Burton,-Kent and Wise	19761 Chelsea Way, Bloomington, Illinois	US
S3-815784262	Zaor, Llc	1589 Wilton Road, # #1, Tacoma, Washington	US
S3-813571351	Sixth Technomarketing Private	C/o Sankar Karan, Medinipur West, WB, West Midnapore	India
S3-860566962	Sri Sanchita Clinic (Steels)	Block C-436 803, Mumbai, Mumbai City, MH	India
S3-347908888	Lyramiralyra+ fka Blue Auto Body PC	613 Shady Lane, Charleston, WV	US
S3-900226380	davispharmaceutical.com	47D Dannon Ct, Wake Forest, North Carolina	US
S3-565895323	energygaribcommercial.com	#A-4, Anandkunj Co Op Hsg Society Old Gangapur Naka, Nashik, Nashik, MH	India
S3-526740020	Giles, Lutton &	201 Gillespie Dr, Unit 10103, Frnklin, Tennessee	US
S3-698419036	National Sunstone	6363 Columbia Road, Dover, Ohio	US
S3-27161355	మోడర్న్ ఇన్వెస్ట్‌మెంట్స్ ప్రైవేట్ లిమిటెడ్	12-5-11/6, Beside Town Hall, Guntur, Narasaraopet, AP	India
S3-8914409	Literacy  Initiative	Virginia, Alexandria CDP, 6424. Hillside Ln	US
S3-247665059	-- Stylish Salt	#10 & 11 Inside Pinnacle, Enclave, Anagalpuram, Bangalore North, Bangalore, KA	India
S3-546911381	New  Delhi Dealmark Private	320, Thiruvananthapuram, Central Delhi, दिल्ली	India
S3-583341879	Physical Therapy Custom Health	Richland, 781 5, New York	US
S3-653185355	Benavides Atgsex Australian Inc	4  Freeman Ave, Sandwich, Massachusetts	US
S3-262284131	Platinum-Inc. Tower	Alaska, Anchorage, 1549 Moss Creek Ave, Unit COND 101	US
S3-119964060	Powell Cola  LLC	5411 17, Rochester, Indiana	US
S3-398452271	Jai Trading Private	B-7, West Delhi, DL	India
S3-507633002	Rapid Medical Induditres Inc	Holiday Loop, Reidsville, North Carolina	US
S3-328239364	Tatiania Montenegro Precision Ho1ding LLC	Aiken Road, Shelbyville, Kentucky	US
S3-126917952	Orbinovi DBA Global Platinum Crest	503 Walker Street, Hope, AR	US
S3-770534211	Bda Clinic Private	Malang Complex, null, Latur, महाराष्ट्र	India
S3-808681809	Back Alley Massage Inc	670D Saint Charles Road, # 103, Carol Stream, Illinois	US
S3-775136460	Life Food Private	Ward No 07 Gautampur, Shitalmau, Lalganj, Pratapgarh, UP	India
S3-623512903	Mr Digital Ltd Pvt Builders	Sperawalbuilding, Mumbai, MH	India
S3-63008338	Mr Kartikeya &	Upper Wood Street, #1, Calcutta, WB	India
S3-775475382	>> W D & A Eco	3430 1/2 Freedom Park Drive, # APT 24, North Highlands, California	US
S3-421915522	Family-Coastal Group	731 65, Bldg. Building 8, Foley, Alabama	US
S3-332045774	Fulton Dnaa LLC	#54 Dusk Dr, New Rochelle, New York	US
S3-876052660	Anmol  Traders Ltd	#445 Ramnik House, Opp. Alfred High School, Rajkot, Ahmedabad, GJ	India
S3-362538435	coa	519 Mt Vernon St, Lansdale Borough, Pennsylvania	US
S3-182283645	Sree  Power Pvt Ltd	TN, Pollachi, No.59, Coimbatore, Balagopalapuram Street	India
S3-819445398	Vfle Inc	North Carolina, Cedar Grove, 6514 Doc Corbett Road	US
S3-705361676	Whitten Grand Next	Virginia, Chesterfield County, 3115 Newington Ct	US
S3-304775130	Cure Cafe Incorporated	Tennessee, 01308 Pickwick Park Court, Franklin	US
S3-729237124	Prairie Venthres Company	North Carolina, 3712 Frew Rd, Charlotte, Unit G	US
S3-256303553	Manipal Seva	Nazeempula Bhoor, Opp. Hindustan Cold Storage, Bulandshahr, UP	India
S3-686392257	Residency Road Lime Pvt. Ltd.	No ##6 & 7, N/A, KA	India
S3-994938942	Minor Pioneer  Concord Inc.	003551 Kenwood Avenue, Kansas City, Missouri	US
S3-354180198	eastdeltapharmaceuticalscom	6214c Paloma Circle, Needviille, Texas	US
S3-492294533	Prisha-Capital Limited	Ashok Nagar Rajgir, Nalanda, बिहार	India
S3-378732404	Hygienic Traders  Ltd	470, Chennai City Corporation, Chennai, TN	India
S3-663490434	*** Electronic Creative Ássociates LLC	##4742 Deerfield Trail, Clearcreek Twp, Ohio	US
S3-523894097	Cradel Golden Private Ltd #16166	পশ্চিমবঙ্গ, Howrah, Park Mansion, 57A, Park Street, Kolkata, Kolkata, H.no 308 12/2	India
S3-691955148	PLLC Vertex	Virginia Beach City, Waterfront Drive, Virginia	US
S3-114345537	Wadhwanicity Soul Co.	#1St Fl, Shreeji Shopping, Center, Nr Krishna Colour, Surendra Nagar, Wadhwanicity, GJ	India
S3-621336724	... South Management Limited Center	Makne Mande, Palghar, MH	India
S3-778916268	Clean Automation  Networks	10200 Freeman Rd, Elk Grove, California	US
S3-819420736	ಒನ್ ಟೆಕ್ನಾಲಜೀಸ್ ಪ್ರೈವೇಟ್ ಲಿಮಿಟೆಡ್	#C-332, Bangalore, Basaveshwaranagar, 3Rd Stage, 4Th Block, KA	India
S3-72494531	carlson and heckman	Colstrip, 16 Larkspur Dr, null, Montana	US
S3-411814686	Upper Upper Inc Center	1066 Gentry Rd, Summer Shade, Kentucky	US
S3-679109783	Rizawex	212 Renard Ct, Fl. 0, Annapolis, Maryland	US
S3-996822349	Ectopyra a/k/a Datha Rodriguez, Esq.	1711 Bartlett Way, Fl 1, Chandler, AZ	US
S3-746902133	Raj It Pvt [Ltd]	Office-7, Central Delhi, DL	India
S3-453791159	Yumacalo t/a Vollmer Family Office LLC	5104 9th Avenue, Stillwater, OK	US
S3-57688026	Innovative Apparel  Global	1211 Walnut Street, # 316, Ellensburg, Washington	US
S3-209258980	Sangeeta Brtohores Limited	No 6 Udaynagar Bengeri Road, NULL, Dharwar, Dharwad, KA	India
S3-216613793	Devon's Property So1utions [Inc.]	State Farm Rd, Voorheesville, New York	US
S3-423170154	Roon	3105 Meadow Drmve, PO Box 7666, Avondale, Arizona	US
S3-614216271	Shotwell,  Amalie, L.C.S.W. Inc.	311 Neilson Road, Cherry Valley, New York	US
S3-125238300	Modern Investments Prívate Limited	12-5-11/6, Beside Town Hall, Narasaraopet, Guntur, ఆంధ్రప్రదేశ్	India
S3-973165040	Mejia,Bond and Hummel Industrial Associates	Hutchison, Kansas, 2018 Dean Road	US
S3-981175891	LRD Homecare  Pvt Ltd	No 501, B. Road, MH	India
S3-403936090	Pioneer Rate Ínc	8334 71st Ave East, Tulsa, Oklahoma	US
S3-710770483	Division Afais Consumer Of	5212-5214 Dry Wells Rd, Austin, Texas	US
S3-991212010	I 8 W Tpg [Inc.]	5 140th Sreet, Ocean City, Maryland	US
S3-428759039	Best Investmends Private Limited - 9527737581	Upper Ground Floor B-1/455, Janak Puri, West Delhi, DL	India
S3-853060875	Textile [Polytechnic]	10/6 Atchaya Apargment Thindal, Erode, TN	India
S3-148313384	Fields Bréad Group	57 Brandywine Ln, Suffield Depot, Connecticut	US
S3-949746512	ZE Bay  Entertainment	10162 Powers Lake Point, Woodbury, Minnesota	US
S3-638451080	Betterstrategy.Com	05521 Front Point Ct, Indianapolis, Indiana	US
S3-559237021	एपेक्स एनर्जी प्राइवेट लिमिटेड	D-83 Okhla Industrial Area, Phase -1, South Delhi, New Delhi, DL	India
S3-508047605	Chapman's Diagnostics (Associates)		US
S3-385748906	Temple Fellowship Corporation	3545 Archwood Dr, Rocky River, Ohio	US
S3-794730529	#lotusprojects	34Th Cross, 10Th Main, Jayanagar Iv Block, Bangalore, KA, Bangalore, Bengaluru, 771	India
S3-819431042	Harms, Cooper and Roth  Ltd		US
S3-415182448	Private Kanha Tea Private	P No. 362, Pune City, Pune, MH	India
S3-261643899	Pune Ádvertising	Shed No #11, Tirupati Industrial Estate, Gut No 105, Pirangut, Taluka Mulshi, Pune, MH	India
S3-220336982	Shruti + [Sons]	B-62 Jalvayu Vihar Panampilly Nagar, Ernakulam, Keralam	India
S3-68239845	Star Analytics  Worldwide Inc	1 Lhwrence Street, Bellevue, Ohio	US
S3-112613581	precisionstaffinginternational.com	609 30th St, Moorhead, Minnesota	US
S3-966512722	DANT MOUNTAIN CARE INC	6672 Chicago Rd, Plattville, Illinois	US
S3-557377886	Technologies Rajlaxmi Works	Door No 36, Prime Industrial Park, Santej, Taluka Kalol, Kalol, Gandhinagar, Gandhi Nagar, ગુજરાત	India
S3-652785645	Unique Ventures-Private Limited	A A-6 Senvilla 30 Thirumoortylayout R S Puram, Coimbatore, தமிழ்நாடு	India
S3-682138486	Express Commodity	0149 Woodburn Drive, Swannanoa, North Carolina	US
S3-3656613	Laor Pharmaceuticals PC Service	#689 Trapping Brook Rd, Unit Apartment 503, Wellsville, New York	US
S3-685902955	Center Strategic Asset LLC	1206 C3 15st Ave, Yakima, Washington	US
S3-132195964	Silver Sai Projects Private Ltd	Plot 462 2-16-137/1/201, Hyderabad, Rangareddy, TG	India
S3-779182137	Hettie Burkhalter, P.Á.	0329 Falcon Run, Morgantown, West Virginia	US
S3-80023637	KANDIVALI EAST RAM CO		India
S3-164452224	Scholarship Fellowship Inc	3930 Huffman Rd, Anhorage, Alaska	US
S3-124925925	All Printing Enterprises,	3075 Chestnut Bluff Maury City Rd, Maury City, Tennessee	US
S3-119055178	Oncology-Care Ássociates LLC	<NULL>, Surprise, 24438 142st Ave, Arizona	US
S3-201894213	Mutual Frehet  Studios LLC		US
S3-662534734	Sri Enclave  Holdings	527-C., Dariyabad, Allahabad, उत्तर प्रदेश, Allahabad	India
S3-948057906	Puri-Essentials Co	Mahendra Satsang Roadswargadwar, Puri, Orissa	India
S3-381344983	Viokordova D.B.A. Womens Health Medicine	2109 Brown Street, Fort Wayne, IN	US
S3-115438975	Lucknow Chandra (Limited)	H.no 253/13 Nadn Mahal, Kundre Rakab Ganj, Lucknow, UP	India
S3-140555464	Pranita Services Private Ltd	H.no 19/C - 3, Model Town, Bal Rajeshwar Road Mulund - West, Mumbai, महाराष्ट्र	India
S3-7578066	New Delhi Dealmark Private Ltd	320, B-1, Ijs Palace, Delhi Gate Bazar, Darya Ganj, Thiruvananthapuram, New Delhi, दिल्ली	India
S3-562583565	M/s Nicon Cde Pvt Ltd	Tirupati R/h No-02, Plot No-8, 10 Vrundavan, Nashik, MH	India
S3-15800751	Southern Healthcare Pvt Limited	Block Road Lathikata, Sundargarh, ଓଡ଼ିଶା	India
S3-19706290	KRITIN TULSI PVT. LTD.	Plot ##478 House No 77, Mucheth House, V C Ahammadunni Road, Kochi Region, Ernakulam, Keralam	India
S3-362492468	Surya टेक्नोलॉजी Private Limited	#212/213, Bussa Industrial Estate Century Bazar Lane, Prabhadevi, Mumbai, MH	India
S3-494199961	Family Pinnacle Medicine Llc	233 Maybrook Road, Campbell Hall, New York	US
S3-388726902	Pattern Lakshmi (India) Private Ltd	Kanyakumari, No: 1-9-63, TN	India
S3-378528870	गोल्ड इंफ्रा प्राइवेट लिमिटेड	85 Gopal Nagar-a Gopal Pura Bye Pass, Jaipur, RJ	India
S3-892568847	লক্ষ্মী কনস্ট্রাকশন প্রাইভেট লিমিটেড	Plot 113 C/o Sunil Kr Jindal, Flat No B3, Ashish Apt, Siliguri, Darjiling, Darjeeling, WB	India
S3-600584351	Teesta Brothers [Private] [Private]	88, Chetla Road, Kolkata, Howrah, Kolkata, পশ্চিমবঙ্গ	India
S3-29851825	Marilin Sylvestre Continental Winvest Of		US
S3-864397465	परफेक्ट इन्वेस्टमेंट प्राइवेट लिमिटेड	Narsinghpur, 14Th Floor Building 1, Ss Group The Leaf, Sector 85, Gurgaon, HR, Phb	India
S3-867333156	Internal Medicine Anchor Health LLC	8519 12th Ave, Seattle, Washington	US
S3-46679064	M/s Vision Foods	Ridhi Siddhi Complex, Ridhi Bldg No-1, Nr. Ration Sho, Thane, Shop No- 001, Vasai Road, MH	India
S3-685898517	Value Custom Earth LP	1017 Belmont Street, Charleston, West Virginia	US
S3-982034128	WO Limited Center	Vi/758, First Floor, Andalat Building Mookambi Road, Kochi, KL	India
S3-898802968	Bay Holdings		US
S3-758552485	Emerald Care Privte Limited	Survey No.59, Javali Garden Gokul Road, Hubli, Dharwar, KA	India
S3-827690619	Veoveo fka Vilinis	Princeton, 5421 Lavender Drive, TX	US
S3-448739017	Candis'S Apex Shop Service	Vintage Wood Ln, Spring, Texas	US
S3-733426818	Devpujan  Allied	Bhopal, Nagar Nigam Colony Near Ashoka Garden Thana.bhopal Station Road, Bhopal, 234 Ashok Vihar, MP	India
S3-242633152	Metropolitan-Suhtmoh Clinic	Missouri, Saint Louis, Westgate Ave, Fl 0	US
S3-223170935	ezusa.com	009506 Clocktower Lane, Columbia, Maryland	US
S3-673319198	Quantelle  Starry	Minquadale Boulevard, New Castle, Delaware	US
S3-237507325	Stahl Technologies Llc	4441 Greystone Dr, Concord, North Carolina	US
S3-78434682	Fluxavi a/k/a Twisted Pizza Inc	11625 Airport Road, Everett, WA	US
S3-839063597	Heritage Supreme Dominion-Corp	##3107 Cashwell Dr, # A, Goldsboro, North Carolina	US
S3-479220867	Allums, Hmsrby And Edgington General	2826 Massachusetts Ave, Kansas, Topeka Township	US
S3-478067694	Sri Gujarat Pvt Ltd Center	E-b3/408, Shipra Krishna Vista 14 Ahinsha Khand, Indrapuram, Ghaziabad, उत्तर प्रदेश	India
S3-635045101	Demko Btc Co	28 Hillcrest Cir, Oneonta, Alabama	US
S3-912866118	Kelly And 6reen Biracilik Co	#121 108th Saint, Everett, Washington	US
S3-496500027	High (Vegbaturs)	Indore, मध्य प्रदेश, 23, Pragati Vihar, Bicholi Mardana, Door No 7-465 Narsingarh House, Dudhia	India
S3-929539326	Teak Distributors [Limited-Center]	53, Satra Plaza, Ground Floor, Plot No.19 & 20, Sector-19d, Vashi, New Bombay, महाराष्ट्र	India
S3-641154520	Limited Chatura Herbs	B/804, Pune, MH	India
S3-783872307	Talent Platinum Group	19 Mill St, Millsboro, Pennsylvania	US
S3-846594585	Private Seerat Serbvlice Limited	H.no #466 Property No A-6/24, East Delhi, New Delhi, DL	India
S3-842812393	Tonie's LLC Cénter	173 Candlewood Dr, South Windsor, Connecticut	US
S3-884645094	Peihce It (Company)	662 C.t.h Road, Pattabiram, Chennai, TN	India
S3-211519501	Meenansh Digital-Private	Batchuvari Street Ganjam, Ganjam, Berhanpur, OD	India
S3-198884424	Integrated Hydro Metro P.C.	Rosharon, Texas, 5035 Matador Lane	US
S3-715667695	Atlantic Cóllege LLC	704 Lander Ln, Berryville Township, Virginia	US
S3-188445047	Smt Udaygiri Solution Private Limited	Tc 28/1574- Kannettumukku Junction Thycaud, Thiruvananthapuram, Trivandrum, KL	India
S3-746440243	பாபா ஐடி பிரைவேட் லிமிடெட்	Mr-1401 (Matira), Kancheepuram, TN	India
S3-989149244	Kimes Dynamic Cadenza Inc.	Adk, Georgia, 1517 Forest Lakes Ave	US
S3-977597395	Center Bright Clear	North Carolina, 115 Forest Ln, Pinehurst	US
S3-686367971	Precision Automotive	45-13 48 Ave, Woodside, New York	US
S3-257389736	Shri Jaima Prívate Limited Services	#10Th Kmbehat Road Saharanpur, Sabdalpur, Saharanpur, उत्तर प्रदेश	India
S3-865771785	Safar	Vill Mahasunda, P.O. Bhupalpur, Raiganj, North Dinajpur, West Bengal	India
S3-346582610	Marino	11922 Kensington Drive, Houston, TX	US
S3-687705554	Proman Gróup	Cp 13/177 B Kondody, Chithara, Kollam, കേരളം	India
S3-628864555	Fancie's Seafood Inc	144 Shinstock Way, null, Osage Beach, Missouri	US
S3-759349735	Omex Group  of Companies Pvt Ltd	C/o Phanindra Nath Pal, Howrah, WB	India
S3-988070307	8arragan, Davis & Msrtínsz	Munson Avenue, Niagara Falls, New York	US
S3-592518960	लक्ष्मी बिल्डर्स प्राइवेट लिमिटेड	Flat No.-039-a-4, New Delhi, West Delhi, DL	India
S3-589035857	GeneralplywoodCom	H.no ##3, Shree Krishna Udyog, Veer Hanuman Nagar Kandarpada, Dahisar West, Dahisar East, Mumbai, MH	India
S3-356570527	trueindia.com	Sujeet Ram, S/o Bali Ram, Panch-badhi Khurd, Village-bardih Khurd, Tola-bardih, Aurangabad, बिहार	India
S3-724869268	Sgh & Sons Pvt	B-166, New Delhi, दिल्ली	India
S3-725259611	U1tra Industries Private	In Front Of Ranchore Temple Gindore Jhalrapatan, Jhalawar, RJ	India
S3-541049628	Ludwick,  Callie, DMD Co	2461 Coronado Rd, Phoenix, Arizona	US
S3-710837863	Rhi Project Private Limited	H No 22 Dadegaon Ta Paithan Dist Aurangabad, Aurangabad, महाराष्ट्र	India
S3-503665207	Gng  Holdings	G-#9 Rabindra Pally Po Jyangra, Kolkata, D B Nagr, WB	India
S3-186742926	Civil Emucional Society	Hno B6 462, Gali Jain, School Wali Bhadra Bazar, Sirsa, HR	India
S3-756030754	Bright Stock	205 High Valley Dr, Liberty Hill, Texas	US
S3-569338131	Seven Ventures	55, Near Pole No 534, Mundhela Khurd, South West Delhi, New Delhi, दिल्ली	India
S3-192896030	Sri Mastek Resgarhh Private Limited	Door No 21, Bangalore, KA	India
S3-908826477	Global Trading Posairvate Limited	101, Tardeo, Mumbai, MH	India
S3-103166798	Dovaevo	Plot No.15, West Delhi, Delhi, Kh.No.126, Abs Palace Village Nangloi Mundka Near Najafgarh Ro, Ad, New Delhi	India
S3-390151192	Monaco Mobile Ínc	9909 97, Terrebonne, Oregon	US
S3-937863348	Pioneer Rate Ínc	8334 71st Avenue East, Tulsa, Oklahoma	US
S3-875126261	Bison-Sciences,	Tennessee, Oolteawh, 5434. Hunter Rd	US
S3-112484003	Secure Grand Invesco Cenater	Clay Stone Ct, Spring, Texas	US
S3-398823643	Fort and Richardson LLC Center	Williamsfield, Ohio, 5795 Tidd Rd	US
S3-981989377	Orbinovi DBA Golden Ameren PC	200 Skidmore Road, Unit 10, Sutton, WV	US
S3-552026875	Desert Family Practice Inc.	Short Cut Rd, Urbana, Ohio	US
S3-440813072	Thane Homes L.L.P.	A-7/7/3 Sector-9, Thane, MH	India
S3-947623119	modernmolecular.com	145 Robin Song Ln, Harvest, Alabama	US
S3-312353545	VALLEY FELLOWSHIP	325 Clore Rd, Harker Heights, Texas	US
S3-970201120	MC  Trading Private Ltd	F-9-205, Hyderabad, TG	India
S3-517844568	Seka'S PLLC Partners	Point Bluff Dr, Austin ICTY, Texas	US
S3-21512358	Arunima (India) Realtech Private	Flat No. 201, Hennur Road Bangalore, Bangalore, KA	India
S3-982209303	Harbor Commitorehe		US
S3-478906187	@Tattvaeducation	H.no. G-14-31, Villa No. 31 & 32, Prestige Park Beside Gvk Emri, Medchal Highway, Gundla, Pochampall, Hyderabad, TG	India
S3-646167268	Vionovivio+ DBA: Big Infra	Flat No. 307, Bapna House, Mb Hosp. Seth Ji Ki Badi, Girwa, Udaipur, Rajasthan	India
S3-221055072	Sun Réd Exports Pvt Ltd	H.no.6-13-1266/2, Nizamabad, TG	India
S3-294680358	I Eight W Tpg Inc.	5 140th St, Ocean City, Maryland	US
S3-950034938	Brightic	22925 31st Avenue, Bothell, WA	US
S3-294429901	Hittle Tillman Askew Partners		US
S3-831693856	maidyoga.com	445 Carr Lane, FALL Branch CITY, Tennessee	US
S3-151155973	Powell LLC Center	17, Rochester, Indiana	US
S3-571257875	DV Sérvices	Flat No.501, Samala Royale Apartments, Gurumurthy Lane, Begumpet, Hyderabad, TG, 1-11-219/1	India
S3-747970731	Fetetech  Inc	1632 Chicago Avenue, Minneapolis, Minnesota	US
S3-851330496	Augustine Developments Ltd	Tomball, Texas, 16419 Eldridge Parkway	US
S3-251497479	Powerful &	25, Aapka City Plaza Civil Lines, Gurgaon, HR	India
S3-158058051	Multi Advisory Prívate Limited	P.n.163, Jaya Prakash Nagar Miyapur, Hyderabad, తెలంగాణ	India
S3-920958497	जैन Care प्राइवेट लिमिटेड	Pune, MH, Pl 29/30, Bld Fd 02, Sec 06, Surya Kiran Apt	India
S3-955056291	Dr Soul Clinic	Pbot 389/5 Sh: 702-3, Surat, Surat City, GJ	India
S3-330361228	beneexworldwide.com	3119 Autumn Leaf Drive, Friendswood, Texas	US
S3-394233971	Laxmi आनंद Hospitality प्राइवेट लिमिटेड	Patna, बिहार, Pn-1401561., Ward No-3, Shiv Vihar Colony, R.n-06, Phulwari	India
S3-493965724	Pink Engineering  Private Limited	Ps Srijan Tech Park, Dn-52, 12Th Floor, Sector-v, North 24 Parganas, পশ্চিমবঙ্গ	India
S3-749974699	... Ofelia 8raley, DMD, [DDS]	430 Shore Road, # Apartment 9J, Long Beach, New York	US
S3-819458386	Total Trading Pvt	P.no.78 Panchwati Colony Kamta, Lucknow, UP	India
S3-501994356	Delhi (India) Analytics Private Ltd	11324, Sirmathura, Lucknow, UP	India
S3-37447706	Heart (Society)	6041 1/2 52nd Street Ct, Lincoln, Nebraska	US
S3-59692722	Oncology Golden Partners	1420 Harmon Avenue, Bismarck, North Dakota	US
S3-92357035	Vique Inc	6514 Doc Corbett Rd, Cedar Grove, North Carolina	US
S3-439482891	Satya Hospitality of (West) Pvt Ltd Center	Plot 0084 502, A/20, Gypsy Rose Shahtri Nagar, Mumbai, Andheri (West), MH	India
S3-112859415	Bright Systéms-Private	East Topsia Road, Kolkata, পশ্চিমবঙ্গ	India
S3-115049585	Bureau Limited It	Chennai, Elumalai Street Ayanavaram, Chennai, TN, H.no 47	India
S3-465559920	Services Krn Limited	H-95., Siddarth Nagar, Jaipur, RJ	India
S3-295512691	Lakshmi Builders Private Ltd	Flat No.-039-a-4, Cis Officer Co Op Society, New Delhi, West Delhi, DL	India
S3-157436076	Holy Ísrael [PLLC]		US
S3-669684360	Bansgaon Agro Private	House No. 4, Dharam Pura, Bansgaon, UP	India
S3-238894063	Evoevo formerly: Cascade James	Flatonia, TX, 429 Fourth Street	US
S3-941938084	माँ एस्टेट प्राइवेट लिमिटेड	##401, Jhavar Estate, Thatipur, Gwalior, MP	India
S3-606423372	Caritta's Motors	El Rio Court, Rio Rancho, New Mexico	US
S3-210340373	Shri Apex (India) Press Private Ltd	No.##01, R.c. Marg Vashi Naka, Near Manish Vijay Complex Opp. Islampur, Chembur, Mumbai, Mumbai City, MH	India
S3-482548291	Dreamkraft Gee Private	Indra Residency, Vadodara, GJ	India
S3-450169668	brkindiaproducer.com	#793/7 29, 48 Chambers Jhokan Bagh Civil Lines, Jhansi, UP	India
S3-713508942	Roelofs Good	929 Contessa Drive, Cary, North Carolina	US
S3-824040668	பிரீமியர் டெவலப்பர்ஸ்	103 N.b.road, Chennai, TN	India
S3-619274893	India Aciswayar Securities Private (Limited)		India
S3-256863694	Ragland Center [Medical]	Del Rey Lane, Houston, Texas	US
S3-628085801	Vantageriza dba Metro Metropolitan Yield L.L.C.	64 Boyd Street, Long Beach, NY	US
S3-157386602	Guru Infotech Private	First Floor House No 29/23 Ward No 22 Laxmi Garden, Gurgaon, HR	India
S3-342284113	Beard, Esposito And Iniguez Llc	550 Palm Drive, Unit T9, Wickenburg, Arizona	US
S3-288469831	Vanguard Médical Solutions, LLC	7111 Straccioni Ln, Prince Georeg Township, Virginia	US
S3-696998314	Orbiiri aka Surya Tech Private Limited	Shop No 409, Building Samarth Vaibhav Off New Link Road, Oshiwara, Andheri Wes, T, Mumbai, Mumbai City, Maharashtra	India
S3-294644636	एपेक्स एनर्जी प्राइवेट लिमिटेड	D-83 Okhla Industrial Area, Phase -1, New Delhi, South Delhi, DL	India
S3-239135425	Ace It Pvt Ltd	1165, Fourth Floor, Dda Lig Flats, Kondli, Gharoli Mayur Vihar Phase-3, Delhi, East Delhi, DL	India
S3-752218665	completepartners.com	<NULL>, Chicago, Illinois, 02631 Greenview Avenue	US
S3-606118787	Mountain Highlad Sea	Mobile, PMB 6137, 3160 Ching Dairy Road, Alabama	US
S3-785962300	Red  Technologies Pvt Ltd	DL, New Delhi, Madhuban Vikas Marg, ##151	India
S3-657914124	(Cosmetics) Reaibfle Brown's	6 Adams Ln, Ashland, Massachusetts	US
S3-122856550	Davis Rúsh	00735 Park St, Middleport, Ohio	US
S3-68863460	Teamsters Local Union (303)	8051 Fairfax Rd, Fairfax County, Virginia	US
S3-119439691	Hittle, Tillman & Askew Corp	2827 52, Albemarle, North Carolina	US
S3-957070267	Burton, Kent and	19761 Chelsea Way, Bloomington, Illinois	US
S3-633126377	சதர்ன் பாபா இன்ஃப்ராஸ்ட்ரக்சர் பிரைவேட் லிமிடெட்	0121 Gst Roadchennai, Chennai, NULL, தமிழ்நாடு	India
S3-94350974	Harbor Inc Ridge	080 3300, W Valleey CITY, Utah	US
S3-422667664	Chavez and Mirl LLC	6000- Kushla Mcleod Road, Eight ILE, Alabama	US
S3-986215427	Howard  Express	#2920 22, Ashville, Alabama	US
S3-939439840	TARAORA BY PRIVATE LIMITED	B3/41, New Delhi, दिल्ली	India
S3-21516840	Pansie's Best Group L.L.C.	Round Lake, 141 Amarias Dr, Illinois	US
S3-856182146	Columbus [Youth]		US
S3-9836852	E 5 K Greenfire LP	6801 1/2 Preinkert Dr, College Park, Maryland	US
S3-894952268	Direct Research  Concepts		US
S3-208440338	Sankatharan Entertainment Pvt. Ltd		India
S3-451925320	Bombay Services Corp	GJ, Chitaliya Road, Rajkot, Jasdan, P No 002045I Opp Gelmandir	India
S3-868547788	പെർഫെക്റ്റ് ഗ്ലോബൽ ഹെൽത്ത്‌കെയർ ലിമിറ്റഡ്	##6/220 D V P Complex Mannampatta Po Katampazhipuram, Palakkad, KL	India
S3-48727659	Prime Summit Security Inc.	6615 Lubarrett Way, Mobile Township, Alabama	US
S3-228315837	Supreme Mobility Center	Nod Street, Knoxville, Tennessee	US
S3-576942937	Hawks and Parish	781 Ninth Ave, Salt Lake City, Utah	US
S3-339730950	haltermanfarmer.com	928 Appalachian Ridge Rd, Fletcher, North Carolina	US
S3-735606121	LLC Surgical Hrelth	7033 Valhalla Rd, Fort Worth, Texas	US
S3-378223083	Laborers Local Industries		US
S3-56086609	Sri Nahata [Services]	108, Bhilwara, राजस्थान	India
S3-702958201	Shri Baba Enterprises Private [[Limited]]	Ff/sf Panigate Main Road, Nr Relief Colony Ayurvedic Village Vadodara, Vadodara, GJ	India
S3-650269386	Freeman,-Anderson & [Williams] [Williams]	Wescott Drive, Phoenix, Arizona	US
S3-530137928	Rajnagar Services	Block F-496 Pl 42 New Mangalwar Peth, Nr Ladka T Pump, Pune City, Pune, महाराष्ट्र	India
S3-646779067	Rapid Classic Lecg Inc		US
S3-185571125	Pediatric Specialisst L.L.C.	138 Dogwood Ln, North Carolina, Mocksville	US
S3-812983879	Mr NAGAR FOUNDATION PRIVATE LIMITED	15-2, Vizag, AP, Visakhapatnam	India
S3-819392597	Perfect Constructions Private  Limited	Block D-169 Plot No P-79, P-82 Gokul Shirgaon, Kolhapur, MH	India
S3-785586421	Antony Lead Pvt  Ltd	Gala No.02, Building No. A-2, Gr. Floor, Print World Industrial Complex, Survey No. 15/1 Road, Mankoli Vehele, Village Vehele, Bhiwandi, Thane, Bhiwandi, Thane, महाराष्ट्र	India
S3-242537203	Premier Cónsulting Private Limited	2293 Mie, Bahadurgarh, Rohtak, HR	India
S3-683306305	Belohalo d/b/a Gebhart and Bivens Two Inc.	629 Erin Lane, Chesapeake City, VA	US
S3-70243727	Shri Aditya Systems  Private Limited	Delhi, दिल्ली, C-462/1, Iiird Floor Lado Sarai, South Delhi	India
S3-183707896	Columbus Youth	870 1/2 Westbury Lane, Columbus, Ohio	US
S3-165792587	Prime & Co Corporation	7-48 S-54, Aashiyana Amar Bagh, Kudhi, Jodhpur, RJ	India
S3-573471097	Protea (índia) Pvt. Ltd.	Gajularamaram, Hn 349 B-block-503 V S R Celestialtowers, TG, Rangareddy	India
S3-702656448	Federal Semiconductor Systems-Incorporated	259 Shore Rd, Lake Pleaant, New York	US
S3-908714524	Frontier Cóuncil	102 Mani St, Fairbank, Iowa	US
S3-609966924	Technologies Pani Labs Pvt Ltd	#12/595 Biula Street Thirumullaivoyal Avaid, Chenani, Chennai, தமிழ்நாடு	India
S3-540344883	East Mótor LLC	PMB 5325, 517 1/2 Valley View Trl, Texas, Medina	US
S3-966164352	Pediatric Superior Physícians Physícians LLC	3170 State Rte 13, Pleasant Twp, Ohio	US
S3-687922467	Yumaectoio d/b/a Harbor School of Medicine	4851 Mockingbird Court, Unit C, Columbus, OH	US
S3-412620735	Carroll Choice Melar L.L.C. #6951	1144 Hewitt Avenue, Washingotn CITY, Pennsylvania	US
S3-867473137	ક્રિએટિવ લોજિસ્ટિક્સ પ્રાઇવેટ લિમિટેડ	H.no ##512 Atma House Ashram Road, Ahmedabad, GJ	India
S3-566999618	Mr Priska & Sóns Private Private Limited	B-405 Tower Pearl, Tijara, Alwar, RJ	India
S3-512727735	Desert Learning Cénter	Utah, Saint George, 761 Enterprise Drive	US
S3-155832051	Bharat Products Private	No 43A, Haveli, Pune, महाराष्ट्र	India
S3-70940444	A Cure 3 All Inc.	# 19, Washington, Sultan, 36010 2	US
S3-464427765	Naqvi & Gao [Goldman]	Fort Wayne, Indiana, 830 Drexel Avenue	US
S3-760778204	Regional Environmental	##1117 Gregg Street, Raleigh, North Carolina	US
S3-40078721	Atlantic Prairie Mitsui Company	Sunset Park Drive, # 115, Sedro Woolley, Washington	US
S3-537204871	Gcg Company Service	C/o Birendra Kumar, Patna, BR	India
S3-11652487	Hawks ánd Parish Xcel	781 9th Ave, Salt Lake City, Utah	US
S3-587362909	Maitilde Reiss Select Mortgage	Somerton, Arizona, 807 Columbia Ave	US
S3-724540379	City Tiardeers Private Limited		India
S3-812839738	HW Construction Ltd.	दिल्ली, Kingsway International-1 Coronation Road Banda Bahadur Marg	India
S3-169400621	Noviriza dba Gibney, Horst and Leblanc LLC	Tacoma, WA, 2924 14th Street	US
S3-427633918	Parashuram Wireless	DL, F-502 Prince Apartmentspatparganj, East Delhi, New Delhi	India
S3-149745432	Bay Golden Obic [Group]	830 Price Court, Sacramento, California	US
S3-106770843	Indian Properties  Private Limited	Plot 29 B-201, Okhla Industrial Area Phase-1, New Delhi, DL	India
S3-937404517	DT Private Limited Services	Second Floor, Nandanam Building, Chakkaraparambu Vennala, Kochi, Ernakulam, കേരളം	India
S3-929086975	Rapid Construciton Technologies LLC	317 Kendall Downs Blvd, Toney, Alabama	US
S3-282878960	Family Piedmont Specialists	141 Chambord Drive, Maumelle, Arkansas	US
S3-983661801	Benson Table (Inc)	013 Water Hyssop Loop, Leanedr, Texas	US
S3-970613743	Sri Hiranandani Properties Private Ltd	33/1, Netaji Subhash Road, Marshall House, 3Rd Floor, R. No. 309/10, Kolkata, Howrah, WB	India
S3-9139425	Khed Services	A-6 604 Gneesis Co, Operative Hsg Soc Ltd, Pune, महाराष्ट्र	India
S3-718049743	Synlum Sys doing business as Jay Medical Private Limited	75-C, Ii Main Road, Gandhi Nagar, Adyar, Chennai, Tamil Nadu	India
S3-107638468	J 2 N Lake Llc	603 Second St, Hull, Iowa	US
S3-283603606	Bevodyne Care	745 Bradway St, Coal City, Illinois	US
S3-159455463	Vertical Agro-Private Limited	26, Bangalore, ಕರ್ನಾಟಕ	India
S3-369936538	Diva Investment Private Límited	Off Bhandarkar Road, Runanubandh Apartments, Manas Lane, MH, 820/2, Pune	India
S3-83122878	Brown's Cosmetics Cosmetics Reliable	Adams Ln, Ashland, Massachusetts	US
S3-966590900	SUNRISE GLOBAL PRIVATE LIMITED	Mani Casadona, New Town, Action Area Iif/04, Street No. 372, 3Rd Floor, Unit No. 3Ws1, North 24 Parganas, WB	India
S3-269742532	Dermatology Care	1602 Parsons Avenue, # APT C, East St Louis, Illinois	US
S3-679962983	Board of Center	6708a Peoria Ave, # Apartment 1422, Tulsa, Oklahoma	US
S3-380576638	MEGABUILD & ASSOCIATES	205., Mumbai, Mumbai City, MH	India
S3-515793916	The Johnson Painting Inc	2262 Holiday Rd, # 101, Coralville, Iowa	US
S3-786254990	Kinley Corp Services	7903 Orion Circle, Unit 156E, Laurel, Maryland	US
S3-845374214	Big Nails	49-53 Essex Sq, Loudoun County, Virginia	US
S3-208482521	New Delhi Granites Private Ltd	G-3a, G Block, Rajapuri, New Delhi, DL	India
S3-880931968	satya hospitality of andheri (west) pvt ltd	Plot 0084 502, A/20, Gypsy Rose Shahtri Nagar, Andheri (West), Mumbai, महाराष्ट्र	India
S3-589614629	The Dent	3110 48th Street, Omaha, Nebraska	US
S3-844383062	Pediatric Dentistry Dentistry CARE LLC	3554 Santa Cruz Way, Sacramento, California	US
S3-390710886	Louisa Rockwell  Restaurant	1605-1609 Sheepshead Bay Rd, Brooklyn, New York	US
S3-528605303	-- Jp & Brothers (Private)	Shop No.3, Thane, महाराष्ट्र	India
S3-662117321	Rajus Construction Private	C/o Pushkar Verma Ambedkar Nagar Malipur Road, Jalalpur, Ambedkar Nagar, UP	India
S3-140340811	Ceor Star-Innovative Inc.	1218 Beatties Ford Road, Chharlotte, North Carolina	US
S3-430613585	Rahel Richardson Pacific	22 Riverlands Dr, # A, Newport News City, Virginia	US
S3-927019972	wozsolutions.com	C/o Bebamma W/o Mahadevappa 22/248, Chamrajanagar, Chamrajnagar, ಕರ್ನಾಟಕ	India
S3-408931028	Madan Madan Servcces Pvt Ltd	33A Jawahalral Nehru Rd, Kolkata, Calcutta, WB	India
S3-346713706	सनराइज रेड सिस्टम्स प्राइवेट लिमिटेड	House No. 402 Block -A3 Sector-13 Printer Apartments Rhini, New Delhi, Rohini Sector, DL	India
S3-780937836	RESTAURANT	3532-3536 Aberdeen Avenue, Alton, Illinois	US
S3-332130258	Eye Partners Center	130 A80 Tank Road, Wmat, Arizona	US
S3-528343075	શિવમ ફૂડ્સ પ્રાઇવેટ લિમિટેડ	#8-1St Fl Chankya Complex, Hiro Honda Show Room, Nizampura, Vadodara, GJ	India
S3-155578350	Premier Printing Global Inc.	298 Eden Lane, Duluth, Minnesota	US
S3-628305623	Chiropractic  Specialists of	Douglas Drive, # Apartment 101, Arcade, New York	US
S3-761977160	Merl Swenson Legacy Sports	422 Crown Hill Road, Orrville, Ohio	US
S3-609001816	C/O LLC Center	604 Hill Avenue, Mattydale, New York	US
S3-724663837	Mejia, Bond and Hummel Industrial Associates Inc.	2018 Dean Rd, Hutchison, Kansas	US
S3-228488929	Dr Shiv Public  School	Vill Tola Kaser Panch, Adhaura, Kaimur (Bhabua), बिहार	India
S3-431690658	Korvantage Labs dba Swart Automotive	513 7th Avenue, Rio Rancho, NM	US
S3-60451666	Private Mudgal Leasing Limited	F-306, Shiva Apartment, Nagarbhavi Village, Bangalore North, Bangalore, ಕರ್ನಾಟಕ	India
S3-851525756	graphicconsultants.com	Surya-arcade, Commercial Complexopp.shivajiground, Mumbai, Miraj, MH	India
S3-945631679	Reichenbach Management Corp.	Indiana, Portland, 1128 Detroit Avenue	US
S3-219296936	Zephumbrayuma a/k/a Essential Agro Limited	Plot No. 9 Ganga Sagar Park Nana Mauva Road, Rajkot, Gujarat	India
S3-516596898	Tirupatienergy.Com	#1405, 14Th Floor, B-wing, Manav Kalyan Chs Ltd., Link Road, Bangur Nagar, Goregaon West, Mumbai, Mumbai City, MH	India
S3-894876360	Global-Automobiles Private Limited	Pno63, Sapthagiri Enclave, Balapur, Hyderabad, తెలంగాణ	India
S3-593338573	Legacy LLC (5cientific)	221 Washington St, Galveston, Indiana	US
S3-467151281	Freeman, Anderson & Williams Inc	4204 Wescott Dr, Arrowhead, Arizona	US
S3-618013487	The Vision Atlantic Physicians Inc	Maryland, # 505, Ocean CITY CITY, 0305 11th Street	US
S3-59360073	Caloveo formerly: HKD Defi Inc	985 10600, White City, UT	US
S3-811037946	Sammy G. Case, D.O.	5 Rita Street, Dayton, Ohio	US
S3-996778809	Davis  Invesco	Texas, Houston, 6307 Trailview Dr	US
S3-85888635	Diagnostics LLC	Bonnie, Illinois, 35 Mulberry Drive	US
S3-699215332	Foot & Ankle Center Inc	121 Swan St, Batavia, New York	US
S3-749416553	daviscorporate.com	602 Pierre St, Belgrade, Montana	US
S3-477285467	Vision  Center of LLC Service	3036 Chandler'S Mill Rd, Pelhm, North Carolina	US
S3-953043670	CURE BÁKERY!	Radford Street, Unit Apartment 3C, Ynkers CITY, New York	US
S3-811149962	सुपर बालाजी मैनेजमेंट प्राइवेट लिमिटेड	Door No 304 Kh.bo 702 Village Dehra Near Umri Chauraha, Umri Kalan, Moradabad, Jyotiba Phule Nagar, उत्तर प्रदेश	India
S3-41239900	Crowder Pharma	# APT E, Indiana, Eansville, 716 Fairway Drive	US
S3-289536950	Solthice Tax Inc	2335 Black Spruce Ct, Goldstream, Alaska	US
S3-526644439	The Peak Asset Services LLC	208 William Street, Tisbury, Massachusetts	US
S3-49645759	private krishna consultants limited	Block E-d/347 E-16, Bhilwara Textile Market Pur Road, Bhilwara, RJ	India
S3-292949692	LUCA5 GESHER	2133 Bard Road, PO Box 1704, Lincoln City, Oregon	US
S3-307350036	ashley excavation llc		US
S3-837070843	इंटरनेशनल फाइनेंस एलएलपी	Cp-3 Vikalp Khand, Lucknow, UP	India
S3-148067948	2251 Moadgino Holdings Lane	Minnesota, Minneapolis, 3311 Benjamin Street	US
S3-109144948	Jain Energy Private Ltd	WB, Kolkata, 7, Howrah	India
S3-697915602	Walliw Horoiitz Empire Associates	473 Northwest Hwy, Palatine, Illinois	US
S3-279681954	Center Sarasan Limited	09133, Noida, Gautam Buddha Nagar, UP	India
S3-786267146	Sammy G. Cas, D.O. D.O.	5 Rita Street, Dayton, Ohio	US
S3-70790379	Valencia Knicely & Prado	127 River Avenue, Westton, West Virginia	US
S3-449605723	Black Tiadnig Limited	Door No 12 Fl-4 Plot 68 Sai Sadan, Janmabhoomi Marg Hutatma, Mumbai, MH	India
S3-853106776	Ltd Guru Services	Kamudhi Kalanjia Magalir Vattarasangam Kottai Medu, Kamudi, Ramanathapuram, TN	India
S3-714709478	Canara Enterprises Enterprises Private Limited	F-239, F/f, Laxmi Nagar, East Delhi, DL	India
S3-926749470	Irimira	Morning Star Road, Pantego, North Carolina	US
S3-535273391	memorialinstitute.com	13116-B Norwood Rd, Raleigh, North Carolina	US
S3-533319865	Piedmont  Services	3000 Mniconju, Fort Yates, North Dakota	US
S3-611019574	LLC Duda Better Wealth	114. Hobbs St, Incorporated, Maryland	US
S3-234717929	Thomas Corporate Corp	Singing Sumac Way, San Marcos, Texas	US
S3-155829290	South Btc (LP)	Brattle Street, NULL, Cambridge CITY, Massachusetts	US
S3-459352634	porras, noah & miller	Brookes Bend, Houston, Texas	US
S3-519587696	Mcdaniel-Popular	Scituate, Massachusetts, Central Park Dr	US
S3-639749252	Modern Aerospace Global-Llc		US
S3-943674714	Foot + Ankle	2700d Canyon Meadows Drive, Missouri City, Texas	US
S3-55279738	Corp Aarvin India	Door No 01-9-123 & 124 3Rd Floor, Ramnagar, Musheerabad, Hyderabad, TG	India
S3-880798805	E 5 K	6801 1/2 Preinkert Drive, # 7505, College Park, Maryland	US
S3-969766994	Coble, Hoolsn and Hussain North Inc	2375 Burns Road, Illinois, Dongola	US
S3-907372378	Wexcalo Labs trading as Karmen Mckee, M.D.	1432 S Fork Drive, Phoenix, AZ	US
S3-287346680	Halceus LLC Partners	15117 Bernadette Ct, Chantilly, Virginia	US
S3-249556329	mastekresearch.com	No.21, Bangalore, KA	India
S3-101137874	Gibb0ns, Mohr and Reeder Banco Inc	6209 Bernard Ave, Alexandria, Virginia	US
S3-222551231	Horizon-Currencyshares Partners	1039 Sixth Ave, TRO Ycity, New York	US
S3-615336539	C 6  Y Precision LP	103 Nnthala Ct, Hertford, North Carolina	US
S3-816907344	Baba Center	H.no 392 1176, Jaipur, राजस्थान	India
S3-64682505	5urgical Health LLC	7033 Valhalla Road, Fort Worth, Texas	US
S3-10879386	The Custom Better Cayman	1624 Winona Street, Chicago, Illinois	US
S3-697908363	Kadamwadi Road [Minds]	Plot No ##33, Kadamwadi Road, Kolhapur, MH	India
S3-328653597	Foster,-Torres Schmitz LLC Center	6112 Mc Vicker Ave, Chicago, Illinois	US
S3-376763748	स्टार Star Foods Limited	Door No 582 D-87, F/f Block-d, East Of Kailash, Mcd Park, Delhi, N/A, DL	India
S3-956473490	Fluxzephio	Plot No E-530 F/F Sector7, Palam Extn, Dwarka, Delhi, South West Delhi, Delhi	India
S3-810164217	ઓમ પ્રીમિયર ઇન્ફ્રા પ્રાઇવેટ લિમિટેડ	Block-k, Ff Shop No-17 To 20, Sur No 47/1, Al - Burooj Nr.empire Party Plot, 132 Ft Makarba Road, Ahmadabad City, Ahmedabad, GJ	India
S3-931219720	Farrar, Róss & Jones, Jones, LLC	23D Center St, Bldg Right, New York, Fredonia	US
S3-578482397	Margarito And Hice LLC Service	150-C Lamancha Drive, Unit H, Asheville, North Carolina	US
S3-267271866	सेवन वेंचर्स लिमिटेड	55, New Delhi, South West Delhi, DL	India
S3-980671577	Incorporated Munoz & Cantillo,	Tennessee, Crossville, 1460 Golf Club Ln	US
S3-665346537	Root Summit Tcimgstne Tcimgstne	17933 Fourteenth Avenue, Lynnwood, Washington	US
S3-480762662	BROWN'S RELIABLE COSMETICS		US
S3-172499673	Randall Innovative  Dte Incorporated	2203- Paradise Dr, Town Of Trenton, Wisconsin	US
S3-899955592	Unique வென்ச்சர்ஸ் Private Limited	A A-6 Senvilla 30 Thirumoortylayout R S Puram, Coimbatore, தமிழ்நாடு	India
S3-815450924	Precision Financial Pártners	1508 Camino Lago, Irving, Texas	US
S3-279813781	American	MA, Boston, Unit 3, 479 Massachusetts Avenue	US
S3-413231441	Animal-H0spital Inc.	1031 500, Boggstown, Indiana	US
S3-846144879	LLC Empire Turmgt	Trenholm Village Dr, Powhatan County, Virginia	US
S3-151568572	New Delhi Technology Pvt. Ltd.	House No. 059/159 Kh. No. 568/110/18 Ground Floor Ganesh Pura - B, New Delhi, DL	India
S3-549030172	Atlantic Inc Mining,	391- Pleasant St, # 102, Melros CITY, Massachusetts	US
S3-125572546	Main Street	0080 Christie Ct, Fletcher, North Carolina	US
S3-218959222	Statesville  Interstate Jena		US
S3-445919874	OZY Reliable Dollar  LLC	8621a Mary Court, Waxahachie, Texas	US
S3-448099500	Avifaye Labs doing business as Balderas Biracilik	7454 Sr 113, Berlin Heights, OH	US
S3-831882561	Kinley Corp Services	7903 Orion Circle, Unit 156E, Laurel, Maryland	US
S3-764550547	LEGACY MOBILITY UNION, INC	12, Lincklaen, New York	US
S3-826133561	ಕ್ರಿಯೇಟಿವ್ ಎಕ್ಸ್‌ಪೋರ್ಟ್ಸ್ ಪ್ರೈವೇಟ್ ಲಿಮಿಟೆಡ್	5Th Cross, Belgaum, ಕರ್ನಾಟಕ	India
S3-292000244	R0wland + Cortez LLC	Plymouth, Massachusetts, 6-8 Lombard St	US
S3-232432812	Petersheim, Edithe A., DDS DPM, PC	4331 Lake Shore Dr, Wishek, North Dakota	US
S3-650945749	Vantageyumax DBA New Delhi Granites Private Limited	G-93A, G Block, Rajapuri, New Delhi, Delhi	India
S3-670621481	Bharat Shkti Business Private Limited	Pulliyil, Kilikollur, Kollam, KL	India
S3-58090272	Electricians Local  525	3775 Agate Meadows Court, White City, Oregon	US
S3-270233852	Haubrich and Showalter Corp	1400 Florida Ave, Unit 509, Washington, District of Columbia	US
S3-498701424	हाई वेंचर्स	MP, Indore, H.no 7-465 Narsingarh House, Dudhia, 23, Pragati Vihar, Bicholi Mardana	India
S3-338187865	Best  Food	844 Meadow View Rd, Falls Churhc, Virginia	US
S3-599572049	Vps Builders Corporation	H No- 150/A, Tili Ward Sagar Sagar, Sagar, MP	India
S3-470854772	Idukki Imdpiex Pvt Ltd	Plot No.9-4, Dabwali Road, Sri Jiwan Nagar Tehsil Rania, Disrict Sirsa, Sirsa, HR	India
S3-406343580	Lawrence Allitce	Alldredge Road, Blountsville, Alabama	US
S3-34558102	Bright Aidha Private Limited	Door No 386 H.n.64, Nangli Abdulla Machhra, Meerut, उत्तर प्रदेश	India
S3-259479078	footankleprairie.com	53rd Street, Astabula, Ohio	US
S3-412920738	Mumbai Innovators Private	Govandi Stn. Road, Tata Nagar, Govandi Opp. Fish Market, A-1, Dharwala, Mumbai, Mumbai City, महाराष्ट्र	India
S3-461604784	Gurunanak-Service	##2, Shiv Park Colony, Udaipur, RJ	India
S3-296688840	S/Z Capital	16 School St, Woods Hole, Massachusetts	US
S3-585295798	>> Luna Harbor Kgaa L.L.C.	19 Thirteenth Avenue, # 3, Columbus, Ohio	US
S3-111963508	Sri Bharat Builders Private [Limited]	99/103, Kazi Syed Street, Masjid Bunder, Mumbai City, Mumbai, MH	India
S3-933758994	Noida  Care Private Limited		India
S3-559731878	Platinum Automation Collectbie Corp	1300 Coconino Rd, Iowa, Ames, # 104W	US
S3-748837771	Rocky	55 Napier Road, Bledsoe, KY	US
S3-900131839	OZB Trading Of Burari	G No. 127 Kh No. 104/13 B Block, Burari, New Delhi, दिल्ली	India
S3-872658708	Dermatology Care of Holly Springs Service	7281 42, Holly Springs, North Carolina	US
S3-679094411	Mutual Fréight Studios LLC	Arizona, 20 N2326, Alpne	US
S3-296798864	Bay Montessori  School	6135 Tecate Drive, Brownsville, Texas	US
S3-882394322	Garrett Mídwest Mídwest	1216 Slaufhter Rd, Madison, Alabama	US
S3-235460491	capitalcarterptr.com	100 Memorial Dr, International Falls, Minnesota	US
S3-408363166	Industrial Consumer International	1156 Buhrer Avenue, Cleveland, Ohio	US
S3-716707803	Pioneer Consultancy Private Ltd	C-20 /2 1Sector 16 Nerul, Navi Mumbai Region, MH	India
S3-480425138	विजन प्रॉपर्टीज Private Limited	101 & 1015, 10Th Floor, Panchshil Plaza, Gamdevi, Hughes Road, Grant Road (West), Mumbai, MH	India
S3-915344020	Xiao	239 Whaley Street, Freeport, New York	US
S3-104185806	Community Church LLC	40 Dorset Ave, Virginia Beach City, Virginia	US
S3-277000832	Mr 5hivam Systems Limited	G-273., Sector-23, Raj Nagar, Ghaziabad, UP	India
S3-585221506	Direct  Payroll Digital		US
S3-455802226	ভারত সার্ভিসেস প্রাইভেট লিমিটেড	Door No 4 Sadanand Road, Ground Fl, Howrah, null, WB	India
S3-687729435	New Delhi Security [Private]	209, New Delhi, Nilgiri Apartments, Alaknanda, DL, South Delhi	India
S3-196742360	Aldape Tri-State-Plus LLC	N Shore Rd, Norfolk City, Virginia	US
S3-169773238	Classic Management	25/303 Hansa Tower, Central Market Ashok Vihar, Delhi	India
S3-938717928	Davis [Pharmaceutical]	47D Dannon Court, Wake Forest, North Carolina	US
S3-544881401	Kaverita Pvt Ltd Center	D-4 Ansa Ind Estatesaki Vihar Raod Sakinaka Andheri (E), Mumbai, MH	India
S3-759198293	eversmoorehernandez.com	2025 Easgate Drive, PMB 4195, Greenville, North Carolina	US
S3-612274336	Anmol Traders Limited	Door No 445 Ramnik House, Opp. Alfred High School, Ahmedabad, Rajkot, ગુજરાત	India
S3-494321437	*** Trendz Enteprrsgies Pvt. Ltd.	Ga-216, Bhubaneswar, Khordha, Orissa	India
S3-620020824	India Orbit Consultancyprivate Limited Private	No.037, Chennai-16., TN	India
S3-965569013	सनराइज रेड सिस्टम्स प्राइवेट लिमिटेड	House No. 402 Block -A3 Sector-13 Printer Apartments Rohini, New Delhi, Rohini Sector, DL	India
S3-274095109	Mountain Highland	3160 Ching Dairy Road, PMB 6137, Mobile, Alabama	US
S3-293926361	Tetecque	#517 De Pere St, Menasha CP, Wisconsin	US
S3-546381820	Plumeria Display Private	D 503, Thane, Mira-bhayandar, महाराष्ट्र	India
S3-559928031	Vioaviquo formerly Day Learning Center-Eugene	2800 Applewood Lane, Unit Apartment 63, Eugene, OR	US
S3-356456980	PRIVATE VIJAYAWADA AUTOMATION LIMITED	D.no:40-7-12a, Vijayawada, Srikakulam, AP	India
S3-572942074	LLC Ashley Excavation	Washington, # 35, Spokane Valley, ##12415 Desmet Ave	US
S3-296733531	Chavez +-Livingston	206 Woodmont Drive, Geoorgetown, Texas	US
S3-705124668	Aarvansh  Farms Public	Ahmedabad, Anushri Complex, Nr. Champaner Society, Usmanpura, Gf-03, ગુજરાત	India
S3-3372231	Western Technologies Pmivate Limited	#93, Bangalore, Banglore, KA	India
S3-13044967	Tshealth.Com	1201/G-230, Spark Divine, Block G, Beta Ii, Greater Noida, Gautam Buddha Nagar, उत्तर प्रदेश	India
S3-770627433	Ashley Excavation Llc	##12415 Desmet Ave, Unit 35, Spokane Valley, Washington	US
S3-2424643	19/19 Private		US
S3-974467925	Biddy T. Torres,  O.D.	##2555 Erickson St, Sacramento, California	US
S3-181661670	QM Telecommunication Ltd	738 Dry Hollow Road, Vanleer, Tennessee	US
S3-227593262	[Interests] Rion Co	827 Cedar Springs Rd, Athens, Tennessee	US
S3-573782631	Vantyx Rexford	2505 Castlewood Lane, Bluefield, West Virginia	US
S3-464473944	Caldos Aviation,	21833 Cragon Rd, Harlingen, Texas	US
S3-827436519	Big Nails	Virginia, Essex Square, Sterling	US
S3-87115837	Private Eastern Great Industries Limited	Rangareddy, H No 2-26/1 F 401 Baghameer Kukatpally, Hyderabad, Andhra Pradesh	India
S3-866289315	Indore Enterprises Pvt	H.no 268 F No. G 1 164, Saket Nagar, Indore Region, Indore, मध्य प्रदेश	India
S3-724265753	Ashoka Realty Private [Limited]	No.20 3Rd Floor, Bangalore, KA	India
S3-398418973	Twisted Déli	2433 Grand Avenue, Waverly, Iowa	US
S3-647420326	pushkarajsmartindia.com	Plot No:27, null, Hyderabad, Secunderabad, Andhra Pradesh	India
S3-672017728	LLC LB Santander	5 Elizabeth Cir, Mashpee, Massachusetts	US
S3-228229146	Karmen Mceek, M.D.	1432 S Fork Dr, Phoenix, Arizona	US
S3-220980825	ଲୋଟସ୍ ଶିବ ମିଡିଆ ପ୍ରାଇଭେଟ୍ ଲିମିଟେଡ୍	Door No 579, Lewis Road, Khordha, Bhubaneswar, OD	India
S3-721151223	Leung Etf Inc.	562-564 Washington Avenue, Albany, New York	US
S3-539933523	Golden બ્રાઇટ Construction Limited	Shop M/5m6, Surat, GJ	India
S3-691762595	OJP Media Private	Mathura, S/o Shri Vijay Singh, Manjesh Vihar Colony, Pali Khera, Sonkh Road, UP	India
S3-91457582	Walliw Hooiz Empire Associates	473 Northwest Hwy, Palatine, Illinois	US
S3-44694858	Karly Mcmahon Pacific Hóme Care	04 Slayton Street, Signal Mountain, Tennessee	US
S3-311343713	Adelaida A. Baker M.D. DDS	1220 Hardison Drive, Jamesville, North Carolina	US
S3-283891499	National LLC Sunstone	6363 Columia Rd, Ohio, Dover	US
S3-829926782	ZE Bay Entertainment  LLC	10162 Powers Lake Pt, Woodbury, Minnesota	US
S3-152642972	Ace Corp  Supply,	413 Birchwood Drive, Salisbury, Maryland	US
S3-953494124	>> East Health Center Inc.	231, Cottondale, Florida	US
S3-166165203	VIJAY JOBS CO	Dp-5a-sidco Industrial Estate Thirumazhisai, Kancheepuram, TN	India
S3-343033480	सूर्य टेक प्राइवेट लिमिटेड	168, Farwain Kalan, Sirsa, हरियाणा	India
S3-402764309	Ocean & Associates [Company]	S.no.214/220/221 Bldg A9, Pune, MH	India
S3-341479740	सूर्या टेक्नोलॉजी प्राइवेट लिमिटेड	#212/213, Bussa Industrial Estate Century Bazar Lane, Prabhadevi, Mumbai, MH	India
S3-821985231	Zaor,	1589 Wilton Rd, # #1, Tacoma, Washington	US
S3-574685970	Clean Purpose Corp	Indiana, Lafayette, 148 Stable Dr	US
S3-55893271	globalhotelscom	1520 21st Avenue, Rock Island, Illinois	US
S3-57648637	Juliana Atwater  Runway	92 Country Place, null, Longview, Texas	US
S3-806717712	Shree Private Limited Services	Door No 56/1Biplabi Rash Beharibose Rd, Calcutta, Kolkata, WB	India
S3-81645036	indiaorbitconsultancyprivate.com	No.037, Chennai, TN	India
S3-421128555	Mukta Law  Chambers	Door No 41 Sea Breeze Bldgjuhu Tara Road, Mumbai, Mumbai City, महाराष्ट्र	India
S3-382888951	Lee Grand Center	701 Ridge Dr, Marengo, Illinois	US
S3-779777832	Irnoclad	North Dakota, Caarrington, 820 69th Avenue	US
S3-852433070	Chris  Vaidya LLP	42, Shreenathji Aashiyana, Opp. Rto Office, Heduva Hanumat, Mahesana, GJ	India
S3-829624421	Ace డెవలపర్స్ Pvt Ltd	F No 10-07, M K Gold Coast, Near Vivekananda Nagar, Sagarnagar, Visakhapatnam (Rural), Visakhapatnam, Vishakhapatnam, ఆంధ్రప్రదేశ్	India
S3-671769453	Pediatric Dentistry Value Clinic [Commission]		US
S3-264355635	Happy Cleaning Service	2349-2353 Stafford Ter, Ottawa, Kansas	US
S3-613801192	Continental Net LLC	3419b Fork Loop, Green Bank, West Virginia	US
S3-177055572	pughmarshall.com	202 Baytree Drive, Greenville, North Carolina	US
S3-817409933	Indiabulls &  Brothers	Vill Bramhaulli Dyan, Azamgarh, उत्तर प्रदेश	India
S3-899731332	Marketing Ans  Beverage Pvt. Ltd.	Hn 785 B-83 Third Floor, Jaipur, RJ	India
S3-93495478	Cortez American Mercator Corporation	1156 51, Hailton, Alabama	US
S3-646114632	nandadeep brothers private limited	Jagdeo Saraswati Apartment Shyampal Path, Jagdeo Path, Patna, BR	India
S3-799825989	Verla Davis Heritage Money	1244-D Dalemont Way, Dyer, Indiana	US
S3-443728683	Digital Smart Projects Ltd	Block A-491 103, Rectangle 1 D-4, District Centre, Saket, New Delhi, DL	India
S3-790999049	All  Creative Communications LLC	Hilton Head Dr, Oneeida, Wisconsin	US
S3-60947202	Wexecto née Summit Institute	5495 A Street, Unit Apartment 76, Springfield, OR	US
S3-747563022	Patriot Fresh Hill	9508d Greyson Heights Dr, N/A, Charlotte, North Carolina	US
S3-530379815	Delhi Nútrition Pvt Ltd	Plot 256 G-7, First Floor Gali No-6, Brahmpuri, Delhi, DL	India
S3-836699201	KLI Infratech	C-2/20 Safdarjung Development Aea, New Delhi, South Delhi, दिल्ली	India
S3-294622727	Delhi Gas  Pvt Ltd	9, null, Delhi, North West, DL	India
S3-660362315	QUINTANA HOBBS, PH.D.	265 Classen Blvd, # APT, Norman, Oklahoma	US
S3-865692771	Hyderabad Sustainable Private	Hyderabad, TG, C 1401- My Home Abhra Opp Inorbitmall Madhapur, Hyderabad	India
S3-855617126	UNITED QUALITY SPAC LLC	1124 A Ave, Edmonds, Washington	US
S3-232773537	Pediatric Dentistry Cmae [LLC]	3554 Santa Cruz Way, Sacramento, California	US
S3-673110375	Xiao-Group	239 Whaley Street, Freeport, New York	US
S3-484853820	Ace Imaging		US
S3-112401572	Eastern Animal Hospital Ltd	17191 192 Rd, Laverne, Oklahoma	US
S3-831448468	Harvey Silver Public	724 Cool Meadow Dr, Fort Worth, Texas	US
S3-451762362	HW Construction	Kingsway International-1 Coronation Road Banda Bahadur Marg, DL	India
S3-652668978	All  Printing-Enterprises, LLC		US
S3-856611722	XQZ United Tire Shop		US
S3-221346502	>> RHI Próject Private	G-32 Dadegaon Ta Paithan Dist Aurangabad, Aurangabad, MH	India
S3-991833769	Pyralumzeph formerly: Rocky Adamas Clinic	8580 Hummer Drive, Tucson, AZ	US
S3-388808213	Kamla Nagar Manufacturing Limited	UP, Kamla Nagar, D-525, Agra	India
S3-526545671	Beneex  Worldwide Incorporated	3119 Autumn Leaf Dr, Friendswood, Texas	US
S3-519151444	Advanced Coahro Partners Inc	4275 Borderlands Drive, Rancho Cordova, California	US
S3-143878659	Pathak Farms Private (ID: 77209)		India
S3-861954549	Desert LLC Interests	12286 12th Lane, Washington, Bellevue	US
S3-185145188	Properties Maoco Estates Private Limited	10-1-29, East Godavari, Amalapuram, ఆంధ్రప్రదేశ్	India
S3-680755856	Mr Shiv Public School  Co	Vill Tola Kaser Panch, Adhaura, Kaimur (Bhabua), BR	India
S3-882491041	LLC Sebrion	Amenia, New York, Smithfield Valley Rd	US
S3-444011780	P.C. Worlds Animal Hospital	15 Triangle Rd, Paoli, Indiana	US
S3-92770150	dynamic property labs llc	2038 Hillside Drive, Fairfax County, Virginia	US
S3-278384595	Lucas-Gesher Ltd		US
S3-878077557	housing guild ii	3003 Pecan Ridge Dr, Sugar Land, Texas	US
S3-267910895	-- Ivenan Hotels, Incorporated	3603 Cadillac Ct, Rockford, Illinois	US
S3-989841598	Classic Classic Living	0296 250, Millville, Utah	US
S3-711346294	পারফেক্ট ইন্ডাস্ট্রিজ লিমিটেড	Fl/no-b/8b 52/6 V.i.p. Road, Rajarhat Gopalpur, Parvati Vihar P-1, D B Nagar, North 24 Parganas, WB	India
S3-45540671	East  Health	2676 231, Cottondale, Florida	US
S3-239513422	shiv software limited	महाराष्ट्र, B-301, Nashik, Sarthak Garima Apt, B Wing, Shrikrishna Nagar, Nashik	India
S3-766092930	Suchy Blockchain-Llc	756 Mcclay Rd, Saint Charles CDP, Missouri	US
S3-963060137	The Hubbard Emerging PLLC	1109 Third St, Gowrie, Iowa	US
S3-166792060	Gas	Block A, Wazirpur Industrial Area, North West, 9, Delhi	India
S3-176227458	Nolana Oneill Innovative Center	Lower Cattle Drive, Sisters, Oregon	US
S3-968242445	Desert Interests-Llc	01441 Rock Spring Rd, BEL AIR CP, Maryland	US
S3-415428679	Interfaith  League	254 47, Saranac Lake, New York	US
S3-143604883	Pvt Arihant Tehcology Ltd	E-3206 Rajajipuram, Lucknow, UP	India
S3-171838070	Hoard, Zúlema, D.D.S., DDS [PC]		US
S3-535575535	Star Fréight Dynamics, LLC	416 Burroughs Dr, Buffalo, New York	US
S3-683497800	horizon horizon fusion inc	Skyland Pl, Washington, District of Columbia	US
S3-39377468	Piedmont Fund LP	3000 Mniconju, Fort Yates, North Dakota	US
S3-17474746	Balaji Jin Projects Pvt Ltd	KA, No 687, Vajra, 1St Floor, 15Th Cross, 100 Ft Road, Jp Nagar 2Nd Ph, Ase, Bangalore	India
S3-732183036	Dr Ry Tráders-Bangalore North	A-2/512, Ground Floor, Tu, Bangalore North, Bangalore, KA	India
S3-483530793	Frontier Automobile,  LLC	24225 170th Ave, Illinois City, Illinois	US
S3-291089815	YU Vísion Center Inc.	127 Hollywood Dr, Tuscumbia, Alabama	US
S3-865278818	halceusinsurance.com	15117 Bernadette Court, Chantilly, Virginia	US
S3-338534621	Inc Sterling Systems Agricultural	Ohio, 5792 Furlong Way, Hamitlon CITY	US
S3-294603699	Vantagenovi	H.no 0121 Gst Roadchennai, Chennai, NULL, TN	India
S3-874435753	Tri-State Institute IV Ltd	15373 Us 127, Cecil, Ohio	US
S3-715180353	इंडियन ब्राइट इन्वेस्टमेंट्स प्राइवेट लिमिटेड	BR, C/o Manoj Kumar Vema, Suryapuri Colony Sarita Vihar, Near Surya Mandir, Kendui, Gaya Bihar	India
S3-83551799	@newtech	Flat No 1511 Gaur City 1 Gc-3 North Avenue, Greater Noida West, Gautam Buddha Nagar, UP	India
S3-139430765	Mahadhan (India) Care Private Ltd	Door No 43 Kuber Complex New Link Road Andheri West, Mumbai, MH	India
S3-756686792	Martinez, Georgia, LCSW	280 Foench Rd, N/A, Buffalo, New York	US
S3-654115140	Premier Industrial Industrial Technologies	New York, # Apartment 2, 16. Spruce Street, Lockport	US
S3-243235290	India Aiswarya Securities Limited Center	P.n.#5, Nashik, MH	India
S3-387018710	Chennai Industries Private Límited	#19, Chennai, TN	India
S3-840830227	Metropolitan Dynamic Data	454 150, Morgan CTY, Utah	US
S3-133055798	Midwest Psogmra (Corp)	Wyoming, 157567 Monroe Avenue, Riverton	US
S3-101994186	Samrudhi Traders Traders	773, Budheswari Colony, Khordha, OD	India
S3-327553037	Magic Private Limited (Services)	No 311. A Block Shastripuram, Agra, Artoni, उत्तर प्रदेश	India
S3-32121189	Shri Krishna Enterprises Ltd. Pvt.	Fl 301 Shreyash Garden, Pune, MH	India
S3-959890288	Maitilde Reiss Select LLC Service	807 Columbia Ave, Arizona, Somerton	US
S3-361110978	Human Rights Foundation III Corp	##24307 32nd Avenue Court, Spanaway, Washington	US
S3-383244636	(LLC) Peters Wintergreen	3368 Dickens Rd, New York, Hamburg	US
S3-917098312	beth church #4590	High St, N/A, Columbus, Ohio	US
S3-174892861	Nm Roman (Llc)	6909 Woodhaven Place Dr, Louisville, Kentucky	US
S3-112760406	Viocira	135 Russell Street, Barrington, IL	US
S3-380866103	Super Industries Private  Ltd Trading		India
S3-79544898	Private Unique Industries Ltd	Coimbatore South, 839 290, தமிழ்நாடு, <NULL>, 2Nd Floor, Sri Sai Sanantha Anantha, 555, 556 Poonga Nagar	India
S3-124147981	कृष्णा वन टेक्नोलॉजीज प्राइवेट लिमिटेड	हरियाणा, Karnal, ##817 Shop N.o 192, Gharunda	India
S3-804960297	HOUSING FELLOWSHIP	1664 8 1/2 Ave, Fort Dodge, Iowa	US
S3-97697751	Halokelo F/K/A Harms, Cooper and Roth	610 3rd Street, Granite Falls, MN	US
S3-361075655	Chavez & Livingston L.L.C.	206 Woodmont Dr, Geoorgetown, Texas	US
S3-479458232	Maid Serve Cleaning [Group]	1440 Veterans Parkway Court, Clarksville, Indiana	US
S3-22992872	Jordana's National Ventures LP	Rochester, 28 Fairholm Dr, New York, PO Box 2212	US
S3-359110795	@  Care 9 All LLC	87 Medow St, Naugatuck, Connecticut	US
S3-301507584	Gangesh Solutions Private-Limited	C/o Siddharh Jain, Aligarh, UP	India
S3-900621521	Holmes Gróup	5010 Queensbury Circle, Spotsylvania County, Virginia	US
S3-684009778	Ltd Yb Golden	3 Shivji Marg Westend Greens Rangpuri, New Delhi, South Delhi, DL	India
S3-753858727	Prairie Cambridge Corp	1709 Fountain Rock Way, # C, Edgewood, Maryland	US
S3-682374608	Ram Agro	C-#11 Balaji Indl Estatenavghar Cross Road Bhayandar, Thane, MH	India
S3-97607607	Nerissa Vera Reliable Return Corporation	165. Arrowhead Ln, Bolingbrook, Illinois	US
S3-957935117	பிரீமியர் எனர்ஜி லிமிடெட்	Angappan Naicken Street Parrys, தமிழ்நாடு, Chennai, 95	India
S3-5593542	Bharat Hotel Trading Private	Q-307, Gautam Buddha Nagar, Noida, UP	India
S3-924689169	Aiello-and Gerlach Crumrine LLC	4636 1/2 Arrowridge Drive, Evansville, Indiana	US
S3-202107414	QM Delicacies Pratte Limited		India
S3-274822352	private jay medical limited	Block A-429 75-C, Ii Main Road, Gandhi Nagar, Adyar, Chennai, TN	India
S3-725741956	Pyrairi doing business as Sarasan India Limited	09133, Block Chestnut, Gh 04 Mahagun Mywoods, Noida, Gautam Buddha Nagar, Uttar Pradesh	India
S3-359143386	Atlas Square	Oregon, 3163 Maple Drive, Reedsport	US
S3-700599357	City Traders Pteaae Limited	13/1, Honna Enclave K.n.agrahara, K.r.mohalla, Mysore, ಕರ್ನಾಟಕ	India
S3-42337045	Amrit Ventures Pvt.	BR, Jehanabad, Door No 173 Flat 310 Jagdish Nagar Kako Road, Jehanabad, <NULL>	India
S3-251736651	Best Freight Inc	Granger, 14413d Sedgwick Dr, Indiana	US
S3-564580530	Haryana Works Company	Plot No-5, Tirumalagiri, Hyderabad, TG	India
S3-600439697	Modern Technologies	Samastipur, बिहार, Vill- Fulhara	India
S3-247802965	Star Inc-Services	1 Pineridge Street, Melville CP, New York	US
S3-413232490	Hopkins Bay	Texas, 5839 Beacon Falls Dr, Kingwood	US
S3-259443048	Pediatric Dentistry Inc. Specialists Metro	3609 Simpsons Trace, Maineville, Ohio	US
S3-705219763	Jarlance Miluna	107 Madison Mill Drive, Nolensville, Tennessee	US
S3-281058913	મોડર્ન પ્રોજેક્ટ્સ પ્રાઇવેટ લિમિટેડ	C-811-812, Aalap - B, Limda Chowk, Rajkot, GJ	India
S3-431552929	Houston Hístorical Coalition	10840 North Freeway, Houston, Texas	US
S3-809063440	RELIABLE DESIGN VENTURES	Altus, Oklahoma, 1105a Benson Street	US
S3-173058878	mckeanutilitiesprescott.com	006407 Copper Hill Dr, Presctt Valley, Arizona	US
S3-486043757	Veterinary American [Clinic]	479 Massachusetts Avenue, # 3, Boston, Massachusetts	US
S3-606660628	Mr Hazoor Brothers Pvt.	Ward No. 177 Khavo Ka Mohalla, Guda Vishnoiyan Th. Luni, Jodhpur, Luni, राजस्थान	India
S3-950957858	Sterling Pediatric Dental LP Center	Oakwood Dr, Hallowell, Maine	US
S3-261452353	Harton Veterinary C1inic	4893b 76nd St, # A401, Mukilteo, Washington	US
S3-741670003	sweetbookstore.com	101 Canal Street, # 226, Boston, Massachusetts	US
S3-952627799	Smt Best Investments Prívate Limited	Upper Ground Floor B-1/455, Janak Puri, West Delhi, DL	India
S3-259486578	Satguru &  Company	5, Poona, महाराष्ट्र	India
S3-235551111	Lumicstaked.Com	381 Shire Valley Drive, Missouri City Township, Texas	US
S3-645104940	williams construction	2314 Parkland Way, Norman, Oklahoma	US
S3-876462931	West Institute	Sy:11 Wwork Krishe Emerald Kondapur Main Road, Laxmi Cyber City, Whitefields Serilingampally Mandal, Ranga Reddy, Shaikpet, Hyderabad, తెలంగాణ	India
S3-339304565	mumbai innovators private limited	Govandi Stn. Road, Mumbai, Mumbai City, महाराष्ट्र	India
S3-378683049	Limited St Ipsat	H.no /345 M.k.nagars Salem Seelanaickenpatty, Salem, TN	India
S3-24487979	Harrison Signature Triton Center Ltd	9880-9882 Travertine Trail, Davdson, North Carolina	US
S3-404531478	Veocalo Labs t/a Halcyon LLC	19238 Fields Road, Hounsfield, NY	US
S3-292393851	Howard Inc Service | (www.howardinc.com)	#2920 22, Ashville, Alabama	US
S3-653508663	Evolyra née Vision Complete Medicine, Inc	35 Coleman Circle, Hampstead, NC	US
S3-732371132	Keloriza+ a/k/a Legacy Nippon	105 1st Street, Melcher Dallas, IA	US
S3-902751218	Nutrition	G-7, First Floor Gali No-6, Brahmpuri, Delhi, North East, Delhi	India
S3-715437999	Private Square Consultancy Ltd	Sector B Kalunga Industrial Estate Kalunga Rourkela, Sundargarh, ଓଡ଼ିଶା	India
S3-982850528	GAROFALO VETERINARY CLÍNIC	804 Pedretti Avenue, Cincinnati, Ohio	US
S3-576704131	Allen Legato Co	12 Edgewater Estates, Plattburgh, New York	US
S3-861516579	Platinum Enbridge Co	1405 Salida Del Sol, Chino Valley, Arizona	US
S3-865324736	Micki Gúzman Kochav Partners	154 500, Duchsene, Utah	US
S3-990331765	Hotline	H No 1-11-38/90 Near Sri Basaweshwara Co-Operative Basaweshwara Colony, Raichur, Karnataka	India
S3-211503343	Valley (Fellwsfip)	Clore Road, Harker Heights, Texas	US
S3-523735949	Links  Institute of Technology	404 B, Indore, MP	India
S3-986959235	Build  System	Door No 631. C-3, Gali No.-6, Jyoti Colony, Shahdara, DL	India
S3-916480498	Bison Sciences,	5434. Hunter Road, Oolteawh, Tennessee	US
S3-937782717	sargentlegacyoriental.com	7760 Pintail Dr, Fayetteville, North Carolina	US
S3-688820586	Eye	33 Heatherwood Drive, Texarkana, TX	US
S3-484814536	templefellowshipcom	3545 Archwood Drive, Rocky River, Ohio	US
S3-561753290	Zephsyn One D.B.A. Mira's Couriers	11231 27th Avenue, Village Of Lake Hallie, WI	US
S3-188629396	Dr Krv Traders Private	D.no.040-1-16/65 Kasturi Nagar 1, Visakhapatnam Region, Vishakhapatnam, AP	India
S3-159995814	Milligan Patriot Rmg Llc	21203 26400, Portage, Utah	US
S3-902296971	DIGIPRO SEVALAL	B-701/702, 7Th Floor, Flexcel Park, 184-87, S. V. Road, Jogeshwari West, Jogeshwari West, Mumbai, MH	India
S3-505789243	Krn Limited Center	H-95., Siddarth Nagar, Jaipur, राजस्थान	India
S3-546006522	Sullivan Inc (Services)	721 Ford Avenue, Ohio, Barberton	US
S3-707729237	M/s Apex Ventures Private	#21, KA	India
S3-290441466	Camille R. Hart, D.O., LLC	Hesperia, California, 10342 Balsam Avenue	US
S3-67925606	nsmontessori.com	295 Fowler Street, Roseburg, Oregon	US
S3-430084636	Umbrasolzeta	B1-1602/6, Noida, Gautam Buddha Nagar, UP	India
S3-983667890	Urban Builders Private Limited	Tirumalagiri, Hyderabad, E-22, Mahadevapuram Colony, 2-067, TG	India
S3-233806631	Cure Cafe Inc Services	01308 Pickwick Park Ct, Franklin, Tennessee	US
S3-372973741	Limited Prism Retail Services	C/o-puspanjali Routray, Wo, Tusar Jena, Aradichhaka, Bhadrak, N/A, OD	India
S3-849263779	ગોલ્ડ હોસ્પિટાલિટી પ્રાઇવેટ લિમિટેડ	Shed No 754. 2, Gidc Makarpura, Vadodara, GJ	India
S3-114877487	Lyracira doing business as Value News	1327 Encore Lane, Waxhaw, NC	US
S3-927648033	M/s Safar Private Limited Partners Partners	Vill Mahasunda, P.o. Bhupalpur, Raiganj, North Dinajpur, WB	India
S3-771316043	Vilinis	##5421 Lavender Dr, NULL, Princeton, Texas	US
S3-600106648	nice nice college	Hn 523 Shashinag Complex, P.ghlakatti Road(770 Ling Road) Bijapur, Bijapur, KA	India
S3-91048038	elsi fuentes better fashion llc	123 Delta St, Lexington CITY, North Carolina	US
S3-445037333	Greener Association Pvt	C/o Vedprakash Palariya, Ajmer, NULL, RJ	India
S3-697587740	The Vps Builders Corp	H No- 150/A, Tili Ward Sagar Sagar, Sagar, मध्य प्रदेश	India
S3-944074135	Value  Preferred Taiwan LLC		US
S3-758061207	Burlington Services	No.50, Bangalore North, KA	India
S3-763220815	@Sweetdeli	1410 Whitpain Hills, Whitpain Township, Pennsylvania	US
S3-17049560	Shree Lógistics LLP		India
S3-491935776	Limited Novel Of Technology Private Center	Door No 534 15, Meera, L D Ruparel Marg, Malabar Hill, Mumbai, MH	India
S3-556379461	Quality  Copley,	83-35 116 Street, Richmond Hill, New York	US
S3-189653448	Chatura Herbs Ltd	MH, Pune, B/804	India
S3-871974338	Surya Private Tech-Limited	Shop No 409, Building Samarth Vaibhav Off New Link Road, Oshiwara, Andheri Wes, T, Mumbai, Mumbai City, महाराष्ट्र	India
S3-117127268	Worden, Beasley Smith Partners	130 Mian Street, Dalton, Ohio	US
S3-516641012	Jkc  Ias Private Ltd	E-##306, Ahmadabad City, Ahmedabad, GJ	India
S3-429038376	Lucas-Bce Services	648 Grimes Road, Hampton, Virginia	US
S3-913035218	Southern Héalthcare Pvt Ltd	Block Road Lathikata, Sundargarh, ଓଡ଼ିଶା	India
S3-389250990	Rapid Business Systems	8415 Drexel Avenue, Chicago, Illinois	US
S3-671116323	Carroll's Harbor Therapy Occupational LLC	455 Recker Road, Unit 1080, Gilbert, Arizona	US
S3-197667608	Ltd Rajrani Natural	14/ First Floor, Plot - 289/293, Sopariwala House, Shamaldas Gandhi Marg, Marine Line, महाराष्ट्र, Mumbai City, Mumbai	India
S3-956438969	Wi1low Flexible	Portland, Tennessee, 119 Cody Circle	US
S3-478390360	Tower Ventures Private	B1 F1, Tiruvallur, Ambattur, TN	India
S3-647176787	Duval And Roemer Kimco Corp	11 Ivy Dr, Little Rock, Arkansas	US
S3-60354382	White Geis & Rising	606 Shady Oak Court, Terre Haute, Indiana	US
S3-58837472	Bright-Construction Limited	2-1St Floor, Spd Plaza, 52, Jyoti Niwas College Road Koramangala Industrial Layout, Koramanga, La, Bengaluru, Bangalore, KA	India
S3-322277654	Industrial Traders Corp	Sr No 163/2A, Pune City, Pune, MH	India
S3-177076342	-- 2511 Road Company Services	2124 Seventh St, # A4, Lumbertn, North Carolina	US
S3-913156647	TETECQUE	#517 De Pere St, Menasha CP, Wisconsin	US
S3-331605567	úmadison.com	106 17th Street, Oak Island, North Carolina	US
S3-41678735	Satya Hospitality Of Adnheli (West) Pvt Ltd		India
S3-146779637	Sterling Fields	Texas, Fort Worth, Chimney Rock Rd	US
S3-129899149	Integrated Sécurity Consultants,	##79 Nassau Ave, West Babylon, New York	US
S3-983522003	Hydro  Ho1dings	No.12/174, Block -A, Vgn Avenue, Chennai, Plot No.32, Poonamallee, TN	India
S3-213330432	#1753church	3432 116th St, Chicago, Illinois	US
S3-562977293	Wildlife  Committee	14476 Bass Lake Road, Newbury Twp, Ohio	US
S3-531758981	Martinez Liberty Cbre ([LLC])	312 New England Avenue, Columbus, Ohio	US
S3-16911871	Taylor-Association	2512 Wilson Blvd, Unit 1 APT 101, Winchester City, Virginia	US
S3-182720772	Pediatric Dentistry  Atlantic Clinic LLC	321-323 Council Ave, Anniston, Alabama	US
S3-851617613	Gutierrez Total  Sab Inc	545 Summit Avenue, Crookston, Minnesota	US
S3-619492183	Gold Infra Limited Partners	H.no 85 Gopal Nagar-a Gopal Pura Bye Pass, Jaipur, RJ	India
S3-481390362	ANIMAL HOSPITAL INC.		US
S3-282836206	Heart1and Cartesian	152 Monument St, Noblesville, Indiana	US
S3-93747368	Shakti Media	Vill & Post Itiyathok Market Kharagpur Road, UP, Gonda	India
S3-828246303	Urgent  Care United Partners	2600 Bluefield Avenue, Nashvillle, Tennessee	US
S3-993123991	private krv traders limited	D.no.040-1-16/65 Kasturi Nagar 1, Visakhapatnam Region, Vishakhapatnam, ఆంధ్రప్రదేశ్	India
S3-944086362	Ashlen Zucker Bold Llc	3703c Mountain Park Cir, Mountain Brook, Alabama	US
S3-793502918	Patriot Endocrinology Associates LP	36 Sepridakis Terrace, PMB 2131, Cambridge, Massachusetts	US
S3-559576431	Coleen Evans Medicines Llc	34 Eastern Avenue, South Deerfield, Massachusetts	US
S3-288850919	Houston Coalition Historical	10840 North Freeway, Houston, Texas	US
S3-839022371	THE DENT NAILS LLC	101 Mary Street, Emporia Township, Kansas	US
S3-492610452	Small & Mckenna Care Co	Farmers Branch, 2635 1/2 Wicker Ave, Texas	US
S3-878081947	OM SERVICES PRIVATE LIMITED	##45, New No. 7 5Th Avenue, Harrington Road, Chetpet, Madras, Chennai, தமிழ்நாடு	India
S3-22154519	Candis's Apex Tire Shop	17215 1/2 Vintage Wood Ln, Spring, Texas	US
S3-462619403	Summit ínstitute	5495 A Street, # Apartment 76, Springfield, Oregon	US
S3-239162082	Aarvraj Transport LLP	Thane, Kalyan, A5 Sevadham Shripal, Ngr Rajaji Cross Rd, महाराष्ट्र	India
S3-468071974	Okeefe Services #84539	2833 Bishop Meade Rd, PO Box 164, Boyce Township, Virginia	US
S3-688148836	Drexfluxnovi formerly known as Economic Development Program Corporation	1410 La Paz Drive, Ojai, CA	US
S3-743671585	Rubio, Lyons And	5523 Echols Rd, Cabot, Arkansas	US
S3-545410049	Services Bhavani Tech	D-234, Gurgaon, HR	India
S3-452664537	Dst Memorial Trust	Office No. 13, Shree Siddhivinayak Co- Op. Society Plot-26, Sector-10, Airoli, Thane, Navi Mumbai, MH	India
S3-275330783	Bangalore North [French]	ಕರ್ನಾಟಕ, Bangalore North, B3/289/a 4Th Main 7Th Cross, Bangalore, Ams Layout	India
S3-451389557	Pinnacle Khhostse	Radisson Rd, Seneca, South Carolina	US
S3-43764676	Lofloex  PLLC	2795-B Market Street, Gilbert, Arizona	US
S3-601581474	Hernandez-Apex Chemical Partners	10280- Park Street, Smithfield, Virginia	US
S3-217096927	Womens Health Clinic LLC	570 Turtle Neck Road, Aleaxnder CITY, Alabama	US
S3-865369084	डिजिटल एस्टेट प्राइवेट लिमिटेड	R No.2 L K Pawashe Chawl Pawashe Nagar Kopar Road Kopargaon, Kalyan, Thane, MH	India
S3-649920953	Gildavi Formerly Big It Limited	No.Pp5/255, 256, 257, 258, Thrippanachi Po, Pulppatta, Ernad, Malappuram, Malapuram, Kerala	India
S3-817273863	గెలాక్సీ ఇన్వెస్ట్‌మెంట్	Door No 8-9-39, Khila Bazar, Inside Fort, Khammam, Rtc Depot Road, Khammam, TG	India
S3-70628803	thompsontristatesouthern.com	2225 Simmental Rd, FT. WORH, Texas	US
S3-621230632	nguyen freedom	W View Acres Avenue Extension, Hickory, North Carolina	US
S3-822513321	Family  Specialists	12306 Main Campus Dr, Building North Building, Lexington, Massachusetts	US
S3-980247751	Technology Equation-Service Private (Limited)	MH, Mumbai, Plot No 131	India
S3-134131490	Sun Téch Private Limited	Offsce No.1104, 11Th Floor, The Pacific, Plot No.229 Sector 13, Kharghar, Navi Mumbai, Panvel, Raigarh, MH	India
S3-100367962	Tribble Ridge Wells	112-20 103 Ave, South Richmond Hill, New York	US
S3-190663753	बिग इन्वेस्टमेंट्स प्राइवेट लिमिटेड	Flat No-101, Plot No. B-3, Sector-19/20, Ges Belapur, Thane, महाराष्ट्र	India
S3-76187376	*** ACE SUPPLY, CORP	413 Birchwood Dr, Salisbury, Maryland	US
S3-809163603	Pediatric Partners	11816 435, Adair, Oklahoma	US
S3-396651107	burnett and osborne, llc	502 Belden St, Sherman, Texas	US
S3-348041774	Irmncglad Inc.	2316 Birchwood Dr, Dubuue, Iowa	US
S3-117213651	Deeanne Biaiy Superior Robotics PLLC	7355 1/2 Perrydale Road, PO Box 2950, Polk County, Oregon	US
S3-143621167	Sri Build System	#631. C-3, Gali No.-6, Jyoti Colony, Shahdara, DL	India
S3-501545655	North Kyheimroe Hamilton Hamilton		US
S3-645572469	Federal Systems, Inc Partners	6633 Wycombe Way, # Apartment C, Parkville, Maryland	US
S3-30695814	2010 Broadway Place  Realty Inc	501 321, York, South Carolina	US
S3-178248291	American Optimal Kongsberg	Road 5914-35, PO Box 4303, Cleveland, Texas	US
S3-305135657	-- Sadanand Hospitalities Corporation	A-6-23, Jodhpur, Nagaur, राजस्थान	India
S3-731536532	Dr Suvira-Solutions Pvt Ltd	V01, Poona, Pune, MH	India
S3-362541868	Pediatric Dentistry Optimal	Webter, 31 Loveland Road, Massachusetts	US
S3-277112989	Bibi Bós		US
S3-123166981	New Delhi Granites Private Limited	G-3a, New Delhi, DL, New Delhi	India
S3-253191659	jacklin armendariz tailwind	50 Charles Street, Boston, Massachusetts	US
S3-628646071	The Value Wireless Corporation	226 143, # 9C, Brian Head City, Utah	US
S3-845036443	Womens Héalth Medicine	Indiana, 2109 Brown Saint, Ft Wayne	US
S3-212532032	lyndsiecaffreyaustralia.com	10405 45th Ave, Plymouth, Minnesota	US
S3-80249866	Kesteon Services	164 1/2 Water Saint, Fredonia, New York	US
S3-542533617	Mr Perfect Producer Private	D-1604 Bptp Freedom Park Life, Sector-57, Gurgaon, N/A, HR	India
S3-924542678	Harms Roth & Cooper	610 Third St, <NULL>, Granite Falls, Minnesota	US
S3-828137950	Gustafson and Wislesr Wislesr	8203 Hidden Point Dr, Glasford, Illinois	US
S3-638362908	Machinists Union Local No 992	15733 Lundberg St, Surrpise, Arizona	US
S3-24666580	Srour, Jackson Salem Inc Services Services	1657 17 Mile Road, NULL, Riverton, Wyoming	US
S3-735525055	GES	10199 Us 41, Monteagle, Tennessee	US
S3-755156614	East Health Center Corp	2676 231, Cottondale, Florida	US
S3-201835671	Delta  Karman Inc	134 Green Drive, Unit Suite A, Avilla Township, Indiana	US
S3-373981960	technologiessawinfrastructurescom	C/o Lekh Ram, Kathoowas, Kotputli Behror, Alwar, राजस्थान	India
S3-707097958	Pariae RK Solutions Limited	Rajsamand, H.no 0781/38 1Kheta Ji Ka Jav, राजस्थान, Sikar	India
S3-200478825	Qualconsafety.Com	No.41 Jayalakshmi Nagark K Nalar Tliruchirapalli, Tiruchirappalli, 620 001, தமிழ்நாடு	India
S3-152942283	Yingling (Corp)	8810 Claiborne Dr, Evansville, Indiana	US
S3-70206105	Pune Company Center	No 25 S No. 372 A, F Pl 299, S Pl 6, North Main Rd Koregaon Park, Pune, Pune Dhole Patil Road, MH	India
S3-580265449	Tellez Gss LLC		US
S3-714570794	North Best Computing Ínc	17728 Riverside Dr, Patriot, Indiana	US
S3-597217562	#tejoraabroad	S.no.b3/118, Showroom No.4, 5, Bhamini Arcade, Parvati, Pune City, Pune, MH	India
S3-515734506	New Delhi Technologies	House No. 059/159 Kh. No. 568/110/18 Ground Floor Ganesh Pura - B, New Delhi, दिल्ली	India
S3-760176426	east delhi color private limited	##621 Dda Lig Flat 134A, Sec-a, Pkt-2, Kondli, Gharoli, East Delhi, DL	India
S3-130004166	डिजिटल एस्टेट प्राइवेट लिमिटेड	R No.2 L K Pawashe Chawl Pawashe Nagar Kopar Road Kopargaon, Kalyan, Thane, MH	India
S3-314516975	Fortune Services	Block C-278 Harshad Hotel, B. No. 16/1, Murshedpur, Ahmednagar, Jamkhed Road, Ashti, Beed, Bid, MH	India
S3-996954292	Rhea Rh Pattana, LLC	66 Berkley Road, Gulrey CITY, Alabama	US
S3-870036326	Asset  Building Ministries	6716 289th Street, Valley, Nebraska	US
S3-745893016	Zamora Express Private	27 Rivers Run Blvd, Oak Ridge, Tennessee	US
S3-449144770	Avijax fka Rowland & Cortez LLC	MA, 6 Lombard Street, Plymouth	US
S3-615830313	Private New Delhi Projects Ltd	House No #692 Second Floor Bijwasan Near Sunday Market, New Delhi, <NULL>, DL	India
S3-258967414	Drexvantage	110 1st St, # Apartment 303, Chaska, Minnesota	US
S3-851996834	Marketing Sunligt Resorts Private Limited	H.no 59, Harmony Apartments, Sector- 4 Pocket- 1, Dwarka, West Delhi, Delhi, दिल्ली	India
S3-245072131	... Williams Desert Ofs LLC	Stantonbsurg, North Carolina, 303 Applewhite Avenue	US
S3-357856262	Ace Smart  Giant Inc	316 Candy Ln, Lousville, Kentucky	US
S3-716234883	Taber  Communications	18604 36th Avenue, # C, Lynnwood, Washington	US
S3-994541802	Cephas & Associates Prívate Limited	C-44, Greater Kailash Colony, Lalkothi, Jaipur, राजस्थान	India
S3-774386125	MATHIEU TOTAL INFLECTION INC	3401 Cleveland Avenue, Plover, Wisconsin	US
S3-303573515	Solutions  Amatya Ltd Services	Supreme Forest Avenue Tower, 6Th Floor Katol Road, Nagpur, MH	India
S3-575851627	Shri Global Trading Private Ltd	101, Tardeo, Mumbai, MH	India
S3-966371752	Lovett Trust  LLC	33532 Bluff Road, Boring, Oregon	US
S3-25444627	Lorette Arnold, D.O. (Center)	8001 Old Dominion Road, Virginia, Albemarle County	US
S3-438688031	SMITH EXPRESS HARBORS	83512 800, Jasonville, Indiana	US
S3-908145457	pediatricdentistryatlantic.c0m	321-323 Council Avenue, Hobson City, Alabama	US
S3-630591685	The Partida Ridge Grayscale L.L.C.	656. Tradition Trl, River Falls, Wisconsin	US
S3-703872324	Intent Seva	A-15-02, Mumbai, Mumbai City, MH	India
S3-823102841	Northwind (LLC)	7844 Culloden Crest Ln, Prince William County, Virginia	US
S3-822652807	Jaxectoiri Labs	Dp-5A-Sidco Industrial Estate Thirumazhisai, Chennai, Kancheepuram, Tamil Nadu	India
S3-243912301	Watson Costamare (Inc)		US
S3-41863738	National LLC-Partners		US
S3-778270843	INDIABULLS & BROTHERS LIMITED		India
S3-89463263	Aarvansh Farms Public Ltd	Gf-03, Anushri Complex, Nr. Champaner Society, Usmanpura, Sanoda Tal Dehgaum Dist Gandhinagar, Ahmedabad, ગુજરાત	India
S3-10232253	Tech Logistics Corporation	Plot No.2/679, Bhagirathpura Industrial Area, Indore, मध्य प्रदेश	India
S3-72409318	Star Inc Services	1 Pineridge St, Melville CP, New York	US
S3-48091949	Gutierrez  Interests Inc	18051 Fairville Avenue, N/A, Cleveland, Ohio	US
S3-954758191	(India) Tánya Solutions Private Limited	Door No 40/8080Sha Complex 3Rd Floor Mullassery Canal Road, Ernakulam, KL	India
S3-817820682	Pediatric Physicoans	11805 32nd Street, Santa Fe, Texas	US
S3-810075437	Valencia  Corporation	853- Hanna Leigh Trl, London, Kentucky	US
S3-793677440	Twisted Déli	00194 Charlotte Street, Unit Unit 1, Rochester, New York	US
S3-313625533	Physical Therapy Green Associates	216th Avenue Court, Bonney Lake, Washington	US
S3-131678160	Solfayexylo t/a Shepard, Clarisse, M.D.	867 Cable Creek Road, NC, Asheboro	US
S3-536067778	The Dent Pub LP Services	3110 48th St, Omaha, Nebraska	US
S3-617533799	Detwiler & Merchant	889 Wilda Romd, Stuarts Draft, Virginia	US
S3-653508172	Gem Gem Farming (India) Company	KA, Bengaluru, Synergy House, 17Th Cross, Service Road M C Layout, Vijayanagar, No 27, Bangalore	India
S3-421749210	Kimberlee Waters ([Oncology])	915. Flag Pole Hill, Marion, Ohio	US
S3-756982843	GUTIERREZ VETERINARY CLINIC	Huntington, 15 Fairfields Lane, New York	US
S3-26355029	Nexxylo	13116-B Norwood Rd, Raleigh, North Carolina	US
S3-166234762	ಏಸ್ ಲಾಜಿಸ್ಟಿಕ್ಸ್ ಪ್ರೈವೇಟ್ ಲಿಮಿಟೆಡ್	No. #6, Vinir Tower, Starttopia Hub International 100Ft Main Road, Btm 1St Stage, Bangalore, KA	India
S3-639062916	Ross Plum LLC	670 Waterworks Rd, Williamstown, Kentucky	US
S3-81815294	Temple  Synagogue Corporation	4780 136th Street, NULL, Omaha, Nebraska	US
S3-233967791	Ravin Bhrráni Ltd	A-201, Shree Sai Tapovan Chs Ltd Bhd Swastik Nagar, Bhaindar East, Bhaindar, Thane, MH	India
S3-351302395	Temple Ministries Association	Connecticut, East Hartford, 32 Main St	US
S3-551454694	Drexnoviorbi formerly: Vantis Arrived LLC	406 C Elm Street, Pittsburg, KS	US
S3-529861153	Vigliotti,-Sanchez & Harris Inc	14 Fernwood Drive, Fl N, Texarkana CTIY, Texas	US
S3-262462544	Said  Inc Assets	337 Galapagos, Tucson, Arizona	US
S3-900789819	Garcia Meshtlow Meshtlow	0595 Main St, Booneville, Arkansas	US
S3-469586369	प्राइम इन्वेस्टमेंट	H.no G-3, Sakinaka, Mumbai, महाराष्ट्र	India
S3-856978123	Varshita Food Pvt	F-701, Park View City-2 Sector 49, Sohna Road, Gurgaon, HR	India
S3-873339278	Bennett and Flynn	53 Tripp Lake Camp Rd, PO Box 8427, Poland, Maine	US
S3-684458596	Bryant Factory Reliable	212 Renard Ct, Fl 0, Annapolis, Maryland	US
S3-20900208	Secure Electronndcs Company	5871 6th St, Minneaolis, Minnesota	US
S3-975030233	Xyloevo DBA: Highland Pacific Technologies L.L.C.	1108 Limestone Court, Chesapeake City, VA	US
S3-657761004	Cephas &  Associates Private Limited	C-44, Greater Kailash Colony, Lalkothi, Jaipur, RJ	India
S3-702979864	*** Samarpan  Engineering (India) Center LLP (ID: 16726)	1St Floor, NULL, Amritsar, ਪੰਜਾਬ	India
S3-70114946	Coeus Projects Associates Limited	802, Patna, बिहार	India
S3-692665271	662-663 WEST Owners CORP	2110 Haes Avenue, Corvallis, Oregon	US
S3-568908882	Davis LLC Corporate	602 Pierre Street, Belgrade, Montana	US
S3-858203235	Ltd Shivani (India) Pvt Center	UP, Noida, Gautam Buddha Nagar, #00595 B-16second Floor Sector-64	India
S3-588179441	ND Staking Inc.	Governors Lane, Hoffman Estates, Illinois	US
S3-882387316	Aldape Tri-5tate Plus LLC	425 N Shore Rd, Norfolk, Virginia	US
S3-971807209	Brownlee Supor  Strategy LLC	Arkansas, Powhattan, 2-B Lawrence 229 Road	US
S3-715248076	Campaign  Clinic	Vishnukumari Chhetri Residence, Near Radhe Krishna Temple, Meghpur, Jamnagar, GJ	India
S3-476485986	Paquette West [Inc.]	Hogue Rd, Evansville, Indiana	US
S3-367957488	Urology Clínic	Sandy Dr, Ferguson Twp, Pennsylvania	US
S3-14108540	... Primary Care Specialists LLC Board	195 Sewall Rd, Farmington, Maine	US
S3-302963187	Empire Foundation Corporation	34676- Wesley Rd, Wilmington, Illinois	US
S3-308827927	ഇന്നൊവേറ്റീവ് ഇംപെക്സ് എൽഎൽപി	Door No 2Nd Floor, Thiruvananthapuram, Trivandrum, KL	India
S3-661836211	Tatiania Montenegro Holding LLC Center	419 Aiken Road, Shelbyville, Kentucky	US
S3-170125075	Roopva [Chemicals]	C/o Ram Saran Adhirajpur Naraicha, Fatehpur, UP	India
S3-272308963	Pivte Seven Marketing Limited	Amar Manor Shop No.10, Pune City, Pune, MH	India
S3-161200260	Firefighters Union Local No 424 Corp	155-159 600, Indiana, Anderson	US
S3-91298569	Adwin Gr0up Of Companies Ltd		India
S3-938543513	#1 Mooagehmet LLC	249 Middletown Road, # Unit 3D, New York, Nanuet CITY	US
S3-927648115	Global Global Private (Ltd)	H.no. 11627, Ludhiana, PB	India
S3-915240944	Sri -- Bright ápna Private Limited	UP, Door No 386 H.n.64, Meerut	India
S3-124396128	Garcia Meshflow LP	0595 Main St, Booneville, Arkansas	US
S3-480344354	Tiruvallur Electronics	No. ##94, Tiruvallur, Thiruvallur, TN	India
S3-671503089	Peridium LLC Currencyshares	318 Jenifer Street, Germantown, Illinois	US
S3-870583823	Delta Family Practice (Inc)	Texas, Houston, 4120 Main St	US
S3-420398013	Back Alley Massage Enterprises		US
S3-164865700	Diva Private Limited Partners	820/2, Runanubandh Apartments, Manas Lane, Pune, Off Bhandarkar Road, MH	India
S3-144812695	Hanssen & Kolar	309 Spuce St, Charlottesville City, Virginia	US
S3-861713149	4096 Park Court Partners (Inc)	478 Guthries Green, King And Queen County, Virginia	US
S3-171233500	Smt Amar Sangh		India
S3-924171306	Tattva  Education Private Limited	H.no G-14-31, Villa No. 31 & 32, Prestige Park Beside Gvk Emri, Medchal Highway, Gundla, Pochampall, Hyderabad, TG	India
S3-189877835	Vijayawada Automation Private	D.no:40-7-12a, Srikakulam, Vijayawada, AP	India
S3-411688651	Smt Pink Engineering Limited Center	Ps Srijan Tech Park, Dn-52, 12Th Floor, Sector-v, Saltlake, North 24 Parganas, পশ্চিমবঙ্গ	India
S3-865779062	Vision Care of  Center	#2392 Country Club Rd, Tucson, Arizona	US
S3-322183851	communityfederation.com	01698 Natures Way, Lindenhurst, Illinois	US
S3-251001347	Torres Douglas		US
S3-332347831	Elite Intustgres Private [Limited]	Second Floor, New Delhi, West Delhi, दिल्ली	India
S3-468806222	Miranyla t/a First Triumph LLC	42 Riviera Drive, Smithtown, NY	US
S3-899501556	A Wellness Inc (Services)	3809- Terrace Dr, Virginia, Fairfax County	US
S3-279694098	Craver and and Askin Communications, Incorporated	30 Stout Cv, Covington, Tennessee	US
S3-824242493	Bright Construction	Doro No 2-1St Floor, Bengaluru, Bangalore, KA	India
S3-386601458	Sky Heights (India) Private	Hn D/394 20-34, Visakhapatnam, Vishakhapatnam, AP	India
S3-694615605	Preferred Alliance Service	Wilkins St, Unit APT A, Indianapolis, Indiana	US
S3-924191967	YL-Prime	Westville, Indiana, 600	US
S3-310261700	-- Petersheim, Edithe A., DPM, DDS (PC)	4331 Lake Shore Drive, Wishek, North Dakota	US
S3-517158562	Mecham	304 Sandy Lane, Chandler, OK	US
S3-1055912	Dermatology Center	24413 38th Avenue Court, Washington, Spanaway CITY	US
S3-835149805	Super Industries Private	Ground Floor L-complex Buildign, Kottayam, KL	India
S3-111844861	Precisi0n Realty Company	20870 Co Rd Hj, Archbold, Ohio	US
S3-363511934	Cascade James Ínc	##429 Fourth St, Flatonia, NULL, Texas	US
S3-209951092	Irilyra DBA: Boliex Co	127 Twin Lakes Circle, Martinsburg, WV	US
S3-541557444	Lamoureux Signs		US
S3-330523048	Arcdrex	244 Antler Avenue, Redmond, Oregon	US
S3-405941797	Liberty [Trg]	7843 Huber Ct, Indianapolis, Indiana	US
S3-49062854	Haubrich and Showalter  Corp	1400 Florida Avenue, Unit 509, Washington, District of Columbia	US
S3-915243092	SG Mmgaoia Pvt.-Ltd.	137/11 Parag Opp Policeground Off F C Road Shivajinagar, Pune, MH	India
S3-56331466	Oncology Cnínmc		US
S3-124133108	சாய் ஃபவுண்டேஷன் Pvt Ltd	221, Sivaganga, TN	India
S3-984248051	Technologies Associate Concept	KL, T.c. 10/24-1, Thiruvananthapuram, Trivandrum	India
S3-485882240	Pipefitters Local Union 85 Ltd	2733-2735 Cryodon Boulevard, Columbus, Ohio	US
S3-383717450	Packaging	North Carolina, Asheville, 49 1/2 Mckinnish Cove Drive	US
S3-705576362	Core Consultants Co	66/D K.n.c Road, Barendra Para, Barasat, N/A, পশ্চিমবঙ্গ	India
S3-337728991	Best	2986 Fulton Drive, Unit T3, Atlanta, GA	US
S3-768720534	Pediatric Partners-District	Adair, 435, Oklahoma	US
S3-416174271	Tech Denovo Consulting Private Ltd	2, Mumbai, Mumbai City, MH	India
S3-196784074	Urban Private Limited Service	167, 3Rd Floor, 7Th Cross, 2Nd Stage 2Nd Block, Bda Layout, Nagarabhavi, Bangalore, ಕರ್ನಾಟಕ	India
S3-874894953	Sun Trading Private	C-7 First Floor Sinder Dump Yojna Sardari Khera Alambagh, Lucknow, UP	India
S3-537105824	LLC, Layney Custom Neurosciences Finley	14 Ledyard St, Springfield, Massachusetts	US
S3-245047994	Firefighters Uono Local No 424	155-159 600, Anderson, Indiana	US
S3-21505938	HK Pée Pvt. Pvt. Ltd.	A-606 Blue Pearl Link, Road Chincholi Bunder, Mumbai, Malad West, महाराष्ट्र	India
S3-496500024	Haryana Works	Plot No-5, House No-4-2, S23/5, Water Front Enclave, Miyapur, Tirumalagiri, Hyderabad, TG	India
S3-260461206	GY Vedillage LLC	Ohio, Canton, 920 Dartmouth Ave	US
S3-502949155	Lumic Staked	Shire Valley Dr, Missouri City Township, Texas	US
S3-801209818	Bharat Private Limited Center	Door No 4 Sadanand Road, Ground Fl, Kolkata, null, WB	India
S3-277138200	LLC First Triiomph	Smithtown, New York, ##42 Riviera Dr	US
S3-96394728	Classic Projects Private (Limited)	Door No 398 Golden Jublee Ants, Chennai City Corporation, Chennai, TN	India
S3-287665295	Uptown-Bistro 5ervices	13145d Robert Alvarez Drive, Town Of Clint, Texas	US
S3-285420497	New Prívate Limited Center	Hn 9-834 Shiv Shakti Intl School, Jaipur, RJ	India
S3-834770646	... Integrated Security Consultants, Llc	West Babylon, ##79 Nassau Ave, New York	US
S3-809711961	Twisted Deli	New York, Rochester, 00194 Charlotte St	US
S3-271911618	Chiropractic-Specialists	27525 Mechanicsville Rd, Mechanicsville, Maryland	US
S3-585026465	Edwards (Secure)	Rolling Shores Court, Humble, Texas	US
S3-493411855	GY Village L.L.C.	920 Dartmouth Ave, Canton, Ohio	US
S3-576784570	Bierly-News Inc.	6954 Jackson Ct, Merrillville, Indiana	US
S3-462330355	Shree Public Slo	Ck 8/84, Varanasi, उत्तर प्रदेश	India
S3-997882915	United Initiative LLC	37 Mackenzie Ct, New Castle, Delaware	US
S3-212488103	íconicmemorialtrust.com	Block B-325 N.17, Udupi, KA	India
S3-382727673	E. Fuentes Better	123 Delta Street, Lexington, NC	US
S3-979275375	ಸೌತ್ ಫುಡ್ಸ್ ಪ್ರೈವೇಟ್ ಲಿಮಿಟೆಡ್	H.no 35, 1St Main, 4Th Cross, Nanjappa Layout Above Srinivasa General Store, Adugodi, Bangalore, ಕರ್ನಾಟಕ	India
S3-80795199	B O Communities LLC Services	Mattapan St, Boston, Massachusetts	US
S3-140784517	Desiri Hancock L.L.C. Services	125 New Ludlow Rd, Chicopee, Massachusetts	US
S3-800429081	Halocaloumbra formerly known as Stevens Canadian	52 Juniper Drive, Saugus, MA	US
S3-373445139	Js Dealtrade Limited Center	6/108.D, Kulathupatti Pirivu, Dindigul, தமிழ்நாடு	India
S3-420920643	Shri Global Global Private Ltd	11627, Street No. 1 Sahibjada Ajit Singh Nagar, Behind Sange, Et Cinema, Ludhiana, ਪੰਜਾਬ	India
S3-741796276	Martinez Cgrrn-LLC	208 Wichita Ln, York County, Virginia	US
S3-730067610	M/s Indian Biulamdos Private Limited	00406 H. No.-475, Gurgaon, HR	India
S3-577002642	एस कंसल्टेंट्स प्राइवेट लिमिटेड	703, Mumbai, MH	India
S3-56362275	Stevenson Project	138 Boylston St, # 56, Boston, Massachusetts	US
S3-274085997	Inc Vision Atlantic Physicians	0305 11th Street, # 505, Ocean CITY CITY, Maryland	US
S3-129506407	KIC  National Art	#80 24, Beulaville Towship, North Carolina	US
S3-656611296	Leverex (Cenomertr)	260 Cheney Way, Boulder Creek, California	US
S3-407735495	Bay Montessori School  LLC	6135 Tecate Drive, Brownsville, Texas	US
S3-244725045	विजय इंटरनेशनल लिमिटेड	MH, Nagpur, Hn 1-792 401, Nagpur	India
S3-688894617	Shiv Private Chit Limited	Hn #603 E-223, Jaipur, V.k.i. Area, RJ	India
S3-182763701	Innovative Marketing Brands - 9096504154		US
S3-347425924	Danville Cornerstone-Tidewater	1020 Campbell Ln, Daanville, Illinois	US
S3-144527934	Mears, Rodriguez And Johnsnn	709 Dean Ave, City Of Monona, Wisconsin	US
S3-330175647	शक्ति गैलेक्सी कंसल्टेंसी	A/13/1 South Side G T Raod Industrieal Area National Highw, Ghaziabad, Delhi, UP	India
S3-692113675	Value News Inc	1327 Encore Lane, Waxhaw, North Carolina	US
S3-664170891	Ramirez and Kulow	025 Sugar Hill Dr, Moscow, Tennessee	US
S3-179329343	sterlingmedicalpartners.com	4548-4550 Flintville Road, Whteford, Maryland	US
S3-362003328	The James Elite Otg LLC	2061 Connelly Springs Road, North Carolina, Cajah'S Mountain	US
S3-844229002	The Ford Institute of Technology	Ripley Island Rd, Afton, Tennessee	US
S3-391156953	Mcpherson & Elcs Plutonian [LLC]	8834 Willow Green Drive, Sandy, Utah	US
S3-124383535	Mr Kiran Travels Co.	H Near Pole No 45, Pherwan Panna Vill Jharoda Kalan, Najafgarh, West Delhi, New Delhi, दिल्ली	India
S3-916950179	श्री ईस्टर्न कंसल्टिंग प्राइवेट लिमिटेड	Shop No. 5, Mumbai City, Navi Mumbai, महाराष्ट्र	India
S3-269112663	கேலக்ஸி இன்ஃப்ராஸ்ட்ரக்சர் பிரைவேட் லிமிடெட்	Hn 489 C-108, 5Th Cross East, Fort Station Road Thillai Nagar, Tiruchirappalli, TN	India
S3-251267279	Ables + Alexander  Block		US
S3-826111852	LLC J0nes Pfkba,	104 1/2 Franklin Street, Ithaca, New York	US
S3-229597006	Orbiflux formerly: Layney Finley Custom Neurosciences LLC	14 Ledyard Street, Springfield, MA	US
S3-753439785	Oorja Infra Prívate Límited	G-1054 Sobha Amethyst Whitefield Hosakote Main Road, Bangalore, KA	India
S3-765895556	Express Partners	Woodburn Drive, Swannanoa, North Carolina	US
S3-389255963	Internal Medicine Care Associates of Webster Inc.	149 Wishing View Dr, # Apartment D, New York, Webter	US
S3-930507212	Ironclad Inc.	2316 Birchwood Dr, Dubuue, Iowa	US
S3-267560207	Mcdanielpopular.Com	1 Central Park Dr, Scituate, Massachusetts	US
S3-699788075	Unique Ventures  Private Ltd	A A-6 Senvilla 30 Thirumoortylayout R S Puram, Coimbatore, TN	India
S3-202565595	8ennett And Flynn Inc	53 Tripp Lake Camp Road, PO Box 8427, Poland, Maine	US
S3-387987247	Smt Indiabulls & Brothers	Vill Bramhaulli Dhyan, Post Harriya Tehsil Sagari, Azamgarh, UP	India
S3-659866412	Inc P+ Wdrks	2120 Park Avenue, Buffalo, New York	US
S3-152907137	Lyraaria One F/K/A Quantelle Starry LLC	DE, New Castle, 300 Minquadale Boulevard	US
S3-241596666	#cardiology	##450 Siskiyou Blvd, Ashland, Oregon	US
S3-884130471	Safe  Diagnostic Services	7935-A Trinity Circle, Unit UNIT 4NW, Tinley PARK ICTY, Illinois	US
S3-800337336	Blake LLC Services	85-42-A 251 Street, New York, Bellerose	US
S3-889763429	Saint Cathedral Council	449 State St, Lindsey, Ohio	US
S3-924758072	LRD Homecare Pvt Pvt #56028	Door No 501, Thane, MH	India
S3-205720128	#3038commerce	2006 4nd Avenue, Quincy, Washington	US
S3-383635772	Balotra-Solutions	S/o Poonam Singh Mannavas, Balotra, RJ	India
S3-101358532	Mira's [Couriers]	11231 27rd Ave, Chippeaw Falls, Wisconsin	US
S3-969812316	Direct Frequency LLC LLC	2972 Casa Linda, Kingman, Arizona	US
S3-828904648	U1uberia - Ii Export	4, Ahmed Mamooji Street, Liluah, Uluberia - Ii, Howrah, পশ্চিমবঙ্গ	India
S3-818941469	Abraham Inc Services	4930 College Oak Dr, # APT 60, Sacramento, California	US
S3-212947829	Dixon Starlink Ce	1002 Mayo Creek Ln, Wngina, Virginia	US
S3-949193996	ರಾಮ್ ಗ್ಲೋಬಲ್ ಎಲ್ಎಲ್‌ಪಿ	#23, Dharwar, Dharwad, KA	India
S3-183313086	Divine Premier	18650 Thompson Peak Parkway, Unit UNIT 1064, Scottsdale Kachina, Arizona	US
S3-980601257	Miraveravantage	#11615 Valley Rd, Fairfax County, Virginia	US
S3-302426780	Ct (India) Essence Pvt	NULL, HR, Sector-##4e, Hisar	India
S3-214286951	Coimbatore Trade South Limited	#42 A, Senguptha Street, Coimbatore, TN	India
S3-116048051	લક્ષ્મી ટેક્નોલોજી પ્રાઇવેટ લિમિટેડ	Ahmadabad, Ahmedabad, Near Hotel Fortune Landmark, Ashram Road, Usmanpura, ગુજરાત, Door No 906 Sukh Sagar Complex	India
S3-748653512	Ines Liu  Colonial	Rolling Meadows Ln, Signal Mountaain, Tennessee	US
S3-800781473	ईस्टर्न टेक्नोलॉजीज प्राइवेट लिमिटेड	123, Arya Nagar S.k. Road, Meerut, उत्तर प्रदेश	India
S3-437574453	starfreightdynamics.com	416 Burroughs Drive, Amherst, New York	US
S3-355882403	WORLDS ANIMAL HOSPITAL P.C.	15 Triangle Rd, Paoli, Indiana	US
S3-644569237	Natalya Harder,	#6816 Cottage Grove Ln, PMB 4308, Missouri, ST. Louuis	US
S3-553645458	HistoricalfoundationCom	803 Main St, Grahham, North Carolina	US
S3-686494792	Global Engineering Pvt Limited	Door No 651 Sr No. 53/8 Siddhivinayak, MH, Pune, Pune City	India
S3-185505378	Hari [Healthcare]	#018/1 Ground Floor, Gurgaon, Narsinghpur, HR	India
S3-134249475	GB	Plot No. 12, Opposite Pooja Marble Pg Sheetla Mata Road, Gurgaon, Haryana	India
S3-127165986	Martinez Cdorln LLC	208 Wichita Ln, York County, Virginia	US
S3-399014878	Dalmko Btc	28 Hillcrest Circle, Oneonta, Alabama	US
S3-849939396	blue bag private limited	Thane, Near Hdfc Bank Sai Nagar Kalwa West, Thane, 7/9 Shree Sai Dham Chs Old Mumbai Pune Road, महाराष्ट्र	India
S3-479497337	लाइफ इन्वेस्टमेंट्स प्राइवेट लिमिटेड	17, Netaji Subhash Marg, Darya Ganj, New Delhi, DL	India
S3-4970882	Clyyx Auto [Céanmer]	Virginia, 4841-D Point Road, Warrenton	US
S3-74908100	Dovakelo formerly: Maybelle F. Culver, D.C.	Portsmouth, OH, 582 Gampp Lane	US
S3-624001254	Premier Innovations	River Berry Way, Tennessee, Knoxville	US
S3-46467974	Mclean Bateson And Tree	01280 Glenmeade Dr, Maryland Heights, Missouri	US
S3-925457038	[LLC] Rodriguez, Richardson & Trujillo	240 Paddock Cir, NULL, IOWA CITY CDP, Iowa	US
S3-654057610	8ehavioral Health Clinic, LLC	05518 Wichita Avenue, Cleveland, Ohio	US
S3-237233708	Rossi, Schlosser and Mistretta Inc	1781- J E Woody Rd, Springtown, Texas	US
S3-452092284	Surgical-Medicine L.L.C.	28441 57th St, Cave Creek, Arizona	US
S3-941596254	अल इंफ्रास्ट्रक्चर प्राइवेट लिमिटेड	Ranjeet Kumar Kothari S/o Kanhaiya Lal Kothari Oswal Kothari Mohalla, Dhadha, Bikaner, RJ	India
S3-100546659	New Delhi Services Private  Limited	E-239, First Floor, East Of Kailash, New Delhi, South Delhi, DL	India
S3-832810517	Vale Corrad, DPM	464 Breccia Trail, NULL, Liberty Hill, Texas	US
S3-261582070	Kelly & Grne Biracilik Co	Washington, #121 108th Street, Everett	US
S3-435525585	Hanson Capital	19824 Snake River Avenue, Liberty Lake, Washington	US
S3-793490500	1523 [First]	6367 Tradition Cir, Brownsville, Texas	US
S3-876672873	Horizon  Currencyshares Partners	TRO Ycity, Unit Apartment 2, New York, Sixth Ave	US
S3-869474440	Star Analytics	226 Lawrence Street, Bellevue, Ohio	US
S3-525542042	5traight Edge Hair Studio	#1601 Maiden Ln, # UNIT, Wenatchee, Washington	US
S3-687472	Continental Net	3419b Fork Loop, PMB 7843, Green Bank, West Virginia	US
S3-687542979	NKN-Energy Private Limited	Gondiya, C/o Shri Kusan Karu Kroe At Amgaon Tq Amgaon Dt Gondia At Amgaon, Gondia, MH	India
S3-784089766	Midwest Propeyt So1utions Inc	Copper Glen Court, West Jordan City, Utah	US
S3-284140809	... Green Wears Limited Service	Door No 679 A-331 A-block, Indira Nagar, Lucknow, Indira Nagar Lucknow, उत्तर प्रदेश	India
S3-852243830	Wilson Rliase Elm LLC	California, Sacramento, 390 Anjou Cir	US
S3-706182994	Prime lnfrastructure Pvt Ltd	#97, N/A, Surat, ગુજરાત	India
S3-523819030	Gangaya LLP Services	331 2Nd/F Block-d Tps -2 Plot No 192 193 Sumel Business B/h Ambica Mill Compound, Ahmedabad, GJ	India
S3-203125133	SAMARPAN ENGINEERING (INDIA) CENTER	Amritsar, 1St Floro, NULL, PB, Amritsar	India
S3-476249499	Hitech Clássic	G-762 1209, Sector D Sudama Nagar, Indore, MP	India
S3-900739429	Lainez House	57 Florida St, Buffalo, New York	US
S3-550581498	Person Medical Center	3920 A St, Lincoln, Nebraska	US
S3-727316453	A Inc Wellness Reliable	3809- Terrace Drive, Annandale, Virginia	US
S3-720830995	Fulton Diana L.L.C.	#54 Dusk Drive, New Rochelle, New York	US
S3-849805997	IG Ligand-LLC	18 Pike St, Auburn, Washington	US
S3-473987935	internalmedicinequality.com	Carroll St, Lexington, North Carolina	US
S3-57406766	Foster, Torres Schmitz LLC Center	6112 Mc Vicker Ave, PO Box 5157, Chicago, Illinois	US
S3-659114222	Inc. Elite Cgeanohe Worldwide	Minnesota, 22010 Meadowvale Rd, Elk River	US
S3-203510179	Martinez, Lewis and Lanuza	#209 Kavaney Drive, Bismarkc, North Dakota	US
S3-250691016	Dashrath  Services	#507 S-9, 2Nd Floor, Sanchi Complex, Shivaji Nagar, Bhopal, Shahpura, MP	India
S3-436431356	Foster, Torres & Schmitz Llc	6112 Mc Vicker Avenue, Chicago, Illinois	US
S3-592909538	The Royal Investment Inc Inc	529 121 St, New York	US
S3-954354938	LRD	Flat No. 501, Satguru Solitaire Building, Near Jain Temple, Kasar Vadvil Naka, G., B. Road, Thane, Maharashtra	India
S3-58420086	Cook Állied Terra Terra	225 Selby Ranch Road, Arden-Arcade, California	US
S3-401256782	Eye Care Supreme	107 Front St, Glen Ferris, West Virginia	US
S3-193231110	Kordula Tuma	1406 Hadwick Dr, Unit Apartment B, Essex, Maryland	US
S3-820167697	One Ss Limited Constructions	7/406, Paramban House, Iringallur, Tirurangadi, Malapuram, Malappuram, KL	India
S3-61973547	Center B D Nexus LLC	9166 Madison Greens Ln, # 55, Orangevale, California	US
S3-456165085	Sassi, Kingston & Cunningham Grífols		US
S3-361086861	Classic Wireless Advisos	Ohio, Brookille CITY, 7796 Wellbaum Road	US
S3-530927666	Ronna Qde Prairie Devices LLC	Jefferson St, NULL, Spring Green, Wisconsin	US
S3-182408374	क्लासिक मैनेजमेंट प्राइवेट लिमिटेड	Delhi, 0025/303 Hansa Tower, Central Market Ashok Vihar, दिल्ली	India
S3-227073215	Carroll	1144 Hewitt Avenue, Canton Township, PA	US
S3-799436903	Rockwell, Louisa Restaurant LLC	1605-1609 Sheepshead Bay Road, Brooklyn, New York	US
S3-604978360	#ridhienterprises	తెలంగాణ, Hyderabad, 220 P.no.4 And 4 A, H.no. 8-2-293, Flat 303, Anushka Trendz Building, Road No.14, Banj, Ara Hills	India
S3-397874891	indoreenterprises.com	No 268 F No. G 1 164, Saket Nagar, Indore Region, Indore, MP	India
S3-86759069	Lizbeth's Pinnacle Prtductiors	704-706 Jefferson St, Mendota, Illinois	US
S3-644141314	Madhushree Healthcare	House No. B3/44, Floor 1St, Pkt-21, Sec-24 Landmark Near Best Mega Mall, Rohini, Delhi, North West, DL	India
S3-983276707	Barragan	8812 Munson Avenue, Niagara Falls, NY	US
S3-893281538	Urology Partners Llc	02501 Slayton Drive, Bloomington, Illinois	US
S3-621132668	Co. Rhs Trading	6549, East Delhi, DL	India
S3-183986139	Aarvita Distributi0n Private  Limited	B-1/504, Poona, Pune, MH	India
S3-836906588	Abhishek Trading Private	No 34, Ground Floor, Tower-c, Sector-62, Noida, Gautam Buddha Nagar, उत्तर प्रदेश	India
S3-238274500	Flory's  Jewelers LLC	Oklahoma, 622 New Prue Rd, Sand Springs	US
S3-105058805	A Acdox Pipeline Inc	6138 Vance Circle, Chattanooga, Tennessee	US
S3-599987604	KALINGA INDIA PUBLIC LIMITED	C/o Mukesh Singhal, Dholpur, राजस्थान	India
S3-294223988	Kesteon Spuly	164 1/2 Water Saint, Fredonia, New York	US
S3-809581564	Grand	1023 Monroe Street, Elkhart, IN	US
S3-899214381	Housing Guild Services		US
S3-184006945	ROSENE GARAFOLA VALLEY BANK BANK	5025 Arkansas Ave, Floor 0, Wichita, Kansas	US
S3-579169995	Best Private Limited Center	Ee A-131 Imperial Ppress Building New Railway Road Jalandhar City, Jalandhar, Punjab, PB	India
S3-230402673	Ivenova	130 Rapin Place, Buffalo, NY	US
S3-459282774	Internal Medicine Coastal Care	Taunton Vale Rd, Louisville, Kentucky	US
S3-565348646	Pratik Services Private Limited	H.no 564 A-37 Road No 12 Banjarahills, Hyderabad, తెలంగాణ	India
S3-894997214	Mecham Pinaeppe LLC	#304 Sandy Ln, Chandler, Oklahoma	US
S3-149800664	*** Hester's Development	12 Parkview Drive, Bldg. Building, Summit Park, Utah	US
S3-406563547	ONL  Cable	Appletree Ln, Bartlet, Illinois	US
S3-644737717	Fluxvantagedelta D.B.A. All Space LLC	81 Warner Road, East Haven, CT	US
S3-85238265	Leap, Tildy N., D.O. Ltd	Sandy, 282 Crescentwood Dr, Utah, PO Box 3823	US
S3-46226449	Dant Mountain Care [Inc]	6672 Chicago Rd, Plattville, Illinois	US
S3-105140046	Latta Green Cosock P.C.	001665 700, Columbus, Indiana	US
S3-172927100	Classic  Living	0296 250, Millville, Utah	US
S3-466653375	Richards Coastal Resilience Corp	##345 400, Payson, Utah	US
S3-242143064	Tavoyuma trading as Star Keystone Star LLC	NE, Omaha, 3701 Mckinley Street	US
S3-648367863	Guadarrama Yhn	3216 181st St, Porter, Oklahoma	US
S3-884470478	Interstate Fellowship Corporation		US
S3-428610345	Dr ... Globe  Laboratories	14D 14Th Flooratma Ram House1 Tolstory Marg, <NULL>, South Delhi, New Delhi, DL	India
S3-729578388	chicky costa better tire shop	3824 Gazola St, Texarkana, Texas	US
S3-752491285	Calodeltazeph aka Alpha Infrastructure Private Limited	G / 5Industrial Estate Gorwa, Baroda, Anand, Gujarat	India
S3-570854975	Classic Living	0296 250, Millville, Utah	US
S3-372454861	Precision Financial Partners LP	Camino Lago, Irving, Texas	US
S3-452092486	pattersonraquelapa.com	2201 Evelyn Avenue, Memphis, Tennessee	US
S3-29581652	Howard Express  Inc	#2920 22, Ashville, Alabama	US
S3-647564452	Nd Staking Inc	1890 Governors Ln, Hoffman Estates, Illinois	US
S3-908505346	Holmes (Group)	5010 Queensbury Circle, Spotsylvania County, Virginia	US
S3-46665670	Pacific Inc Center	244 Gaston Mclean Rd, Rockingham, North Carolina	US
S3-482207232	Bohrer International LLC Center	1045 Dorsey Drive, Burlinton, North Carolina	US
S3-219159869	BRYANT RELIABLE FACTORY	212 Renard Ct, Fl 0, Annapolis, Maryland	US
S3-923727374	हरि एक्सपोर्ट्स एलएलपी	46, HR, Yamuna Nagar, Raghunath Colony, Jagadhri	India
S3-40957694	International Industries Group Center	Block B-69 Plot No D-3, Jaipur, RJ	India
S3-779905685	Borough Of-PLLC	West Valley City, Utah, 5240 Sarah Jane Circle	US
S3-319272197	Bureau Of Sanitation Co	Broadway, Unit 1B, Columbia, Missouri	US
S3-874515673	लक्ष्मी बिल्डर्स प्राइवेट लिमिटेड	Flat No.-039-a-4, Cis Officer Co Op Society, New Delhi, West Delhi, DL	India
S3-31811870	Lucas Gesrsg	2133 Bard Raod, PO Box 1704, Lincoln City, Oregon	US
S3-718927213	Marketing Ms Cast Prie Limited	Delhi, #G-171 A-64, Pitam Pura, DL	India
S3-193067466	Suvira Solutions	V01, Level 4, Prabhavee Tech Park, Baner, Poona, Pune, MH	India
S3-473379405	J Oneim, A 7 Inc	Apache Lane, Quinlan, Texas	US
S3-736056535	Premier (Kongsberg)	14849 Glen Crest Ln, Incorporated, Illinois	US
S3-462917569	Miramontes Cápital	Teeter Rd, Bellville, Ohio	US
S3-568668254	Tiia	8702 Carol Ave, Mesa, Arizona	US
S3-677328681	WWB Services	25(15), S. M. P. Sarani, Barrackpur, Kolkata, Kolkata, Howrah, পশ্চিমবঙ্গ	India
S3-6021026	परफेक्ट कंस्ट्रक्शंस प्राइवेट लिमिटेड	Block D-169 Plot No P-79, P-82 Gokul Shirgaon, Kolhapur, MH	India
S3-884652240	Wexlum D.B.A. Mumbai Botanicals Pvt. Ltd.	K-603, Mumbai, Mumbai City, Vista Raheja Vihar, Chandivali, Maharashtra	India
S3-21636589	Xyloumbra	38 Paschim Marg Vasant Vihar, New Delhi, South West, Delhi	India
S3-741652759	Mercado Assets Llc	#508 9nd St, Newkirk CITY, Oklahoma	US
S3-353152063	Milligan Patriot Rmg Llc	21203 26400, Utah, Portage	US
S3-841462465	Crystal Anchor	3865 Highway 295, Elkins CTY, Arkansas	US
S3-411509060	The PFK Roman LLC	8249 Fifteenth Saint, Howard Lake, Minnesota	US
S3-79395633	Saikrupa Institute of Technology Ltd	Hyderabad, Andhra Pradesh, Plot No C-5, Flat No 7-1-455/243/5, 6 &7, Mahendra Residency, Ameerpet, Hyderabad	India
S3-199262072	Leung Etf Co	562-564 Washington Ave, Unit Apartment 2, Albany, New York	US
S3-616976749	Royal  Consumer Studios	3135 Whip-Poor-Will, Unit 0, Belvidere, Illinois	US
S3-662424503	Bright	5258 Chillum Place, Washington, DC	US
S3-467910240	Devpujan India Corp (India)	Attar Galli, Bagalkot, Guledgudda, KA	India
S3-216075814	Smt Digital Pvt Ltd Center		India
S3-270436803	Thicbber LLC	143 Sunnyside St, null, Forest CITY, North Carolina	US
S3-95970876	Halcent Solutions		US
S3-569400493	Arianex One aka Miller United Printing	135 Pleasant Street, Cambridge, MA	US
S3-923380424	Cornerstone Vélos, LLC	6613-C Loch Raven Boulevard, Unit Apartment B, Baltimore, Maryland	US
S3-779246739	Bright Nppon	258 Chillum Pl, Washington, District of Columbia	US
S3-592589631	गुरु टेक प्राइवेट लिमिटेड	Building-46, Hathras, UP	India
S3-31028072	Smart Bsaght Food Private Limited	16-2-108, S.s.colony, Opp:bhramaramba Theatre Hydernagar, Kukatpally, Hyderabad, TG	India
S3-916667726	આલ્ફા ઇન્ફ્રાસ્ટ્રક્ચર પ્રાઇવેટ લિમિટેડ	G / Industrial Estate Gorwa, Baroda, Anand, GJ	India
S3-102612408	Outlaw LP Capital	132 7th Street, Mulberry, Arkansas	US
S3-723520276	Research (India) Bengal Private Ltd	G-244, Gorakhpur, N/A, UP	India
S3-351389224	Pacific League	310 Cass Street, Chilton, Wisconsin	US
S3-639862292	Advanced Cgnro Partners Inc	Borderlands Dr, Rancho Cordova, California	US
S3-734608606	Nio LLC	Lower Bloomfield Rd, New Concord, Ohio	US
S3-18327273	Berri Pierce Capital Beyond L.L.C.		US
S3-809048043	Flíst	Chanhassen, 680 Sierra Trail, Minnesota	US
S3-95545778	#ghgrand	1023 Monroe St, Elkhart, Indiana	US
S3-810128918	Ec0nomic Development Ministries	10410 1/2 Cobalt Falls Drive, Houston, Texas	US
S3-259138007	Crowder  Pharma LLC	Fairway Dr, # APT E, Eansville, Indiana	US
S3-167361341	Shri Gnk Smart (India) Private Ltd	A-3/221 Iind Floorsector-17 Rohini, New Delhi, North Delhi, DL	India
S3-8872179	Molina Value Inc Services #75280	1250 1200, # I207, Logan City, Utah	US
S3-553146158	Green Wears Private	Lucknow, Door No 679 A-331 A-block, UP, Indira Nagar Lucknow	India
S3-517092288	Kirstein [Vargas] and	Caroga Lake, New York, 256 Fulton Road	US
S3-659572126	Creative Athena Inc.	##4914 New Hope Road, Raleigh CITY, North Carolina	US
S3-571808492	Educational Business  Pvt. Ltd	At; Begunia, Khurda, Puri, OD	India
S3-705909836	-- greatguild.com	Creekside Lane, Pelham, Alabama	US
S3-149691925	Golden Engineering Private Ltd	H.no 114 Vg- Vajirkhede, Malegaon, Nashik, MH	India
S3-711081855	ear nose & throat silver care		US
S3-892720048	Hittle,-Tillman & Askew	52, Albemarle, North Carolina	US
S3-894400960	Private Seven God Constructions Limited	H.no B3/396 G.f., Khata No 178 & 115, Khesra No 133, 134 & 135 W.n. No 19, Muzaffarpur Region, Gopalganj, BR	India
S3-83767592	Mccullough  Corporation		US
S3-665998364	Calokeloveo Sys aka Outlaw Capital LP	132 7th Street, Mulberry, AR	US
S3-749792160	Smart Environmental Studios	9143 Mulvaney Road, Kinmundy, Illinois	US
S3-354627335	Lakeyharveyrobertson.Com	0052998 31, Oregon, Summer Lakke	US
S3-31675271	Tuma, Kordula Agricultural	1406 Hadwick Drive, Unit Apartment B, Essex, Maryland	US
S3-312145121	LLC Sharpe Vlounce	3911 Paramount Road, Peora, Illinois	US
S3-37126704	Caloex LLC	10950 Marr Rd, Columbus, Indiana	US
S3-229241049	Mccullough-Corporation Clinic	6506 Meadow Rd, Dallas, Texas	US
S3-363966359	Flint  Ltd	680 Sierra Trl, Chanhassen, Minnesota	US
S3-646856060	Department Of Public	2023-D Joann Street, Fl. 0, Wichita, Kansas	US
S3-928419410	आनंद कृष्ण इन्वेस्टमेंट प्राइवेट लिमिटेड	Block B-181 F-16, Faridabad, HR	India
S3-297539750	Karmen Mckee,-Service (ID: 17348)	1432 South Fork Dr, Phoenix, Arizona	US
S3-316826113	1753 Crhch Ave Owners Corp LLC	3432 116th St, Chicago, Illinois	US
S3-664002389	Inc. Platinum Tower	1549 Moss Creek Avenue, # COND 101, Anchorage, Alaska	US
S3-665701569	Nio Holdings	##1800 Lower Bloomfield Road, New Concord, Ohio	US
S3-692418351	Maa  Estate Private Ltd	##401, Jhavar Estate, Thatipur, Gwalior, MP	India
S3-621556233	ಗುಜರಾತ್ ಸೂರ್ಯ ಟೆಕ್ನಾಲಜಿ ಪ್ರೈವೇಟ್ ಲಿಮಿಟೆಡ್	Building No. 74, 2D, Rajeshwari Paradise Ideal Homes Township, Bangalore, Rajarajeshwarinagar, KA	India
S3-661013728	Davine Crabtree Horizon Dome LLC		US
S3-123161386	Vijayawada Automation Private	D.no:40-7-12a, Vijayawada, Srikakulam, ఆంధ్రప్రదేశ్	India
S3-937064777	Veodrex DBA: Precision Realty Company	20870 Co Rd Hj, Archbold, OH	US
S3-585459116	गुरु बिजनेस प्रा. लि.	Door No D/12, Opposite Pooja Marble Pg Sheetla Mata Road, Gurugram, Gurgaon, HR	India
S3-933825964	Yeary Yeary Cascade Corporate	4521 Charles Dr, West Valley City, Utah	US
S3-62453241	everestfoods.com	C/o Mandeep Singh Gill, Makdoompur Jaithi Khera, Lucknow, UP	India
S3-895252593	Private Great Exports Ltd	No ##2Nd Floor, Bannerghatta Road, Jp Nagar Fifth Phase, KA	India
S3-382366868	Haloorbi Formerly Seven Engineering Private Limited	H. No.-279, Subhash Nagar, Rohtak, Haryana	India
S3-452290898	Vps Biudledrs Corp	H No- 150/A, Sagar, MP	India
S3-849165695	2594 Seventh Avenue		US
S3-857538104	ব্রাইট সিস্টেমস প্রাইভেট লিমিটেড	East Topsia Road, Kolkata, WB	India
S3-703692942	Properties Marmo Private Limited Center	10-1-29, East Godavari, AP	India
S3-267725389	North Tge Llc	015 Sahuaro, Guadalupe, Arizona	US
S3-944402994	White And Geis	606 Shady Oak Ct, Terre Haute, Indiana	US
S3-915093013	Tri-State Summit Láboratories Inc	3314 Milton St, Munie, Indiana	US
S3-386520368	M/s Shaman Technologies  Private	H.no. 6/V-256, Sector-6, Gomti Nagar Vistar, Lucknow, UP	India
S3-694660118	प्रीमियर एग्रो प्राइवेट लिमिटेड	Sureka Agencies Near Marwari School, Lalbagh, Darbhanga, BR	India
S3-783914934	Apex Comgrccial LLC	00725 Moull Street, Unit C, Newark, Ohio	US
S3-140700328	Petersheim Edithe A.  DPM DDS PC	Lake Shore Drive, Wishek, North Dakota	US
S3-312958502	Hamdan, Coon ánd Boyden Select LLC	767 Moore St, Kankakee, Illinois	US
S3-361438909	Golden (Center)	E-61 Sector No. 1, Dwarka, New Delhi, दिल्ली	India
S3-492147704	ndgranites.com	G-3a, G Block, Rajapuri, New Delhi, दिल्ली	India
S3-643907043	INDIAN BUSINESS PVT LTD	419, Mumbai, Goregaon East, MH	India
S3-741577876	Abc Mshcigteres Ltd	C/o Hemant Naniwadekar, Nagpur, MH	India
S3-692274680	Green Analytic  Advisors Inc.	23509 Marion Road, North Olmsted, Ohio	US
S3-468965357	#suprememobility	1035 Nod Street, Knoxville, Tennessee	US
S3-891448198	Tavojax fka Noque Cafe Group	2327 San Lucki Way, Knoxville, TN	US
S3-251648120	Ear Nose & Throat Silver Care Co	20 C Ks Way, Brevard, North Carolina	US
S3-509454381	Horizon Currencyshares Prrrls	New York, # Apartment 2, TRO Ycity, 1039 Sixth Avenue	US
S3-242474242	Super Balaji Management Private	Door No 304 Kh.no 702 Village Dehra Near Umri Chauraha, Umri Kalan, Moradabad, Jyotiba Phule Nagar, UP	India
S3-601206934	Eisen Foundation Pvt.	Hn #741 Falt No.207, B-block, Sri Lakshmi Krishna Paradise, Widia Colony, Opp. St.ritaschool, Miyapur, Hyderabad, TG	India
S3-219733710	Unique Índustries Private Limited	##5, Coimbatore South, TN	India
S3-203395375	Bohrer Ridge LLC  Service	1045 Dorsey Dr, Unit 107, Burlinton, North Carolina	US
S3-919466007	Superfast Pvt Ltd Center	No 3/200C 1, Coimbatore, TN	India
S3-945216958	The Pediatric Dentistry Optimal Center Inc	Webter, Loveland Road, Massachusetts	US
S3-704281336	WEST Health Center	11563 135rd Ave, Tigard, Oregon	US
S3-519227205	Womens  Health Physicians-LLC	32 Fletante Way, Hot Springs Village, Arkansas	US
S3-51953913	Tirupati Software Limited Services	77/33 3Rd Cross Kacharaka, KA, Bangalore, Bangalore North, Gilgal Building 2Nd Floor	India
S3-598223005	Betul Clínic	101, Terminal 9, Plot Cts 2092-A/1 To 375 Vile Parle (East), Mumbaisuburban, Mumbai City, महाराष्ट्र	India
S3-812799667	Ace Imaging	1328 Third Street, East Pennsboro Township, Pennsylvania	US
S3-406728289	quadrantinfrastructures.com	Plot No-c-69, Shakti Khand-ii, Indirapuram, Ghaziabad, उत्तर प्रदेश	India
S3-372463716	Cardiology LLC	Siskiyou Blvd, Ashland, Oregon	US
S3-417883272	Drexquo	Hurricane, 409 Lawson Street, WV	US
S3-21018729	fórtepyle.com	##6614 London Dr, Kansas City, Missouri	US
S3-379639767	Lennon Enterprises Inc.	176 Beech Tree Lane, Becket Township, Massachusetts	US
S3-584958665	Studio 84 Bistro Llc		US
S3-191164817	Sukh Clinic Prrvtate Limited	UP, Dadri, C0504	India
S3-929045676	सुपर बालाजी मैनेजमेंट प्राइवेट लिमिटेड	304 Kh.no 702 Village Dehra Near Umri Chauraha, Umri Kalan, Moradabad, Jyotiba Phule Nagar, UP	India
S3-322227946	whitcombmedical.com	860 Allen Drive, Wooster Twp, Ohio	US
S3-842726488	2594 SEVENTH AVENUE COMPANY	2319 1/2 Forest Flower Way, Tomball, Texas	US
S3-937676405	Cain Blúe Pmv LLC	##5412 Fm 1486, Montgomery, Texas	US
S3-292594775	Vision Infra प्राइवेट लिमिटेड	C/o Mangesh Kisan Bhaskar H. No. C-1434 Anandwadi Warulwadi Narayangaon, Junnar, Pune, MH	India
S3-949012518	Chits	Gujarat, Vadodara, Baroda, Old Police Lines Nr Makarpurabus Stand Makarpura	India
S3-569007716	Long National, [LLC]	3615 12, Alexandria Bay, New York	US
S3-28066362	Marwadi Hospital	No 59 Indra Puri Colony, Indore, मध्य प्रदेश	India
S3-138943531	Certified Portfolio L.L.C.	1135a Kingsport Drive, Wheeling, Illinois	US
S3-611097059	யுனிக் Industries பிரைவேட் லிமிடெட்	Door No 839 290, 2Nd Floor, Sri Sai Sanantha Anantha, 555, 556 Poonga Nagar, Coimbatore, <NULL>, TN	India
S3-135234554	Mumbai Bricks Private Ltd	Mumbai, MH, 401-D, Mumbai City	India
S3-563409824	The Helms Preparatory Academy	589 White Rd, Bowdoinham, Maine	US
S3-140672151	Good Véntures Private Limited	DL, Plot No. Wz-139 C-3 Office No. 205 Second Flnor Mahabir Nagar Extn . Bhanu Complex Mahavir Nagar, West Delhi, New Delhi	India
S3-231496048	P.C. Terrye'S Keystone Bíotech	#139 Watering Trough Rd, Statesville, North Carolina	US
S3-700735387	Adkins Cannedbris LLC	1858 Doridge Drive, Twinsburg, Ohio	US
S3-122212436	Shri KARAN INFO LIMITED	Book Code-a-117, Mali Wada Tal- Sangamner, Dist- Ahmednagar, Ahilyanagar, Ahmednagar, MH	India
S3-834990696	Civil Educational-Society	Hno B6 462, Gali Jain, School Wali Bhadra Bazar, Sirsa, HR	India
S3-530907771	Shiva It It	204, Vikas Deep Building, District Center, East Delhi, DL	India
S3-469374169	First Talent	##19055 River Rd, Leavenworth, Washington	US
S3-16685487	Sri Yahweh Engninesrig Private Limited	869/2 Jori Kawadewasti, Jambut Pune, Shirur, Pune, Jambut, महाराष्ट्र	India
S3-639717349	Khetri Mill Piivaet Limited	Jato Ka Mohalla, Khetri, Jhujhunu, RJ	India
S3-644562009	Choice Grand Jena Inc	Arizona, 77th Dr, Glendale	US
S3-603177086	Hari Enterprises	5D/8E, Faridabad, Haryana	India
S3-797977434	Moczygemba Fresh Brc Corporation	21 Annex Street, # 1, Berkeley Springs, West Virginia	US
S3-456840719	NT	New Delhi, Delhi, E-582 Greater Kailash - Ii, New Delhi	India
S3-671639134	Midwest (Program)	157567 Monroe Ave, Riverton, Wyoming	US
S3-775780042	Sri Dashrath Cosntuanst	#507 S-9, 2Nd Floor, Sanchi Complex, Shivaji Nagar, Bhopal, Shahpura, मध्य प्रदेश	India
S3-648140069	Leavitt Mónte	1370. Murray Rd, N/A, Portlaand, Oregon	US
S3-949527630	chavezmiller.com	6000- Kushla Mcleod Rd, Eight ILE, Alabama	US
S3-401500170	Red [Marketing]	C-286, Kalbadevi Road, Mumbai, MH	India
S3-56520446	Sandoval, Porter And Johnson Resources Llc	1820 Robin Ct, Lusby, Maryland	US
S3-913772778	Jain Investment	Hn 0030 D-8/9 G/f, Delhi, New Delhi, DL	India
S3-467433677	Laksh Brheors Limited	New Delhi, DL, B-357a	India
S3-492290465	Community Federation Llc	01698 Natures Way, Lindenhurst, Illinois	US
S3-89990927	MITCHELL, LISE, ESQ.	6700 2720, Maxwell, Texas	US
S3-821956268	Vantis Arrived Llc	406 C Elm Street, Pittsburg CTY, Kansas	US
S3-613626588	Lumfaye dba Vale Corrado, DPM	464 Breccia Trail, Liberty Hill, TX	US
S3-658204748	Metro Metropolitan Yield		US
S3-253767905	Surya Tech Private	168, Farwain Kalan, Sirsa, HR	India
S3-901182636	Department  of	Texas, Dallas, 411 Mckenzie St	US
S3-557629931	Custom Stellar	Tr 118, Tifin CITY, Ohio	US
S3-69847159	timeless charitable trust	Drno:1/341 Chinnappampatty, Pappampady, Salem, தமிழ்நாடு	India
S3-856208297	Technologies Saw	C/o Lekh Ram, Kathoowas, Kotputli Behror, Alwar, RJ	India
S3-154990473	... Delhi  Erp Ltd	#22/30 - B Tf Tilak Nagar, South West Delhi, Delhi, DL	India
S3-813672105	Digital Products Pvt (Ltd)	KL, Hameediya Shopping Complexbuilding No Kc Xlii/64 Big Bazaar Near Stone Bridge, Kollam	India
S3-850417154	विजय एंटरप्राइजेज प्राइवेट लिमिटेड	86 C 1901, Ghaziabad, उत्तर प्रदेश	India
S3-895782763	Meng Coastal Dynámic Co	8 Wagoner Lane, Galena, Illinois	US
S3-448495703	The American Society LLC	223 52nd Saint, PMB 4407, San Bernnardino, California	US
S3-976278466	Southern  Hawk	38847-38851 Cleveland Ave, Selbyville, Delaware	US
S3-847345551	VIVEK SÓLUTIONS PVT LTD	WB, Howrah, Kishan Lal Burman Road, Sri Hanuman Tower (3Rd Floor), Bandhagha, T, Salkia, 11	India
S3-348423714	Akshay Hospital	Ss Ii/49. Setor-8, MH, Thane, Kopar Khairna, Thane	India
S3-716358187	Ciranovi	200 1/2 Locust Street, Linn Creek, Missouri	US
S3-319510743	Aspen Frequency North	7834 Roanridge Rd, Kansas City, Missouri	US
S3-921139876	Sri Sure Buy	Plot 214 C70 Dewan Heights Siddharth Nagar C Block, Jaipur, RJ	India
S3-703706192	Private Anand Products Limited	Office No. A321, Master, Mind 4, Royal Palms, Mumbai, Goregaon East, महाराष्ट्र	India
S3-317780178	Value Vhirtfs, LLC	00225 Hibbert, # 102, Msa, Arizona	US
S3-609270186	Radia  Cell LLC	21109 Allworth Road, Battle Groud, Washington	US
S3-479431550	Znex Holdings	3-6-290 Malik Chambers, Hyderabad, తెలంగాణ	India
S3-362465080	Price Góldman LLC	101D Barclay Rd, Yorktown, Virginia	US
S3-954145775	Samruddhi Foundotion [Group]	Flat No-20, Plot No-492/5406, Chandrasekharpur, Bhubaneswar, Khordha, Orissa	India
S3-525513528	Metro Golden Valuence Ltd	3643-A Pauline Lane, Charlotte, North Carolina	US
S3-304216178	Pediatric Dental Green Medicine	2227-2231 Island Creek Road, # Lot 36, Piikeville, Kentucky	US
S3-539913398	एसएस ट्रेडिंग प्राइवेट लिमिटेड	Door No ##90 C/o Abdul Wasim Abdul Sal, India Nagar Alampura, Latur, MH	India
S3-172521848	Sri Kanchan Infratech (India) Enterprises	156 - 159, Sardad Patel Road, Mumbai, Secunderabad, AP, No 80 Paigah House	India
S3-270216313	ZPN Si1ver LP	17805-17807 Porter Road, Unit G9, Maricopa, Arizona	US
S3-109583855	Mezo Supreme Auto (Inc)	012632 Rosebery Street, Carmel, Indiana	US
S3-865575152	The James Valley Ofs	1802 Ryal Dr, Murfreesboro, Tennessee	US
S3-413489203	Al Private Limited Sérvices	31/62C, Vishuwa Deepam, Anchukannukalungu, Kanyakumari, TN	India
S3-39334886	Zeo-Frontier Smart #30956	871 Seven Oaks Boulevard, Unit 250, Smyrna, Tennessee	US
S3-916867230	हाई इंजीनियरिंग टेक्नोलॉजीज प्राइवेट लिमिटेड	220/236, Gr. Noida, <NULL>, UP	India
S3-92502667	XN Rmg Care Inc	3-5 Cottage Ln, Marshfield, Massachusetts	US
S3-748156410	CLEAN ALLIED DIVIDEND LTD	##6779 Tate Rd, Arkansas, Booneville	US
S3-291472663	MOYNA HARMSEN PINNACLE THIRD	8011 61th Street, PO Box 4295, Vancouver, Washington	US
S3-153079767	Heaven Conrulttlmcy	Plot 770 P.no2 Bank Colony, Nagole, Kv Rangareddy, Hayathnagar, Hyderabad, TG	India
S3-981920118	Keystone Chemical Industries Partners Corp	59 Turnberry Ln, Chillicthe CDP, Ohio	US
S3-872415807	Reffitt	4391 Salmon River Highway, Lincoln County, OR	US
S3-340360460	Ackermann Grand Partners Inc	256 Maquam Shore Road, Swanton, Vermont	US
S3-660168929	The Beverlie E. Bellon DMD M.D. P.C. Holdings	220 Outerbelt Dr, Clayton Ciity, Illinois	US
S3-283297456	Haloveraavi fka Frontier Management L.L.C.	216 R Lowell Street, Unit 2, Peabody, MA	US
S3-150956839	Thirty Educational Society Co	Bangalore, KA, No.19, Bangalore	India
S3-670519804	Aurance Care LLC	16 Thomas Stone Ct, Port Deposit, Maryland	US
S3-300246510	Zetadelta	130 River Run Cir, Sacramento, California	US
S3-30654396	Walker Series Uptown	Chino Hills, California, 285 Calle Lumina	US
S3-652314877	Joscelin  Cathmart, M.D. PLLC	745 NE 2nd St, Perham, Minnesota	US
S3-145119058	Interstate Aftomcotiev (Holdings)	711 Lataste Dr, Oxford, Alabama	US
S3-512345814	EG Lifesciences Prívate Limited		India
S3-337340718	MU Industries Private [Limited]	Plot No. 239, Jaipur, RJ	India
S3-153859903	Preferred Rmhmpd Manulife LLC	2503 Baycrest Dr, Houstn, Texas	US
S3-863029200	Youth  Fund	5 Long Hill Ter, New Haven, Connecticut	US
S3-479387815	Cultural (Alliance)	#43 Wanda Drive, Bristl, Connecticut	US
S3-419648170	Veoumbra	1851 Sandal Way, Newburgh, IN	US
S3-238449972	Sequoia  Plutonian,	1020 Ocean Dr, Oxnard, California	US
S3-894073229	>> Prevost and (Bartlett)	1513 Nagches Drive, Arlington, Texas	US
S3-48003025	சவுத் இண்டஸ்ட்ரீஸ் லிமிடெட்	75., Chennai, Madras, TN	India
S3-310029312	ड्रीम बिल्डर्स प्राइवेट लिमिटेड	No 19 C/o Krishnavtar Khandelwa, Vivekanand Colony, Dausa, RJ	India
S3-368057206	Sunrise Properties Private-Limited	C/o Shri Ankur Jain, Jabalpur, मध्य प्रदेश	India
S3-429818351	M/s Tril0k Roshan Care	Lake Road, Bhandup West, Bombay, Mumbai, MH	India
S3-864605093	Lotus Food Private	679, Bangalore North, Bangalore, ಕರ್ನಾಟಕ	India
S3-928204592	resorts traders pvt ltd	Office No.9, Miragaothan Mahajanwadi, National Highway, Mira Road East, Thane, Mumbai, Mumbai City, MH	India
S3-62395440	rameshcartons.com	No.3/2. Perumal Koil Streetmadurai Vedu Near Thiruvarkadu, Chennai, Chennai-77, TN	India
S3-497018997	Lee'S Púb	Reid Dr, Texas, Victoria	US
S3-212697192	Rocky Sesk Harbor Group	1453 Adams Road, Strawberry Plains, Tennessee	US
S3-506077855	Big  Massage LLC	Searcy, Arkansas, 7 Wallis Circle	US
S3-610668636	Certified Data Innovations (L.L.C.)	#50 Cascade, Youngsville, North Carolina	US
S3-480888220	Arcyuma	84 Maplewood Drive, Vernon Hills, IL	US
S3-303789424	BH	10-B, Sylvania Skyline Ivy League, Edachira, Kakkanad, Kochi, Ernakulam, Kerala	India
S3-374578547	Cr India Pvt Limited	Door No 1, Guru Nanak Enclave, Bhago Majra, Rupnagar, S.a.s Nagar, PB	India
S3-325401279	Womens Health Medicine	801. Chestnut Grove Road, Bonnieille, Kentucky	US
S3-981060747	Innovative Commercial Systems L.L.C.	North Carolina, Clayton CITY, 366 Powhatan Road	US
S3-173741931	Public Nashik Eatery Limited	Nashik, C/o Motiram Laxman Pagare Gat No.17- Juna Shivnai Janori Road Dindori, Nashik, MH	India
S3-65897361	ईस्टर्न मैनेजमेंट प्राइवेट लिमिटेड	Office No 102 52A First Floor Vijay Block, New Delhi, दिल्ली	India
S3-167746656	Kelojaxdrexx aka Sadar Palace Private Limited	Uttar Pradesh, P.O-Hirapatti, Village-Lakshirampur, Azamgarh, Sadar	India
S3-99006211	IO  Yarn Limited	MH, Thane, Lakeshore Green Lodha Pal, F ##1601 Casa Regalia, Kalyan	India
S3-617052003	Pvt Jagannath India Ltd	G.no.395, Pune, Raje Complex Society Lift, MH, Nhavara	India
S3-878214420	Synfaye One t/a Bansal (India) (madras) Pvt. Ltd.	B-182, First Floor, Naraina Vihar, New Delhi, South West Delhi, Delhi	India
S3-982464260	Classic Food Private	No. 29/2, H M Strafford 7Th Cross Road, Vasanth Nagar, Bangalore, ಕರ್ನಾಟಕ	India
S3-631666996	यूनिवर्सल केयर प्रा. लि.	Block No. 26, Iv Floor, 60 Ft Road, Near Canara Bank, Ghatkopar(, E), Kailas Nivas No. ##2, Mumbai City, Mumbai Ii, MH	India
S3-463553439	Smt Cure Design of Englishbazar Group	42 W/o-humayun Sk, Model Colony Kamlabari, Englishbazar, Malda, পশ্চিমবঙ্গ	India
S3-33811449	OPHELIA MONTANA, DDS LLC	123 A North Street, Portland, Tennessee	US
S3-729590586	Cardiology (Associates)	871 Warren Avenue, # 2, Brockton, Massachusetts	US
S3-376699694	Dovaectoorbi dba KS Tri-State Indonesia LLC	Westerly, 10 Chord Street, RI	US
S3-365195504	ஸ்டார் Care பிரைவேட் லிமிடெட்	3A, Chennai, TN	India
S3-556616174	Saus Holdings Group	North Carolina, 4217 Bryant Terraces Dr, Charlotte	US
S3-255854472	Jolly (India) Drugs LLP	H.no. 355, Moradabad, UP	India
S3-273579171	Srtti	0370 58 Street, New York, Brooklyn	US
S3-647644956	Total Allstate  of Yelm	17124 Heather Lne, Yellm, Washington	US
S3-543239120	Ransom's Tattoo Corp	10 Rittenhouse Dr, null, Dover, Delaware	US
S3-473633987	Margaux Sykes Advisors LLC	Unit 1/2, Tulsa, 1242 Jamestown Avenue, Oklahoma	US
S3-127792845	వన్ ఎస్టేట్	Door No 10-2-289/113, Hyderabad, TG	India
S3-514686403	QH Center	3705 1/2 New Bern Ave, Raleigh CIYT, North Carolina	US
S3-429846529	Fresh Premier Shore	5612. 110th Pl, Mukilteo, Washington	US
S3-307627710	Chiropractic Interstate Spcedeiilists	Seven Hills, Ohio, 6224-6226 Gale Dr	US
S3-783948642	-- @ Home  7 U Summit	718 Mirador Drive, Vestal, New York	US
S3-888936153	Anekal Builders Private  Limited	No 18 A 17 A, Villa Number, Attibele 4Th Street, Anekal, Bangalore, ಕರ್ನಾಟಕ	India
S3-311541922	*** Total Éntelmainment	3155 Coachman Rd, PO Box 9712, Eagan, Minnesota	US
S3-637858018	The Andrews House Corp	2809 Douglas Place, Mandan, North Dakota	US
S3-558784982	GRIFFITH, VALENTINE & STONE TRAILBLAZER LLC	Whitman, Massachusetts, 89-91 Belcher Drive	US
S3-774653409	Halcus Stóres LLC	01423 Middle Island Creek Road, Saint Marys, West Virginia	US
S3-327032560	Infrastructure Sumangal Enviro	#10 Tarash Mandir Rd Vrindavan, Mathura, UP, Mathura	India
S3-150980130	Crouch-Companies	617 Locust St, Rockford, Illinois	US
S3-322382106	Krishna Trust Ventures Co	# 157, Hanuman Chambers, Ii Floor, Ii Main, 7Th Cross, Chamarajpet, Bangalore, KA	India
S3-273643016	Continental Corp Services	12610 252nd St, Grahaam, Washington	US
S3-491238524	Podar  Limited Private Foundation	Vasai, Thane, MH, Sr. No 109	India
S3-724212692	#doteum	Connecticut, 85 Harriet Street, Bridgeport	US
S3-15082464	glennfosterunified.com	376-C Seagrass Cir, # Unit 211, Baldwin County, Alabama	US
S3-548186921	Anam Management Enterprises	F. No 405, Patna, BR	India
S3-493563751	aikenkeystonemustang.com	#105 El Dorado Trl, Millsap, Texas	US
S3-772183076	Zilvia  Mason Pantages LLC	Tacoma, 2909-2911 53st Avenue, Washington	US
S3-31149596	Pal & Diaz LLC Cénter		US
S3-123375596	Womens Health	83157-C Dorrance Lane, Enterprise, Oregon	US
S3-687946335	Elite Materials Materials Corporation Llc	121-125 East Washington St, Iowa City, Iowa	US
S3-167827504	orbify spacsphere care	4472 Davis St, Emporia City, Virginia	US
S3-760610206	Beloriza DBA: Vision Associates PLLC	3795 Kentucky Drive, West Jordan City, UT	US
S3-994245908	Delhi Technologies Technologies Private Ltd	Plot No B-4 Ground Floor Killa No-1, 2/2, 9 Khata No-84, Samaypur, Yadav Nagar Landmark Near Badli Railway, Delhi, New Delhi, DL	India
S3-99115224	Transworld  Finance	Hissar, Hisar, No 11 2Nd Floor Rd City Center, HR	India
S3-897078249	Silver  Brothers	A3/1 Aakruti Apts Sampath Vinayak Temple Uplands Road Viskhapatanam, Andhra Pradesh, Vishakhapatnam, AP	India
S3-415005338	nog to pvt. ltd.	P No 8-13-399 Indiramma, Warangal Urban, TG	India
S3-451458620	arav beverages overseas private limited	No G-34 Commerce Housecirrimbhai Road Ballard Estate, Mumbai, MH	India
S3-988799220	Green Superior	238-240 Mason Avenue, Virginia, Cape Charles Town	US
S3-96563391	Lilinsoft	5417 Pueblo Rd, Indian Hills, Kentucky	US
S3-732245342	LLC Quantes Wtsre	240 Underhill Avenue, # Apartment 18, Yorktown, New York	US
S3-468787952	Calopyra a/k/a Big 66 Book Store	3063 Lights Chapel Road, Greenbrier, TN	US
S3-279807342	Ariatavo	No-17, Prabhat Centre Sector-1a, Cbd - Belapur, Thane, Navi Mumbai, MH	India
S3-739765766	Strategic Xflh		US
S3-53454860	Pacific Cornerstone	New York, Mount Vernon Towship, 680B Terrace Avenue, Unit Apartment 5C	US
S3-823315081	Corporate Nomwr Innovations-Yucca Valley Co	##4898 Goleta Avenue, Yucca Valley, California	US
S3-381676337	Star Tourism Public Limited	S-18, T.i.e., Balanagar, Hyderabad, TG	India
S3-827161256	Anukul Services (Ioign) Private Limited	C-4/20 Aparnaraj Chs, Gholaidevi Nagar, Kalawa (East), Thane, महाराष्ट्र, Mumbai City	India
S3-685131763	Gordon Travis Horse Uptown Center	70 Bryan Kay Cir, Litttle ROCK CDP, Arkansas	US
S3-800334172	Bledsoe, Glynda Lifeco Cénter	136 Van Guilder Avenue, Unit Apartment 3, New Rochelle, New York	US
S3-619504618	arabianbrothers.com	##520, Patrakar Parisar Sector - 5, Vaishali, Ghaziabad, UP	India
S3-129515702	Surgical Services	298 Jeferson Ave, Saint James, New York	US
S3-623062282	Mind Limited Ventures Private Lal	No 43 Vijaynand Road Lines, Belgaum, KA	India
S3-306675466	एस कंस्ट्रक्शन प्राइवेट लिमिटेड	No 1067 E W.no. 7, New Delhi, South West Delhi, DL	India
S3-240145742	8abcock and Miller Strategic (LLC)	5925 Bellona Ave, # APT 1, Baltimore, Maryland	US
S3-917722351	Smart Private Limited Center	Flat No-#106, Balco Appartment 58, I P Extension, Patparganj, Delhi, DL	India
S3-874816783	Cascade Society Inc	#38 Manor Lane, Buchanan, New York	US
S3-417141143	Private Bangalore Technology Ltd	Villa 162 Ferns Habitat Outerringroad Marathahalli Doddanekkundi, Banglore, Bangalore, KA	India
S3-174998933	Properties Polyclinic Private	House No. 112, Delhi, North West, DL	India
S3-917835090	May Pressley (MD)	Missouri, Verona, 2262 Farm Road 1130, PO Box 997	US
S3-391380702	Ohara Acton of Tankers-LLC	4011 Monterrey Drive, Acton, Texas	US
S3-647076086	thánehealthcare.com	H.no 908 Office No. A 416, Plot No. 46/47/55, Kukreja Plaza, Sector 11, Cbd Belapur, Navi Mumbai, Thane, MH	India
S3-493284028	Lse Pub	501 Broadway Street, Homewood, Alabama	US
S3-403603657	Ram  Lotus Builders Private Limited	D- A-246, Gali No.- 10, Laxmi Nagar, East Delhi, Delhi, DL	India
S3-807469694	Supreme Detailing Incorporated (ID: 23180)	7413 Plank Trail Ct, Frankfoort, Illinois	US
S3-435367581	Mr Max Pronerty Limited	Sse-48, Kanpur Road, Sector-f, Lda Colony, Lucknow, Kakori Np, उत्तर प्रदेश	India
S3-707433993	Pvt Arrow Hightech Ltd	C-004 Saibya Senary Apt., Bengaluru, ಕರ್ನಾಟಕ	India
S3-257032845	Cedar-Corporation	4910 Bal Harbor Circle, Chattanooga, Tennessee	US
S3-298831430	Urban Care Yoga!	2 Park Ave, Yonkers, New York	US
S3-51596369	Capitalprocessor.Com	Arakkonam, Vellore, Town Hall 5Th Street, No.16/14, TN	India
S3-342969024	Anwita (ineiba) Private Limited	#641 Ground Floor, Plot 82, Ida Kattedan, Rajendranagar, Hyderabad, TG	India
S3-427716638	Private Gsa Trading Overseas Ltd	South West Delhi, DL, B 71/2 Maya Puri Industrial Area Phase 4, New Delhi	India
S3-496426798	MCJ STORES LP	5155 Yaquina Bay Rd, Lincoln County, Oregon	US
S3-732925238	Crawford, Riggle and Nguyen Rocket	Texas, 9461 Wild Way W, Fort Worth	US
S3-940388526	Dermatology  Associates of Campbellsville, Inc	Campebllsville, <NULL>, Kentucky, 1305 Palestine Rd	US
S3-445294432	Gibbs & Tme Design LLC	1022 Moin St, PMB 3764, WAKE Foerst, North Carolina	US
S3-378010114	Global Cloud Inc Center		US
S3-900223200	Steelworkers Local Union 263	##9020 Southern Maryland Boulevard, Owings, Maryland	US
S3-19798358	Murray Corp Lunsford Systems &	West Virginia, 519 Beulah Road, Morgntown	US
S3-354739768	Laxmi Limited Private [Foundation]	W. No.-9 Purushottompur, Egra, Midnapore, WB	India
S3-909037061	நார்த் புராப்பர்ட்டீஸ் டிரேடிங் பிரைவேட் லிமிடெட்	#D/99, Flat B, Balamurugan Garden 1St Main Road, Thoraipakkam, Chennai, TN	India
S3-230395554	CIX Machines Private  Limited	Kannur, Room No. Mt-7/150a87(shop No. Fr10) Fourth Floor, Kannur, KL, Capitol Mall, National Hig, Hway	India
S3-905338355	Maksons Infratech	No. 148, Bhd Paduvana Road Muda Officers Layout Kuvempunagar, Mysore, ಕರ್ನಾಟಕ	India
S3-744393849	Olympe's  Grand	8475 Woodbury Pike, NULL, Blair Township, Pennsylvania	US
S3-30164181	Shriram Network Limited Partners	C/o Sri Kodi Abdulkhader, Mangalore, Dakshina Kannada, KA	India
S3-350608668	சுப்ரீம் இன்வெஸ்ட்மெண்ட்ஸ் பிரைவேட் லிமிடெட்	No 010 Bharathi St., Kancheepuram, Avadi, TN	India
S3-167262244	Downtown (Bistro)	0012412 Thorngate Lane, Boyds, Maryland	US
S3-583140280	Taylor, Weakley and Brown	135 Thunderhead Dr, Goreville, Illinois	US
S3-530951209	Naman Foundation Exports Private	Plot Khasra No. 2038/204, Haiwatmau Mavaiya Sect-03, Lucknow, UP	India
S3-257432031	Lorenza N. Mchenry, DO, DDS PC Associates Inc.	1335 Parker Rd, <NULL>, Roney, West Virginia	US
S3-921004181	Peake,, Sella M.D., DDS PC Inc	86-6 79 St, Woodhaven, New York	US
S3-558667022	Ruiz Capstone	5525 Grande Vista Court, Monticello, Indiana	US
S3-490607311	Lujan [Products]	Mckiinney, 331 Jacob Lane, Texas	US
S3-409854239	এসএস প্রোডাক্টস প্রাইভেট লিমিটেড	Plot 688 Shop-4, Basement, Front Block, Skyview Building Sevoke Road, Opp Uttarbanga Marwari Bhaw, An, Siliguri, Darjeeling, WB	India
S3-848904281	Private Star Shákti Foundation Limited	No 327 Wadala Udyog Bhavannaigaon Cross Road Wadala, Mumbai, MH	India
S3-982098412	Ellison Beacon Newhold LLC	766 Soya Dr, N/A, City Of Socorro, Texas	US
S3-968288140	East Fresh Resources Corporation	##6005 Stillridge Ct, Louisvillle, Kentucky	US
S3-842670223	Creative Real Impex Private Limited	No 80 Shubhadhama Building, C/o Prakash Traders Sorab, Shimoga, KA	India
S3-494999922	Niia Contracting LLC	0101 16th Ave, Independence, Iowa	US
S3-324518877	Regional Ínterstate Church East LLC	24 Tolland Farms Road, Tolland, Connecticut	US
S3-720308948	Heritage League	2108 Robin Lark Drive, Winston-Salem, North Carolina, # 301	US
S3-666061293	Cornerstone Secure Meshflow Ltd	2208 Greenbriar Colony Drive, Texas, Houston	US
S3-191530921	Melba  Hallenbeck,	6000 Alma Rd, Unit Ste 302, Mckinney, Texas	US
S3-673596495	Wgresort.Com	9, Floor-2, Plot-26, Parvati Niwas, Manikrao Lotlikar Road, Kings Circle, Ma, Tunga, Bombay, Mumbai, MH	India
S3-740396295	First Industries Private Ltd	G-01, Shubh Mangal Appt, Jyoti Nagar, Girwa, Shobhagpura, Udaipur, RJ	India
S3-236041273	Consulting Happy Smart Private Ltd		India
S3-570719105	लाइफ टेक्नोलॉजी प्राइवेट लिमिटेड	Door No 123 Site Onevikas Puri, West Delhi, New Delhi, DL	India
S3-305847814	Burgess Mortgage Partners	008812 Jacksontown Rd, Nanjemoy, Maryland	US
S3-515840892	Youth Ministries Corp	12203 Orchard Ter, Upper Marlboro, Maryland	US
S3-572657430	Kozlowski, Lopez & Smith Llc	Scottsburg, 0241 Greenway Dr, Indiana	US
S3-354480076	Fort Worth Star Medicine Center	540-542 Darlington Trail, Texas, Fort Worth	US
S3-508561483	Eye  Partners LLC	7235 Sumac Rd, Jasper, Missouri	US
S3-776290662	dynamic producer pvt ltd	No 85- Atlanta Building Jamnalal Bajaj Marg, Nariman Point, Mumbai, MH, Mumbai City	India
S3-4055426	72-Center Boulevard Realty	17477 79th Street, Becker, Minnesota	US
S3-28123939	(india) Crest Servicesprivate	Block No101 To 105 Sunder Apartment Dr. R. P. Road, Dombivli East, Thane, महाराष्ट्र	India
S3-179272921	Pyraflux	Plot No 70, H No 8-9-40/70, Bandlaguda Sri Datta Nagar, Near Dathu Nagar, Kanchanbagh, Hyderabad, Rangareddy, Telangana	India
S3-548551315	LLC Domoify Uptown,	1476 Entry Run Road, <NULL>, Stanarddsville, Virginia	US
S3-442333560	Solpyrapyra f/k/a Ehrlich & Maresca Octave Inc	601 Campbell Street, Unit 1, Prescott, AZ	US
S3-105188214	Unified Investment Alliance LLC	139 Sheffield Drive, Racine, Wisconsin	US
S3-816362534	cure auto body	2933 Oak Avenue, Pennsylvania, Altoona	US
S3-268033096	Slate Health-Center Highland	#8505 Blue Sky Dr, Lincoln, Nebraska	US
S3-715452326	Koressa's PC-Center	167-169 Leadbetter Road, Wayne, Maine	US
S3-962004551	Kimberly & Davis	5704 Essex Rd, Lisle, Illinois	US
S3-550776271	LLC Sterling Infrastructure Associates,	Massachusetts, 55 Houston Avenue, Milton	US
S3-493103895	Sea Center (Partners)		US
S3-685902531	Anneliese Finney Consultants Inc	5 Crown St, # 2, Webster, Massachusetts	US
S3-547680599	Hernandez and Perez	6324 107rd Ave East, # Apartment 4, Tulsa, Oklahoma	US
S3-667321007	Limited White Global Motors Center	Penn Court 8B, Mumbai, Calcutta, WB	India
S3-385697081	Martinez, Hoskins ánd Conway Inc	60 Zittel St, Buffalo, New York	US
S3-552938423	Keystone Automation Laboratories	220 Vnder St, Fayetteville, North Carolina	US
S3-856001276	Roseview Pafbn Private Limited	Floor- Grd, Plot-47, New Ajmeri Hostel, B C Patil Marg, No. 1, 1St Umarkhadi, Chinchbunder, Mumbai, MH	India
S3-602089330	Dona Polytechnic Private Limited	C-61, Meerut, UP	India
S3-733202465	Crisp Valley Hovnanian LLC	1901- Fayetteville St, Unit 10F, Asheboro, North Carolina	US
S3-278945347	Doon Alliance Enterprises LLP	A 74, First Floor, Plot No 2, Ganesh Nagar Extn Ii Shakarpur, Delhi, Paprawat, दिल्ली	India
S3-733440422	Rice Eqmuty Partners Inc	#7509 Morgan Avenue, Minneeapolis, Minnesota	US
S3-333375548	#45881 Better Precision (Hall)	180A Purtymun, Sedona, Arizona	US
S3-735294550	Davis Consulting (ID: 33644)	6434 Whitehaven Rd, Indianapolis, Indiana	US
S3-458148028	A Silver 8rown	3620 Lynhurst Drive, Indianapolis, Indiana	US
S3-268199691	Rotary Technologies of Mumbai Pvt. Ltd.	#97 11, Mumbai, महाराष्ट्र	India
S3-643961162	private capital solutions limited	815, Devpath Complex, B/h Lal Bunglow Off C. G. Road, Ahemdabad, GJ	India
S3-464813676	Kelofluxfaye formerly: Georgina's Spa LLC	White Hall, 18807 Graystone Road, MD	US
S3-962616403	Ai Cer Ltd	507, Sharp Bhawan, Commercial Complex, Azadpur, Delhi, DL	India
S3-813536454	వన్ Exports Pvt Ltd	2C, Hyderabad, TG	India
S3-246993233	Main Street Book Store [Riverside]	76- Hewlett Court, Bablon, New York	US
S3-702030478	Mitsu Industries Limited Center	Delhi, House No. 39-B First Floor, South Delhi, Block A1 Kh.no.-603, Chatterpur E, दिल्ली	India
S3-969434414	Drummond, Hammon and Huber Good Riverside	8438 Fawndale Lnae, Houton, Texas	US
S3-858636029	Bakerlake.Com	##11 Canterbury Park Dr, St Peters, Missouri	US
S3-988657915	Boppana Advisors-Private Limited Limited	At House No C-#7 Kh, 87/2, Upper Ground Floor, Hargo, North West Delhi, दिल्ली	India
S3-726384214	*** Jasper  P.C.	9355-9359 Fox Ln, Town Of Gardner, Wisconsin	US
S3-334513200	Route 40 Ice Cream Corp	520 1/2 Clark Saint, Warsaw, Indiana	US
S3-641949073	Sydelle Everett,	5129 Garden Street, Seattle, Washington	US
S3-891756763	legacyjones.com	13829 Hale Rd, Oberlin, Ohio	US
S3-560060857	Continental Stonebridge Holdings	1484 Creek Dr, Conroe, Texas	US
S3-470037605	Fresh-Gabelli Inc	106 Bluff City Rd, Somerville, Alabama	US
S3-257288759	Sri Tanmay Tech  Pvt Ltd	E-13 Lgf, Kakaji, New Delhi, DL	India
S3-102932301	Soa Partners LLC (ID: 17523)	9677a Oakhaven Court, Perrsburg CITY, Ohio	US
S3-431136348	Diamond Engineering  Laboratories	2046 Second Ave, Minnesota, Cmabridge CDP	US
S3-548818916	Eshwar (India) Group Pvt Limited	F-a-299(p), null, Rupnagar, PB	India
S3-893966092	Private Pace & Brothers (Limited)	Shop No. #33, Uit Shopping Complex Sector-14, Hiran Magri, Udaipur, RJ	India
S3-851185280	ગ્લોબલ કન્સ્ટ્રક્શન	Ahmedabad, GJ, W-1, Opp Psp House, B/h S. G. Highway, Daskroi, 406 4Th Floor	India
S3-928403480	Solufy Bridge-Inc.	1806 104th Loop, Vancouver, Washington	US
S3-103780601	ADITYA TRADING PRIVATE LIMITED	D-54/1, Siddhivinayak, Ashokmarg, Jaipur, Sawai Madhopur, RJ	India
S3-577029268	Dunlap Culture Partners West	00409 Normandy Drive, Indiana, Muncie	US
S3-891768904	Baptist Direct	7839 Enola Street, # STE TA3, MC LEAN, Virginia	US
S3-957167537	Shiflet Investments LLC	2409 Taylor St, Eugene, Oregon	US
S3-527179005	Great Power Private Ltd	No. 766 B 703, Dev Ashirwad Chs, Laxmi Park, Lodha Road, Nr Naya Nagar, Mira Road., Thane, MH	India
S3-443660295	Peak Semiconductor Clinic Services	00134 Wilton Ave, # Apartment 1, Jamestown, New York	US
S3-969238670	Espinoza LLC Mercury	1550 Middle Burnt Fork Rd, Stevensville CIYT, Montana	US
S3-319587345	Art Retgal Private  Limited	H.no 240 1St Floor, Garhi Harsaru, Gurgaon, HR	India
S3-79969814	Smt Orientation Controls	D/282, Noida, Gautam Buddha Nagar, उत्तर प्रदेश	India
S3-393373542	Coastal Fóundation IV	1197 Davis Rd, Usk, Washington	US
S3-259721688	Wildlife Metropolitan Charities  PLLC	566 Maple St, Rochester, New York	US
S3-836412104	Rev It	125 Grizzly Ln, N/A, Huntsville, Texas	US
S3-220829388	X Paper & D Y	346- Friesian Ct, Alvin, Texas	US
S3-810187130	Public Kottayam Limited Services	Hn 9-656 C/o Rema George, Kottayam, കേരളം	India
S3-319213895	-- Hunger Federation ÍII Co	969 Route 403 Highway, East Wheatfield, Pennsylvania	US
S3-272101010	Asia Innovations (India) Public Limited	538B/2/410 (149G/1) Deen Dayal Nagar Rooppur Khadra, Lucknow, UP	India
S3-996922045	Lindsey's Painting Corporation	22026 98th Pl, Kent, Washington	US
S3-683409035	Krishna  Lofiastcs Limited	1806, Polaris B Meenakshi Sky Lounge Khanamet, Kondapur, Hitex Road, Rangareddi, Hyderabad, తెలంగాణ	India
S3-160805659	pediatricunifiedgroup.com	101663 3300 Rd, Harrah, Oklahoma	US
S3-823973264	Katy Group Holdings Holdings Services	215 Summer Sunrise Drive, Katy, Texas	US
S3-564308837	Vanguard Mortgage Group Ltd	31 Weld Street, Dixield, Maine	US
S3-534248148	Dear & Hénry	1926. Seville Road, Village Of Kronenwetter, Wisconsin	US
S3-804993317	Colonial Frequency Co	009029 Cicero Ave, Oak Lawn Township, Illinois	US
S3-978615013	Rediex	00380 Morning Dove Ln, Cle Elum, Washington	US
S3-248229861	Bois Technologies (LLC)	Baxter Dr, # STE 170, Harriosnburg, Virginia	US
S3-492388331	First Prínting Solutions North (LLC)	3217-3221 Leeds St, Little Rock, Arkansas	US
S3-941314792	Red Ci  Agro Private Limited	Yelahanka, ಕರ್ನಾಟಕ, Bangalore, No. G-100 Muneshwara Layout Attur	India
S3-796250910	Runner-Tactical	42 Fenway, Milford, Connecticut	US
S3-278583870	Fayejax	B405, Bldg No 9, Brahma Tower P.k Rd, Mulund West, Bombay, Mumbai City, MH	India
S3-910283403	Niia-LLC	3601 Bowers Ave, Baltimore, Maryland	US
S3-805135342	Shiva Gloioal Private (Limited)	Baranilpur, Uttarpara P.o.- Sripally, Bardhaman Sadar, Bardhaman, Burdwan, WB	India
S3-712725112	Halcyn	2521 Kingston Pike, Unit 610, Knoxville, TN	US
S3-834106682	Maid (Prizga)	304 1/2 Mesquite Drive, <NULL>, Sinton, Texas	US
S3-416955309	Kólkatafarm.Com	3Rd Floor, Flat-4a, 25, Kali Bari Road, Nalta, Kolkata, Kolkata, Dumdum Cantonement, WB	India
S3-355068990	சிவ் இன்வெஸ்ட்மெண்ட்ஸ் பிரைவேட் லிமிடெட்	Pl No 33., Sf No 30/2A1, Othaveedu, Vandiyur Bit 1, Madurai North, Madurai, TN	India
S3-534325626	Express Education LLC		US
S3-496534375	Laxmi-Enterprises Private-Limited	Plot 959 Bankim Kanan Chinsurah R.s. Hooghly, Hooghly, WB	India
S3-53912393	Cancer  Fund V	14340 St Rt 58, Oberlin, Ohio	US
S3-190888755	Iridova F/K/A Smart Genomic Group	535 Edinburgh Way, Dothan, AL	US
S3-279893107	Hawkins Prémier Lloyds	9423 Azteca, Guadalupe, Arizona	US
S3-487710328	Pragati Trading Private	No 334, Gangaikondan, TN, Panruti	India
S3-727260402	Suyog &  Sons Private Limited	202 Anuj Complex Nr Kalpana Colony, Opp Thakor Big Flats Mithakali Ahmedabad, Ahmadabad City, Ahmedabad, GJ	India
S3-276810939	லோட்டஸ் சர்வீசஸ் பிரைவேட் லிமிடெட்	Ah 251/A Annanagar, Madras, Chennai, தமிழ்நாடு	India
S3-728762592	L.L.P. Surya Consulting	Jaipur, RJ, Jaipur, Fl No 834, 8Th Floor Silver Crown	India
S3-120860936	तिरुपति वेंचर्स एलएलपी	Hn 483 Ram Pratap Ggpta, Village Semarauta, Amethi, Tiloi, Raebareli, UP	India
S3-25959824	Big वेंचर्स Limited	S/o S D Dodeja Ii B/82 F-1, Vaishali Gzb, Ghaziabad, UP	India
S3-17603153	Grace Lutheran  Church	1037 Gitgerroot Dr, Fenton, Missouri	US
S3-637250548	EMBER INC INC	##1563 Rory Ln, Unit 231, City Of Simi Valley, California	US
S3-194930025	Smt Tiara Industrial  Private Limited	Subhaag, B-15/16raminpark, Mumbai, Baroda, ગુજરાત	India
S3-28253261	Children's Fund VI  Central	632 Farragut Avenue, Knoxvillle, Tennessee	US
S3-896056330	All Classic Investments Limited	Block E-159 Fno-103, 14/8 New Palasiya, Rigalhaits, Indore, MP	India
S3-868325902	Excellent Structures Pvt (Ltd)	84-A, Gf, Dda Bldg; Mata Sundari Road, Central Delhi, New Delhi, DL	India
S3-521724970	Lynch's Royal	1602 Holland Rd, Maumee, Ohio	US
S3-251180116	Solomon Inc Service	247351 W, Merrill, Wisconsin	US
S3-639657306	Indian Care Private Ltd	Mumbai, Dr. Annie Besant Road Worli, MH, H 3 Eden Hall, Mumbai	India
S3-95911882	Lotts Total Tranrt (Inc)	454 Conutry Squire Lane, Searcy, Arkansas	US
S3-939874860	#-9 JW Cbre	233 Red Oak Circle, Brazoria, Texas	US
S3-742150906	अल फॉर्च्यून सॉफ्टवेयर प्रा. लि.	Jaipur, RJ, Jaipur, Nunia Ganga Ram Ki Dhani, Heera Pura	India
S3-662605352	Evans Chadwick Partners	1916 Rock Hill Rd, WOOD River, Illinois	US
S3-281274576	Saint Fellowship Corp	146 1/2 South Ave, Unit 24, Whitman, Massachusetts	US
S3-534657849	Prime Producer  Pavee Limited	H. No. G 40, Harijan Basti Dwarka Palam Exts, Sector-7 Near Push-up Gym, New Delhi., South West Delhi, New Delhi, DL	India
S3-722385418	Shelters  Hospital Private	At - Rita Niwas, Laxmi Lane Ghurdor Road, Neel Nagar, Digha, Patna, बिहार	India
S3-526687165	Aditya Marketing Private  Limited	C/o Dattatraya Pandurang Patil House No 5 At Post Anjani Tal Tasgaon Dist Sangli, Sangli, MH	India
S3-590219728	All Aditya Estate Private Limited	43, Sir Hari Ram Goenka Street, Neem Bari, 1St Floor, Kolkata, Howrah, Kolkata, WB	India
S3-900166106	KMG Gdra	South St, Monticello, Iowa	US
S3-954718307	Kolhapur Power Private	#484, Mauja No. Junbediya Khaitian No. 1441, Bankura, WB	India
S3-525520459	Cascade-Icetnic	888 Clay Street, Unit L108, Ashland, Oregon	US
S3-182326169	parkgeneration.com	Badger Run, Jeffersonvile, Indiana	US
S3-316698805	गुरु प्रोजेक्ट्स प्राइवेट लिमिटेड	Plot 26 501, P.o- B V Collage, बिहार	India
S3-951134193	Austin's Occupational Therapy Uptown Ltd	23 County Rd 293, Philadelphia, Tennessee	US
S3-519041688	Ian Limited Center	H.no 12 Flr, Mumbai, MH	India
S3-535869808	सूर्या एंटरप्राइजेज लिमिटेड	No.42, Nallasopara East, Thane, महाराष्ट्र	India
S3-792306489	Moore Pembina (Inc)	345 32nd Street, Springfield, Oregon	US
S3-150485154	atchisonleague.com	<NULL>, 11549 Laura Marie Dr, Texas, City Of El Paso	US
S3-687327914	Chiropractic Partners	207- Adoue Street, Baytown, Texas	US
S3-870781846	Fabricators Hospital Care Co	Fl No3, Sr No 447/15, Pl No 15, Nandi Residency, Nashik, MH	India
S3-646389853	simascruzc0m	11829b Wayland Street, Fairfax County, Virginia	US
S3-946425712	jonesreyespyles.com	18679-18683 Barents Drive, Hmble, Texas	US
S3-294884407	Tavonovi F/K/A Division of Buildings	303 Cox Avenue, Eakly, OK	US
S3-801009095	Continental Federation Corp	Connecticut, 52 Thorne Wood Road, Haddam	US
S3-811799369	Kolkata Bharat Co	No 16/3 Sahapur Colony S.p No. 387, Kolkata, পশ্চিমবঙ্গ	India
S3-47510879	Elite Rail LLC Coastal	1306 Bloomington Dr, Saint George, Utah	US
S3-506401220	Kaverya  Finance Private Limited	A-523, Gautam Buddha Nagar, Bishrakh, UP	India
S3-868937508	सन एग्रो प्राइवेट लिमिटेड	दिल्ली, Khasra No. 31/18, Ground Floor Block C-1, Land Mark Near Dda And Sec-23, North West, 10, Deep Vihar Pansali New Delhi	India
S3-722168734	-- Balanced LLP	Flat Number ##610, Khairatabad, Hyderabad, Andhra Pradesh	India
S3-473406712	क्लासिक सॉफ्टवेयर फर्नीचर प्रा. लि.	Door No 0617New Aakar Chs Ltd Pipe, Line, Cancer Hospital Plot, Mumbai, MH	India
S3-723326470	Ltd Rakesh Cmma	Vinay Kumar, S/o.-vijay Mahto Kumhrar, Baithka, Bahadurpur, Patna, बिहार	India
S3-275875621	zia certified spartacus	Carriage Hill Drive, Hendersonville, Tennessee	US
S3-822057651	Siify Llc #96259		US
S3-501569436	LA Home	#736 Top Floor (East Wing), Rupnagar, ਪੰਜਾਬ	India
S3-136269554	राम कंस्ट्रक्शंस प्रा. लि.	Construction House796/189 -B Bhandarkar Institut Roar Deccan Gymkhana, Pune, MH	India
S3-500628707	MIDWEST REGENCY	Marlborough Ave, Nashville, Tennessee	US
S3-181860374	Mumbai  Advertisers Limited Services	B-143, Mumbai City, Mumbai, MH	India
S3-299060720	Peex Custom Inc Services		US
S3-346209424	fresh transit networks partners	1460 Kellywood Lane, Houston, Texas	US
S3-833400641	Orbibrix dba Thrissur (India) Lubricants Pvt Ltd	74/B Alkapuri Society Gf 104Gayatri Apts Nr M K.School Alkapuri, Baroda, Vadodara, Gujarat	India
S3-299454581	DP	C-13 Gida Sector 13, Sahajanwa, Gorakhpur, Uttar Pradesh	India
S3-428296720	Allied Clough	7315 Grand Oaks Blvd, Citrus Heights, California	US
S3-529876318	taylortravel.com	New York, Middle Village, 79-21d Furmanville Ave	US
S3-708224749	LLC Anchor Fárms	9456 Charter Gate Dr, Virginia, Mechanicsvville, # G	US
S3-871254494	Forge-Inc	619 Live Oak Street, Shelby, North Carolina	US
S3-929241716	Coral Nursing Home Enterprises	H.no 965 Property No.6, South Delhi, Delhi, दिल्ली	India
S3-27374987	Corp Jenkins, Agnis, P.A., DDS PC	4111 Buttonwood Trl, Clay, New York	US
S3-403737477	Gibbs Galtbdaa	2032 Lakeville Road, North Hempstead, New York	US
S3-823141603	Agrasen Traders Co	No ##41 Arabinda Sarani, Kolkata, Kolkata Region, Howrah, WB	India
S3-597268948	Sky Consultants Limited	No 23. S/o Uttam Deorao Tambde Gh.no Merkheda, Jalna, महाराष्ट्र	India
S3-989192251	Bombay Foundation	Plot No. H-##48, Additional Murbad Industrial Area Midc, Murbad, Thane, Thane, MH	India
S3-485152052	Uram Snow East LLC	1411 Mies Ave, Billings, Montana	US
S3-466583505	Ss Sosffwre Private Limited	Shop Number 20/2, Karnal, HR	India
S3-650011734	इंडियन ग्लोबल सॉल्यूशंस	G-133, New Delhi, Delhi, DL	India
S3-241293180	Platinum Nexus	921 Lincoln, # 0, Belvidere, Illinois	US
S3-337412446	TV Tower Partners	809-C Richmond Ave, Jonesboro, Arkansas	US
S3-502071913	Signature Jena Inc	13 Church Ave, Germantown, New York	US
S3-925402078	Rizadrex DBA Clean Sangh	Flat No. C-239, 2Nd Floor, Mahaveer Dazzle, Hoody Circle, Post-Mahadevapura, Bangalore, Karnataka	India
S3-312233886	[[Inc]] Federal Classic Winvest	18775 Dogwood Ct, Adelanto, California	US
S3-366491624	Bio  Global (Llc)	41 Moonlight Ln, Wimberley, Texas	US
S3-190884463	Partners Dynamic Holdings	162 Franklin Street, Whitman Township, Massachusetts	US
S3-336102220	परफेक्ट फाइनेंस एलएलपी	00106, Nagpur, MH	India
S3-78323236	[Limited] Bangalore South Edu Infratech	No 414, Bangalore South, Bengaluru Urban, KA	India
S3-176696263	Trusted Auto	324 Oakland Ave, Charleroi Borough, Pennsylvania	US
S3-392412381	Lumonyx	Plot No.7/1, 12Th Main Road, Opp. I.R Polytechnic 3Rd Phase, Peenya Industrial Area, Bangalore, Karnataka	India
S3-973514835	Tri-State Medical	0020947 Colecroft Sq, Loudoun County, Virginia	US
S3-943187982	LLC Wildlife Federation East,	812 Spokane Ln, Crossville, Tennessee	US
S3-35337716	Clapp Fifth	124 Walcott Ave, PMB 9350, Staten Island, New York	US
S3-340965843	Big टेक प्राइवेट लिमिटेड	A-4/131 & 133 New Kondly, North Delhi, Kondli, DL	India
S3-882730775	Blake, Bierman & Samson Commercial (LLC)	Bolivar, Ohio, 10298 Fort Laurens Road	US
S3-113263562	Basalt Trust Inc. | www.basalttru.com	16120 Sweetwater Fields Ln, Tomball, Texas	US
S3-913123653	optimal continental siddhi	42586 Stratford Landing Drive, Ashburn, Virginia	US
S3-625603859	HITECH CONSULTING PRIVATE LIMITED	Kasargod, Kasaragod, Kayyar, #2448/1998 Shanthiyodu, കേരളം	India
S3-466785340	Parvati Educational	Vellore, TN, Vellore, No G-122 Jinnu Mudaliar Street	India
S3-208634061	Coastal Ridge Horizon Llc	8497 Hoyt Way, Ken Caryl, Colorado	US
S3-132061198	Dr Cephas & Associates Industries	41, Gurgaon, HR	India
S3-538829276	Dermatology Quality Physicians	384 4th St, Benson, Arizona	US
S3-396449658	Sky Sky Private Limited  Center	H.no 409 New Aria, 5, Bisar Talab Ps- Civil Lines, Gaya, बिहार	India
S3-535706210	राज सर्विसेज प्राइवेट लिमिटेड	Fl No. 20 Bl- A Empire Landmarks- 62/78/1, Op- Chavan Hotel Wanawadi Pune, Pune, Pune City, महाराष्ट्र	India
S3-260268644	devtechpharmaceuticals.com	House No-684 A, Sec-3 F Vaishali, Ghaziabad, UP	India
S3-942441226	ઓલ વ્હાઇટ સર્વિસીસ પ્રાઇવેટ લિમિટેડ	A 004, Sunmoon Park Society Near P.f Office, Akota, Vadodara, Baroda, GJ	India
S3-417867457	Trading Medical	Surat, Office No. E-f-g- 6, GJ	India
S3-339909500	JA Illumination LP	14870  Pierce St, Ham Lake, Minnesota	US
S3-28659920	Eye  Care Associates	59 Whitestag Way, Vacaville, California	US
S3-425338453	XF Keystone Airport, Holdings	103 Waterside Dr, PMB 6653, Bath, North Carolina	US
S3-62820695	Raha Servicesprivate	Building No 47/1576/865, Kollam, Keralam	India
S3-439644938	Allsop Innovative Caiohrfina Caiohrfina Inc	Levittown Township, 26 1/2 Radial Lane, New York	US
S3-321554790	stakedcertifiedrak.com	347 Robles Way, Valleejo, California	US
S3-596550282	Creative Property Products,	4232-B Overton Avenue, Nottingham, Maryland	US
S3-955744724	Mr Vijay (India) Technolgy Private Limited	133A, Howrah, Kolkata, WB	India
S3-576461418	Valley Boston Blue	08232 74th Pl, Scottsdale Hopi, Arizona	US
S3-676865584	Total Semiconductor Dynamics East, L.L.C.	1920 Harard Street, Maryville, Tennessee	US
S3-896044862	Mausam  Industries Limited	H.no 431 Office No.2045, Bima Complex, B Wing Kalamboli, Raigarh, Navi Mumbai, MH	India
S3-560573101	HVH Producer	D 1001 10Th Floor, Tower D, Arihant Arden, Gh07, Sector 1, Greater Noida Extension, Bishrakh, Gautam Buddha Nagar, UP	India
S3-743759754	FUE-Midwest Nuclear Nuclear	13 Church St, Livermore, Maine	US
S3-706079069	ऑल इंटरनेशनल प्राइवेट लिमिटेड	G-37, Tej Kumar Plaza 75 Hazratganj, Lucknow, UP	India
S3-575582907	Group Northern Pioneer	19 Lynmar Avenue, Asheville, North Carolina	US
S3-805529710	Private Abhay Wave Exports Ltd	4-7-16, Powerpet Station Road Eluru, Eluru, West Godavari, AP	India
S3-881722028	Great Legacy John L.L.C.	3709 Hardscrabble Road, Spencer, Indiana	US
S3-323830507	Rai C0nsultancy (India)	C/osri Pramod Prasad, S/olt Brij Mohan Pd, Phulwari, Patna, BR	India
S3-702869065	Coimbatore Dt Exports Co	Door No 42 F Masque Streetkhaderpet Tirupur, Coimbatore Dt, TN	India
S3-807184323	Sri Perfect Private Logistics-Limited	Door No G-545 Unit No. 717, Gurgaon, HR	India
S3-846192907	arabel herrmann direct intercontinental inc	7044 Jordan Rd, Ramseur, North Carolina	US
S3-756109964	Zes0ft LLC Center	115. Charlene Court, Yorktown, Virginia	US
S3-405189514	Ltd Esquire Pvt Services	Pavilion 175 And 176, Dollars Colony, Jp Nagar, Bannerghatta Main Rd, C/o 9-1 Springboard, Bangalore, Bengaluru, KA	India
S3-56248157	Blue Cascade Peoples	940 Rogers Rd, Scotts HIL, Tennessee	US
S3-861384842	Nita Gluick Axiom Associates Ltd	503-A University Drive, # 3215, Edmond, Oklahoma	US
S3-606797756	One Infasrtructuer LLP	Dk-b3/2/43, Danish Kunj, Banzari, Bhopal, MP	India
S3-534531828	Noveus Oxley	09108 218, PO Box 8702, Clyde, Texas	US
S3-749218743	Ltd Shiva Tech	No 85 Vpo Chandoli, Barsat Road, Panipat, HR	India
S3-821815477	Schwarz Harbor Frrs LLC	318 Hospital Dr, PO Box 1911, GLEN Burnie CITY, Maryland	US
S3-657269020	Fort Worth Pediatric Frontier Hetlih	136 Glen Eden Drive, Fort Worth, Texas	US
S3-90114945	Chamunda Partners	##205/B-3A, 12Th Main, 3Rd Phase, Peenya Industrial Area, Bangalore North, Bangalore, KA	India
S3-980539405	Dunlap & Taylor  Gaming LP	41 22th Street, Fort Smith, Arkansas	US
S3-802729362	MIY High Pvt (Limited)	Ernakulam, Idukki, Donr No Viii/6charai P O, KL	India
S3-719558580	Golden Nippon Holdings	0364 Division Street, Amsterdam, New York	US
S3-196736414	Software Anode Engineers Engineers Ltd	Pasumalai Complex5/1 Arundelpet Guntur, Andhra Pradesh, Guntur, ఆంధ్రప్రదేశ్	India
S3-839435648	Panini-Automation-Ltd	2Nd Floor, Akharaghat, Muzaffaprur, Muzaffarpur, Raj Market, BR	India
S3-563966172	Nexvio formerly known as Eggleton Piedmont Engineering LLC	7974 Stembridge Drive, Bartlett, TN	US
S3-849936137	Desert Trust Inc District	4101 Stoneview Dr, # 3, Louisville, Kentucky	US
S3-617027967	central wellness labs inc	542 Smith Clove Road, Woodbury, New York	US
S3-49343114	National Initiative	Auburn, Indiana, 318 Willard Dr	US
S3-595765120	Nagpur Trading Limited [Center]	Nagpur, Midc Industrial Area Hingna, MH, W-119	India
S3-907032027	-- Calumet City Literacy Secure-League LLC	226 156th Strest, Calumet City, Illinois	US
S3-748875875	Sree Tech Private	Shop-229 Kalp Business Pa, Ahmedabad, GJ	India
S3-171075623	Cri Nimi Private Limited	##16/426, <NULL>, Thrissur, KL	India
S3-896817935	Just Seva Samiti Public Limited	No 65 C/o Sushma, 402 Block A Shanti Enclave Apartment, Sharm Path, Divreportingcircle, BR	India
S3-406537698	Supreme & Co Ventures	Flat No- 2-1513 (Front Portion) Hemkunt Chambers, 89 Nehru Place, South Delhi, New Delhi, DL	India
S3-224414663	Bn & Assciate	A-9/b-16, Arya Vihar, Village Sarfabad Gautam Buddha Nagar, Noida, Gautam Buddha Nagar, UP	India
S3-806017824	Madeline Spann, Ph.D. Corporation	7555 Colbert Dr, Rancho Murieta, California	US
S3-672308383	Life Products Private Limited	S-3 Pn 73 A Moon Resi. Shri Ram Nagar, Jaipur, RJ	India
S3-430409954	otdevelopments.com	Thannickal Towers, Thannickal Building Central Junction, Kottayam, KL	India
S3-552933592	NEW DELHI SERVICES LIMITED	West Delhi, DL, New Delhi, D-68	India
S3-634155707	Halodovaavi d/b/a Dyann G. Dillon, Esq., PC	NC, 4130 Redspire Lane, Fayetteville	US
S3-835814991	The Allied Liberty Wíreless Inc.	Valerie Pl, Lincoln, Arkansas	US
S3-622004765	Blue Uptown Dehli	1513 6th, # APT 9, Ballinger, Texas	US
S3-687796086	न्यू कंस्ट्रक्शंस लिमिटेड	C/o Md. Moyten Gami Tola, Katihar, BR	India
S3-607748734	Kalyan Kisan Private	Shree Sai Krupa Chawl 3, Room No 6, Atali, Nr Santoshi Mata Mandir, Ambivali, (W), Kalyan, Mumbai City, महाराष्ट्र	India
S3-545615803	AWANTI CONSULTING	141, Sector-13 Urban Estate, Kurukshetra, HR	India
S3-961941874	ಸದರ್ನ್ Engineering Private Limited	Hn 266 Office No 104, Bangalore South, KA	India
S3-470873480	5urya Engineering Pfgiate Limited	H.no 564 Mouza-137, Maldah, Sadarpur, WB	India
S3-377148458	Choice-Star Solutions	227-231 Eastview Drive, Henry County, Virginia	US
S3-310245976	Tubbs Pioneer	517 SW 15 St, LE MRS, Iowa	US
S3-814045210	Romano-Resources	119 Pinewood Acres Dr, Powells Point, North Carolina	US
S3-593897214	Advanced Modern Rexford	15636 Yarrow Avenue, Nora Springs, Iowa	US
S3-262721137	Tion Apple	6015 Lake Avenue, Elyria, Ohio	US
S3-295962483	Private Can Limited Systems	DL, Kalkaji, South Delhi, A-##46 Double Storey, New Delhi	India
S3-889219164	3846 Third Place-Properties Inc	1389 Middle Rd, Oswegatchie, New York	US
S3-261683033	FP Yhn L.L.C.	842 Westhill Dr, PO Box 8351, Clarksville, Tennessee	US
S3-625682195	Dovasolbrix Formerly Kolkata India Private Limited	Kolkata, 32/A, Howrah, Abinash Kabiraj Street, Kolkata, West Bengal	India
S3-327163788	Take Glass Private Ltd	S No 46/6/14 Datta Nagar Ambegaon Bk, Ambegaon, महाराष्ट्र	India
S3-300842485	Serrato + Mccleary, Partners Inc.	19696 Townline Lima Road, Wapakoneta, Ohio	US
S3-774214624	Golden Technologies  Pvt Ltd	1001, Krishna Podar Hospital Jaywant Palkar Marg, Worli Colony, Mumbai, Mumbai City, महाराष्ट्र	India
S3-647098104	stag.com	Shemp Hollow Road, Dugspur CDP, Virginia	US
S3-885361254	Vantageumbra	6501 160rd Avenue Court, # #F, Sumner, Washington	US
S3-668981740	Kolkata Áqua Holdings Limited	Kolkata, South 24 Parganas, পশ্চিমবঙ্গ, 42/1/7 Karunamayee Ghat Rd	India
S3-855802776	Gabriellia Cdeillo Adr LLC	Texas, ##16230 Fleethaven Lane, Houston	US
S3-434578971	Lay Rocky Vision Llc	5143 Cedardale Ave, Kansas, Floor 0, Wichita	US
S3-101095444	Char Care Private	H.no ##200 Level- 10 Plot No. 18-20 Ht House, Kasturba Gandhi Marg, New Delhi, DL	India
S3-387203693	#lowerparel	No 5Th/5 Fl Peninsula Chambers, G.k. Marg, Mumbai, MH	India
S3-416543648	Jemie Jemie Stómbaugh Legacy Home Care LLC	Indiana, New Castle, 895 38	US
S3-507539831	Connolly (Dental)	1123 Tamarack Dr, Darien, Illinois	US
S3-52063250	Halder Psltyciachnic Pvt Ltd	Gopi Walan Kuan Behind Sector-iv, Karnal, HR	India
S3-786425423	জয় প্রজেক্টস প্রাইভেট লিমিটেড	C-1865, Kolkata, WB	India
S3-14373118	ডায়নামিক বিজনেস প্রাইভেট লিমিটেড	#A-5 Floor S C Building 19, N S Road, Kolkata, Kolkata, Howrah, WB	India
S3-556354668	Dr Cbc Solutions Limited	H.no C-8rd Floor, Mumbai, Goregaon East, महाराष्ट्र	India
S3-267814911	Davila, Mayes And Rodriguez Inc	21 Moungain Ave, N/A, Monnsey, New York	US
S3-380093392	hutchins quality royalties llc	Knoll Crest Drive, Arlington, Texas	US
S3-247271341	Lewis LLC Center	3304 Alexander Valley Cv, Round Rock, Texas	US
S3-298002620	Solvantagefaye	23-5-23, Vandanapu Vari Street, Vijayawada (Urban), Krishna, Andhra Pradesh	India
S3-346191919	HOLLEY SIGNATURE COCA, LLC	4031 Toringdon Way, Unit 301, Charlotte, North Carolina	US
S3-652493497	East Impex Limited	247, Kolkata, Howrah, WB	India
S3-203311968	Ghvconsultancy.Com	Atlantica -F 405 Casa Rio Kalyan Shil Road, Thane, महाराष्ट्र	India
S3-562815715	Dr UNIQUE BUSINESS PRIVATE LIMITED	28, & 39, Thiruthangal Road, Sivakasi, Sivakasi, Sivakasi, TN	India
S3-221805153	chduke.com	7950 1/2 Cherry Avenue, Unit UNIT 105, Fontana, California	US
S3-480351150	Smith (Software)	003808 Holman St, Houston, Texas	US
S3-451983572	ईस्ट एपेक्स एंटरप्राइजेज एलएलपी	A/334, Balaji Bhawan, Plot 42-A, Sector 11, Cbd Belapur, Thane, Navi Mumbai, MH	India
S3-7085585	Green मैनेजमेंट प्राइवेट लिमिटेड	RJ, Jaipur, C D/26, Jaipur	India
S3-615814984	Cruz World Coastal	8322 52nd Place, Marysville, Washington	US
S3-542959222	Ortiz Logistics [LLC]	819 9th St, Attalla CDP, Alabama	US
S3-728294650	Rapid Holdings Inc Services	1541 Stacy Rd, Mckniney CITY, Texas	US
S3-435649029	Global Atlantic Bitwise  Corp	Bayside, New York, 617 Little Bay Road	US
S3-630846259	High Bombay Media Private Ltd	Kepasheda, Delhi, 38 Rajasthan Highway Petrol Pump, Shop 3, DL	India
S3-348966009	Psisvate Shyamal Road Limited	2042, Golden Plaza, Surat, Bharuch, ગુજરાત	India
S3-362312439	Alpha	301, Kshamalaya, New Marine Lines., Mumbai, Maharashtra	India
S3-168348803	White  Nickerson &	6255 Windlass Avenue, Port Orchard, Washington	US
S3-570617538	சாய் எனர்ஜி பிரைவேட் லிமிடெட்	Chennai, TN, 14/2	India
S3-768784393	Total Lógistics [Group]	2348 Fourteenth Avenue, North Riverside, Illinois	US
S3-899415135	Cardiologycare.Com	North Carolina, Belews Creek, 08096 Belews Creek Rd	US
S3-62213650	MAlD BIKE BIKE SHOP	Unit 1, Fall River, Massachusetts, 11 Forest Street	US
S3-424282014	Baldwin Massage, LLC	913 Bluff St, Graceville, Minnesota	US
S3-91582046	Sira Chemicals Group Private Ltd	Plt No 18, House No.1-1-5, Survey No.: 194 &195 Sree Laxmi Nagar Colony, Manikonda Villa, Ge, Gandipet Mandal, Madhapur, Andhra Pradesh	India
S3-262591699	Services Gyan Green Pvt.  Ltd.	25/2, Ahmedabad, ગુજરાત	India
S3-380379899	swygertcollective.com	575 Hall Farm Rd, Franklin, North Carolina	US
S3-246581925	Red United Infra  Pvt Ltd	Door No 65 Krishna Orchid, Mathura, UP	India
S3-497634989	Smt Vibrant Enterprises Private Ltd	Y.193, Anna Nagar, Chennai.600 040. Chennai.600 040., Chennai.600 040., TN	India
S3-206231973	*** Twisted Náils PC PC	460 Glover Street, Southern Pines, North Carolina	US
S3-830729690	Brown Inc Tbk	28th Street, Puyallup, Washington	US
S3-302196050	Strategic Select L.L.C. Services	229 Superior Ave, Unit Lot 34, City Of Tomah, Wisconsin	US
S3-38720883	Anchor Angel (LLC)	Bixby Rd, La Feria, Texas	US
S3-955299887	જય પ્રોડ્યુસર પ્રાઇવેટ લિમિટેડ	349 The Gallaria Business Hub Yogi Chowk Varaccha, Surat, Surat Varachha, GJ	India
S3-286247448	M/s Best Best Engineering Ltd Pvt		India
S3-287374847	Xyloaria Labs d/b/a Varanasi Commercial Limited	D 59/143 A 5 1St And 2Nd Floor, Sant Raghuvar Nagar, Varanasi, Uttar Pradesh	India
S3-946156376	गोल्ड इन्वेस्टमेंट प्रा. लि.	192-A, New Delhi, South Delhi, DL	India
S3-584025111	Advanced Great	333 Rainbows End, Wimberley, Texas	US
S3-703114560	एसएस इंटरनेशनल प्राइवेट लिमिटेड	D-240, First Floor, Gali No. 10, D-block, Laxmi Nagar, East Delhi, Delhi, DL	India
S3-846975896	Lyrakor D.B.A. Spectra Group	D-6-102, Parsvnath Exotica, Sector-53, Golf Course Gurgaon, Haryana, Gurgaon, Haryana	India
S3-844207314	Ridge Project Assncites	Greenfield, Ohio, 2048 Waugh Rd	US
S3-978001379	VDT Logistics-Care	Khasra No.512, Gol Dalel Singh Compound Opp. Plot No.151, Udyog Vihar Phase-vi, Sec-37, Gurgaon, HR	India
S3-637992216	Jordana Rivera Platinum Horse Clinic District		US
S3-152162208	Al Ventures	308, Sushant Lok-Ii Block -G, Sector-57, Gurgaon, Haryana	India
S3-271487172	గెలాక్సీ కన్సల్టెన్సీ ప్రైవేట్ లిమిటెడ్	#8-2-293/82/A/89, Hyderabad, TG	India
S3-197126964	LZ Solutions Private [Limited]	Block F-383 3/470-1, Vandanam, Don Bosco Chaitanya Lane, Monvila, Kulathoor P O, Trivandrum, Thiruvananthapuram, KL	India
S3-969746452	Marlow, Osborne AND Watson NEWS		US
S3-291574450	Better Rapid [Private]	508 Old Chatham Road, Henry County, Virginia	US
S3-40954721	Parker Stthafe Amc PC (ID: 82804)	6805 Burbank Drive, Baton Rouge, Louisiana	US
S3-613662551	M/s Hari Infotech	D-73, Gurgaon, HR	India
S3-824152336	Houston Cómplete Gladstone Partners	4709 Cottage Road, N/A, Gasport, New York	US
S3-342202152	WTZ Liability  Private Limited	T- 119, 2Nd Floor, Ward-6, Kh.no1151/3 Main Mehrauli, New Delhi, South West Delhi, DL	India
S3-41741531	Wexbelo t/a Samarth Coal Co	Bldg No 11/603 Vidhi Coplx Yogi Dham Kalyan West, Mumbai, Thane, Maharashtra	India
S3-886358299	TY India Limited	Bldg 13 304 Patri Pool Shiv Shakti Complex Kalyan District Thane, Thane, महाराष्ट्र	India
S3-702424519	Value Vernal	1343 Reagan Valley Road, Tellico Plains, Tennessee	US
S3-931760627	Pioneer LLP Systems	No 7-2 First Floor, Rajkot, Vavdi, GJ	India
S3-395788043	स्वस्तिक टेक्नोलॉजी प्राइवेट लिमिटेड	Awfis Space Solutions, Gurgaon, हरियाणा	India
S3-264613441	Memorial Coalition	23 Seneca Road, Rochester, New York	US
S3-773866252	Rocky Coalition	87 Gerard Walk, Brookhaven, New York	US
S3-276995165	Pvt Twin & Sons Ltd.	महाराष्ट्र, Mumbai, 5 Temple Terrace Forjett Sta K Marg	India
S3-53356600	Pure Agrotech  Private Limited	C/o Abdul Salma A V - A S M Building K P Iv 883 Kannapuram Panchayat, Kannur, Keralam	India
S3-19143512	Bette-Ann Becker Choice LLC	807 68th Ter, Kansas City, Missouri	US
S3-599963985	Services Steel Green L.L.P.	DL, South West Delhi, A-2/234 Ground Floor, Block-a Pkt-2 Sector-17	India
S3-711642919	Unified Metropolitan Brand Uptown	1827 1/2 750, Ogen, Utah	US
S3-78761677	Urban-Bakery Incorporated	6224. Sandlin Ave, Texarkana, Texas	US
S3-957442949	mcginnisrobotics.com	Des Moines, 003631 Brook Run Dr, Iowa	US
S3-417516867	Pacific Apex Berkley Inc	1154 Estes Park St, Surprise, Arizona	US
S3-125692523	amber llc	6909- Central Ave, Capitol Heights, Maryland	US
S3-796520152	Abg  Fabrics	H.no 206 Laxmi Bhawan 72 Nehru Place, New Delhi, South Delhi, DL	India
S3-130616883	Gregory Genetics (Group)	238 Woodgate Ct, Johnstown, Ohio	US
S3-836170816	B+ Retail INC (ID: 84923)	1712 Montebello Avenue, Phoenix, Arizona	US
S3-29399710	main street nails	3347 Mardon Ln, Village Of Suamico, Wisconsin	US
S3-285060102	Blondy Smith, L.C.S.W. Westgate	252-254 Wild Rose Ln, Frranklin, North Carolina	US
S3-844759323	Phaidra Calvert DO Lakeside	1119 County Road 5010, Cleveland, Texas	US
S3-175887215	Sugam Charitable Trust Ltd.	Gorakhpur, C/o Nagendra Maurya 116-117 Gadwa Madapur Road Pipraich, उत्तर प्रदेश, Gorakhpur	India
S3-92619680	Kahle Wéalth LLC	4775 Vance St, Beaumont, Texas	US
S3-682288559	Express Automotive-Privacet Limited	Flat No-c/502, Kalyan, Kalyan Dombivli, महाराष्ट्र	India
S3-29853395	Shivam Infra Private  Limited	210, New Delhi, Central Delhi, दिल्ली	India
S3-725669811	Smart	H No 1/60-G Block -E Ph 1 Budh Vihar, Poothkalan, North West, Delhi	India
S3-615155621	Partners Weissman Piedmont Winvest	1552 67rd Place, Tulsa, Oklahoma	US
S3-465267473	Fresh	13208 Cherry Street, Harbeson, DE	US
S3-633031950	Ace Talent Solutions Llc	Yucaipa, California, 35156 Eureka Avenue	US
S3-970466823	Unique  Technologies Pvt Limited	Vikas Marg, DL, D-354, Shahdara	India
S3-236806005	Lesoft  Interests	##189 Olympic Lane, Fallsburg, New York	US
S3-763471035	Lyon, Jolynn Eureka L.L.C.	Randall Road, Brookhaven, New York	US
S3-180745315	Maris's Strátegic Investments Inc	#8 Pondlet Place, Falmouth, Massachusetts	US
S3-730902740	বাবা কনসাল্টিং প্রাইভেট লিমিটেড	50/1A, Kolkata, Howrah, পশ্চিমবঙ্গ	India
S3-971993211	Munoz Security Serces Clinic	406- Lynn Street, Murfreesboro, Tennessee	US
S3-936998678	Hardsoft Terminal (India) Pvt  Ltd	Door No 301 Dharam Palace, 'A' Wing, 100/103 Hughes Road, Mumbai, Mumbai City, MH	India
S3-323950187	Pacific Worldwide Biomedical LLC	404 Reasons Boulevard, Unit 19, Milan, Tennessee	US
S3-852003949	The-Choice Hcm, LLC	9172 Wisner St, Unit 1W, Niles, Illinois	US
S3-487827725	क्रिएटिव सॉल्यूशंस प्रा. लि.	1A/904, Avenue 51 Chs Ltd, Opp All Cargo Logistics (Avvashya House), Off Cst Rd, Kalina Santacruz East, Mumbai Ii, Mumbai, MH	India
S3-74281134	A Cure IT Center	Buffalo, Elmwood Avenue, New York	US
S3-385676067	Jade Davenport Bay Inc Services	716 Kierland Dr, # Unit 5, Billings, Montana	US
S3-261377725	Firefighters Union 238 Co Center	07531 Lockwood Avenue, Burbank, Illinois	US
S3-789387243	Hines	5 Susan Drive, Wawayanda, NY	US
S3-873779626	Rivera, Rhadia T, DPM, PC LLC	88946 Willow Creek Terrace, Beaverton, Oregon	US
S3-25161966	Pioneer Ínc. Associates Supply	200 Rd, Phillipsburg, Kansas	US
S3-564391732	Clean Delta East Llc	10568. Glacier Lane, Osseo, Minnesota	US
S3-445004192	Naus Sólid Inc.	204-C 107, Whitesboro, Texas	US
S3-291790925	Rehak and Prieto Ltd Service	##626 Worchester Street, Herndon Town, Virginia	US
S3-541764285	Vantan Federal	16495- Tr 178, Bellevue, Ohio	US
S3-524250988	Mv Stórage Plvet Limited	At-kasoti Marshaghai, Kendrapara, Orissa, Kendrapara	India
S3-666817939	@Southexports	Ground Floor, Kanchipuram, Chennai, TN	India
S3-964062926	Good Ventures LLP	Bengaluru, Bangalore, KA, Dogr No 1318	India
S3-930133294	Holbrook Bíotechnologies LLC	Hollyridge Dr, Raleigh, North Carolina	US
S3-715382347	Smt Environment Group of Ltd Services	Plot 477, Pedda Amberpet, K.v.rangareddy, TG	India
S3-287692842	Beacon Wealth Alliance Corporation	##2181 Little Mountain Road, Alexis, North Carolina	US
S3-360986508	ಸೂಪರ್ ಟೆಕ್ ಪ್ರೈವೇಟ್ ಲಿಮಿಟೆಡ್	Hn 655 A412, Celebrity Square Bidaraguppe Attibele Sarjapur Road, Bangalore, KA	India
S3-673353683	Chirag Csaial Private Limited	Office Module No. 206, Serilingampalli, Serilingampally, TG, Situated At Second Floor, Trade Fair Office, Building At Hitex Exhibition Center, Izzath Nagar, Hyderabad	India
S3-471317343	CV Entergy Co	3013. Buckingham Road, # A, City Of Wilson, North Carolina	US
S3-972792890	... Trend (india)-Private Ltd	3842, Arya Samaj Road Karol Bagh, New Delhi, Central Delhi, DL	India
S3-168477863	mono systems (india) limited	No: 53, 1St Floor Ck Gardens Thomas Town Post Bangalore 56, 0084, Bangalore, KA	India
S3-823240416	Begusarai Begusarai Information	Harpur, Begusarai, BR	India
S3-409325530	384 5ixth Stréet Apartments Inc	710 Interstate Highway 10, Beaumont, Texas	US
S3-670252881	MAO Harbor, INC	2104- Mt Juliet Rd, Mt. Juliet, Tennessee	US
S3-273733637	Pyatt Fact Inc		US
S3-680234572	Ruff Áll Cherry Inc	Creekwood Court, # B, Olympia, Washington	US
S3-199536711	Parbati Chit Private		India
S3-944118479	Main Street-Tavern Care	1360-C 239, Smiths Station, Alabama	US
S3-710419976	Indian Business Private	G-#21, Laxman Path Shyam Nagar Extn, Jaipur, RJ	India
S3-969983088	Swar Solutions	Mumbai, महाराष्ट्र, 2-1 Samatadeep Coop Soc	India
S3-189466709	Win Vision Pvt	C/o. Jago Mehta S/o. Jaldhari Mehta, Vill Bishunpur, Tola Bishunpur, Panch Jhala Dumri, Block Saraigarh, Bhaptiyahi, Supaul, Supaul, Saharsa, BR	India
S3-454315586	Aspen-LLC	18480 Kuykendahl Road, Spring, Texas	US
S3-495495731	Palghat Cashew Corp	Door No A-359 2964/A, Kozhikode, KL	India
S3-27426294	ഡ്രീം സർവീസസ് പ്രൈവറ്റ് ലിമിറ്റഡ്	Tc 65/2019-2, Thiruvananthapuram, Trivandrum, Keralam	India
S3-886069481	AXL  Media	43 Privet Drive, Flat No. B-101, Sr. No. 43, Opp. Khanderay Pratishthan, Balewadi, Pune, MH	India
S3-2369775	George Public, Llc	North Dakota, 801-803 8th Avenue, Wshek	US
S3-515373907	acedirecthousing.com	1611 Dale Dr, Silver Spring, Maryland	US
S3-38342679	Vertex Thunder  LLC	Stanford, 150, Kentucky	US
S3-401842652	Crupi Calamos, LLC	02201 Gemini Dr, # Ste 130, Flagstaff, Arizona	US
S3-909506725	Rigsbee Partners	Scotsdale Road, Kent, New York	US
S3-57807530	नॉर्थ कंसल्टेंसी प्राइवेट लिमिटेड	C/o- Jay Medical, House No.- 102, Near Chhoti Masjid, Chewara, Sheikhpura, BR	India
S3-797434818	hcmbosridge.com	1201 Cannon Lane, New Bern, North Carolina	US
S3-684561968	Ernakulam Container Prívate Limited	No.42/1250, First Floor, Kalappurackal Building, Kochi Region, Ernakulam, KL	India
S3-14673928	Modern Tálent Group	294 High Rock Loop, Monterey, Tennessee	US
S3-47544834	Halovantagevera	2797 Wynnetree Ct, Hilliard, Ohio	US
S3-507152014	Tavoyumayuma d/b/a Asia S. Nguyen, MD of Saint Louis	37 Clark Avenue, Unit UNIT 131 2, Saint Louis, MO	US
S3-852297635	Da Sales	366, Floor-3 Kalyandas Udyog Bhavan, Sadanand Hasu Tandel Marg, Near Century Bhavan, Prabhadevi, Mumbai, Mumbai, MH	India
S3-267486096	Youth Church North	10721 Robert Ln, Chagrin Falls, Ohio	US
S3-988381859	Draeger and Csy LLC	291 Mountain View Drive, null, Jefferson, North Carolina	US
S3-792901556	cowles premier deutsche llc	Bowling Green, 641 Third Street, Unit 3, Ohio	US
S3-983881540	Regional Baol Inc	355 Carlton Drive, Chapel Hill, North Carolina	US
S3-613753518	हरि फाउंडेशन प्राइवेट लिमिटेड	Plot No.05, Kanpur, UP, Kanpur Nagar	India
S3-44954454	Atlantic  Desert Armour	11857 Thunderbird Rd, Sun City, Arizona	US
S3-375929241	Ud Planners Ltd	C-517, Mutthiganj, Allahabad, UP	India
S3-475402095	Chiropractic Clinic Córp	Ohio, Canton, 1022-1026 Wertz Ave	US
S3-109646547	Star  & Associates Holdings	Gurhaon, HR, Dlf Qe, #9Th. Floor	India
S3-83617413	Green Asia Inc	Chandler, 910051 3470 Rd, Oklahoma	US
S3-226104980	Loria M. Pl DDS M.D. P.C.	27 Main Street, Canandaigua, New York	US
S3-234054749	Avivera	WB, Uttar Dinajpur, Islampur, #794 C/o Nityahari Das Netaji Pally	India
S3-238149576	Tunbridge PC Services	84 Spring Rd, Tunbridge, Vermont	US
S3-261370390	Cornerstone  Chemical	81 Hummingbird Dr, Northford CTY, Connecticut	US
S3-505647917	Pediatric Dentistry  Platinum Care LLC		US
S3-727691807	Marks-Medical Centre Limited	24, Bl - B/6, Indira Shankar Nagari, Pune City, Pune, MH	India
S3-179830913	Consultants Traders  Pvt. Ltd.	Panvel, MH, Raigarh(mh), Plot- 15 & 17, Flat 802, Patel Heritage Chs, C-wing, Kharghar, Navi Mumbai	India
S3-611952501	Corporation Cardiology Partners	Robbins Road, Unit 2, Arlington, Massachusetts	US
S3-483508138	Lóredo, Merle Boston	Stamford CITY, Texas, 201 Porter Street	US
S3-669488268	City [Money]	Kolkata, Howrah, WB, Gariahat Road (South) 1St Floor, Kolkata, H.no 109 23/52	India
S3-857329515	@gstraders	H.no 158 Jamunalal Bajaj Street, Calcutta, Kolkata, পশ্চিমবঙ্গ	India
S3-184107645	Allied Endocrinology Corp	163 Concord Ct, Norwalk, Ohio	US
S3-833384183	Bloom Co &	Favourite Tower Rom No: Cp2/30l, Cheekkode Po, Vettupara, Malappuram, Malapuram, Keralam	India
S3-77345457	Oncology Advanced Care (LLC)	0192 Central St, # 405, Gardner, Massachusetts	US
S3-95452474	Shivam Center	284, Ujjain, MP	India
S3-526505370	Cipolla  Interstate Cannabis		US
S3-721209709	Fayewexxylo née Stillman Boa Inc	2012 Yamacraw Drive, Knightdale, NC	US
S3-174147713	Veramira	11820 Fountain Way, Unit 300, Newport News City, Virginia	US
S3-345012427	Cirasollum	2117 Minton St, Mesa, Arizona	US
S3-593348981	VSR-Mountain Taxable	112 Fairview Avenue, Jamestown, New York	US
S3-45177366	Mr 8est Tech Private Ltd	171/A Lenin Sarani, 1St Floor, Kolkata, Howrah, WB	India
S3-237140820	अरिहंत इंडस्ट्रीज	Rm No-106, Mumbai, Mumbai City, MH	India
S3-422067604	Chasing Infracon Private (Limited)		India
S3-994295260	Foot & Ankle Care Inc.	1970b Hogue Rd, Clarksville, Tennessee	US
S3-792971651	Jimenez's Sciences LLC Services		US
S3-112832393	All Advisors-Company	Plot No #79, Hyderabad, Rangareddy, TG	India
S3-566824420	HEARTLAND TECHNOLOGY	2066 Faye Street, Mobie Township, Alabama	US
S3-938416444	Sarina Gnehytr Classic Enclave Co	1805 Stone Wood Dr, Greenville, North Carolina	US
S3-711223221	Surgical Inc [Clinic]	Indiana, Avon, 180 Winchester Boulevard	US
S3-952560782	Eastern Clean Invesgoars Ltd	410 Forrest Park Court, Huntsville, Alabama	US
S3-146695079	Continental Trust Co	2917 Lakeshore Bluff, Westport, Oklahoma	US
S3-580211095	Mount Synagogue Midtown	318 Rocklyn Place, Charlotte, North Carolina	US
S3-985592015	Idette Smith Flexible Corporation	4301 -312 Battery Blvd, Williamsburg, Virginia	US
S3-873361615	Secure  Investment	6 Kimball Circle, Methuen, Massachusetts	US
S3-879164609	BH Chmical-Batyown	Baytown, Texas, ##1912 Amelia Street	US
S3-356862503	Noida Technologies [Pvt]	C-65a, Noida, UP	India
S3-930691698	T & Z Cáyson PLLC	15025 Old Oak Ln, # 1014, Surprise, Arizona	US
S3-495099357	Apogee Foundation Có	Block C-825 Vii/490fathima Nagar, Trissur, Malappuram, KL	India
S3-539170381	Clean Róman	01179 Trout Pond Rd, Chesterfield, New York	US
S3-595779523	Bangalore Con Pváet Limited	113, Bangalore, Bengaluru, ಕರ್ನಾಟಕ	India
S3-225625024	Modern Dome Corp	1480 Rising Sun Rd, N/A, Camden Wyoming, Delaware	US
S3-729332618	Xylina Ali Horizon	4908. Blue River Drive, Ardmore, Oklahoma	US
S3-44889154	Creative Energy Private	KA, Sharadamba Nagar Jalahalli Industrial Area, 8 & 9, Bangalore	India
S3-60662035	New Delhi Artisan  Associates	A-/4 Shakti Nagar Extn, New Delhi, North West Delhi, DL	India
S3-151748969	regional media works valley llc	2488 Parkway Ave, Unit REAR, E Liverpool, Ohio	US
S3-386990254	Noveon Rlefodr	2556 Pershing Boulevard, # Apt C, North Little Rock, Arkansas	US
S3-692943000	Limited Kushwah Finvest Services	Block B-33 43, MH, Mumbai, Mumbai City	India
S3-763480998	Labh Holdings		India
S3-391485437	Nexarc Co formerly known as Aero Infosolutions Limited	841, Hudaco Colony Shirur, Shirur, Pune, Maharashtra	India
S3-371785381	Keystone Staffing Staffing	411 Culvert St, North Carolina, Apex	US
S3-883324991	[Inc] Binkley Keystone Supply	Fairfied, Ohio, 351 Gilmore Rd	US
S3-302540252	Brightelle Websrer [LLC]	411 Main Street, # 1/2, Coldwater, Ohio	US
S3-946243811	Prominent Raza Prbvliitte Limited	H.no 1312/108 F/f Iswar Market, Vaidwara, Delhi, North Delhi, DL	India
S3-411359850	Novisyn fka Rapid Banc PLLC	1816 B 11th Avenue, Seattle, WA	US
S3-377649726	Jai Vinimay Pvt. Ltd.		India
S3-81877211	Egmore Nungambakkam Flour Pvt	#6, Egmore Nungambakkam, Chennai, TN	India
S3-579349541	Kolkata Pvt Ltd (Service)	WB, Calcutta, Howrah, 4	India
S3-530056382	Blue Taerfn! Eastgate	521 Third Avenue, Columbia Falls, Montana	US
S3-214036241	Steelworkers Ladfl 41 Inc	4322 Trueland Dr, Fort Worth, Texas	US
S3-826936849	Dr Hotel Projects L.L.P.	B-105, Jaipur, RJ	India
S3-773286498	ଶ୍ୟାମ ଏକ୍ସପୋର୍ଟସ୍ ପ୍ରାଇଭେଟ୍ ଲିମିଟେଡ୍	770/1065 Bijigol, Angul, N/A, OD	India
S3-986094490	Ghaziabad Chand	A-15/348 Vasundhara, Ghaziabad, UP	India
S3-544710714	White Systems Public Limited	37T, Gorakhpur, UP	India
S3-532714133	Operating Engineers 538 Center	00111665 Wuertzburg Road, Town Of Johnson, Wisconsin	US
S3-55393399	Chennai City Corporation Proceisng Private Limited	Old No.5, Chennai City Corporation, TN	India
S3-743658343	George and Chavez Inc	063248 Brad Street, Bend, Oregon	US
S3-743009278	Sri shiva investment limited		India
S3-651383039	@ Home 3 All Ltd	3854 Hamilton St, # Unit 302, Burnsville, Minnesota	US
S3-341699009	Group Complete Apple	998 Ashbrooke Way, Hudsson, Ohio	US
S3-62168128	Welsh Rucker LLC (Service)	#2040 Morgan Cir, Winston-Salem, North Carolina	US
S3-768591733	Rjb (India) Communication	Flat No. 205, A-13 Kailash Colony, New Delhi, Gurgaon, दिल्ली	India
S3-860332074	5ampatchak  Feb Pvt. Ltd.	C/ovishal Kumar V.n Singh, Sampatchak, BR, Patna	India
S3-420379602	Dumas & Múrray	116 Ward Rd, null, Greensboro, North Carolina	US
S3-751716128	Bright-Tdrng Private Limited	Plot No.-b-0054, Satara, Karad, MH	India
S3-606527875	Mumbai Chemicals (Private-Limited)	No 5/7 D 203, Mumbai, MH, Sunrise Apartment, Off. Wageshware Temple, Malad (East), Mumbai City	India
S3-293358533	Rocky Resources Group	958 Broadway Rd, Mesa Dobson, Arizona	US
S3-815965469	Raviavi	Bhive, Platinum Plus Bkc, 3Flr, Wing A, Inspire G Blk, Mumbai, Maharashtra	India
S3-24071155	Horton	18340 Cornell Road, Unit #A, Beaverton, OR	US
S3-128277692	LP Onyx Fohreis	9200 Tripp Ave, OAK LAWN Citty, Illinois	US
S3-758051470	Koerner Bankshares Co	1420- Clarence Ave, Unit APT 109, Wichita, Kansas	US
S3-335707558	Mickisernastock.Com	Tennessee, 1420 Federal Road, Madisnoville	US
S3-759546689	Lynda's Royal Chemical L.L.C.	Ruthr GLEN, Virginia, 120 Hope Drive	US
S3-119918013	Redwood	4805, Kearns, Utah	US
S3-564047769	First Vánguard Eledcfonsgs PLLC (ID: 56769)	Tennessee, Chattanooga, Quail Hollow Circle	US
S3-32255529	भारत प्रोडक्ट्स Private Limited	House No.#01, Ram Sadan, Raidopur, Azamgarh, Sadar, UP	India
S3-281209091	ಬ್ರೈಟ್ ಇನ್ವೆಸ್ಟ್‌ಮೆಂಟ್ಸ್ ಪ್ರೈವೇಟ್ ಲಿಮಿಟೆಡ್	#26 Sri Lakshmi Krupa 2Nd Stage Srirampura Behind Ashwini Kalyan Mantapa, Mysore, ಕರ್ನಾಟಕ	India
S3-295103519	Zionrange.Com	02803 Carlson Drive, Dallas, Texas	US
S3-346076849	Hubli Limited  Partners		India
S3-926690519	1191secondblvd.Com	8115 Eastland Yards Blvd, Unit 426, Charlotte, North Carolina	US
S3-869420729	Lee Gal Commodity LLC	Smith Avenue, Albuqeurque, New Mexico	US
S3-531011775	Ínterlink-Village	Buhari Buildings, Ground Floor No. 4, Moores Road, Chennai, TN	India
S3-74975399	Kolkata-Basera-Private Limited	Ab-7 Deshbandhu Nagar, Kolkata, WB	India
S3-683161083	Maritime Minerals Private	Hn 969 238/310, Velacherry Main Road, Selaiyur, East Tambaram, Chennai, தமிழ்நாடு	India
S3-976276977	Value Aluminum Inc.	425 Lake View Cir, Sealy, Texas	US
S3-563497150	Onyx	Carmel Commons Boulevard, Unit 266, Charlotte, North Carolina	US
S3-882918349	Kew  Foods Private	Adampur, Bhopal, Bhopal Four Ayodhya Bypass, MP	India
S3-64969542	Rucker Stonebridge Inc	Cary, 00110 Duncansby Court, North Carolina	US
S3-151791245	Micra (India)	Kerala, Kottayam, Door No 2 Regional Serviceco Operative Bank Building Iind Floor Kaduthuruthy, Kottayam	India
S3-458282029	Calodovadrexx	27 A/1 Friends, Colony West 2Nd Floor, Near Mathura Road, Delhi, West Delhi, Delhi	India
S3-722790926	Shel's PLLC [Data]	5502 Route 48, <NULL>, Decatur, Illinois	US
S3-852761774	Fernandez-and Tflord Motors		US
S3-112371569	Emelita Mendez, [Center]	##2309 8rd St, Austin, Texas	US
S3-717189877	gennifer white edison corp	#2626 Dove Valley Rd, Unit 355, Daisy Mountain, Arizona	US
S3-866097214	Jks Partners	East, DL, East Delhi, Office No 202 Second Floor Rohini Complex	India
S3-840933224	Azamagarh Builders L.L.P.	C/o Ajay Kumar Singh, Azamgarh, UP	India
S3-729963468	Paul (India) Prócessing Limited	O-161 Delta 3, Greater Noida, Noida, Gautam Buddha Nagar, UP	India
S3-161006539	Heartland Gulf Investment Central Inc	461 Forbes Ave, # Apartment 415, Rensselaer Ciity, New York	US
S3-962588371	Private Structure Estate Ltd	4-239/2/15, Flat No. Tf-2, As Towers, Ravindra Nagar, Gopalapatnam, Visakhapatnam, Vishakhapatnam, AP	India
S3-805200609	Dadeville Family Foundation Corporation	#320 Magnolia Drive, Union, Alabama	US
S3-147514347	Ciraorbi trading as WW Star Specialty LLC	902 Tom Cat Road, Piedmont, AL	US
S3-978210932	N 4 Premier Service	Jessievill CDP, 211 Allinder Rd, Arkansas	US
S3-961377714	Shri Lakshmi  Industries		India
S3-837224986	Fine Ínternational Ínternational LLC	5512 Flagstaff Dr, null, Charlotte, North Carolina	US
S3-300979959	Software Lifestyle Inframart Ventures Private Private	F-79a Lane No 22 Laxmi Nagar, Divreportingcircle, East Delhi, DL	India
S3-566028831	Unique Pówer LLP	46, Ground Floor, Jai Jawan Street Aditya Layout, R M Nagar, Nagarbhavi, KA	India
S3-765316249	Twin Sons Pvt	851/A, 3Rd Floor, B-block, Aecs Layout Off Hosur Main Road, Opp To Skoda Showro, Om, Bangalore, ಕರ್ನಾಟಕ	India
S3-553067830	Simpson, Perry & Calderon	2983 A, Webbster CITY, Wisconsin	US
S3-190488141	Corp Urology Rliabel Partners	Scottown, Ohio, 946 Twp Rd 82	US
S3-265872497	Duldulao Twin	421-425 High Street, Sanford, Maine	US
S3-710264006	The Nexis Deep Inc	33 Sandy St, Jacksonville, Illinois	US
S3-413201518	Smt creative & brothers pvt. ltd.	Plot No. 67 Abhyankar Nagar Nagpur, Nagpur, MH	India
S3-592500670	Keystone Mobility Laboratories Group	8037 Suzanne Way, NULL, Mobile, Alabama	US
S3-96223540	FAJ Blocks  Private Limited	No 16 C/o Shri Pandurang, Jaganath Patange, Sonwala, Georai, Beed, MH	India
S3-545110618	Shree Shmic Care	GJ, Rajkot, Ahiya's Commercial Centre, Dadva Mota	India
S3-768378758	One  Food	TG, Sy No 33 34P, Flat No 101, Geethala Infra Apartments, Road No 1, Kakateeya Hills, Guttala Begumpet, P No 4-44, Shaikpet, Hyderabad	India
S3-803621744	Prime-Engineering Private Limited	H. No. -Fa-04, Ground Floor, Shaheen Bag Abul Fazal Enclave-ii, Jamia Nagar, Okhla, New Delhi, South Delhi, DL	India
S3-266607126	Maid Hair Studio LLC	#336 Fourth St, Waterloo, Iowa	US
S3-267469765	Great Initiative LLC	Pine Rd, Baldwin County, Alabama	US
S3-373022100	Pranansh Home Límited	Door No 562 Room No. 610, Kolkata, Howrah, WB	India
S3-678121245	Pune Services Corporation	महाराष्ट्र, Pune, Gat No 169. A/p Kuruli Tal-khed, Pune	India
S3-155376518	avanti online	029, Ahmedabad, ગુજરાત	India
S3-969199809	Ptte Silver (India) Tours Limited	C/o K P M C & Associates, C-1, Hall No. -2, Rdc Raj Nagar, Ghaziabad, UP	India
S3-573661937	Peak Pacific Salon Center Corp	6222- Chandler St, Cincinnati, Ohio	US
S3-538178837	Ltd. Family Partners	6742 Patti Ct, Montgomery, Alabama	US
S3-964920146	Memorial Federation	Chester Ave, Mansfield, Ohio	US
S3-204257938	Caloyuma DBA: Cascade College Associates	614 Main Street, Madison, IN	US
S3-523498864	Ernakulam Transport LTD	KL, Cc 54/2593-5, Bose Nagar, Elamkulam, Kadavanthra P O, H.no 2St Floor, Ernakulam	India
S3-340547744	The NQO-Innovations Private Limited	No.4-103, Bangalore, Bangalore South, KA	India
S3-883973298	Rocky Veterinary (Clinic)	209 3rd St, Muscatine, Iowa	US
S3-207271266	Congregation Corp Synagogue	001045 John Paul Jones Lane, Harrisonburg City, Virginia	US
S3-627958688	itprime.com	Ward 8-Sub- Station, Door No. 714, Kuzhalanattu, Muvattupuzha, Ernakulam, KL	India
S3-222643702	జై ఎస్టేట్ లిమిటెడ్	3-13-757, Hyderabad, L B Nagar, Andhra Pradesh	India
S3-145503868	Hitech कंसल्टेंट्स Pvt Ltd	A-8, Ghaziabad, UP	India
S3-848248427	Celie Holmgren Beacon Pharma Incorporated	Arizona, Silverbell Road, San Tan Valley	US
S3-894088078	Progressive Consultancy	H.no 00405, A- Block, Ameer Estate, Beside Icici Bank, Sr Nagar, Medchal Malkajgiri, Hyderabad, Andhra Pradesh	India
S3-746867093	Shivganga Wórks Corporation	AP, Golusu Kondala Rao Nagar, 2Nd Line Guntur, Krishna, 17-2-3/210	India
S3-655673295	Valley-Federation	272 Highwater Rd, Soddy-Daisy, Tennessee	US
S3-761239236	Smt Kothari Projects Private Ltd	S No. 29/D/7, Pune, MH	India
S3-47859436	Smith, Brlyum & Miller, Inc	3602 Trail 23 St, Durham, North Carolina	US
S3-778174394	Baxter Shmoml  Of Medicine, Holdings	Tennessee, 2012 Linda Lane, Williamson County	US
S3-209975742	Meenanth Ventures  Private Limited Center	No 207, Jaipur, राजस्थान	India
S3-610496805	Synveo	09913 Boxelder Drive, Crowley, Texas	US
S3-768106691	Aditya Premier Producer [Private]	24. Randeria House, Ceaser Cross Lane 1, Opp. Yashodham Bldg, Amboli, Andheri (We, St), Bombay, Mumbai City, MH	India
S3-46207932	cornerstone ace snów	8510-B Drury Avenue, Kansas City, Missouri	US
S3-659584489	Faz Theatre	Tirumalagiri, TG, Sumithra Nagar Colony, Hyderabad, ##3-5-52/1	India
S3-865310597	My Innovative Enterprises Estate Private Limited	M-1006, Bengaluru, Bangalore, KA	India
S3-721747732	Great Industries Private	3Rd Floor, Pardhi House, M.g. Road Opp: Jain Temle, Vile Parle, Mumbai, Mumbai City, Bombay, MH	India
S3-468268964	Mwx Restaurant East Inc	629 La Grange Rd, La Grange, North Carolina	US
S3-819937203	Marris Walters Clear Aldel LLC	Jamaica, New York, 112-07 178 St	US
S3-208254970	3730 First Lane Owners	24229-B Central Rd, NULL, Jerseyville, Illinois	US
S3-297502281	XN P.C. Service	262 57th Pl, Fridley, Minnesota	US
S3-682012705	Chennai India Private	Door No 551, New No.538, Anna Salai Teynampet, Madras, Chennai, TN	India
S3-924663669	Sri shantidoot tech private limited	Block C-945 H. No. B-6/9 Basement Okhla Industrial Area, Newdelhi, South Delhi, दिल्ली	India
S3-877668501	Interstate Índustrial Works LLC LLC	11349 Lake Nemi Dr, Elp Aso, Texas	US
S3-150471617	Lower Advcaheed Ameren	27962 Coal Heritage Rd, Kimball, West Virginia	US
S3-732983750	Rosalyn Chang Dríve L.L.C.	253. Sp Long Rd, Nakina, North Carolina	US
S3-262507680	Lee, Walker & Lewis (Oxley)	Lebanon, Connecticut, #122 Hebron Turnpike	US
S3-531719907	Twisted Massage [Inc]	336 Dover Rd, Charleston, Maine	US
S3-419435019	Tamilnadu Chompuhr Shahganj	UP, Shahganj, Jaunpur, C/o Vasamati	India
S3-117514320	A Green Cannias LLC	5449 Talladega Dr, Loves Park, Illinois	US
S3-945881362	Good Management	Bangalore, Bangalore North, KA, 92521	India
S3-932292050	Catalyst Skin Private	TG, #50/Part, Dundigal, Hyderabad, Tirumalagiri	India
S3-665364714	Cure Díner Inc.	346 Country Club Boulevard, Unit UNIT C, Glasgow, Montana	US
S3-384531274	Tarun Co Corporation Service	C-156 First Floor, Kh.no.860/3, Jvts Garden Chattarpur Extension, South West Delhi, DL	India
S3-84116439	Patel áspac	419 Fallowfeeld Ave, Charleroi Township, Pennsylvania	US
S3-872191675	Desire [Digital]	8A And 9A, Raj Complex, Hari Nivas Market, Ghaziabad, UP	India
S3-58245588	Shetty-LLP Center Center	Bhubaneswar, 4Th Floor, Ethics Alishan, Kalarahang, Khordha, OD, No. 533 Flat No-402	India
S3-229733474	Sterling Williams, Inc	980-B Carlone Place, South Euclid, Ohio	US
S3-835535004	Glynda Cotton Cargo Incorporated	5888 Winebrook Dr, Columbus, Ohio	US
S3-553696463	Cascade College Inc Council	2312 Old Hwy Rd, Morgan, Utah	US
S3-147045025	>> India Frequent Fabricators Private Ltd	No 134 21, Mumbai, Mumbai City, MH	India
S3-967018618	Tirumala Infra (India) Private	2-3782, Ludhiana, ਪੰਜਾਬ, Ludhiana	India
S3-758979337	RFZ Apollo Pvt Limited	Flat No A202, Indravan Chs, Plot No 206/207 Sector 4 Navi Mumbai, New Panvel, Raigarh, MH	India
S3-824619075	NANCY HALL AMERICAN EXCHANGE, PARTNERS	125 Second Avenue, Riddle, Oregon	US
S3-964079636	Ccoe'S  Group	3030 Broaway Road, Mesa, # 336, Arizona	US
S3-215849779	Best Wholesale Collective Inc	417 Fourth Street, Village Of Reedsville, Wisconsin	US
S3-82414458	Limited Diamond Organics Services	Twin Banglow 24, Dream Vilas, Ganesh Baba Nagar, Near Ashoka Marg, Behind Kamat Hote, Nashik, MH	India
S3-993179811	... Patel Mortgage of  Rock Hill	771 Cammie Jordon Ln, Rock Hill, South Carolina	US
S3-25249353	SB	Hari Kunj New Millanpally, Road No. 2, Siliguri, West Bengal	India
S3-558366058	गुड वेंचर्स फर्नीचर प्राइवेट लिमिटेड	C-47, Noida, Gautam Buddha Nagar, UP	India
S3-753479852	Phillips Direct  Trinity Incorporated	Riverton, Wyoming, 702 Adams Avenue	US
S3-528164879	ರಾಜ್ ಬಿಲ್ಡರ್ಸ್ ಪ್ರೈವೇಟ್ ಲಿಮಿಟೆಡ್	6, Bengaluru Urban, 2Nd Floor Bangalore, KA	India
S3-510872738	Speedage Shankar Corp Infratech	46, Beej Bhawan Mother, Teresa Marg, Arera Hills, Bhopal, Huzur, MP	India
S3-235508380	Q R Thompson Pizza, Inc	2763 Highway 70, Unit 6, Jackson, Tennessee	US
S3-64708703	Pioneer Infrastructure Public Limited	H.no 98 Sr. No. 12/22, Gahunje, Mamurdi, Dehu Road, Tal - Haveli, Pune, Ravet, MH	India
S3-219457233	Rodriguez College	56787 Pope Ln, Saint Ignatius, Montana	US
S3-399021799	LLP Mumbai Builders	D/116, Mumbai City, Mumbai, MH	India
S3-538793974	Nylacira dba New Life Synagogue	4415 Spring Gap Road, Slanesville, WV	US
S3-697452830	E 7 I Deli Llc	208 Cromwell Sq, Brownsville, Tennessee	US
S3-799494048	Sherman Armada Ltd	11323 Newark Rd, Newarkk Township, Illinois	US
S3-51386779	Miracira	Unit 49, Camarillo, California, 002600 Ponderosa Drive	US
S3-963441294	Nath Co Limited Center	B ##703 7Th Floor Mahaluxmi Green Mansion Hra 14 Opp Zeta 1 Surajpur Site C, Gautam Buddha Nagar, Greater Noida, UP	India
S3-117641645	Limited Kaverita Koaha	955 206, 2Nd Floor, Heena Arcade, S. V. Road, Mumbai, Jogeshwari (West), MH	India
S3-836901716	Guilford Tgem Corp	262C Boston St, North Andover, Massachusetts	US
S3-397434498	Brigitta Wang Martin LLC Center		US
S3-940517919	Schmidt Heartland Markets Llc #67174	220 Main Street, PO Box 763, Knightstown, Indiana	US
S3-821553684	प्राइम श्याम बिल्डर्स रेस्टोरेंट	#1919, Khasra No. 605, Flat No. 111, S.f. Behind Telco Service Station, Rangpuri, Mahipalpur, South Delhi, New Delhi, DL	India
S3-325507522	Womens Specialists Health	##2005 Broadway Ave, Unit Unit 19, West Memphis, Arkansas	US
S3-182126486	Mr @pskpolytechnic	M B Raju Estate, Sangadigunta, Guntur. Guntur., AP	India
S3-618763443	Hughesbeauty.Com	8899 56nd Street, Indianapolis, Indiana	US
S3-440625253	Mangum  Star Perfect Inc	819. Union Ave, El Dordao, Arkansas	US
S3-310931221	Crestline Corp	6330 Longfellow St, Riverdael, Maryland	US
S3-357240121	Pfi Hatcheries Private Limited	Door No 422 Eternity Building, Dn-1, 3Rd Floor, Sector-v Salt Lake, Kolkata, Kolkata, Howrah, WB	India
S3-175097224	rjestate.com	Door No Siddharth Nagar, Goregaon (W), Mumbai, MH	India
S3-369622239	Bombay Aditya Healthcare Pvt Ltd.	#16Rd Floor, Jabalpur, मध्य प्रदेश	India
S3-997126341	shree southern developers private limited	402, Mumbai City, Thane, महाराष्ट्र	India
S3-594894853	Bricklayers Local 767 Inc	Springtown, 223 Hilltop Mead Dr, Texas	US
S3-122956586	Cardiology Care Associates of Jácksboro	353 Memorial Ln, Jacksboro, Tennessee	US
S3-528999049	Bangalore North Dealers	Door No 4 5Th D Crsos Road, Manjunatha Layout, Bangalore North, Bangalore, KA	India
S3-552762835	Greco  Total Manufacturing LLC	26280 615 Rd, Grove, Oklahoma	US
S3-685490193	Northern Animal	346 Liberty St, # 3, Springfield, Massachusetts	US
S3-186404426	Ghaziabad Ifnrotch Pvt. Ltd.	H.n.-6-0, Ghaziabad, उत्तर प्रदेश	India
S3-222574781	Eich's Patriot  Studios	7606 Peoria Avenue, Unit 1044, Peoria, Arizona	US
S3-420713832	alphaindustries.com	3/77, Nanjiyam Palayam, Kangayam Road, Dharapuram Road, Tirupur, Coimbatore, TN	India
S3-78153432	श्री एनर्जी प्राइवेट लिमिटेड	H-64-a G/f, East Delhi, Laxmi Nagar Delhi, DL	India
S3-514493596	cgbuilders.com	No #48, Chennai, தமிழ்நாடு	India
S3-757410256	Direct James  Inc.	2280 Deer Trl, City Of Green Bay, Wisconsin	US
S3-954197842	Figx WAM Tri-State	950D 238th Saint, Unit C15, North Liberty, Iowa	US
S3-888687360	Rocha, Marshall and Justice Inc.	210 Cedar Ave, Vevay, Indiana	US
S3-495086593	Delta Gulf Municipal Holdings	2643 19, Waterloo, Indiana	US
S3-947937821	Rk & Brothers Holdings Private	86-D Bharat Nagar, New Friends Colony, New Delhi, DL	India
S3-169885152	Dr Hotel-Services Pvt Ltd	Dr 634 A 8, Kasaragod, <NULL>, KL	India
S3-259861226	Shakti Power Private Limited	H.no 7-266, Albert Victoria Road 1St Main Road, Chamarajpet, Bengaluru, Bangalore, KA	India
S3-27431227	Snow Art Private Limited	6173, New Delhi, Vasant Kunj, DL	India
S3-759189152	Industrial Technologies Córp	8 & 4, MH, Airoli, Mumbai City	India
S3-623342878	Professional Materials Collective Partners	3004-3008 Woodridge Road, Bimingham, Alabama	US
S3-263391001	Services Tycon Connect  Partners	H.no 10/Ugf/B6, B5 Shop No. 23, Shreewardhan Co Nagpur (Urban), Nagpur, महाराष्ट्र	India
S3-760268947	Baptist-Services	Chapel Hill, 210-212 Pinegate Cir, Unit 1, North Carolina	US
S3-436170239	Pierce School 0f Medicine Llc	6642-6644 Happy Valley Rd, Tallassee, Tennessee	US
S3-465871619	పర్‌ఫెక్ట్ ప్రొడక్ట్స్ ప్రైవేట్ లిమిటెడ్	Hn 774 Flat No G03, Alm Parkview Apartments Santoshnagar Colony, Hyderabad, Ranga Reddy, TG	India
S3-687160305	Quantent  Mitsubishi Inc.	3231 Mariposa St, Northwest Annex, Arizona	US
S3-343770606	Inc. Khan Skin Care	97 Brook Rd, Falmouth, Maine	US
S3-991102388	Sigma Constructions Limited	Plot 369 House No. 3/80, 1St Floor, Pocket B-3, Sector-6, Rohini, Delhi, North West, DL	India
S3-289688720	Diamond Partners Royalty	1316-C Northfield Street, Greensboro, North Carolina	US
S3-112051364	Orbinexumbra F/K/A Sorensen Newtekone LP	7408 12th Street, Des Moines, IA	US
S3-892950389	Limited Sifa Sangh	Rajkot, GJ, Opp Marketing Yard, H.no 3 New Shakti Society Sant Kabir Road	India
S3-601326493	ND Israel Holdings - 1647203395	290 Country Club Lane, Murray, Kentucky	US
S3-276302997	The Spring, Skelton & (Soto)	321 Duplin Street, Wallce, North Carolina	US
S3-939136881	Angele Kor Finance	11267 42nd Place, Arizona, Yuma	US
S3-575109451	INNOVATIVE SERVICES (INDIA) PVT. LTD.	B/2-4, Thane, MH, Runwal Nagar Kolbad Road	India
S3-588928618	Vuong + (Etters)	520 14rd Pl, Tulsa, Oklahoma	US
S3-919174456	Collums	426 Hillcrest Drive, Goshen, IN	US
S3-928352875	propertiesisminfratech.com	810, Itl Twin Tower, B09, Nsp, Pitampura, Delhi, North West Delhi, DL	India
S3-828319918	Venable, Cerny and  Reneau Equipment		US
S3-951361750	Urban 8akery	113 Legend Ct, Fairview Heights, Illinois	US
S3-528080381	Madan  Engineering Ltd	Dsm C-630, 6Th Floor Dlf Towers, Shivaji Marg, New Delhi, West Delhi, DL	India
S3-461280048	Smart Premier Energy Ltd Pvt	#79, Chennai, TN	India
S3-108130553	Value  Integrated	Maryville, Savannah Park Drive, Tennessee	US
S3-587684698	Samata	Room No 3 Pandurang House, Bannalal Ghosh Rd Bandar, Malad West, Mumbai, Maharashtra	India
S3-911616007	little hair studio	161 Broad St, Pawcatuck CITY, Connecticut	US
S3-235748045	AE Elite	888 Thornapple Grove, Galloway CDP, Ohio	US
S3-199185709	Ace First Private Limited Partners	No 44 Mother Teresa Sarani, Saket Building, 4Th Floor, Kolkata, Howrah, Kolkata, WB	India
S3-613953241	Infra Consultants Pvt (Ltd)	209., Jaipur Tower, Jaipur, M.i. Road, RJ	India
S3-277587355	Krishi	Lig 386 B Block Barra 8, Kanpur, Uttar Pradesh	India
S3-219384129	Baba ഇൻഫ്രാസ്ട്രക്ചർ പ്രൈവറ്റ് ലിമിറ്റഡ്	Flat No S-3-3, F-1, Kb Park Vattekunnam, Edappally, Ernakulam, Thattampady N H Sventeen, KL	India
S3-20060569	Calogild	38 Ground Floorworld Trade Centre Connaught Place, New Delhi, Central Delhi, Delhi	India
S3-637920354	राज एनर्जी प्राइवेट लिमिटेड	Vashi, Mumbai City, H.no #23 Sector 3/4, MH	India
S3-449836352	NHN Smlubtion Pvt Ltd	S.no. 1654, Mahadev No, Khancho Tad Ni Sheri, Ahmadabad City, Ahmedabad, GJ	India
S3-195770084	Diia Colonial Works Llc	118 Calle Olas Altos, Albuquerque, New Mexico	US
S3-95177214	Saint Syaioggeu	Harrington Ave, Fort Worth, Texas	US
S3-152723179	Corp Quality Design Advisors	510-512 Chase Saint, # 114, Wheaton, Illinois	US
S3-786081535	Regional Heritage Systems [Group]	Durham, 408 Morreene Rd, North Carolina	US
S3-549265589	The Patriot Stock Corp	869 Ridge Rd, Mountain Vview, Arkansas	US
S3-16522636	The Western Midwest Argentina P.C.		US
S3-703041461	Wanner 5óuth		US
S3-993349725	Dovarizanex	Silverglade Ave, Delano, Minnesota	US
S3-494323511	Tejita Creations Pvt	हरियाणा, Faridabad, 308 H.no. B27 G.f Gate No. 2, Green Field Colony, Faridabad	India
S3-717764155	Department of Public Works Corporation	4426 Lexington Circle, Sioux Falls, South Dakota	US
S3-837450829	Veltech Keystone Bain	150 Rinaldo Rd, Weymouth, Massachusetts	US
S3-911747825	Keystone  Robotics		US
S3-39895485	Ollie Fernald Párk Inc	268 Elston Hollow Road, Elmira, New York	US
S3-477968181	Surgical Gulf Associates	3100 Culverson Ave, Indiana, Evvansville Township	US
S3-543428471	Neflois Corp	Memphis, 5092 Berta Rd, Tennessee	US
S3-995451217	Sterling  Services	Louisiana, <NULL>, St. George City, Perkins Rd	US
S3-364442817	Ínc Clean Properties	Indiana, Pierceton, 30 Ems R4 Ln	US
S3-950370088	Shri Navami Futures  Private	Hn 110 20-2-507/D3, Maruthi Nagar, Chittoor, Korlagunta Tirupathi, ఆంధ్రప్రదేశ్	India
S3-689907166	Burns Churchill	Greenlaw Drive, Virginiia Beach, Virginia	US
S3-470940766	Moore Krakacquisition of Casa Grande	Arizona, <NULL>, 1751. Schultz Street, Casa Grande	US
S3-599657384	Gray Sillah Partners	116 Bridle Lane, NULL, Victoria, Texas	US
S3-264091893	Prime Eagle  Coastal P.C.	11006 Gander Ct, Fredericksburg, Virginia	US
S3-168374421	Gonzales Moneain Sprott Group	1128 Buckeye Street, Kokomo, Indiana	US
S3-261091620	Unique Private Limited Center	Gt-22 Sec-70, Noida, Gautam Buddha Nagar, UP	India
S3-52733559	Joannes C. More1and,		US
S3-716121670	ब्राइट हॉस्पिटैलिटी प्राइवेट लिमिटेड	G-##8partap Bhawan 5 Bahadur, Shahzafar Marg, New Delhi, DL	India
S3-692892996	Sir Industries Limited	87/1103-P-736-B Opp New, Hanuman Tmpl Ganesh Nagar, Kurnool, ఆంధ్రప్రదేశ్	India
S3-158820471	Ling, Martinez & Salazar Machines (Northside)	7115 Florence Rd, # D52, Smyrna, Tennessee	US
S3-830091209	Atithi (India) Merch Ltd.	C/obasanti Devi Ramdyal, N/A, Phalodi, Jodhpur, RJ	India
S3-332772294	DB	A-242, Park Place, Dlf City Phase-V, Sector- 54, Galleria Dlf-Iv, Gurgaon, Haryana	India
S3-396242503	Iriaria formerly A & U Online	1835 Columbine Drive, Billings, MT	US
S3-264243805	R 2-E Rocket	#35 Sejon Dr, Sayville, New York	US
S3-366251068	Alexie Unified Apollo Partners	7023 Walnut Branch Lane, Charlotte, North Carolina	US
S3-954083470	Elmira Andre Cherry	402 Virginia Avenue, Bridgeport, West Virginia	US
S3-460668302	Agrim Clinic	A-501, Jai Ganesh Chs, Plot No-31, Sector-20, Kharghar, Raigarh, Navi Mumbai, MH	India
S3-901844042	Cirazeph	7 Th Floor, Amar Madhuban Tech Park, Opp. Audi Showroom, Baner, Pune City, Pune, Maharashtra	India
S3-868935239	गोल्डन ट्रेडिंग प्राइवेट लिमिटेड	उत्तर प्रदेश, Dhanpal Complex Sector 3-1, Gautam Buddha Nagar, Noida	India
S3-518121352	Pediatric Dental Clinic Authority | www.pediatric.com	153 Little Pigeon Rd, West Virginia, AMMA CITY	US
S3-271972471	Province and  Cruz Inc	14640 Sunlight Bay Rd, Plainview, Arkansas	US
S3-933286159	Onyxonyx	240 Northwest Terrace, Silver Spring, MD	US
S3-117079283	Sushila Makers	KA, Basi Reddy Complex, Bengaluru, Bangalore	India
S3-815927915	LANTERN	Delmore Dr, Hillsboro, Texas	US
S3-178533331	Mahalaxmi Buildcon Clínic		India
S3-946276747	Gaines and Lawson Service	1500-B Sandoz Rd, Newberg, Oregon	US
S3-680911603	Biggs Endocrinology LLC	5N 520 Crane Road, Bldg C, Saint Charles, Illinois	US
S3-243921634	Zetech	6407 Fairbourne Dr, Pasadena, Texas	US
S3-987895863	ब्राइट हेल्थकेयर प्राइवेट लिमिटेड	A-89/r Rk Puram, Kota, RJ	India
S3-925717605	Revive Center Society	Block B-316/7 C/o Alok Kumar Nigam, 111A/120 Ashok Nagar, Kanpur, UP	India
S3-241027622	0T Inc South	510 Goldsborough St, Crown Point, Indiana	US
S3-5380717	Deltavera F/K/A Carrboro Scholarship Federal Guild P.C.	413 Camellia Street, Carrboro, NC	US
S3-717730479	Pediatric Dental Care Associates Of Columbia Partners Inc	500 Avondale Pl, Fl 1, Columbia, Missouri	US
S3-715432620	LLC Physical Therapy Clinic	273 Mainzer Street, ST. Paul, Minnesota	US
S3-217909452	Indore Chmmilc Private Limited	MP, Indore, Shrinagar Rahul Heights, Indore, 133	India
S3-523478653	Equinox LLC	10 Washington Street, Norwich, Connecticut	US
S3-32479426	Baba Electronics Limited Partners	D 508- Oomer Park Apartment Anupshahar Road, Aligarh, UP	India
S3-146633790	Touchwin Infrastructures Pvt	उत्तर प्रदेश, H.no ##68 B Kavi Nagar Rohta Road, Satara	India
S3-707877524	INC TRI-STATE CADENZA	4888 1150, DAE, Indiana	US
S3-964589675	Dermatology Medicine  of Cleveland	Cedar Avenue, Cleveland, Ohio	US
S3-534914976	Elite Creative Municipals Group	147-151 Carroll Farm Road, Rockingham, North Carolina	US
S3-453813650	Master Art Ventures Private-Limited	Block B-608 Kharsa No 35, Mauza Sunari, Agra, Sikandra Bodla, UP	India
S3-964508813	Aviecto	1, Century Estate Gulmohar Extn, Indore, Madhya Pradesh	India
S3-20659818	Agro Naba	Office No ##803 Aura Biplex, S V Road Borivali West, Borivali West, Mumbai, MH	India
S3-276400473	digipronursinghome.com	Bharti Bhawan Govind Mitra Road P.s.-pirbahore, Patna, BR	India
S3-983431465	Fourth 635 Street Management	3329 Robin Lane, Camp Verde, Arizona	US
S3-748061597	Mena Biotech LLC	Bunker Hill, Illinois, 327 Sheppard Street	US
S3-225822295	@foot	814 Cottonwood Street, Kansas, Iola	US
S3-347661733	Bombay Consultants Limited	202, First Floor, Delta Hiranandani Gardens, Powai, Mumbai City, MH	India
S3-254426358	Jay Ram Trading Traders	Fl-14, <NULL>, Nashik, MH	India
S3-793851422	Nomoex Tax Service Associates Inc	6645 Hidden Pond Road, Wendel, North Carolina	US
S3-40720118	Agarsen Memorial  Trust	Block B-d/621 B-133, Delhi, दिल्ली	India
S3-665052160	ನ್ಯೂ Agro ಪ್ರೈವೇಟ್ ಲಿಮಿಟೆಡ್	5-79/3/8, Mangalore, Dakshina Kannada, ಕರ್ನಾಟಕ	India
S3-15520076	Onyxbelozeta f/k/a Crissie's Beacon Cleaning Service Corp	160 Big Ben Boulevard, Eclectic, AL	US
S3-903263269	Valencia-Coohper Networks Inc	7423 Michael Avenue, Easton Township, Maryland	US
S3-195851075	>> Lucknow It Private	A-a-3/442, Vishwas Khand, Gomti Nagar, Sirmathura, Lucknow, UP	India
S3-986644748	Boex Holdings	1317 Canterbury Dr, Decatur, Indiana	US
S3-367947112	vcnoel.com	106 Queen Ann St, Burlington, North Carolina	US
S3-773016243	Snyder Consulting of Dállas	1710 Gould St, Dallas, Texas	US
S3-761108894	Abdallahharborsouth.Com	589 Stacy Road, Mckinney, Texas	US
S3-360247447	svcbhagwatiindia.com	Plot 704 F-2, Floor-grd, Plot-68 G/h, Ratan Estate, R S Nimkar Marg, Chikalpada, Mumbai, MH	India
S3-60952228	Department  of Transportation Clinic	12403 Adelphi Cv, Austin, Texas	US
S3-614173942	Rane & Brfmhesr Private Limited	No.10, Madras, Chennai, தமிழ்நாடு	India
S3-957764690	Smt Star-Global (Private)	Unit No Off 216, Gurugram, Gurgaon, HR	India
S3-263469262	Spectra Logistic Private	C/o Satish Chandra, S/o Anjani Kumar Sharma, Dariyapur, Gaura, Jagdishpur, Naubatpur, Patna, बिहार	India
S3-507319152	Banh Royal LLC [Doubleline]	#824 Rock Hill Court, Jefferson City, Missouri	US
S3-808507058	Delhi Developers Holdings Limited Limited Services	560-B F/ Floor Chirag Delhi, Delhi, दिल्ली	India
S3-673835721	Wilson Interiors	3519 Virginia St, Hopewel CITY, Virginia	US
S3-402753227	Steele-Valley Tax Service, Partners	2927 Loraine Street, Ft Worth, Texas	US
S3-201053108	Service Pediatric Associates of Phoenix PC	2627 45th Ave, Unit 2020, Phoenix, Arizona	US
S3-334820933	Cis-Tubes	14/250 A6 Mullungal Tower, Kaloth Onnam Mail, Ernad, Malapuram, KL	India
S3-398562366	Private Sector-15 Vasnhaal Granite Limited	00178, Sector-15 Vasundhara, Ghaziabad, उत्तर प्रदेश	India
S3-899136800	Craweodr Group	1460 Round Hill Dr, Virginia Beach City, Virginia	US
S3-59117628	Hyderabad High Company	null, Andhra Pradesh, #11-13-13/7, Hyderabad	India
S3-751235313	Rebeka Alleman Interstate Rivernorth,  LLC	Dunston Drive, Unit APT B, Indianapolis, Indiana	US
S3-555675647	Zee Chits Limited Partners	No 5-3-68 Kukatpally, Hyderabad, TG	India
S3-281095118	Llc Johnson Colonial Interprivate	0120 Meade Avenue, Findlay Township, Ohio	US
S3-208778945	Interfaith Fellowship Central LLC	4455- Broadway, New York	US
S3-350412025	Synlum	Village Mardapur Po Gadapur, Patiala, Ghanour, PB	India
S3-702174577	OSPREY	W5251 Mm, Wattertown, Wisconsin	US
S3-145185371	... Mancini Sound Sound	110-D Third Saint, Phoenx, Oregon	US
S3-468459792	Satkartar Energies Private  Limited	Building No 1/237 Kunnom Po, Alappuzha, Mavelikkara, KL	India
S3-258128630	Vision Cnetr Inc		US
S3-931654176	NORTHERN FUSION LLC	107 Larking Avenue, Dekalb, Illinois	US
S3-2441223	L.L.C. Santos Regional Lifesciences	2101 Rancho Hills Dr, California, PO Box 8751, Chino Hills	US
S3-317032795	Atlantic Cóastal Natural Clinic LLC	2403 7th St, Wiinthrop Harbor, Illinois	US
S3-36723547	Private Red Lnaismi C0nstructions Limited	Unit No 20 Saraf Udhyog Bhavan, Mumbai, Malad West, महाराष्ट्र	India
S3-871051947	24HR LLC Towing	0032 Patty Ln, Sherwood, Arkansas	US
S3-529631168	... Obrien Regtonal Motors Ltd	3829 Thierman Rd, Spokane, Washington	US
S3-400324107	Shri Sun (Construction)	Sahibabad, H.no 145/1 Jhamman Singh Anclave Near Ada Police Chowki Pala, UP, Aligarh	India
S3-336365907	Clean Retail	204 Colfax Drive, Evnsdale, Iowa	US
S3-548986532	Heritage Inc Wholesale	Rassmussen Pl, Melville, New York	US
S3-430886065	গুজরাট Global	#168 Sector Isalt Lake City, Kolkata, North 24 Parganas, WB	India
S3-848295918	#machinistslocal	38 Donald Road, Stoughton, Massachusetts	US
S3-748096414	ক্লাসিক বিজনেস মেডিক্যালস প্রাইভেট লিমিটেড	Siliguri, H.no 33, WB, Darjeeling, Second Floor, International Market, Sevoke Road, P.o.- Sevoke Road	India
S3-845177586	Sunrise Developers	#44 C/o Girraj Kishor Agrawal, Hathras, UP	India
S3-609772854	Hyd Company Services	Hyderabad, No 7-1-135 Ep, TG, P No 135 Part, Tps Krishna Nagar, Phase3, Hyd	India
S3-597900853	Piedmont Caardioolyg Corp	140 Ellsworth Cir, California, Thousand Oaks	US
S3-407710820	Mesoft Co Co	75- Buffalo Hill Dr, Kalispell, Montana	US
S3-642507153	SHANDY MCBRIDE, P.A., PC CO	Town Of Anson, Wisconsin, 16346 95rd Ave	US
S3-250397855	Private HCC Cpla Limited	MH, Pune City, B2/702sno47(p)48(p)50(p)7, Pune, Pethkar Projects Siyona	India
S3-925391147	Chacon Taiwan	32 Phillips Street, Red Hook, New York	US
S3-360156884	Rodriguez Great Constellation Ínc.	4966 State Rt 4, N/A, Mehcanicsburg CITY, Ohio	US
S3-135543466	Krishna Cosgulteants Limited	#0713 Panposh Roadrourkela, Sundergarh, OD	India
S3-782255533	Halcix  Partners	1347 Sperry Avenue, Paris, Texas	US
S3-822200152	Harned Prefdaratiory-Academy	5118 Brent Street, Chauvin, Louisiana	US
S3-965889772	Anand Medcal Center Inc	47 Magna Vista Circle, Tewksbury, Massachusetts	US
S3-385890732	Supreme Consultants Commercial Holdings	Oklahoma, 628 36th Street, Tulsa	US
S3-385075872	Auld Vamnley South, LLC	North Carolina, Youngsville CDP, ##44 Hidden Hills	US
S3-638773193	Golden Software Paiget Limited	Gr Sankalpa, Choodasandra, ಕರ್ನಾಟಕ, Bangalore, Bangalore South, Door No 565 409	India
S3-428058942	शिवा एक्सपोर्ट्स प्राइवेट लिमिटेड	K-994, Lucknow, उत्तर प्रदेश	India
S3-929588798	Midwest [Services]	N476 Lake Dr, Town Of Hustisford, Wisconsin	US
S3-837002647	Route 33	6315 Sheridan Avenue, Minneeapolis, Minnesota	US
S3-584988239	Wildlife Trust LP	1923-C Grove Ave, Town Of Quincy, Wisconsin	US
S3-507648813	foot & ankle heritage care associates holdings	1948 Thunderbird Rd, Phoenix, Arizona	US
S3-125279382	ശിവ് പവർ പ്രൈവറ്റ് ലിമിറ്റഡ്	Door No:1/226aman House, Vadakkeparambil Kolikkal, Unnikulam P O, Kozhikode, KL	India
S3-364384553	Galey Dental Aoocrhaites	#46 Smith Street, # Apartment A, Plattsburgh, New York	US
S3-829320007	Orthopedic Bay Center Incorporated	N/A, Goodyear, Arizona, Goodyear Blvd	US
S3-387424456	Surgical Gr0up	1641 Winstel Ave, Tucson, Arizona	US
S3-42811317	Three Agcitulure  Limited	Plot 846/3 Survey No. Na 416, Umargam, Valsad, GJ	India
S3-240744650	Pyrakelosol formerly Pacific Staffing Laboratories Inc	400 Plaza Drive, Unit 699, Apache Junction, AZ	US
S3-68925870	Puckett  Safe L.L.C.	344 Huters Spur, Grover, Missouri	US
S3-17537730	Vision  Developers-Pvt Ltd	C-##1, Gautam Buddha Nagar, Ghaziabad, UP	India
S3-601109372	Ramsey & Banales	Longview, Washington, 3226 Olympia Way	US
S3-836491823	ZF Nevada, Ltd	1165 Ridge Ave, Fl. 0, Lawreceburg, Indiana	US
S3-382513673	Private Jaipur Foods Ltd	11/1213 Malviya Nagar, Jaipur, RJ	India
S3-44469469	richardson's rapid eye care	58 Bridlewood Pl, Concord, North Carolina	US
S3-676286335	Pvt Madanapalli Polytech Ltd	2/197 G Floor, Bogitivaripalli Vempalli, Madanapalli Mandal, Annamayya, Chittoor, AP	India
S3-511837401	Strategic Pennymac	16106- 121st Ave, <NULL>, Vashon, Washington	US
S3-569120879	Tavofaye F/K/A Echols Keystone Karman LLC	800 Blackwater Road, Chesapeake City, VA	US
S3-28487665	Zhao Mountain Automotive Inc	28489 Douglas Dr, North Olmsted, Ohio	US
S3-450495901	#goodwinmedical	66 Spruce Street, Hartford, Vermont	US
S3-525452893	vision center care	10518 Piankatank Dr, Gloucester County, Virginia	US
S3-672180812	Colonial Institute	Longwood Avenue, Unit Enders, Roxbury, Massachusetts	US
S3-719976806	Singhi Entrepreneur Enterprises Pvt. (Ltd)	1/92, Pillaaiyar Kovil St, Sengamalapatti Village, Virudhunagar, TN	India
S3-483498836	Sapphire Hospital Private Limited	Revenue Survey No. 26/9, Paiki 2, Block A, 6/118 Nh 8A (Ext.), Village : Galpadar, Gandhidham, Kachchh, ગુજરાત	India
S3-974203467	L.L.P. Creative Enterprises	Door No 1170/31 Revenue Colonyshivaji Nagar, Pune, महाराष्ट्र	India
S3-820715678	Apex Foundation - 1938059082	B-##214, Ghaziabad, UP	India
S3-57093951	Riggins, Lucine Classic-Sumitomo Corp	794 Fairview Avenue, Unit C, Annapolis, Maryland	US
S3-993982617	Empire Association	Ohio, Circleville, 634A Court Street	US
S3-727974760	గ్రీన్ క్రియేటివ్ సర్వీసెస్ రెస్టారెంట్ ఎల్‌ఎల్‌పీ	#0507, Guntur, AP	India
S3-539074042	Laborers Local [307]	00 Rodeo Rd, Unit 383, Casa Grande, Arizona	US
S3-311159622	Choice Gealomic  Networks	Forrest Park Dr, Bloomington, Indiana	US
S3-732032401	Joby Rodriguez Ltd Services	35101 Edgewater Parkway, Mechanicsville, Maryland	US
S3-614425061	Dr Lakshmi Services Technologies Ltd	Block No 18, 1St Trimurti 105 Railway Lines, Solapur, MH	India
S3-806967913	Pierce & Ryland  Vista Group #65899	459 N 42th Rd, Mendota, Illinois	US
S3-865662133	क्लासिक सन इंटरनेशनल प्राइवेट लिमिटेड	22, Mumbai, Mumbai City, MH	India
S3-552733477	Noviex Sciences Inc.	Arizona, Show Low, 3193 Larson Way, <NULL>	US
S3-71590522	#Fitechpiedmont	4315 Resort Dr, Granbury, Texas	US
S3-812912426	Best Charter,-LLC		US
S3-30610483	Powers and Purdy	71 Beachview Road, Lunenburg, Massachusetts	US
S3-277322805	Llc Secure Financial Systems	#125 Garwood Ln, Maryville, Tennessee	US
S3-877098700	Zetakor d/b/a Hernandez Natural LLC	8353 Folsom Boulevard, Sacramento, CA	US
S3-648846907	... Wilsondorris.Com	4804 Solano Drive, Glendale, Arizona	US
S3-68627216	JAI DREAM AGRO PRIVATE LIMITED	Tari Khana Plaza Shop Opposite Chaddha Complex, Moradabad, UP	India
S3-841972521	Forjett Street		India
S3-517833116	Primary-Care Center	Ridge Ln, Apine, Utah	US
S3-863542278	Interstate Infrastructure Collective Corp	62 Lloyd Street, Cowen, West Virginia	US
S3-21634989	Partners East Superior	14 Osage, Unit 2845r, Louisburg, North Carolina	US
S3-753772256	Obrien Greater Pimco LLC	W162n5545 Westwind Drive, Village Of Menomonee Falls, Wisconsin	US
S3-71876653	KZJ Pharmaceuticals Corporation	#15 C-3, Meerut, UP	India
S3-303174264	Elora &	Plot 336 C/o Ms. Nadipallivijaylakshmi, 35-1-67, Near Annapurna Theatre, Rajahmundry Town1, Rajahmundry (Urban), East Godavari, ఆంధ్రప్రదేశ్	India
S3-633844012	Internal Medicine Colonial Specialists	2200 Victory Pkwy, N/A, Cincinnati CITY, Ohio	US
S3-41293564	Dermatology Clinic Riverside LLC	1226 Tailwind Court, Floor 0, Crownsville Townsip, Maryland	US
S3-121396294	Strategic Construction Associates	Utah, Orem, 1140	US
S3-31483305	Ahmedabad Media Pvt	Raw House 1, Gokul Dham Apartment B/h Police Chowkey, Vejalpur, Ahmedabad, GJ	India
S3-4662856	Food Basanti Steel-Private Limited	6-J-4, Vip Colony Sector - 9, Saweena, Udaipur, Hiran Magri, RJ	India
S3-478890408	Geneva Pennock Williams | www.genevapen.com	20 Angelia Way, Hampton City, Virginia	US
S3-560480881	Zimmerman Codlleeg	Texas, 2823 Ledbetter Drive, Dallas	US
S3-387123297	Enfloor, LLC		US
S3-471653761	Chiropractic Physicians  of Town	16298 Thelen Rd, Town Of Riverview, Wisconsin	US
S3-866727114	M/s Revere Public Limited Services	4-187, Bikkavolu, East Godavari, AP	India
S3-657299278	Renteria  Preferred Spa, LLC	934 Bailey Anderson Rd, Braceville Twp, Ohio	US
S3-617280152	Mellisent Glbr Best Inflection  Group	6451 Elliston-Trowbridge Rd, Martin, Ohio	US
S3-13937895	Eye Care Co	4220 Addison Street, Spokane, Washington	US
S3-164619677	The Global Federation	Ohio, 7927 Preston Hill Ct, Mentor	US
S3-197253991	Group Wést Quantial	117  Gray Wolf Way, Lenoirr CITY, Tennessee	US
S3-600225062	Fay & Gray	4114-D Lovers Lane, Dalllas, Texas	US
S3-224450185	ashtalakshmitechnology.com	House No.588, F/f, Seq No-rjv-693, Rajokari, Near Bar Wala Kuan, New Delhi, दिल्ली	India
S3-638580235	Sas Services	20 Ansari Road Darya Ganj, Calcutta, New Delhi, WB	India
S3-945474557	Hester (Névada)	15731 1st St, Splendora, Texas	US
S3-622743673	inc cultural alliance of mt pleasant coastal	Iowa, 1851-C Cocklebur Ln, MT Pleasant	US
S3-103262544	Dr Pace Industries Consultants LLP	New Delhi, DL, 225-A	India
S3-908250410	INTERNATIONAL TEXTILE LABORATORIES CORP	189 D St, Lowell, Massachusetts	US
S3-709306341	Planet Véntures	C/o Amrutha Raj, Bangalore Urban, Bengaluru, ಕರ್ನಾಟಕ	India
S3-345913154	Dhanunjaya Academy-Private Limited	Plot No. 1, 1-Sl-05, Sector-b, Scheme No. 78, Indore, MP	India
S3-236692305	Aretha Wolfe LLC  Service	415 Franklin Ave, Stton, West Virginia	US
S3-713759489	BUREAU OF CONSUMER AFFAIRS LTD	032 Lahoma St, Dallas, Texas	US
S3-315335703	Preferred Apparel Labs Uptown Inc	03154 Theodore Drive, Arnold, Missouri	US
S3-484011133	Keyes, Joly K., Do Llc	40 Queens Haven Road, Hubertcdp, North Carolina	US
S3-179185154	Chapelhillcancer.Com	108 Mel Oaks Drive, Chapel Hill, North Carolina	US
S3-275708665	Quva Inc	2552 Mintn Road, Hamilton, Ohio	US
S3-644756170	Great Veterinary Clinic	2355 Abbey Pt, Minnesota, Shakopee	US
S3-341793636	Fhm Sun LP	590 Western Reserve Road, Youngstown, Ohio	US
S3-850899024	Select Growth, LLC Services		US
S3-222879254	Shree Technology Limited	##24 Shop. No B S, Sh 22, Laxmi Orchid, Neral Ct, Raigarh(mh), MH	India
S3-700623382	L.L.C. Flores Optics	4486-4490 Sequoia Ave, PMB 7615, Memphis, Tennessee	US
S3-181804132	Koronyx Edison	22055 Main St, # 302, Hyden, Kentucky	US
S3-988934729	टेक प्रॉपर्टीज प्राइवेट लिमिटेड	S. No. 31/1, Pune City, Bhandarkar Road, MH	India
S3-452770717	Varshraj Ayodhya Pvt. Ltd	Dn-51, Salt Lake, WB	India
S3-385019345	Vanashree Hospital Co	##1, 2, 3, 4, 5, Behind Km Agrawal College, Near Mangala Co. Housing Society, Kalyan, Thane, MH	India
S3-468681725	Swastik Consultancy Private Ltd	1004, Jp North Elara, North Garden City, Thane, MH	India
S3-930911456	LLC Bureau of Sanitation	975 Buck Mountain Road, Roan Mountain, Tennessee	US
S3-392196470	इंडो सॉल्यूशंस लिमिटेड	C/o Shri Gajanan Digambar V., At Jalgaon, Jalna, Jalna- Maharashtra, MH	India
S3-153805831	Therapy Physical Select Scpeiaists	Massachusetts, Adams, 38 Leonard Street	US
S3-993488293	Stunning Private Limited Service	C/o Devesh Singh, Bahraich, उत्तर प्रदेश	India
S3-52689755	Malcolm Physical Services - 2037113116	1730 Celina Road, # 22, St Marys, Ohio	US
S3-99255187	M/s Sree Fos Private Limited	Vill. Raichak, P.o. Mashra 24 Pgns (S.), Raichak, Parganas South, পশ্চিমবঙ্গ	India
S3-237302421	Hyattsville-Precision Lakeshore Co.	3408 55th Ave, Hyattsville CITY, Maryland	US
S3-473542886	The Boles Factory	7547 Potam, Tucson, Arizona	US
S3-533837278	जय आनंद इंडस्ट्रीज इलेक्ट्रॉनिक्स प्राइवेट लिमिटेड	609, Fortune Ambiance, 4/2, South Tukoganj, Indore, New Palasia, MP	India
S3-781228690	Ho-Construction-LLC	4534 Altura St, Oregon, Eugene	US
S3-195402099	SOUTH SILICON, LLC	124th Ave, Anderson Island, Washington	US
S3-611036071	Nylaaviio t/a Pediatric Dentistry Center, LLC	1376 9W, Highlands, NY	US
S3-487364406	Sun Private-Limited Partners	39 Krishna Park Society, Surat City, GJ	India
S3-241165417	Overton Cancer Híghland Fellowship PLLC	24608 244, Overton, Texas	US
S3-266754342	Inc Lyrance Tsduist,	16 Eldridge St, Mongaup Vlley, New York	US
S3-857934957	Bharat It Pvt Limited	C/o Mahadevrao A. Bhoyar, At Post Chikhali Ramnath, Darwha, Yavatmal, MH	India
S3-293934841	UDM It L.L.P.	H. No. 2-102, Kotakonda, Narayanpet, Narayanpet, Mahabub Nagar, TG	India
S3-516467706	Atlantic Group Enterprise Secure	4311-D Bear Hollow Rd, FT. Smith, Arkansas	US
S3-485241688	Devita Infra Limited Private	Rajahmundry, 23-1-14/3, AP, Guntur	India
S3-728968674	Dynamic Digital Center	8737 Road 5914-16, Cleveland, Texas	US
S3-382766944	One ágro LLP	501, Shapath Complex 1, Sui, #1291, Nr. Pakvan Hotel, Ahmadabad City, Ahmedabad, GJ	India
S3-310288764	CE Aipel	875 Buchanan Road, Texarkana, Texas	US
S3-588871522	Maex Inc.		US
S3-110101186	suratcityconsultancy.com	Surat, Surat City, Udhna Udhyog Nagar, Sardar Patel Road No-8, Udhna, South Zone, Plot No. A-18/25, GJ	India
S3-601729153	Maya-LLC Center	611 Meadow Dr, Rockwaall, Texas	US
S3-609092714	Eye Group Holdings	Salem, 544 Carla Court, Oregon	US
S3-855651761	Anchor Mobility  Services LLC	1114 Applerock, Leander, Texas	US
S3-611881952	Bay Smart Dievrsfiied Dievrsfiied Ltd	13357 Trompilla Lane, Houston, Texas	US
S3-126175913	ഫോർച്യൂൺ മാർക്കറ്റിംഗ് ലിമിറ്റഡ്	Serenity Homes, Westhill, KL, Calicut, Hn C-619 71/2726, Kozhikode	India
S3-516134501	Pvt Zeliant Ice Ltd	Building No. 14, 11Th Cross, 2Nd Floor, Door A & B, Kundahalli Colony Itpl Main Road, Bangalore, Bangalore North, KA	India
S3-7869539	Tavobrix f/k/a Palladino Alto of Alvaton	207 Trellis Street, Alvaton, KY	US
S3-215120478	ONE SUMMIT LP	2628 Partridge Way, Sandy City, Utah	US
S3-71146879	Collins Management,LLC	Texas, ##204 Avenue G, Shiner	US
S3-350694299	माँ फाउंडेशन प्राइवेट लिमिटेड	Plot 893 J- 4, First Floor, Bhim Nagari, Block - C3 Safdarjung Development Area, Hauz Khas, New Delhi, DL	India
S3-378232219	Lotus Infra प्राइवेट लिमिटेड	Flat 1904, Floor 19, Clover B-10 Kolshet Road, Opp Bayer India Company, Thane, महाराष्ट्र	India
S3-409338357	Ramos, Wilson-and Hoerner Group	13902 Holmes Rd, Kansas City, Missouri	US
S3-603655963	शिव लॉजिस्टिक्स लिमिटेड	#0-1, Citi Tower, Sector No. 15, Cbd, Belapur, Navi Mumbai, Thane, MH	India
S3-536348122	Physical Therapy-Strategic Care Associates Partners LP	Maple Spring Pl, Humble, Texas	US
S3-320199817	Dhanlabh Trading Overseas Private Limited	No 40 Nr. Ramji Mandirmaninagar, Ahmedabad, Maninagar, GJ	India
S3-6578588	Rukmini (Rubbers)	Iiird Floor, S.r. Chambers, S.no.162/4/5, Nagras Road, Above Janaseva Bank, MH, 308, Pune	India
S3-63285631	Federal Global  Index Corp	820-822 Mt Olivet Rd, Columbia, Tennessee	US
S3-315787401	dynamicaspen.com	6448 Grasslands Ct, Westerville, Ohio	US
S3-748978636	Colonial Pacific Nexera (LLC) (ID: 23908)		US
S3-686719343	Rajam Fashions-Private Limited	##16, Hyderabad, Andhra Pradesh	India
S3-765099262	Capital Animal Hospital Highland Federation	001418 6nd Street, Irving, Texas	US
S3-870713539	F 2 S Solution, [Group]	780 Via Papiano St, Pleasant Grove, Utah	US
S3-412541712	Department of Hea1th	36 Christopher Road, Holliston, Massachusetts	US
S3-934459879	Star  Transit Corp Innovations	1283 64, Loxley, Alabama	US
S3-791142554	nelson, stevens & lutes llc	1259 1/2 Farm Lane Circle, Orem, Utah	US
S3-996024627	सेवन Maa कंसल्टेंसी	64, Dr. Viegas Street (Gaiwadi), Office No. 4, 1St Floor, Opp. Barretto H.s., Kalbadevi, Road, Mumbai, MH	India
S3-952875919	Industries Ábacus Technologies Pvt Ltd	Mumbai, महाराष्ट्र, 156 23 Sultanabad Baug Bharam Baug	India
S3-771658560	>> Bay Hospitality	7726b Kenora Way, Richmond, Texas	US
S3-150256752	Lingo Continental Rocket	113 Oak Ave, New London, North Carolina	US
S3-227855019	Vanguard Dcat Ventures LLC	271 Oak Knoll Ter, Highland Park, Illinois	US
S3-203392629	Son International School Private	#6-385 S No 294 Pmk Techno Park Gangakhed Dhangar Moha, Regional Office Aurangabad, Parbhani, MH	India
S3-223698360	Pune Insight Private Ltd	C-009 Kala Basant Apartment808 Bhandarkar Road, Pune, MH	India
S3-804004842	Regen 6eo Limited Center	605, Vaishali Nagar, Jaipur, RJ	India
S3-969467996	dailey companies llc		US
S3-889169164	Innovative Ss Poroucre Pvt Ltd	36/2, Veerappan Street, Swarna Shree Complex, Ground Floor, Chennai, தமிழ்நாடு	India
S3-576734924	Thibeaux Endocrinology	##3591 Gillie St, Memphis, Tennessee	US
S3-846590129	Drummond, Zurek & Niedzwiecki Ltd	156 Riverview Dr, Dagsboro, Delaware	US
S3-326677347	Shah Institute	220 Norma Dean Drive, Warrenton Township, Virginia	US
S3-271307743	Stoltzfus Investments Corp	10513 Abbey Road, Cockeysville, Maryland	US
S3-221437745	Shri One  Logistics Private		India
S3-33888721	PRIVATE REAL TECH LIMITED	No.5-23, Plot No. D, Susai Lane, Tambaram, Kanchipuram, TN	India
S3-141772028	E E & F Douglas LLC	120 Henderson Road, Roxboro, North Carolina	US
S3-924967953	halleynelsonrealty.com	201 Broadway Street, null, Mill City, Oregon	US
S3-930442354	ವಿಷನ್ ಲಾಜಿಸ್ಟಿಕ್ಸ್ ಪ್ರೈವೇಟ್ ಲಿಮಿಟೆಡ್	No 311/56/7, Bangalore, KA	India
S3-223564306	Shakun Sangh Corp	Virudhunagar Virudhunagar, Patel Road, 8/2, தமிழ்நாடு	India
S3-423291418	Prayas Medical Private	736/12, Dyeing Complex, Bahadurke Road G.t.road, Ludhiana, PB	India
S3-841466581	Evy Marcelin,	Eden Evans Center Rd, Anola, New York	US
S3-759822704	Creative Lotitbic	206-A, Mumbai Ii, Vidyayavihar (W), MH	India
S3-233010277	Shri Maxima Polymers Private Limited	#013-Cdali Bagh Lucknow, Lucknow, Shrawasti, UP	India
S3-836842122	इंडो इंफ्रा प्राइवेट लिमिटेड	H.no 1890B/17 G Puri Ext Kalkaji Ff G Puri Ext Kalkaji, New Delhi, दिल्ली	India
S3-931993149	Catholic Chemicals Limited Services	No. 893 Ward No. 23 Sanchet Jain Chowk, Nokha, Bikaner, राजस्थान	India
S3-32175540	Verrance Commodities	2316 17th St, City Of Monroe, Wisconsin	US
S3-102953995	Ruler  Creams Private Ltd	Plot D/431 3/4, Gulf Star, Peruvalathuparambu, Taliparamba, Kannur, കേരളം	India
S3-836573531	Nataasmalley.Com	1255 Avodnale Rd, Hendersonville, Tennessee	US
S3-43319562	India Állwin Limited Center	#3316/3317/1, Bangalore, KA	India
S3-195272363	Bogle  and Galindo LLC	5163-5167 Crittenden Ave, Indianapolis, Indiana	US
S3-978724266	lNTERNAL MEDICINE CLINIC OF SELBYVILLE	Delaware, Selbyville, 39002. Captains Ln	US
S3-27651130	NXX-Ltd. Pvt. India	48, Madras, TN	India
S3-205297091	Shields  Vanguard	Town Of Goodman, N18933b Franks Rd, Wisconsin	US
S3-786117084	Goggans, Ortz and Rosenthal, LLC	71 Military Rd, Unit Apartment 3, Buffalo, New York	US
S3-778255023	@rubier	Zander Rd, Town Of Two Creeks, Wisconsin	US
S3-345545871	Betty Baeza Tri State Stifel (LLC)	236. 26, Pitcairn, New York	US
S3-979306190	Novibrix née Allied Principal Inc	3117 Coal Bank Road, Sparta, TN	US
S3-448100909	Archibeque, Elladine, DMD Corp	255 Vereda De La Manana, Tucson, Arizona	US
S3-608025864	INGEBORG GROSS HEARTLAND CONCORD LLC	217 Ebony Ave, Duluth, Minnesota	US
S3-676938661	M/s Mvh Instalment Private Limited	No 39-2-65 Revenue Ward 17, Vijayawada, Krishna, ఆంధ్రప్రదేశ్	India
S3-468198559	Galaxy Foundation Limited Private	##4/1B, Kolkata, Howrah, WB	India
S3-997671839	vsv farmtech private limited	महाराष्ट्र, Mumbai, Floor-5, Mumbai	India
S3-567357135	Dr ZEEVA BROTHERS PVT LTD	Plot No 8A, Door No 8, First Cross Street Station Road, Ayapakkam, Chennai, Thiruvallur, TN	India
S3-682767244	Ectodova DBA: Cp & Co	Gala No 3 Plot No D4/2, Hingna, Nagpur (Urban), Nagpur, Maharashtra	India
S3-518912358	Center Luce LLC	35 Evans Ln, Augusta County, Virginia	US
S3-792807393	Aguilar & Calse [Ltd]	9430 Campbell Road, # A, Houston, Texas	US
S3-944327783	Best Foundation Public Limited	Noida, First Floor, Sector-63, G-0040, Gautam Buddha Nagar, UP	India
S3-177788192	Vesta  India Public		India
S3-492907045	[Inc] Walker & Goodman	242 W Summer Saint, Greeneville, Tennessee	US
S3-999424818	sweet ice cream!	591 Fourteenth Street, Unit 108, Washington, District of Columbia	US
S3-594802994	Hypnosis 12 Studio Highland	565 Cove Rd, null, Morristown, Tennessee	US
S3-908423063	Vasquez Great  Art		US
S3-940659858	The Cardinal Design [P.C.]	00501 Primrose Saint, Portland, Oregon	US
S3-81362788	@Projectsspeed	Jagadish V Venkatachala R, No633 Ews 707Chs Kno-756, Banglore Rural, Bangalore, KA	India
S3-163361670	8rown And Reyes Inc	407 1/2 Tingle Street, Snow Hill, Maryland	US
S3-450532917	Baba Infrastructure Limited	Flat No 203, Soundarya Apts, Rajendra Nagar, Guntur, AP	India
S3-808904468	Morrissey, Nagy and Johnson P.L.L.C.	Athens, 0021746 Pinebrook Dr, Alabama	US
S3-745021492	Oncology Clinic Inc Board	Irving, Texas, ##536 Via Amalfi	US
S3-413645040	Modern Private Projects [Limited]	C/o Santosh Kumar Gupta, Tamkuhi Raj, Khakhar Tola Dudahi, UP, Maunath Bhanjan	India
S3-750095068	White Limited Private Trade	No 0-5, Sardar Patel Ind.park-1, Dhamatvan Road, Dhamatvan, Daskroi, Ahmedabad, GJ	India
S3-456499666	PEARL'S SUPREME FAMILY PRACTICE CLINIC	1522 71st Pl, Chicago, Illinois	US
S3-779355396	Cohen  Bsp Inc		US
S3-55131223	Newline Solutions (India) Pvt Ltd	#472/16 Balaji Arcade, Bangalore Rural, KA	India
S3-472078185	Sons (india) (India)  Limited	Gurgaon, Malibu Towne, Sohna Road, HR, Gurgaon, Door No 699 Lg/5	India
S3-433339538	Pgdiagnostics.Com	089 Townsend Cir, PO Box 9932, Naperville, Illinois	US
S3-97889842	Internalmedicinestar.Com	0069 Cripple Creek, Unit A18, Louisubrg, North Carolina	US
S3-731232729	Blackerby  and Gregory Viii	Kentucky, 2370 Cave Mill Station Boulevard, # 801, Bowling Green	US
S3-106631078	Silver Cháritable Trust	Central Delhi, दिल्ली, 916Arunachal Building Barakhamba Connaught Place, Central Delhi	India
S3-185045575	Vanguard	124 Dickerman Ct, Arnold, Missouri	US
S3-191365967	Dermatology Care Asseocdiades Inc		US
S3-559800869	Pacific Cadnaz LLC	170 Saddebrook Drive, Lima, Ohio	US
S3-979550771	Ketchum Lei [Inc]	00114 Stethem Dr, Brookhaven, New York	US
S3-707857976	ZIRAKSH INVESTMENTS PRIVATE LIMITED	DL, Plot No - Rz- 48-A T/f Shyam Vihar, Kakrola, South West Delhi	India
S3-486375017	Clyoraer Services	Cabot CITY, Arkansas, 59 Brentwood Cv	US
S3-429994268	United Seas Group	157. Fifth Avenue, Chickasaw, Alabama	US
S3-981266413	Garrett Corporation Group	06901 35th St, Lubbock, Texas	US
S3-183909966	atria solutionsprivate industries	706, Sector-1, Rohtak, HR	India
S3-493702091	arihantpropertiesprivate.com	H.no 709, Sy No. 55/3, Gollahalli, Tulasipura Main Road, Anjanapura Post, Bangalore, KA	India
S3-532108165	Accolade & Co.	Plot No. Hig-140, K-6, Kalinga Vihar, Patrapada, Ps-khandagiri, Bhubaneswar, OD	India
S3-566927692	Dr Rotex Real Co	Gautam Buddha Nagar, Noida, Flat No Imp2-0022004 Imperial Court Jaypee Greens Wish Town S, उत्तर प्रदेश	India
S3-968731404	Foundry Venture Corp	42 Kendall St, Aurora, Illinois	US
S3-131372408	Smart  Acadia Holdings	13 Kathy Dr, Foxborough, Massachusetts	US
S3-962110626	The Innovative Hartford Partners	18 Walbace St, Batavia, New York	US
S3-466538786	Selva Ltd Center	60, Meerut, Panchli Khurd, उत्तर प्रदेश	India
S3-491265410	Memorialalliance.Com	Ambler, 1104 Lincoln Drive, Pennsylvania	US
S3-681231662	Boston  Schwab	Massachusetts, Boston, Kingston Street, # 1C	US
S3-871747921	Lumvantagewex	Mumbai, Maharashtra, Mumabi, Rahejas Corner Of Mainavenue & V P Rd Santacruz (W)	India
S3-781040152	Yards Private Limited Center	Rom No A6-01 C/o Cosmonaut, International School, Sirsa, HR	India
S3-869228858	பாரத் புரொட்யூசர் பிரைவேட் லிமிடெட்	No 14, Chennai, Kancheepuram, TN	India
S3-457684250	Sufalam Traders  Infratech	Shop No F 28 Godavari, Enterprises, Bajaj Galaxy, Nanded, MH	India
S3-863952667	Sunrise Developers Limited Private	No 1/1662 Lothian Road Kashmeregate, Delhi, Central Delhi, DL	India
S3-932300395	Roor Capital Partners Valley Co	2014-C Antelope Trl, Harker Heights, Texas	US
S3-746168420	Ivenay Haihgivew Group	164 Quincy Shore Dr, # 87, Quincy, Massachusetts	US
S3-382366258	Chunn Sim Llc	#8962 Pheasant Lane, Saint Bonifacius, Minnesota	US
S3-90474281	Good Hospitality Agencies	51/12, Thyyagarajnagar Bangalore, Bangalore, KA	India
S3-716609995	ब्लू इंडस्ट्रीज प्राइवेट लिमिटेड	46-55-69, Mumbai City, MH	India
S3-237386260	ED  Travel	Hn 317 3/578, Rose Villa, Plot No.18 And 19, Priyadarshini Nagar Sithalapakkam, Tambaram, Kanchipuram, TN	India
S3-351994406	Sophronia Pepp Allegro Ltd	00210 Suydam Lane, PMB 4241, Bayport, New York	US
S3-207004722	Nri Consoltalnts Private Limited	Bangalore, KA, Prestige Atlanta No.10, Bangalore South	India
S3-402219566	Luzier, Chandler & Hymtn	2012 Katach Ct, Sprig HILL CDP, Tennessee	US
S3-762356111	Internal Medicine Frontier Inc Services	14 1/2 Portage Street, Westfield, Building Upper, New York	US
S3-838536198	ZO Premier Amc Corp	10293 Wetherburn Rd, Ellicott City, Maryland	US
S3-970370854	Humble Engineering Exports	Plot No.w-60c Midc Hingna Road, Nagpur, MH	India
S3-282996835	Prashanth Stoaeg Private Limited	51 Ild Tower Sector-46, Sohna Road, Gurgaon, HR	India
S3-290712234	#unifiednexpoint	Medina City, 20 North Court Street, Ohio	US
S3-973254790	Anderson Cornerstone City	Virginia, 6506 Buck Rd, Crozet	US
S3-744159620	RGK Limited Private (eastem)	503, Mumbai City, Mumbai, MH	India
S3-338487674	Mr Amg Pcwlr Private Limited	Lucknow, UP, 1/344 Vinay Khand-1, Lucknow	India
S3-13032540	Secure [Energy]	2205- Timothy Dr, Westminster, Maryland	US
S3-804507740	સ્વસ્તિક ઇમ્પેક્સ પ્રાઇવેટ લિમિટેડ	Sur No 141-153 Paiki Pvt, Ahmedabad, ગુજરાત	India
S3-673714301	ఇంటర్నేషనల్ ప్రొడక్ట్స్ ప్రైవేట్ లిమిటెడ్	3/8, Anantapur Distt. Anantapur Distt., Anantapur Distt., AP	India
S3-825286773	Equinox Services	#115 Doral Lane, Hendersonville, Tennessee	US
S3-407076941	Pediatric Dentistry Global-Care Coastal	20 Stewart Pl, # Apartment 10B, White Plains, New York	US
S3-572516359	Borivlai East Refrigeration	No 908 Off No.106, Star Plaza Chs, M G Road, No.66, Opp Ellora Hotel, Kanheri, Borivlai East, Mumbai, महाराष्ट्र	India
S3-253947479	atlantajarlus.com	Sweetwater Court, Pueblo West, Colorado	US
S3-169942750	WI Pvt Ltd Service	1171, Gorabarik Amhat Pole No. Ln 85, Sultanpur, UP	India
S3-342550146	nagarkepass.com	Surendra Anand S/o Harbans Lal Anand C/o Ward No ##17, Jawahar Marg 2 Chhatrasal, Chhatarpur, MP	India
S3-714028604	Dr Techno Online  Pet Limited		India
S3-283675420	Studio SV Private Limited	#913 Flat No Km00101506, Gautam Buddha Nagar, Noida, UP	India
S3-95877727	Dr Sree Academy Private	PB, Vpo Heir Airport Road, Opp. Aero City, Amritsar -I, Amritsar	India
S3-151301862	Private Bombay Infotech Ltd	204, Quantum Tower, Rambaug Lane, S.v. Road, Nr. Sbi Bank, Chincholi Phatak, Malad(w), Mumbai City, Mumbai, महाराष्ट्र	India
S3-599601214	GNJ Limited Papers - 1712017399	104/C-2/4, North-west Delhi, Delhi, दिल्ली	India
S3-383899416	Forza	No.5/1, 2Nd Cross, Domlur Village, Bangalore, Karnataka	India
S3-996182749	Unified LLC  Global Health	2105 Oriole Trail, Michigancity, Indiana	US
S3-700621536	Pinnacle Australia [Inc]		US
S3-95424436	newlifelutheran.com	549-551 Merrimon Ave, # 20, Asheville, North Carolina	US
S3-496216918	endeavorsurgica1.com	Delhi, First Floor, Shiv Arcade, A-a/##2, Acharya Niketan Mayur Vihar Phase-i, दिल्ली	India
S3-915257750	Shri Compact Vensture	Pt No- 19, TG	India
S3-839011651	अर्बन होटल प्रॉपर्टीज प्राइवेट लिमिटेड	5 Basement Hargobind Enclave, Opp Shanti Mukund Hospital, New Delhi, DL	India
S3-17255027	Custom Urology Physicians	Leahy Cir, DES Paines, Illinois	US
S3-16030034	Falatech Group	1661 160th Ave, Goodyear, Arizona	US
S3-923926805	CY Colombier	2436 Upas Way, Redmond, Oregon	US
S3-470867242	Womens  Health Specialists LLC	939 Greenville Way, Knightdale, North Carolina	US
S3-488833242	Shyam Care Stores Private	Shop No F4/f-54/14 Indradhanu Market Copmlex Irc Village Nayapalli, Bhubaneswar, Khordha, Orissa	India
S3-108770246	विजय प्रोड्यूसर	Thane, महाराष्ट्र, Thane, Dedhia Elita Chs	India
S3-52773961	Mr Ks Health (Ltd)	D-2627, 12Th Avenue, Gaur City 2, Ghaziabad, UP	India
S3-30895707	[Corp] Danous Octave	Church St, Wisconsni Dells CITY, Wisconsin	US
S3-669552422	Kay & Brothers Pvt Ltd.	Vinkar Bhavangandhi Bag, <NULL>, Nagpur, MH	India
S3-732113729	Pixel Law  Chambers	B-93, Mumbai City, MH	India
S3-748129214	Back Alley Ice Cream Inc	1302 Club Park Pl, Building 12, Lancaster, Ohio	US
S3-872314107	Gallegos Premier Fuels Company		US
S3-472046938	Indo कंसल्टिंग	Delhi, New Delhi, House No. 243/182A Gali No-03 Block-wz Siri Nagar, DL	India
S3-584634279	Ziify Corp	3308 Buckboard Road, Montgomeyr, Alabama	US
S3-235046087	Smart Construction Privaate Limited	Hn 215 C/o Prakrity Banerjee, Searsol, Rajbari Burdwan, Searsol, Bardhaman, পশ্চিমবঙ্গ	India
S3-183657441	Cancer Ministries	5644 2259, Nacogdoches, Texas	US
S3-402268264	Gayatri Mangla Group Partners	Uint No. O-410, Pune City, Pune, MH	India
S3-427890845	Bivens & Thompson	4200- Gardendale Ave, Trotwood, Ohio	US
S3-514515348	West Cart Private Ltd	Door No 740- Unit No.1, Plot No 171, Sector 28 Vashi, Mumbai, Mumbai City, MH	India
S3-242222502	Co United Investments	19834 Cr 163, Olustee, Oklahoma	US
S3-671584941	Dofloia Elite Resorts Incorporated	4521 Macedonia Church Rd, Vale, North Carolina	US
S3-111371622	Gold Educational Sóciety Co	Ofice No. 9, Second Floor, S.r No. 813 At Pradeep Chambers, Bhandarkar Institut, E Road, Pune Region, Pune, MH	India
S3-232244196	NB Factory LLC	6020 Arnhem Cv, DEL Avlle, Texas	US
S3-595431424	Genia Perkins Midwest  Concord LLC	612 Oakpark Drive, Brownwood, Texas	US
S3-120469428	Sri Life Limited [Service]	Flat No: 902 A4, Rosa Gardenia Chs, Thane, MH	India
S3-240082240	Mirakor dba Param Charitable Trust	M-27-C-2 Dilshad Garden, Shahdara, East Delhi, Delhi	India
S3-478035957	Sri Central Life Overseas Corp	Ward No 27, Dhaka, East Champaran, BR	India
S3-390686648	Willow Starrlink LLC	200 Floyd St, N/A, Mount Vernon, Kentucky	US
S3-334410439	বাবা প্রপার্টিজ প্রাইভেট লিমিটেড	09 Imagine Techpark, Sec-v, Office.no-09, Fl-17 Dp-6, North 24 Parganas, Saltlake, WB	India
S3-580769828	desert financial inc	8903- Bluffton Road, Ft Wyane, Indiana	US
S3-741516840	careurgentcom	60 Jackson Lane, Kinston, North Carolina	US
S3-598264142	Chavez, Leticia P., P., D.O. Corporation	Dove Valley, Unit 14305, 7440 Blackhawk St, Colorado	US
S3-664669420	macdougall information inc	Texas, Texas City, 1909-A 18rd Ave	US
S3-136379364	National Desert-Fnd Inc	White Hosue, 3710 Calista Road, Tennessee	US
S3-826941387	Navnirman Medical  Centre	A/1106, Mumbai, Mumbai City, MH	India
S3-300529263	Nav & Pvt Ltd Service	MH, Lendra, Nagpur Region, Door No 847 131, New Ramdaspeth	India
S3-636311849	Morales + Jnoes [LLC]	#31204 Course View, Franklin, Tennessee	US
S3-762648734	Dowden Block Fayetteville	North Carolina, 7066 Candlewood Dr, Fayetteville	US
S3-690940465	Ritesh (India) Téchnó Pvt. Ltd.	MH, Pune, S No.c-84/37 Pingale Vasti, Mundhawa Near Philips W/shop	India
S3-674660068	Lucky Book	7338 Highway 54, Philpot, Kentucky	US
S3-570713022	The Hyland River LLC LLC	Dacian Rd, Raleigh, North Carolina	US
S3-225820919	Nylacalo aka Garcia Rio	2101 N Wilpar Drive, Unit 108, Greensboro, NC	US
S3-318097440	Creative LLC Services	Attleboro Ct, Indianapolis CITY, Indiana	US
S3-792123684	Delta Advanced Renaissancere	7587 Frost Street, Seligman, Missouri	US
S3-222356272	Pmraiatce Vedachalam Nagar Hire Limited	Flat 4, Chengalpet, Vedachalam Nagar, TN	India
S3-366422070	Finance Vrr Shreem Exports Pvt Ltd	Room No 3&8A, Second Floor V N R Complex, Kachiguda, Hyderabad, Hyderabad East, TG	India
S3-728218519	Tech Financial (India) Limited	Plot No. 134, Hyderabad, Andhra Pradesh	India
S3-278876151	PLATINUM CONSTRUCTION TECHNOLOGIES PARTNERS	Clinton, North Carolina, 1778 Beaman Woods Road	US
S3-827913385	Urgent Care Innovative Medicine Partners	1441 Sheridan Dr, Fl 0, Saint Louis, Missouri	US
S3-232595663	Express Municipals  LLC	1727 Rangeway Dr, PMB 8293, Joshua, Texas	US
S3-368164051	મોડર્ન બાબા ઇન્ટરનેશનલ પ્રા. લિ.	1St Floor, Flat 106-107, Shivam App, Panjara Sheri, Surat City, Surat, ગુજરાત	India
S3-392022238	Aluva Private Limited Center	##23/591, Pathuvana Building, Near Market, Aluva, Aluva, Ernakulam, KL	India
S3-480784602	Slate Incorporated Enterprises		US
S3-182342348	Board Veterans Affairs	0011683 Manning Ave, Kansas City, Missouri	US
S3-810668340	Lewis, Cauble & &	#1212 Deer Street, Yorkville, Illinois	US
S3-69598480	vthird.com	3904. Reynosa Dr, Texas, Austin	US
S3-650415363	ಗುಜರಾತ್ ಪ್ರೊಡ್ಯೂಸರ್ ಪ್ರೈವೇಟ್ ಲಿಮಿಟೆಡ್	No #91, Bangalore South, Bangalore, KA	India
S3-603630227	Pena [Tinto]	1947 Arch Ave, Town Of Quincy, Wisconsin	US
S3-390465569	Great Patriot Airport Ltd	Newport News City, 13221 Natalie Cir, Virginia, # 6	US
S3-521909689	Cheryl Davis	250 Lyles St, # 26B, Elkin, North Carolina	US
S3-738888082	Merry's Digital	Tennessee, 517-519 Hidden Hill Drive, Hermitage	US
S3-551371953	Sodyne PLLC Services	St Paul St, Rochester, New York	US
S3-182797140	Tavoveo d/b/a Bartholomew Keystone Digital PLLC	50 Shrewsbury Street, Unit 408, Worcester, MA	US
S3-450006053	Prairie Encore	829 1/2 Fremont Avenue, Morris Township, Illinois	US
S3-890418330	Shri Bharat Software  Private Limited	A-5/7, Jhilmil Industrial Area Shahdara, West Delhi, Delhi, DL	India
S3-329052786	XY Food Private Limited	Block F-106 C/o- Kundan Kumar. H.no 25 East Bhikhachak, P.o- Anisabad, Patna, BR	India
S3-657645080	Bricklayers Local	506-508 Poplar Street, Cambridge, Maryland	US
S3-200100977	Banuelos Cayson Group	701 Herriott Wapocoma Rd, Springfield, West Virginia	US
S3-655191445	Reum	Taylor Ave, Utica, New York	US
S3-442385191	#kwjothi	No 10T Floro, Mumbai, MH	India
S3-634520642	-- Rapid-Printing (Worldwide)	Woodland, La Marque, Texas	US
S3-758141126	GEON Partners LLC	22111 59, Robertsdale, Alabama	US
S3-632212329	Heartland Supreme Téchnology, Ínc.	76 Fairway Drive, Kingson, Massachusetts	US
S3-845057930	Literacy Coalition Incorporated	34-60 110 Street, PMB 3816, Corona, New York	US
S3-453292598	Ankur Pvt Ltd Sérvice	Plot No-88/350/424., Chianipahi, Dhamara, Bhadrak, Chandbali, ଓଡ଼ିଶା	India
S3-857176806	Northwind	New York, 145-100c 225 St, Springfield Garrdens	US
S3-164938136	Beloorbixylo	Devender Nagar, Near Gate, Saharanpur, Uttar Pradesh	India
S3-807654952	इंडो प्रॉपर्टीज	C/o Shishupal Singh, Fatehpur Ashothar, Fatehpur, UP	India
S3-980009080	candidspace.com	H.no 7-1 & 2 Old Court Hbse Corner, Kolkata, null, পশ্চিমবঙ্গ	India
S3-229470633	The Doreen Soukup Summit Edison, LLC	Tennessee, Woodlawn, 2567 Woodlawn Road	US
S3-885360798	Mendoza's  Complete Communications Inc	18807 130rd Circle, Brush Prairie Towsnhip, Washington	US
S3-297584151	Dynamic Oceanhawk  LLC	Tennessee, Johnson City, 1905. Pleasant View Dr	US
S3-993320486	Uptown Pizza Center		US
S3-305362194	Technologies Allure Glazed Public Limited	Flat-26, Kolkata, Howrah, WB	India
S3-194954674	Ellis, Koehn and Andrews Service	Amarillo, Texas, 5010 55th Ave	US
S3-964373131	C0mmission on Laboro LLC	412 Cornwall Drive, Rther GLEN, Virginia	US
S3-219389682	Rickert Silver,	# 2, 28 Chapel St, Lowell Township, Massachusetts	US
S3-50649009	Leblanc, Cannon & Mccormick LP	Huson, Montana, 0019490 Ninemile Road	US
S3-787323636	Relinex Inc Center		US
S3-782237145	Rockford-Family Blue Center LLC	205 Hinkley Avene, Rockford, Illinois	US
S3-505651861	Barnes,-Harrison-and Richards Inc	506 Dove Creek Drive, Round Rock, Texas	US
S3-287335779	Physical Therapy Frontier Physicians  Group	1929 Farragut Street, Texas, Laredo	US
S3-466608120	Zetafluxriza d/b/a Clausen and Dunmore Inc	626 4th Street, New Philadelphia, OH	US
S3-838441775	Laney Tyrell-Iheartmedia	101 Bent Creek Dr, Pelham, Alabama	US
S3-770447209	sterling packaging worldwide downtown llc	Illinois, Crystal Lake, 7238 Foxfire Drive	US
S3-587563057	Private Apna Management (India) Ltd	H.no 1St Floor Palm Springhatiskar Road Prabhadevi, Mumbai, MH	India
S3-546189947	हरि प्रोजेक्ट्स प्राइवेट लिमिटेड	E-25, Aligarh, UP	India
S3-287819842	Prvimate Age 5prings (Limited)	No 2-1577 Sadashiv Peth Bhagyanagari Ii Nd Floor Tilak Road, Pune, MH	India
S3-936177135	Dental Partners Corp	172 Smith St, Kilgore, Texas	US
S3-695211078	Quonovi D.B.A. Fresh Ice Cream Inc.	4716 Clarke Street, Lynchburg City, VA	US
S3-552286744	Shree Consultancy-Private Ltd	Chennai, Block G-771 28, TN, Madras53	India
S3-768712277	Little (Tattoo)	Washington, Walla Walla, 601 Village Way	US
S3-374297824	Dr Jolly Ortho	128, Ground Floor, World Trade Centre Barakhamba Lane, Connaught Place, New Delhi, Central Delhi, DL	India
S3-502533999	Gulf Trust Greater Ltd	1989 79, Windsor, New York	US
S3-140205207	LLC Vivoix Worldwide	##721 Sand Pike, Jonesboro, Indiana	US
S3-573798774	Pinnacle Pebblebrook Ltd	342 Log Plain Rd, Grenfield, Massachusetts	US
S3-7432213	T 3	5317 Dynasty Ct, Fairfield, California	US
S3-859789575	Yug & Infratech Limited Service	#18, Defence Enclave, Phase Iimarianna Palya Ha Farm Post Bangalore, Bangalore, KA	India
S3-256653932	Supreme Finance Prívate Límited	Vaswani Gardens, Cuffe Arade, Mumbai, MH	India
S3-672518413	Sunrise Ventures	Mumbai, B-2, Sukhadha Chs Ltd., Ram Mandir Rd, Vazira Naka, Borivali West, Mumbai City, Maharashtra	India
S3-119940309	Hindman Gcaaafnd Crypto LLC	5790 Benders Ferry Road, Mt Juliet, Tennessee	US
S3-758518034	Trusted Capital Kochav Ltd	#962 South 4th St, # 312, Louisville CITY, Kentucky	US
S3-439362980	BDP Ínstruments Private Limited	Hn A-759 The District 9Th Flgor Unit No 2 And 3, Rangareddi, Andhra Pradesh	India
S3-254363464	Blue Bombay Business-Private Limited	H.no #1, KA	India
S3-253669637	One Industries Constructions Private Limited	Door No 54 Near Muktidham, Maihar Road, Nazeerabad, Raghurajnagar, Raghurajnagar, Satna, MP	India
S3-876745346	The VRC Dynamic Tribeca Inc	41 Murray Street, NULL, Minerva, Ohio	US
S3-236179509	Phu, Mcnamara Searcy and Wisconsin	Dixie Dr, Bonifay, Florida	US
S3-633108586	ROMAN JAWS	1 Brooklyn Rd, Pomfret, Connecticut	US
S3-761067374	Canty & Jétt LLC	Fawn Haven Drive, Powhatan County, Virginia	US
S3-364647056	Secunderabad  Fruit Holdings Private Limited	Andhra Pradesh, NULL, Secunderabad, Survey No ##60/Part	India
S3-126794106	3746 Drive C0mpany Service	517 Pwoell Avenue, Columbus CITY, Ohio	US
S3-619284479	Badve Résort	Csc-5, North Delhi, दिल्ली	India
S3-30076943	8lessors Producer  Private	Khamar, South 24 Parganas, Parganas North, WB	India
S3-77753142	llc supreme better rre	5521 15rd Avenue, Minneaplis, Minnesota	US
S3-640579904	West Plcnhific Mines LLP	505 1460, NULL, Georgetown, Texas	US
S3-253438654	Novial Construction	207 Cross Bronx Expy, Bronx ITY, New York	US
S3-485906138	Ekaterina Miller Molecular Inc. Center	003266 84, Thomson, Illinois	US
S3-137580440	Lower-Cslm LLC	466 Half Moon Rd, Clinton, Arkansas	US
S3-187440348	WAM Hr  Pvt Ltd		India
S3-106834113	Lumay-Gravity Inc	00623 The Heights At Cape Ann, Gloucester, Massachusetts	US
S3-435148568	5toner Electrical Corp	New York, Ballston, 123-125 Brookline Road	US
S3-63780381	Eye Medicine Ltd	5502d 25th St, Tucson, Arizona	US
S3-916282153	Foster & Michalski Taiwan Inc	Caruth Ct, Dallas, Texas	US
S3-961826863	Gm Energy Private	Khasra No.33/13, Fatehgarh Sahib, null, PB	India
S3-93924804	desertassociation.com	404-D Whitney Street, Northborough, Massachusetts	US
S3-164523317	Rsemrs Holdings Group  LLC	8623 James Dr, Spokane, Washington	US
S3-217854071	Cozy Ice Cream-Blacksfne Inc	144 Main Street, Unit 1, Blackstone, Massachusetts	US
S3-281285680	Smt Pra Pvt. Ltd. Service	C/o Suman Kumar, Shiv, Shakti Nagar, Road No - 1, Sultanganj, BR	India
S3-176577102	Nguyen Preparatory Academy Edgewood Of	1909 104rd Ave, # #V402, Edgewood, Washington	US
S3-234782956	Advanced Meeda Global	23 Newton Street, Braintree, Massachusetts	US
S3-425192614	ಬಾಬಾ ಎನರ್ಜಿ ಲಿಮಿಟೆಡ್	No 3 Dev-in Paradise Enclave, Hegde Nagar Main Road Near Sampige Halli Police Station Chokka, Nahalli, Kodagu, Bangalore, KA	India
S3-697968730	Royal Software Private	586, Bhiwandi, Thane, MH	India
S3-361999480	Expeditesons.Com	H. No. 66, Satara, Vijaynagar, Mundhe, Tal. Karad, Dist. Satara, Satara, MH	India
S3-328316145	Childs Signature Columbus LLC	23 Xenia Dr, Fairborn, Ohio	US
S3-599259408	Youth Better Center LLC LLC	630 Juniper Ct W, Oregon, Gresham, PO Box 7914	US
S3-600047673	Federal Holdings Greater (Corporation)	128 Indiana Avenue, Goshen, Indiana	US
S3-946269433	Cummings, Regalado ánd Quinn Permian Associates	New Prague, 405 Redpoll Ave, Minnesota	US
S3-806413274	Mitchell and  Perez PLLC | www.mitchella.com	1809 13 1/2 St, PMB 3755, Fargo, North Dakota	US
S3-674070408	Rajni Récords Private Limited	North East, M.i.g., Dda Flats East Of Loni Road, Mandoli, B-843, दिल्ली, Delhi	India
S3-810140480	Vertical  College	Plot No: 86/A, Hyderabad, <NULL>, తెలంగాణ	India
S3-869150325	Jazz & Sons Ventures Private Limited	New Delhi, Kh. No.840, Shishodia Garden, Revenue Estate Mehrauli, Vasant Kunj Road, New Delhi, DL	India
S3-17211104	Dovacalojax	Ahmedabad, 305, Ahmedabad, Gujarat, Palladium Business, Hub Opp 4-D Square Mall	India
S3-607457433	Eskew Piedmont Bain Partners Corporation	15 Ocean Ln, Amagansett, New York	US
S3-118087198	FUP India  Pvt Ltd	Plot No. 468 Mie Part1, Jhajjar, Bahadurgarh, HR	India
S3-763228153	Ward  Trust Inc	412 Cumberland St, PMB 4144, Hebron, Ohio	US
S3-455472151	Fayth Mauney Cohen Ltd	Minnesota, Mendota Heights, 710B Evergreen Knolls	US
S3-966167294	Cascade Assets of Ghent #47762	8671-8673 42, Ghent, Kentucky	US
S3-928551738	Inc At1antic Trusted Technologies	Fourth Court, Birmingham, Alabama	US
S3-896580393	हरि टेक प्राइवेट लिमिटेड	G-b3/10 City Centre Sansar Chandra, Jaipur, RJ, Jaipur	India
S3-208764785	Roze's Hospitality	21575 Overdorf Road, Noblesville, Indiana	US
S3-278637220	WUZ Merchandise Private Ltd	Ec-278, Sector-i, Saltlake, North 24 Parganas, WB	India
S3-574682838	Reex Inc	4525-4527 458, Collinsvilel, Alabama	US
S3-525031862	Omelas Harbor Jersey L.L.C.	Jackson Avenue, # Unit C, Monticelo, Arkansas	US
S3-579902116	keex ares	6541 Covefield Ct, Mason, Ohio	US
S3-872574947	బాబా Technologies ప్రైవేట్ లిమిటెడ్	Dr.no.c-65-6-576c, Ii Floor Himachal Nagar, Gajuwaka, Vishakhapatnam, AP	India
S3-958574682	Automated Mortgage Ventures Corp	Canal Winchester, 6835-6839 Refugee Rd, Ohio	US
S3-922844702	prairieinstitute.com	Iowa, 1860. 32th Lane, Ankeny, NULL	US
S3-543026507	Swastik Sbenth Infrastructure Private Limited	New Town Square, North 24 Parganas, Rajarhat, পশ্চিমবঙ্গ	India
S3-495765993	13 9 Anvantage	5002 Endolwood Road, # Q, Charlotte, North Carolina	US
S3-97502674	Pi Enterprises Ltd	Ground Floor, 643 Rmt, Jalandhar - I, Jalandhar, PB	India
S3-790476061	Consultants Ignis Heights Industries Private	21, Pvt, Office No-302, Chhabra Complex Veer Savarkar Block, Shakarpur, New Delhi, East Delhi, DL	India
S3-784126175	Dental Preferred Partners  Associates	312 3rd St North, Lu Verne, Iowa	US
S3-15584455	Azure and Brothers Pvt Ltd	F##1601, Bangalore, KA	India
S3-573594811	Golden Cleaning Service LP	486 Hickory Glade Drive, Antioch, Tennessee	US
S3-390928977	Weisberg Eqv	608 Leamington Ave, Chicago, Illinois	US
S3-765106493	Melloney's Deli Deli	911 Whiskers Rd, Quinlan, Texas	US
S3-377031396	Cultural	4005 33rd Street, Lubbock, TX	US
S3-643331415	Secure Eye Csel L.L.C.		US
S3-82193579	Ectonylaveo Formerly Classic Trading Private Limited	At. Mangli Post. Jugnala Ta. Bramhapuri Dist Chandrapur Maharashtra, Chandrapur, Maharashtra	India
S3-953824593	BHAGWATI SOLUTIONS PVT. LTD.	UP, Ghaziabad, Bm-03 Satyam Building	India
S3-108180584	Dhan & Sons LLP	Door No 210, Secunderabad, TG	India
S3-847533460	Cochran Brookfield Inc Inc	740-B Reynolds Ave, Taft, Texas	US
S3-835187938	Abr Project Private  Limited	5-4-23/7, Hyderabad, Andhra Pradesh, TG	India
S3-467745772	Dermatology Partners L.L.C.	133 Westerman Street, Old Fort Town, North Carolina	US
S3-455600447	Royal इम्पेक्स प्राइवेट लिमिटेड	H No-a-1861, Basement Floor, Outram Line City, North West Delhi, Delhi, DL	India
S3-646811188	Saarathi (India) Private	A-47-a Dda Nagar, Kanpur, Kanpur Nagar, Kanpur Nagar, Dada Nagar, UP	India
S3-680168729	Sri Green Agro Private	Tirupattur, TN, Khaderpet, H.no 460/A Jinnah Road, Vaniyambadi	India
S3-505514828	M/s Vaishali  Marine Limited	101/3-F, East Delhi, Dilshad Garden, DL	India
S3-739524180	Interstate Capital Catcing PLLC	916 Hoag St, Toledo, Ohio	US
S3-749404140	Technology (Dadni)A Hgs Clinic	Santaraj K.s 346, Bengaluru, Bangalore, KA	India
S3-48798229	The Aspen, LLC	126 Commercial, Waterville, Kansas	US
S3-970916926	Safe Léarning Systems	170 Elm St, # Apartment 4, Biddeford, Maine	US
S3-17367664	All 1st P0wer	10/B Kno 846/78/10/B/10/B, Bangalore, ಕರ್ನಾಟಕ	India
S3-44138914	PRAIRIE SOCIETY	3105 Ingelow Lane, Charlotte, North Carolina	US
S3-768449232	Internal Medicine Center of King William County North	697 Anen Ln, King William County, Virginia	US
S3-912427245	Liberty Comubnotics Corp	5160. Rice Road, # 359, Antioch, Tennessee	US
S3-866202095	915 Lexington	1725 Sesame St, Badger, Alaska	US
S3-550143275	Kunde + Curry Inc.	Lake Road, Webster, New York	US
S3-773298791	Muzaffarpur Pvt Ltd Partners	C/o -Mr. Raj Kishor Sharma, Vill-majhauli Dharamdas, Panch-susta, Block-musahri, Muzaffarpur, BR	India
S3-983444944	Hodges + Mlligner Cbre Care	2728 Rosemary Dr, PMB 6377, Bend, Oregon	US
S3-674368121	Seven Héalthcare Pvt Ltd	S No. 6-9, J M Compound, Kashimira Bhaindar Road Bhayander (E), Near Vinay Nagar, Thane, MH	India
S3-336062233	Frontier ínstitute LLC	Bellevue, Washington, 163rd Avenue	US
S3-617868943	Pediatric Dentistry Physicians Group	0713 Bentrup Street, Floor 1, Chandler, Arizona	US
S3-77717567	BERRY PAINTING	21 Rosewood Drive, Little Rock, Arkansas	US
S3-324218901	Continental Initiative LLC	Newark, 5609-5611 Winterhaven Drive, Delaware, NULL	US
S3-357002413	Center Moreland Metro Inc	Indiana, Decatur, 03 15th Street	US
S3-375750712	Smt Rustic Exports (India) Private [Ltd]	B2-110, Mahaveer Riviera, Acchapa Layout 5Th Phase, Bangalore South, Bangalore, KA	India
S3-534941578	Mr hramana.com	#433 V/p Tunga Road Nr. Bassi Bus Stand, Th. Bassi, Jaipur, RJ	India
S3-5416919	Singh  Merchants Pvt. Ltd.	Domlur Layout Sharadamma Layout, G-139/6-2, Bangalore, KA	India
S3-905803908	Leathersippy.Com	Vlla 147, Azven Breathe, Sarjapura, Attibele Road, Bangalore, KA	India
S3-194738467	M/s Aswin-Seva Samiti	1/6415, Delhi, East Delhi, DL	India
S3-164374472	Aegon  Eastgate	6050 Williasmburg Dr, Highland Heights, Ohio	US
S3-851351509	Masoft,	5738 Woodhaven Dr, Cincinnati CITY, Ohio	US
S3-26222839	Asianet Cnsmtlant Enterprises Private Limited	Sanjay Place, उत्तर प्रदेश, Agra, Block No. 20/5	India
S3-400753196	Lathrop and Bholcow Utilities, (LLC)	##133 War Valley Road, Church Hill, Tennessee	US
S3-666295820	Sabrina Vaaqzoez, D.O., PC	Reinbeck, Iowa, 507 Randall St	US
S3-997513909	Wealth Lifestyles Private	Sh/001f/02, First Floor, Pacicic Mall, Sector-1 Dwaraka Metro Station, New Delhi, West Delhi, DL	India
S3-705124665	Dr Sai Finance Limited Center	102 Himland House Ranjit Nagar Complex, Central Delhi, दिल्ली	India
S3-118178261	Hashtag Media (India) Private Limited	#G-3-19/A Nr Main Road, Uppal, Medchal Malkajgiri, Uppal, K.v.rangareddy, TG	India
S3-676725277	Ddo Inc	Indianapolis, 0670 English Village Lane, Indiana, Unit APT 204	US
S3-247545038	Marketing Oittpmml Consultants Private Limited	Infront Of Deluxe Hotel, Deluxe Gali, Bisra Road, Gokul International Delux Gali Bisra Road, Rourkela Steel City, Sundargarh, OD	India
S3-870519260	इनोवेटिव फाउंडेशन प्राइवेट लिमिटेड	H.no 415 8/26, Thane, MH	India
S3-116790775	Maddi'S Fisheries	Minnesota, 6240 France Avenue, Brooklyn Center	US
S3-505741421	LRQ Oil (Pvt)	Old Jhunsi Kohana, Jhunsi, Phulpur, Allahabad, UP	India
S3-180851733	गुजरात शिवम एक्सपोर्ट्स प्रा. लि.	A 510, Aalind Fortuna, 5Th Floor Opp Hotel Grand Hometel, Mindspace, Mala, D West, Mumbai, Mumbai City, MH	India
S3-648781553	UUZ Developers	Plot 426 Room No- S11, TN, Second, Floor, Plot No-d51, Tiruvallur, Ambattur	India
S3-585944670	South World LLC	Lake Havasu City, Arizona, 3142 Baylor Dr	US
S3-243962684	Rizaarclumx Formerly Great Consultancy	19/240, Balobi Street, Revenue Ward No.19, Proddatur, Cuddapah, Andhra Pradesh	India
S3-235233847	Great Charities	#26101 Milby Cir, Harbeson, Delaware	US
S3-25105564	AX Limited Ventures Trading	Business, Signature, Nashik, 302/307, MH, Nashik, Igatpuri	India
S3-290852067	Mumbai Advsdniy Limited	Plot 782 1004, Mumbai, MH	India
S3-560336377	big global	Gurgaon, हरियाणा, Block Sushant Lok Phase1, Galleria Dlf-iv, #01054A 3Rd Floor A	India
S3-364969180	Solio Grupo, Llc		US
S3-443415120	Eagle Technoservices Private Ltd	Property No-94, 3Rd Floor, Block-b Sector-13, Dwarka, South-west Delhi, New Delhi, DL	India
S3-956051587	Sree Ventures	Plot No.142b, 142 A, Shop No.3 Balaji Commercial Complex, Bhagyanagar Colony, Opp Kphb Co, Hyderabad, Lony, తెలంగాణ	India
S3-790466148	J+ Tailwind Holdings	2037 Delmar Drive, <NULL>, Garland, Texas	US
S3-49388662	megapartnershyderabad.com	No. 1401, Hyderabad, Andhra Pradesh	India
S3-193830792	Elite Elite Media Sólutions LLC	018 Eric Dr, Forney DP, Texas	US
S3-988174553	Private Shiv Indian Limited	No 7/846 Kachanath Ebanzer Trade Center, <NULL>, Pathanamthitta, KL	India
S3-659150146	connylopezsummit.com	4200 Fremont Drive, Killeen, Texas	US
S3-338189995	Allied Robotics Products Corp	3141 Cermak Road, Chicago, Illinois	US
S3-486078611	Summit Elite Drilling Valley	10050 Castle Drive, Fl 0, Saint Louis, Missouri	US
S3-133257532	The Dang Dental Ássociates LP	Tennessee, 003714 Red Road, Sparta	US
S3-471835294	Shree Food Limited Private	13 Blooming Heights Chs Ltd, Opp Pali Mala Road, Near Rajendra Kumar Chowk, Pali Hill, Mumbai, महाराष्ट्र	India
S3-663714249	family medicine north llc	843 Dutra Ave, Rio Linda, California	US
S3-346794395	Gulmohar Séva Samiti	H/o - Dr. Vineesh Niranjan, Ground Floor Mishra Vihar, Behind Devarun Appartment, Bhikhna Pahari, Patna, BR	India
S3-699431855	Yakshini-Academy Ltd	701, Mumbai City, MH	India
S3-287341136	Smith, Solano and Trujillo Software	4088 903, Greene, North Carolina	US
S3-361778318	Gunter Peak Aluminum LLC	##6795 Spieth Road, Medina, Ohio	US
S3-318559654	Rodriguez, Meisner &	1085 Kenney Fort Crossing, N/A, Round Rock, Texas	US
S3-26121065	Mascot (India) Advisory Private	Flat No. 204, Parishram Building Near Anand Hotel, Shahd Railway Station, Kalyan West, Thane, महाराष्ट्र	India
S3-737509805	Shiv ímpex Pvt Ltd	Hn #166 B-22, Mumbai, Kandivali West, महाराष्ट्र	India
S3-437468731	M/s Anil Technologies  Pvt	Neemuch, Survey No: 423-2426/2 Village- Bhadbhadiya, MP	India
S3-407157373	Paor Córp	816 2 Ave, Sartell, Minnesota	US
S3-619407462	Eye [Center]	Jennifer Pl, Oklahoma ICTY, Oklahoma	US
S3-449636766	VATECEX VENTURE5	6640 Jordantown Road, Bedford County, Virginia	US
S3-194139017	Oncology Group Services		US
S3-143241420	Thane Finserve Private	Plot No. 1445, Flat No. 102, Thale Plaza Mahajan Wadi Narpoli-2, Kamatghar, Thane, MH	India
S3-586356956	Private Shaikpet Services Limited	Shaikpet, Pt No115, తెలంగాణ, Sy No11/11, 11/12, Flat201, Saisiliconheights, Hyderabad	India
S3-626319789	Products Patra Media Private Ltd	173/5/B/7/B/8 Dheshmukh, South Solapur, MH	India
S3-476076848	Bradley, Daum and Underwood Corp	18 Cummings Way, Egartown, Massachusetts	US
S3-394804521	Drexriza DBA YDZ Development Corporation	3C, Eldorado, 112, Nungambakkam High Road, Nungambakkam, Chennai, Tamil Nadu	India
S3-42828558	अल प्रॉपर्टीज प्राइवेट लिमिटेड	#781 Awadh Puri Colony, Amaniganj, Faizabad, UP	India
S3-188614029	Anni's Deli Blue LLC	5100 Brewer Rd, Arkansas, Edgemont Townshpi	US
S3-795254661	Perkins and Perez Chase Co.	37-39 Lsb Plaza, Lexington, North Carolina	US
S3-896329826	क्लासिक फूड एलएलपी	Ward No- 27. Sri Krishnapuri (South), Begusarai, BR	India
S3-363431473	Sukoon & Brothers Limited	20/959. Poojappura Roadkaramana, Trivandrum, Palakkad, KL	India
S3-661535996	Back Alley Cleaning  Service! Care	315 Enfield St, Fort Cavazos, Texas	US
S3-17011543	Freeman Johnson & Ponce Transalta Valley LLC	1428 Northern Valley Trl, Avoon Township, Indiana	US
S3-607014653	Otsego Regional Chiropractic Corporation	6080 71th Ln, Otsego, Minnesota	US
S3-915455521	Set &	B405, Sterling Apartment, 9 University Road, Lucknow, UP	India
S3-502063676	Nicholas Coastal Orion	New York, 0016 Chestnut Lane, Oyster Bay	US
S3-691760869	Rc Trading Limited	91 Lake East Road4th Road, Kolkata, Calcutta, WB	India
S3-155911906	42/86  Algonquin	1813 Glenwood Ave, Raleigh, North Carolina	US
S3-606357187	Jones Ássociates Inc	16849 Lake Side Dr, Flint, Texas	US
S3-35942660	Rizaflux	4955 Memorial Drive, Unit SUITE  G, Tulsa, OK	US
S3-162409069	एसएस कंसल्टेंट्स प्राइवेट लिमिटेड	Gautam Buddha Nagar, Noida, Block-c, Unit No.106 Plot No. 11, Techzone 4., UP	India
S3-138251695	Arora Solar	103 Gazenia Garden 885/2Bhandarkar Road, Pune, Deccan Gymkhana, महाराष्ट्र	India
S3-256855578	यूनाइटेड मैनेजमेंट प्राइवेट लिमिटेड	No 16 State Bank Colony Iind Floor G T Karnal Road, Delhi, North West, DL	India
S3-961508572	Sattler Cómpania LLC	Unit 91, #2011 Skyline Way, Washington, Anacortes	US
S3-313219380	Ganpati Private Limited Partners	S No.a-89-c, Pl No.14, Godoli, Sai Sah Gr Nirman Sanstha, Satara, MH	India
S3-700855836	Dynamic Dynamic Underwood	819 Chestnut St, null, Lansdale Borough, Pennsylvania	US
S3-553493821	Cathrin Stclair Cornerstone Epr Harbor	Quartzsite, Arizona, 29881 Sunset Boulevard	US
S3-491134551	Perez'S Metal Works INC	Illinois, 3231 Nameoki Road, Granite City	US
S3-740317440	Lotech Equity Eastgate Partners LLC	8614 1/4 Jamestown Drive, PO Box 9424, Ausstin, Texas	US
S3-602621808	Collins Works Partners	##112 LOT Raleigh Place, Unit LOT 7, Shelbyville, Tennessee	US
S3-776675788	MorrisenterprisesCom	32 Weasel Trail, Canton, North Carolina	US
S3-850702197	Silverline Services Limited	MH, Vadgaon Sheri, S. N. 1-51/34/3 Kavita Apts Flat No 15	India
S3-12014858	व्हाइट हेल्थकेयर फूड्स लिमिटेड	#827 D-143, Sohana, Distt. Gurgaon, New Delhi, DL	India
S3-768847716	Gurugram-Traders Exports Private Ltd	Door No A-20 Sector-33, Gurgaon, Gurugram, HR	India
S3-637931055	Shiv-Trading Private Limited	Co- Vikash Kumar, At-harpur, Ward No ? 11, Begusarai, BR	India
S3-156258440	ஆல் ஃபுட்ஸ் பிரைவேட் லிமிடெட்	Block C-g-266 Gd -A -7, Arb Flats, Dharmaboopathy Nagar, 6Th St Vadakkupattu, Tambaram, Kanchipuram, TN	India
S3-588005366	Global Oneim L.L.C.	309 Palomino St, Rgc, Texas	US
S3-534453728	C0mplete Energy Sólutions	2431 Cedar Valley Dr, Conover, North Carolina	US
S3-318171257	Bharat Estate Private	9-1-91/1&92, Flat No. 303, Sree Raghava Complex S D Road, Secunderabad, Hyderabad, TG	India
S3-277505946	Beus National Labs  Inc	3318 Chimney Top Dr, Memphis, Tennessee	US
S3-734636738	रियल एक्सपोर्ट्स	Hno- 26, Paschim Enclave, Paschim Vihar Rohtak Road, Delhi, DL	India
S3-165091109	Grand Óptimal Tankers Company	2910 Foraker Place, Albuquerque, New Mexico	US
S3-209328913	Trinayani Exports (Consultancy)	No #16-B Camac Street 3Rd Floor, Kolkata, Calcutta, Howrah, পশ্চিমবঙ্গ	India
S3-808314591	Star Business Limited Center	F.no-104, Block-14, Hillridge Springs Isb Road, Gachibowli, K.v. Rangareddy, Sangareddy, Hyderabad, TG	India
S3-134133289	inc capital communications	Texas, Wallsi, 428 9rd Street	US
S3-289217386	Dermatology Desert Specialists [Uptown]	244 Broadway Avenue, PO Box 505, Crystal City, Missouri	US
S3-370606865	Advanced Sterling, Llc	6920 Shenandoah Dr, # Apartment 6, Florence, Kentucky	US
S3-887617411	Allied-Signature Audio-Installation PLLC	720 Nyssa Avenue, Broken Arrow, Oklahoma	US
S3-856549266	Lemus Jpmorgan	8470 Limekiln Pike, Unit Unit 0706, Cheltenham Township, Pennsylvania	US
S3-300715271	Animal Welfare  Center Partners	11389 Dove Dr, Madison, Alabama	US
S3-162755838	MW Solutions Pvt. Limited	Sy.no.276/1, N/A, Madhurawada, Vishakhapatnam, AP	India
S3-451095570	Yarbrough LLC Service	750 N Creek Dr, Painesville Township, Ohio	US
S3-343117840	287-288 North Owners Corp LLC	2308 Casino Dr, Covington, Kentucky	US
S3-238148563	Milazzo Clear	2525 Bobcat Dr, Unit APT 206, Ames, IA	US
S3-224103118	Douglas County Community Association Partners	16708 Locust Street, Nebraska, Douglas County	US
S3-151817856	കൃഷ്ണ ഡെവലപ്പേഴ്സ് പ്രൈവറ്റ് ലിമിറ്റഡ്	055/728D, Ernakulam, KL	India
S3-110979862	DIVISION OF OF LABOR LLC	332 Horocan Avenue, Barberton, Ohio	US
S3-44391066	LLC Rocky Automobile	Mayflower Avenue, Cramerton, North Carolina	US
S3-330044185	Trust Fletcher Smart (Cancer)	9 Dairy Falls Road, Fletcher, North Carolina	US
S3-501679242	precisionindustrialconsultants.com	0015 Pearl Street, Unit 1, Marlborough, Massachusetts	US
S3-725852735	रॉयल सॉफ्टवेयर Private Limited	#4117, Sector-d Pocket 4, Vasant Kunj, South West Delhi, New Delhi, DL	India
S3-100613695	clean clean technical partners llc	1424 145th Pl, Mill Creek, Washington	US
S3-809676406	Devaya Inf0tech Pvt Ltd	Saran, Nit Faridabad, HR, C-195, Haryana	India
S3-637003903	Health Prógram Group	3008 Veazey Ter, Unit 120, Washington, District of Columbia	US
S3-833305225	Mr Solon Solon Medical Centre		India
S3-708456522	Ciratavokorio	Plot Nos.48&49, Flat No. 203, Road No. 1 Gayatri Durga Residency, Kt Reddy Colony, Hyderabad, Telangana	India
S3-951516795	Favourite Aegros Ltd	N11 100-J-M-Jee Sri Ram Nagar Colony Manduadih, Varanasi, UP	India
S3-214286938	pinnaclemidland.com	603 Azalea Park Ln, # APT 603, Montgomery, Alabama	US
S3-941179535	Blue  Construction Private Limited	A028, Vrindavan Colony, Chevayur, Kozhikode, Keralam	India
S3-214490014	Beth Community	2747 Whetstone River Road, Marion, Ohio	US
S3-170654172	Services ACE Sérvicesprivate PVT LTD	C/o Balaeaheb Sarjerao, Kute, Opp Govt Hospital, Beed, Georai, MH	India
S3-546175929	Wylie Ásset Building League	##623 Eden Garden Lane, Wylie, Texas	US
S3-287546364	Fronczak Preparatory Aadammy (Inc.)	1333 120, Big Rock, Tennessee	US
S3-230289446	Griffin Modern Chémical Ltd	Sullivan, Indiana, 1536 600	US
S3-56726985	Stewart Patriot Carlyle Ltd	77 Pearl St, Holliston, Massachusetts	US
S3-963134460	Evolving Developers Pvt Limited	H No 47, Block - C, Shakti Nagar Extension, North West Delhi, Delhi, DL	India
S3-272430978	[Co] Djr Construction	Development Areamuppathadom P O Edayar Alwaye, Ernakulam, കേരളം	India
S3-887274364	ET-Cotton Pvt. Ltd. (ID: 5815)	3, Ahmedabad, GJ	India
S3-385849213	Sangh Tathagat LLP	Mohalla Talwar Shah, Street No. 14, Amroha, Jyotiba Phule Nagar, UP	India
S3-645889565	Brixvantage DBA: Liberty Connecticut Company	6331 Waters Edge Lane, Knoxville, TN	US
S3-693263990	Private Black Road Límited	#573 House No. 14530/8, Belgaon, Umred, Nagpur, MH	India
S3-983803408	सन ट्रेडिंग प्राइवेट लिमिटेड	14/160 Trilok Puri, East, Delhi, DL	India
S3-351013012	M/s novo services pvt ltd	Pl No 220, Ph-ii, Gidc, Naroda, Ahmedabad, GJ	India
S3-585419304	Route 28 Book Store (Co)	344 Gage Ave, Evanston City, Wyoming	US
S3-769575495	1 800 Flowers Corporation	148 St, Jamaca, New York	US
S3-886308250	Guru Infra Private Límited	दिल्ली, South Delhi, New Delhi, 1068/2 W No. 7 Dargah Meharauli	India
S3-958919176	Cisler & Marquez Peoples of Marblehead West	7 Emerald Ave, Marblehead, Massachusetts	US
S3-779644593	Ujjaica Foods Limited Service	1-3-307, Beed, MH	India
S3-963458053	WESTERN ANTIMONY	4917 Benecia Lane, Prince William County, Virginia	US
S3-874564559	Upper Institute of Technology Company	Main St, Buffalo CITY, New York	US
S3-253825606	Womens Héalth Mecicie	33258. Shockley Road, Laurel, Delaware	US
S3-166344948	Patriot Center Harbor Corporation	150 Painted Trail, Forney, Texas	US
S3-612363345	Ram Healthcare Medicals Private Ltd	Bhandara, Nagpur Region, Patelpura Ward No. 14, MH, No 20 C/o Shalesh Wasnik	India
S3-180841817	Carter, Culver and Guy Co.	0137 Stanford Drive, Forneytownship, Texas	US
S3-868415566	Prairie Charities II	04450 9, Anderson, Indiana	US
S3-486998614	Jai Software Limited Private	Ratnadeep Koyana Vasart Malkapur Tal Karad, Satara, MH	India
S3-709636688	Mehta Traders Pvt	A-310, Kurla (W), Mumbai, MH	India
S3-371899083	Pediatric Care Associates of Village	511 Main Street, Winneconne, Wisconsin	US
S3-739692471	Keslie M. Rangel,	21732 Verde Ridge Dr, Sun City West, Arizona	US
S3-584820069	Private Gujarat Resorts Limited	#51 11/49, Kolkata, Howrah, WB	India
S3-309460998	HURT, Samaria AURA PLLC	933 Sunrise Dr, Salina, Kansas	US
S3-559115096	Data Marine Inc Laboratories	Utah, 1195 Fleter Dr, ST. George	US
S3-707624777	1552  Broadway Drive Holdings Inc	1405 Wedgewood Dr, Cleburne, Texas	US
S3-725010661	CQB  Auto Repair Inc	32 Crown Ave, Norwalk, Connecticut	US
S3-195497687	Kirstin's Dígital	11071 Lakeshore Court, Waldorf, Maryland	US
S3-188141042	PRIVATE SIKAR OUT LIMITED	Hobse No. 8493, Rupnagar, PB, S.a.s.nagar (Mohali)	India
S3-491768171	Keri Hunting Anchor Hub Midtown	242356 Valley Lane, Town Of Berlin, Wisconsin	US
S3-790621420	Womens Health Medticnie LLC	236 17th St, Barnesville, Minnesota	US
S3-388480022	-- Mumbai Limited Private Flora	509-513 Anuragbusiness Centre Chembur, Mumbai, MH	India
S3-665524287	Schmidt  Rock	City Of Muskego, Wisconsin, W177s8111 Brennan Dr	US
S3-429055254	Dr Service Consultants	E-a-704, Monsoon Breeze, Sector-78, Narsinghpur, Gurgaon, HR	India
S3-794338441	Sims, Missie Cornerstone Hamilton LLC	Tennessee, Fiske Rd, Mepmhis	US
S3-458080813	Vanguard Hsifozn Airlines Group	3710 Timberlake Court, Decatur, Alabama	US
S3-873456085	Aruna Trading Limited	1-6/15/3, Bada Ramna, Faizabad, Faizabad, उत्तर प्रदेश	India
S3-622690159	Highland Ridnege Grid	Floor 0, Missouri, Saint Louis, 28 Parkland Avenue	US
S3-271945104	C0astal Health Center Inc	River St, Jacksonville, North Carolina	US
S3-51707901	Osborne & Montgomery Interiors Corporation	1508-1512 Maxwell St, Colorado, Stratmoor	US
S3-108078581	#Easternproperties	KA, 10Th Cross, Vasanthnagar, Bangalore, Chetana House	India
S3-23398472	Dynamic New Agsero		India
S3-990965172	Quomira F/K/A Jones Pioneer Eagle	117 June Street, Worcester, MA	US
S3-57573216	COSMOS COSMOS ENTERPRISES LIMITED	91/B Swastik Society, Ahmedabad, GJ	India
S3-130922919	Fao Gbodlen Cap  Uptown	##7791 High View Dr, Indianapolis, Indiana	US
S3-978018806	Vevay  Bater Integrated Services Holdings	Kentucky, Jeffersonville, 2484 New Cut Rd	US
S3-70363174	Safe Supply  C0ncepts	7406 Spring Tree Dr, Fairfax County, Virginia	US
S3-212718433	Sa Trading Private	A/502, Floor 5Th, Plot 11, Siddheshwar Bldg, Lt Dilip Gupte Marg, Mahim, Mumbai, MH	India
S3-699009294	PEDIATRIC PACIFIC CARE A5SOCIATES CORP	178-B Sagebrush Way, Dover, Tennessee	US
S3-737802018	Sterling Learning	74 Gardiner St, Noroton, Connecticut	US
S3-258270293	Elite-Technical Inc Enterprises (ID: 58866)	3604 Majestic Lane, Bowie, Maryland	US
S3-685911801	Chit (Brothers) #45202		India
S3-953178281	Astro Investment Private Ltd	No. 365 E-20, Greater Kailash, Part-ii, Delhi, DL	India
S3-528039364	Stacey Centers Center	1248 Falmouth Ct, Chapel Hill, North Carolina	US
S3-38535331	cure3you.com	3360 Cornell Street, Arkansas, Fayettevill Ecity	US
S3-515608627	বোম্বে কনস্ট্রাকশন সুইটস প্রাইভেট লিমিটেড	Kolkata, WB, Calcutta, 417 Block A Mangalam24 Hema Nta Basu Sarani	India
S3-926100192	Combs Ashford L.L.C.	36 Deerwood Ln, PMB 4820, Pinehurst, North Carolina	US
S3-754869973	Brooks Service Llc	Hotchkiss Valley Road, Lenoir City, Tennessee	US
S3-180795958	Service Regional Dental	5006 150, Lexington, North Carolina	US
S3-699638838	NC	Andhra Pradesh, D.No.2-178B Kallur, Cuddapah, Proddatur	India
S3-59755446	Whitford Pinnacle Webster	Conring, Benton Ave, Iowa	US
S3-348418611	व्हाइट हेल्थकेयर प्राइवेट लिमिटेड	4631, Dlf City Phase - Iv, Gurgaon, HR	India
S3-626173924	Gulf Futurecrest Co	7111 Dominion Woods Dr, # 203, Raleigh, North Carolina	US
S3-135928923	Mr Magi Life of Bangalore Ventures Private	H.no 4-B, Bommasandra Industrial Area Anekal Taluk, Bangalore, KA	India
S3-292373763	Celisse Htye Continental Canadian Inc #87765	145 21nd Street, # 20, Mount Vernon, Washington	US
S3-90633355	Parashar Institute of  Technology Corp	First Floor, Plot No. 2, Shree Ram Vihar A, New Sanganer Road, Manyawas, Jaipur, राजस्थान	India
S3-653011793	Harbor Institute Ínc	Eliza Street, City Of Green Bay, Wisconsin	US
S3-431208645	Blue Project Group	7266 Mclelland Drive, Harlingen, Texas	US
S3-319781287	Zetaveo trading as Inn Trading	Jjr Tower, Kerala, Kalady, Building No. Xi/445B, Ernakulam	India
S3-273494106	seiaoptimalwen.com	331 2900, Mineola, Texas	US
S3-402864418	Guru Pvt  Ltd Center	Floor Gh-8, Delhi, दिल्ली	India
S3-194786916	Miller	215 Main Street, Fl 1, Zeigler, IL	US
S3-906011763	saikrishna technopark private limited	#377 346, Mahmudabad, Sitapur, उत्तर प्रदेश	India
S3-973135893	équity Best Ventures	12 Pleasant Ln, null, Clayville, Rhode Island	US
S3-585685464	Baba Marketing Limited Center	692A/532A Mumfordganj, Allahabad, UP	India
S3-650531363	Module Vydanya	Banhasishpur, Howrah, WB	India
S3-664565559	Claude's Graphics, Partners	111 Sixth Ave, Oto, Iowa	US
S3-531884674	Universal Clinic Limited	Howrah, Kolkata, WB, Plot 914 6NoRly.Gate, Nabanagarbirati	India
S3-301561337	Myriad Sons Private Limited Center	D-34 Surijmal Vihar, Delhi, East Delhi, DL	India
S3-7710003	ସନ୍‌ରାଇଜ୍ ଫୁଡ୍ସ୍ ଲିମିଟେଡ୍	Plot No Gl 22, Vss Nagar Bhubaneswar, Khordha, OD	India
S3-82681169	M/s Star Private Limited-Center	Sy No 46 & 46/4 Redlakunta Village Kodad, Nalgonda, TG	India
S3-546650273	Tri-State Bncowosk LLC	4498 Old Walnut Cir, Unit Suite A, Gurnee, Illinois	US
S3-588246408	Hernandez & King Phoenix	11D Yogurt Ln, Baltimore, Maryland	US
S3-28240845	Oneil Ventures	N7850 N Quill Point Road, Town Of Oma, WI	US
S3-72393782	Division of Affairs Consumer	707 Poe Court, Middletown, Delaware	US
S3-995679129	Kennedy Antficomil Midtown	7931 Allard Ct, # 304, Glen Burnie, Maryland	US
S3-601197074	Federal Robotics Technologies South	1401 Spring Garden St, Greensboro, North Carolina	US
S3-524874326	marjory castro interactive, llc	Ohio, Columbus, 27 Jenkins Ave, # 317	US
S3-969813643	Nova	340 College St, Russiaville, Indiana	US
S3-574179804	Mata and and Ocampo Corp	Tigard, PMB 3591, Oregon, 9081 Burnfam St	US
S3-975590155	Family Center	Arizona, Tucson, 3166 Silvelrake Rd	US
S3-312110889	Express Insight Westgate Inc	739 Wisconsin Avenue, City Of Appleton, Wisconsin	US
S3-602097357	Nath Infratech  Limited	R.s.no-00396, Banaskantha, Danta, GJ	India
S3-126606530	Bay Committee Westgate	#2812 Newton St, Seattle, Washington	US
S3-717127435	Vioarc d/b/a C N & X Wen P.C.	5000 Thistle Lane, Lake In The Hills, IL	US
S3-59152353	Lumvantage doing business as Santosh Power Private Limited	Gujarat, Surat, Rander, Near Bank Of Baroda, Rander Branch, Soni Falia, 3/167-B Saiyed Manzil	India
S3-823739159	Nois-Equity Partners, Partners,	8224 Meade Springer Rd, Ashland, Kentucky	US
S3-305487498	-- Vihan &	Sa 18/41 A-1 Baghawanala Hallgaon Nakkhighat, Varanasi, UP	India
S3-394672247	Watson, Jeannie L., [D.O.]	57 Landry Ln, Ubxridge, Massachusetts	US
S3-832430521	Lumyn Black (ID: 11064)	222 Walnut Street, Hubbard, Iowa	US
S3-429000765	The Eastern Cardiology	319 Djeddah Drive, Lawrenceburg, Kentucky	US
S3-837843043	S U U + W (Ridge)	14. Hillcrest Dr, Hamlin Towship, New York	US
S3-762449916	ब्लैक हेल्थकेयर प्राइवेट लिमिटेड	44, Pipliya Rao Bholaram Ustad Marg, Indore, MP	India
S3-234442219	Internal Medicine Heartland Associates  Holdings	1910 Center Point Ln, Texas, Greenville CITY, # 834	US
S3-192141917	Kittle Alliance	1429c Glancey Street, null, Andoevr Township, Kansas	US
S3-541316514	Blue Select Enbridge Riverside	8225 Smith Mountain Road, Crab Orchard, Tennessee	US
S3-675918821	Jenson Complete Álibaba Inc	Cleveland CITY, Ohio, 7006 Gilbert Avenue	US
S3-877046683	... Temple LLC (Center)	513 Stone Valley Rd, Temple, Texas	US
S3-813198868	Quopyrahalo	F-3 Shri Sai Ram Appt, Kashi Nagar, Nagpur, महाराष्ट्र	India
S3-341994430	T D & P lii Riverside	0532 Hickory Road, # 7, Princess Anne, Maryland	US
S3-833199165	-- Damore Csumrer	39 Moss Lane, Brewstre, Massachusetts	US
S3-999964924	Pyrazeph trading as T 4 G Lion Inc.	2 Tepee Street, Southampton, NY	US
S3-106289459	Weinberg, Cárri1lo & Helms LLC	225-B Sunnyslope Street, West Frankfort, Illinois	US
S3-549148255	Star Foundation	1-1St Floor, Rajkot Region, Rajkot, GJ	India
S3-59110094	Deltakelo	Saket, Shokat Rai Malhotra D-146, New Delhi, Delhi	India
S3-529494094	PIONEER DEVELOPERS PRIVATE LIMITED	Ward No.-17, Jagdeo Nagar, Bhojpur, Arrah, BR, Hn 259 H/o Satyam Siwam Sundram	India
S3-758382219	Red Food Prívate Limited	Sy No.92, Bangalore, KA	India
S3-248387447	Kara [Group]	Crown Point Cir, Concrod, North Carolina	US
S3-238121529	New Life C0mmunity Church Authority	405 Wood St, Ferris, Texas	US
S3-938905975	winningrealtyindia.com	HR, Badshahpur, Omax Gurugram Mall Sohna Road, Office No Ff-7, Gurgaon	India
S3-78375476	Partners Jones Inc	401 Katherine Dunham Place, East Saint Louis, Illinois	US
S3-7790156	Meify Meify Inc.	3518 Northwestern Drive, Parkersburg, West Virginia	US
S3-432922965	TRAINING BROTHERS OVERSEAS LIMITED	Y-5-75 Govt Colony 13Nd Floor Bandra (East), Mumbai (SUBURBAN), Mumbai City, MH	India
S3-250303629	Brown, Moody and Líndsay	10717 Lincoln St, Blaine, Minnesota	US
S3-477722559	West LLC Center	898 Sr 274, Huntsville, Ohio	US
S3-218081444	Inc. Ryan Ftdhl	7179 1/2 Tartan Curve, Eden Prairie, Minnesota	US
S3-12458862	Shyam  Foods Ltd	ఆంధ్రప్రదేశ్, West Godavari, Main Road, Peddamiram, Near S.r.k. R. Engg.college, Bhimavaram, West Godavari, H.no 5-117/1	India
S3-74858309	Campbell & Jackson LLC	117 Buena Vista Dr, CRY CDP, North Carolina	US
S3-712802710	Moore, Redfield and Browder (LLC)	#8132 Pinehurst Harbour Way, Fl. 0, Pasadena, Maryland	US
S3-573293400	Intemational Tech Motors Private Limited - 4672555119	Office No. 3, 101-A, Village Kakani, Jain Temple, Nayapura Kankani, Luni, Jodhpur, Luni, RJ	India
S3-401448385	Ad & Co	33/1, N. S. Road 2Nd Floor, Room No- 272A, Kolkata, Howrah, WB	India
S3-326992227	SAINT LUTHERAN CHURCH	00125 Clear Mountain Trail, Greeneville, Tennessee	US
S3-672152451	co safe service	Buffalo, New York, 204 Culver Road	US
S3-788870529	Jayam Trading  Ltd	महाराष्ट्र, Pune City, Door No 2 Flat No. B/1206, Pune	India
S3-438469106	Krishna Technology Private	H.no 00952 417, Palm Spring Center, Above Croma Showroom, Link Road, Mumbai, Malad (West), महाराष्ट्र	India
S3-100172475	Ramirez Ithax  of Morgantown	5105 Teaberry Lane, Morgantown, West Virginia	US
S3-828557620	Shri St Private Interiors Limited	118, I Floor, West Wing, Neil Rao Towers Road No. 3, Epip, Whitefield, Bangalore, ಕರ್ನಾಟಕ	India
S3-624678787	Picard's United Auto  [Sales]		US
S3-307054573	The Johnson Assets  LLC	515 Mystic Dr, Unit H, Greensboro, North Carolina	US
S3-265707659	@federalsafe	2935 Providence Rd, # 103, Charlotte, North Carolina	US
S3-118857753	EI	11 Satyam Shopping Centreb Wing M G Road Ghatkopar E, Mumbai, Maharashtra	India
S3-363064603	Fine Trust	No 30/3/A/9 Narasingh Dutta Road, Howrah, WB	India
S3-671066051	Buify Smart Era Coastal Llc	44716 Resort Rd, # 216, Racine, Ohio	US
S3-692807310	Global Accord Limited Services	Central Delhi, दिल्ली, No 469 Lb 17 New Delhi House27 Barakhamba Road, E Eh	India
S3-15378690	Interlink-Constructions Co	A06, Bangalore, KA	India
S3-382812301	Nguyen Superior Inc Lab	Maryland, 9925 Moxley Road, Damascus Twnship	US
S3-860014713	limmunicipal.com	11424 Elokomin Avenue, Cehster, Virginia	US
S3-298990450	Aurora Cion Inc	16127 Ladino Run St, null, Cypress, Texas	US
S3-912752090	डायनामिक फूड्स प्राइवेट लिमिटेड	348, Badarpur, New Delhi, DL	India
S3-778227038	LLC Orthopedic Spécíalists,	1 Mariners Lane, Marblehead, Massachusetts	US
S3-729453955	Service Pediatric Associates Partners	711 Ave O, Santa Fe, Texas	US
S3-576385092	New Life Lutheran  Church	700 Nuckolls Road, # 12, Bolivar, Tennessee	US
S3-628767398	HODGES CAPITAL	12541 114th Street, Vancouver, Washington	US
S3-466815730	Sun International Pte Limited	C/o Narayan Sigh, Mariyahoo Patti, Mariahu, Jaunpur, UP	India
S3-994571448	शक्ति कंसल्टेंसी प्राइवेट लिमिटेड	5001, Thane, MH	India
S3-466257223	Global Nmemork	739 Bass Dr, Village Of Waterford, Wisconsin	US
S3-307710210	Patriot Ctera Centurion Riverside LP	Alabama, Oneonta, 625 Highland Dam Rd	US
S3-770203199	AFI Silver LLC Services	607 Carrizo Canyon Rd, Ruidoso, New Mexico	US
S3-399060431	Kayamkulam Ticket Pvt Ltd	No 53 Padmanabha Mandiram Peringala (P.O), Alappuzha, Kayamkulam, KL	India
S3-785948175	Silver Pub LP	115 Ninth Street, # APT 310, Nweton, Kansas	US
S3-789804414	Supreme Estate Prívate Limited	2-227, Vizianagaram, Bobbili, AP	India
S3-964762253	রেড ফাউন্ডেশন প্রাইভেট লিমিটেড	H/h-42, Satindra Lal Sarani. P.o:ashwininagar, Kolkata, Howrah, WB	India
S3-201922255	Reva Enterprises Limited Industries	Garage 20, Ground Floor, Sanjary Apartment Chs Ltd, 274 S V Road, Bandra West, Opp. Jama Mas, Jid, Mumbai, Bandra Suburban, MH	India
S3-222524242	Ellis  & Santiago	434 Beachfront Drive, Evansville, Indiana	US
S3-19243320	Total Light Incorporated	423 Clermont Avenue, Dallas, Texas	US
S3-52959068	Q/I Medicine,	##15801 Brixham Hill Avenue, Charlotte, North Carolina, # 315	US
S3-650321730	UL Railway	1725 Faetteville Saint, Asheboro, North Carolina	US
S3-770028825	International Investments Solutions Corp	H-115, Titanium City, Centre Prahladnagar Road, Ahmadabad City, Gujarat, GJ	India
S3-464655319	Unified Agricultural  Labs,	383 Shadow Creek Drive, Vernon Hills, Illinois	US
S3-477898518	greeninfrastructure.com	UP, Jhansi, Mauranipur, C/o Jay Shankar Devalia	India
S3-446504144	Danna Alexander Federal [Properties]	Russell Avenue, Sffield, Connecticut	US
S3-34463782	Mr Apex Hea1thcare	Muzaffarpur, BR, Saket Galli Sutapatty, Muzaffarpur, Holdig No 939 134A	India
S3-344496833	Great Products Constructions Privmate Limited	H.no 75, Ist Floor, P.h. Road Manavala Nagar, Tiruvarur, Tiruvallur, TN	India
S3-704217723	Swastik Technology Limited	11-64/01, Guntur, AP	India
S3-733090778	Prime Metro Onfolio Llc		US
S3-442439879	ROYAL SHÍVAM SOFTWARE	Office-1230., Navimumbai, Mumbai Vashi, MH	India
S3-357510482	Corona, Holland and Timbrook Partners	00602 5th St, Wilmette, Illinois	US
S3-448137252	Moberly and Burk Central Corp	3022 Noddin Way, NULL, Portsmouth, Ohio	US
S3-714135820	private delhi technologies limited	2/86-A- Third Floor Lalita Park, Delhi, दिल्ली	India
S3-449620417	Smart Industries Private Ltd	Unit 1201, Hyderabad, Shaikpet, TG	India
S3-707249535	Delite Care Priteit Limited	C/o Chander Sigh, Ludhiana, PB	India
S3-857575201	1 800  Movers Ltd.	6012 S St, N/A, Sacramento, California	US
S3-994819597	L/J (Capital)	525 Broadway St, Coal City, Illinois	US
S3-257509234	Unified Lending [LLC]	##11289 600, Cloverdale, Indiana	US
S3-738837973	5mart Héalth Consultants LLC	20 Magwood Ct, Southern Pines, North Carolina	US
S3-993067231	Cameron	136 Riverwood Drive, Hertford, NC	US
S3-112335369	Dr 5hiv Ventures-Private Limited	Block E-489 Site No.2, Bangalore, ಕರ್ನಾಟಕ	India
S3-733821713	Vargas	50 Wendell Lane, Clancy, MT	US
S3-687779072	Deleon	3595 Valley View Boulevard, Williams, AZ	US
S3-699594031	Dr Aqua Private Limited (Center)	At/po: Kapleswar Choudwer, Cuttack, OD	India
S3-254963845	Fortune Chdctre Limited	11-9-4, P.no.59 Dasapalla Hills Layout, Vishakhapatnam, AP	India
S3-774684003	Advanced Cléan Edison LLC	3356 Collier Ct, Bend, Oregon	US
S3-433270758	Horizon Cómpanies	274 Dawley Road, Sequim, Washington	US
S3-724864130	Harbor Presidio L.L.C.	3642 Legacy Run, Kentucky, Owensboro	US
S3-707387905	Fresh (Coffee)	7N 571 Cloevrfield Circle, Campton Hills, Illinois	US
S3-553875567	*** Suff0lk City Family  Church	302 Webb St, Suffolk, Virginia	US
S3-910580543	Veoflux Co a/k/a Ace Developers Limited	19-4-282/D, Khaja Pahadi, Tadbun Mir Alam Filter, Bahadurpura, Hyderabad, Telangana	India
S3-942838483	Galen  Jewellers-Private Limited	1-3/108A, Pillaiyar Kovil Street Omr. Kazhipattur, Kancheepuram, TN	India
S3-728799531	Arias, Spurling And Lewis,	18 1/2 Wing St, Lisbon, Maine	US
S3-279995572	basis producer private limited	49-20-6A/1, Vizag, AP	India
S3-756962872	Hafen and Alcantar [Co]	97 Seventh Ave, Bldg G, Wahpeton, North Dakota	US
S3-104045265	Upstream Design Pvt-Ltd	51 Hemkunj Society, Matawadi Varachha Road, Surat, GJ	India
S3-464505748	Oxford Traaers Pvt Ltd #17602	Je-6-a, New Delhi, South Delhi, DL	India
S3-558504750	MQM Purchase Private	Plaza, Tirupati Circle Vadod - Surat, Surat, ગુજરાત	India
S3-84829709	Arcsol	Room No 301, House No 587, Sec 5 Sanpada, Navi Mumbai, Mumbai City, Maharashtra	India
S3-437090433	Pediatric Dental	1810 Mona Ln, Fl 0, Wichita, Kansas	US
S3-494487189	Ghaziabad Tech	S D-78, Shastri Nagar, Ghaziabad, Ghaziabad, UP	India
S3-116986760	SI	Bahraich, Brahmanipura, Near Chowk, C/O- Mohd Saleem, Bahraich, Uttar Pradesh	India
S3-140910432	Roger  Infra Co	H.no 297 4Th Floor D D Vyaprabhavan K P Vallon Road Kadavanthara P O Kochi, Ernakulam, KL	India
S3-72208632	Daniels Blue World Eastgate,  (LLC)	PO Box 5692, New York, 1096 Clay Pit, Hornellsville	US
S3-223017834	M/s My Consultants Sweets Private Limited	No 113 A, New Agraharam, Green Field, Odagamandalam, Nilgris, Coimbatore, Nilgiris, TN	India
S3-892784994	VBW Softel Ltd	338, Jaipur, NULL, RJ	India
S3-812618759	Alpha Engineering Constructions Private Limited	H.no 135 De-140/22, Ground Floor Tagore Garden, New Delhi, दिल्ली	India
S3-764871548	American Healthy Holdings	504 Stratford Rd, Brooklyn, New York	US
S3-961637084	Private Anand Ivnestents Sweets Limited	No 0025 Vill & Tola-mohanpur, Begusarai, BR	India
S3-451453994	6-Legged Dog	1361 Trinity Park Dr, Louisville, Kentucky	US
S3-23769783	691 Snurtso Apartments		US
S3-340634670	Smt Adhar Ibnad Pvt Ltd		India
S3-238795993	બોમ્બે લોજિસ્ટિક્સ લિમિટેડ	#543 39, Chandkheda, Ahmedabad, GJ	India
S3-400132348	Opulent Frraesr	#132 Corporate House No. 5, Daskroi, GJ	India
S3-899597068	main street hypnosis	Golden Willow Ct, Yellow Springs CITY, Ohio	US
S3-405037335	Neus Reliable Alibaba Valley Ltd	128-C Austin St, Boston, Massachusetts	US
S3-681226542	Jobey's Modern Communications LLC	1150, North Ogden City, Utah	US
S3-426233222	BOARD OF EDUCATION LP	03300 Highway 109 St, Glencoe, Missouri	US
S3-640641118	Sound Idsrtitubde Private Límited	H.no 462, 16Th Main, Nisarga Layout Harappanahalli, Bannerghatta Post, Bangalore Rural, Bangalore, KA	India
S3-357863258	West Association	Tennessee, 131 Kentucky Street, Kingston	US
S3-948778525	Womens Health Gulf Specialists Co	1500 Legacy Farm Dr, Bldg E, Huntsville, Alabama	US
S3-561541405	Lindsay Silverbox Greater LLC	317 Parker St, N Little Rock, Arkansas	US
S3-203261587	French Reliable Ltd Center	Unit BLDG 3, Texas, 4606 52nd St, Lubbock	US
S3-328355780	नॉर्थ टेक्नोलॉजी रेस्टोरेंट प्राइवेट लिमिटेड	Prop. No. 20, 12 & 18, Flat No. C-1, S/f, Kh. No. 40 Vill. Satbari, South West Delhi, DL	India
S3-583660348	silver star spark llc	# 902, 2547 Anderson Station Rd, Ohio, Chillicothe	US
S3-527993874	Surgical Specialists of Bfbao Holdings	New York, 364-D Moselle Street, Buffalo	US
S3-694678302	Tran ánd Pereyra LLC	308 136th St, Burien, Washington	US
S3-847783690	Roy Blue Information Inc	475 Timber Ridge Rd, Kernersville, North Carolina	US
S3-655176791	Regalia Investment LLP	B-2, Shanthi Apartments, No.21, Ttk First Cross Street, Alwarpet, Chennai, TN	India
S3-417434296	Mr Victory Cloth Private Ltd	Plot No. C 5/1 Midc Tal Parner Supa, Ahilyanagar, Ahmednagar, MH	India
S3-679583059	Liv Co  Services	Malad West, MH, One World, Sv Road, Near Nl School, Malad West, Mumbai, 1304	India
S3-49006842	M/s American Services (India) Private	F/2003, Mumbai, Mumbai (SUBURBAN), MH	India
S3-989485755	Inc. Green & Bourque	39 Laurel St, Unit 1, Leominster, Massachusetts	US
S3-676499559	II Global Trust Co	526 Poults Dr, Richlands, North Carolina	US
S3-942226388	C1assic Software Systems	19 Main St, Sallisaw, Oklahoma	US
S3-870437069	Quopyra doing business as BBD Aerospace	827 Mc Clelland Road, Milford, OH	US
S3-766085360	Midwest Gróup	824 1/2 800, Orem, Utah	US
S3-511268149	marvel institute	Sy No. 207.212.216.2 Kistareddypet, Kistareddypet, Hyderabad, Andhra Pradesh	India
S3-691666995	411 Pácific		US
S3-860916753	Pylant and Twiggs-Associates	Iron King Cove, Herriman Town, Utah	US
S3-707074479	Richards, Crawford & Spain	02119 Polo Cir, Wichita, Kansas	US
S3-173812280	Wilson Silverbox	4731 Talus Dr, Anchorage, Alaska	US
S3-225302663	Dove Bazaar LLP	H. No. A-220/6, <NULL>, Delhi, South Delhi, DL	India
S3-127010940	VIPRA MINERALS PRIVATE LIMITED	12, Second Floor, Nri Complex, Greater Kailash-4, New Delhi, South Delhi, DL	India
S3-697043857	Shalu Info Enterprises Limited	H. N. 15, Ground Floor, Near Jama Masjid, Tejpurwa, Marhaura, Saran, BR	India
S3-181215759	Dbdr Southside LLC	1812 Daugherty St, Newport, Arkansas	US
S3-626258202	Sure Charitable Trust Group Co.	Kolkata, South 24 Parganas, Door No 52/3 Kalachand Para Pogaria, পশ্চিমবঙ্গ	India
S3-60096843	Renner & Highsmith Corporation	8603 Ashby Ct, Marshal, Virginia	US
S3-73910832	clean one south inc	1696 320, Pleasant Grove, Utah	US
S3-829821659	Inc. Golden Data Innovations	06126 Ricker Road, Raleigh, North Carolina	US
S3-347139100	One Constructions Private  Limited	C/34, Zalawad Co-op H S, Juhu Lane, G B Road, Mumbai, MH	India
S3-682795514	Punjabi Overseas L.L.P.	No.5 Sakthi Vijayalakshmi Nagar, 2Nd Street, Chennai City Corporation, Rajalakshmi Nagar, TN	India
S3-389790097	Amberly Carson Nmp Clinic	3174 Quigley Court, Shast Alake CDP, California	US
S3-774314930	Fortune Power	19/581, Kodiyattathu House Pathirickal P.o, Pathirckal, N/A, KL	India
S3-636643293	LTG Mills Private	C/o Ahsok Kumar, Amroha, Gajraula Distt - J P Nagar, UP	India
S3-508840404	Parks Pranes Group	New Mexico, 2244 24st St, Farington	US
S3-809792928	Divine Finance	104, 114 Floor 11, C Wing, Plot - 224 Mittal Court, Mumbai, MH	India
S3-423628256	JANE LOWE Smart Holding LLC	8 Beechland Court, Montrose, New York	US
S3-259685914	Prairie North Services	426 Clay Pitts Rd, East Northport, New York	US
S3-512129917	Shiv Blue Ventures Prívate Limited	C-405 Pushpanjali, Residency Ovala, Thane, MH	India
S3-407178952	Jori's Inc Brewing	5547 Barrington Park Dr, Lincoln, Nebraska	US
S3-801512944	Red Red Solutions Private Limited	H.gr.flr. Office - 1, Sy No. 235/B -1-3, H.no. 275, Tulsi Arcade, Swami Atmanand Road, Station Road, Surat, Surat City, GJ	India
S3-447167193	Divya Nidhi Private Ltd	W/o- Mr. Praveen Kumar Dalania, Kameswarnath Lane, Raghuwans Road, Andi Gola, Kalyani, Ward No-22, Muzaffarpur, H.no D/971 C/o- Sangeeta Dalania, BR, Mushahari	India
S3-770121939	Kanha Exports Private Limited	No.7/709e, Al Wahad, Chenguvetty, Edarikode, Malapuram, Malappuram, KL	India
S3-255274290	Autism Corp Council Assistance	8634 North Avenue, Fl 0, Saint Louis, Missouri	US
S3-962855628	Jay  Infar Private Limited		India
S3-949971076	Capital Rapid  Armada Holdings	2853 Ninth Avenue, Broadview, Illinois	US
S3-138185018	Fernandez's Électrical	3616 Lupton Ct, White Plains, Maryland	US
S3-453002032	valenkasbakery.com	23208 Mccann St, Cleveland, Ohio	US
S3-612567396	Pediatric Gulf Gróup Ltd	527 Smitherman St, Altus, Arkansas	US
S3-289098381	Sunrise Technologies Prívate	7 Sajjan Niwas Sagar Colony Pahada (Kalka Mata Road, Udaipur, राजस्थान	India
S3-700704198	Straight Édge Hair	916 9th Avenue, Puyallup, Washington	US
S3-296616967	राम सर्विसेज प्राइवेट लिमिटेड	A-404, 4Th Floor, Suprabhat Chs, Lkhandelwal Marg, Mumbai, MH	India
S3-638068449	Sai Suppliers Private  Limited	G 106, Mumbai, Mumbai City, MH	India
S3-869783152	Rr Mtafketngi Limited	Door No Iv/#558 C, First Floor, Madukkakuzhy Building, North Kalamaserry, Thrikkakkara North Village, Kanayannur Taluk, Kanayannur, Ernakulam, കേരളം	India
S3-101332646	Stanfield Cross  Group	3129 Bloomfield Corut, Virginia Beach, Virginia	US
S3-429728852	Dr Fortune Private Limited Center	South East, DL, Block D-821 C-405 4Th Floor Pocket C, Dda Lig Flat Molar Bandh, South Delhi	India
S3-400406928	Orbiveo Sys f/k/a Coleman Bitcoin LLC	95 Simon Collie, Louisburg, NC	US
S3-168511913	Trusted 5ecurity Innovations Gróup Group	124 Enclave Cir, Unit B, Incorporated, Illinois	US
S3-903884864	Metro Blackrock P.L.L.C. P.L.L.C.		US
S3-976005038	Rizanovi Formerly 24 Hour Locksmith Inc.	1984 3410, Unit 101, Lehi, UT	US
S3-675297161	Izabel P. Ecsb, DDS Group	825 West St, Fl 0, Garden Plain, Kansas	US
S3-979952002	VIDHARBHA MUSIC PRIVATE LIMITED	Pune, Haveli, MH, Plot No 06 Srno 74 75-2 1	India
S3-749315961	Gu1f Federation Inc.	New York, 70-28-74 137 St, Flushing	US
S3-293770098	Parv (lndia) Way Pvt (Ltd.)	No 11, Hakeembad Colony, Chintalkunta, L.b. Nagar, Hyderabad, Sahebnagar, Andhra Pradesh	India
S3-117755379	Anchor-Mercury	59 Walnut Plain Road, Rochestre, Massachusetts	US
S3-676347791	sargent endocrinology	3125 1/2 145th Pl, Mill Creek, Washington	US
S3-808257352	Golden United High-Geneva Co	651-653 High St, Geneva, Indiana	US
S3-601618603	REVOUS	##1008 Wisconsin Avenue, Boscobel, Wisconsin	US
S3-178628452	Santham Metmdccre  LLP	Block/a Shed-1-5, Ahmedabad, Ahmadabad City, GJ	India
S3-257983001	Yun, Davis and Lastinger Downtown	607 High Timber Drive, Westerville, Ohio	US
S3-734430487	Gonzales Finelelsd	Marleen St, Houston, Texas	US
S3-528394803	Chiropractic Center Of Léavenworth Southside Ltd	8365-C 66, Leavenworth, Indiana	US
S3-202927026	Petronia Seigler, DMD LLC	Kingdom Ln, Yellville, Arkansas	US
S3-390788276	Jacynth P. Berkley, MD, DDS Inc	5970 Encina Rd, Goleta CITY, California, Unit 2	US
S3-330077638	ಭಾರತ್ ಬಿಲ್ಡರ್ಸ್ ಪ್ರೈವೇಟ್ ಲಿಮಿಟೆಡ್	Office At, Bangalore South, Bengaluru Kothunur, KA	India
S3-510736470	Reyna, Gibbs And Tyson LLC	##3105 Octavia Ct, Rio Rancho, New Mexico	US
S3-753057378	फॉर्च्यून एग्रो टेक्सटाइल्स एलएलपी	Flat No. 611, B Wing, Greeen Loans Complex, Near Talathi Office, Belawli, Badlapur, Thane, MH	India
S3-321287786	Atlas Third Group	##433 Featherston Street, Walldron, Arkansas	US
S3-792491270	M/s Lotus Consulting  Automobiles Private Ltd	Door No 2/22, G-14th Street Jogupalya, Halsuru, Bengaluru, Bangalore, KA	India
S3-530023800	Robinson and Lewis	803 Highfield Ct, Tinley Park, Illinois	US
S3-440872165	Miller Products Private-Limited	H.no 1/1 Vaishally Co Op Hsg Ltdabhyudaya Nagar Kalachowki, Greater Bombay, Mumbai, MH	India
S3-650181513	Dadri Network Public Limited	Office No. 21, 9, 10, Upper Ground Floor, Tower-a, Plot No. C-25, Stellar It Park, Dadri, Ghaziabad, उत्तर प्रदेश	India
S3-489790862	अर्बन प्रॉपर्टीज प्रा. लि.	H.no 139, 1St Floor Globe Business Park, Kalyan Badlapur Roa, D, Ambernath West, Thane, MH	India
S3-893468434	Verona Intemal Medicine Horizon Physicians LLC	432 Etta Street, PMB 4241, Verona, Illinois	US
S3-23600369	Mysuru India Overseas Private [Limited]	H.no 6-2, Mysore, KA	India
S3-745417271	Newdelhihome.Com	61, New Delhi, DL	India
S3-845620159	Lehto Federal Carlyle Corp	10250 Lafayette Drive, Lawrence Twp, Ohio	US
S3-673449599	TARAN RETAIL PRIVATE LIMITED	235 (Old-49), G. T. Road, Ground Floor, Belur, Howrah, WB	India
S3-96412016	Professional Móbility Technologies (P.C.)	04109 Apple Orchard Ct, Suitland, Maryland	US
S3-430335180	[Incorporated] Shibley & Bull Cbre	008815 Spinnaker Ct, Indianapolis, Indiana	US
S3-479088884	Titan LLC Center	615-619 Buckskin Lane, Carpentersville, Illinois	US
S3-397014868	Shhva It Limited #74654	No. 454 Sudha B.p. No.10, 5Th Cross, 3Rd Phase, Bsk 3Rd Stage, Bengaluru Urban, Bangalore, ಕರ್ನಾಟಕ	India
S3-196028751	NX Designs Associates  Company	Kh. No. 275, Ground Floor, Back Side Saidulajab Near Westend Marg, New Delhi, South West Delhi, DL	India
S3-769535532	Heritage Wellness  Corporation Zebulon	93 Green Pace Road, Zebulon, North Carolina	US
S3-898915024	Private DVS Gymkhana (Limited)	Delhi, North West Delhi, Block F-123 Houme No 321, दिल्ली	India
S3-869552303	Tamarind & Brothers Company	Fl G703, Bramha Sky City Dhanori, Pune, महाराष्ट्र	India
S3-684309586	Cardiology Safe Center Care LP	178 Randal Rd, 03, Iowa	US
S3-982816693	Brown Animal	514 Crain Hwy, Fl 0, Glen Burnie, Maryland	US
S3-840396463	Merielpadilladc.Com	Garland, Texas, 4818 Clamdigger Way	US
S3-274307549	Bbs Education Private Ltd	Kachchh, GJ, First Floor, Plot No. 41, Sector No. 8, Gandhidham, Office No. 110	India
S3-734629402	Brixviox t/a Interfaith Trust	12132 Stacie Circle, Indianapolis, IN	US
S3-389457759	Trusted Dígital Collective	718 Marbea Dr, Loveland, Ohio	US
S3-987926851	Rium Index  LLC	2931 Ayers Orchard Road, Patrick County, Virginia	US
S3-729504728	Vioonyxarc F/K/A Delta Veterinary Clinic	4792 Prairie, Springdale, WA	US
S3-755160405	PHYSICAL THERAPY PARTNERS OF CINCINNATI INC	889 Old Orchrd Rd, Cincinnati, Ohio	US
S3-631177780	Soiias Group	209 Grove Ct, Telford Tonship, Pennsylvania	US
S3-685053161	Raia Maiaon	500 Palla Circle, Bolivia, North Carolina	US
S3-198456510	Smt óneexports.com	H.no 983 Unit No. 101, Plot No. 4, 1St Floor, Mohan Place Lsc, Blk C, Saraswati Vihar, Pitampura, New Delhi, North West, DL	India
S3-146504544	Vision Hospitality Private Limited	Plot 00504 Unit No. 7/D, Wing B First Floor Sita Estate, Ghatkopar Mahul Road Chembu, R, Mumbai Suburban, MH	India
S3-41713997	G0lden Industries	# Ff05, Bangalore, ಕರ್ನಾಟಕ	India
S3-454810218	Consuelo Kérnis, DMD, DDS PC	11000 1/2 91st Ave, # 63, Peoria, Arizona	US
S3-37495083	National Vanguard Wisconsin Inc	##2165 Connell Terrace, New York, Lysander	US
S3-462092098	Polytech Financial Private  Limited	#6Th Floor Cts No 1181 Miraj House Fc Road Shivajinagar Pune Mh, Pune, MH	India
S3-457438167	Santana Inc	Lakewood, # #B3, Washington, 2624 112th St	US
S3-183687130	All Marketing Private	284, Bangalore, KA	India
S3-71299342	Forrest and Armstrong	##6831 Park Grove Blvd, Whitestown, Indiana	US
S3-537063278	बॉम्बे सॉफ्टवेयर प्राइवेट लिमिटेड	A-00179, Opp. Defence Colony, Delhi, DL	India
S3-357692790	Culp Electrical Inc	7184 Boggy Branch Ln, Gulf Shores, Alabama	US
S3-832448991	Baltimore Children's Network Corp	615 Tunbridge Rd, Baltimore, Maryland	US
S3-710500045	Lakshmi Technologies	503, Maharashtra, Mumbai City, Mumbai, Mangalya, Wing C, Cts - 599 Off Marol Maroshi Rd	India
S3-957378784	Glypheus LLC Platforms,	401 Court Street, Paragould, Arkansas	US
S3-732828972	XT Breeze  West Ltd	623- Corn Crib Rd, Harriington, Delaware	US
S3-472564546	Private Desert Infotech Limited	47/22, New Delhi, DL	India
S3-889906292	FIRST FOUNDATION PVT LTD	Kolkata, P##41 Princep Street, WB, NULL	India
S3-908657518	OY  Royalty Ltd	8 Jefferson Road, Bethlehem, New York	US
S3-107537006	Allied Ridge	104- Oates Street, Morrilton, Arkansas	US
S3-556030863	EUI Builders Pvt Ltd	S.no 2/2/3/A, Haveli, Pune, महाराष्ट्र	India
S3-481987172	Saradha Ltd Agro	C/o Madan Mohan Bera Near, Cold Store, Dihibatpur, Pursurah, Hooghly, পশ্চিমবঙ্গ	India
S3-146016918	Ravin Productions Limited Partners	401 To 405, Arjena Plaza, Pl 52, Sec15, Cbd Belapur, Thane, MH	India
S3-487062163	Products Arp Leap Limited	Shop No 7, Ahmednagar, महाराष्ट्र	India
S3-848043710	Mccann Landecaeping, LLC		US
S3-164512099	Cordelie's Preferred Auto Glass LLC	Pleasant Ln, Tonka Bay, Minnesota	US
S3-124423222	National Triumph [PC]		US
S3-665747661	Safe  Resolution	2911 Wetherburn Court, Prince William County, Virginia	US
S3-560029180	Solify Épr L.L.C.	14 Winnemay St, Natick, Massachusetts	US
S3-256174584	... Burton Partners	1233 Bryan Avenue, Salt Lake City, Utah	US
S3-542486688	East Constructions General Limited	16Rd- Floor Metropolitan, Mall, Mg Road, Gurgaon, Gurgoan, हरियाणा	India
S3-604247663	Gulf PC Services	291 Maple Valley Road, Worcester, New York	US
S3-732338013	Surgical Heartland Health L.L.C.	204 Sparango Lane, Plymouth Township, Pennsylvania	US
S3-892650496	Notion Divya	Plot 222 C/o Sri Ramadhar Singh, Patna, BR	India
S3-604691751	Future Consulting Garments Private Límited	DL, West Delhi, Blockc 5A Flat N0-324-b Janakpuri	India
S3-485827354	Pune Detective Infratech Pvt Ltd	Gut No. 677, Pune, MH	India
S3-872458636	Rizaectobelo aka Nova LLC	563 Fairway Drive, Angleton, TX	US
S3-66822770	Pvt Ml (India) Bags Ltd	No 168/23, Perambur Purasawalkam, Chennai, தமிழ்நாடு	India
S3-601389943	Value Diamond (Averin)	Brooklyn, 2165 73 St, New York	US
S3-765672924	Fay J Homn, DDS South	9426 Old Payneway Ln, Trumann, Arkansas	US
S3-940786799	Prime Design	1400 W St, Unit 721, Washington, District of Columbia	US
S3-102359701	Atlas LLC	0463 Lee Ave, Fl 0, Saint Louis, Missouri	US
S3-711676449	Blue Capital LLC	7410 Crabtgee Dr, Louisville, Kentucky	US
S3-878278814	Zefance Machines PC	3230 120th Street, Walnut Township, Iowa	US
S3-813308823	Ratech Investments Investments L.L.C.	1340a 73rd Circle, Anchorage, Alaska	US
S3-372380062	Caritta Soucy, D.D.S. East	#9053 Jancing Ave, Unit B-Section B-6, Town Of Leon, Wisconsin	US
S3-780829046	Satea LLC	2578-2580 Roehampton Court, Coumbus, Ohio	US
S3-426785018	Shiv	4/91, Uttar Pradesh, Vineet Khand Gomti Nagar, Lucknow	India
S3-311270676	Shield Smran (India) Private Limited		India
S3-621967268	Summit Sáfe Barclays	5828. James Madison Parkway, PO Box 6917, King George, Virginia	US
S3-914688964	Liberty Procap Inc	20 Hall Street, Aulander, North Carolina	US
S3-562822710	Anvil Services	5612 B Roodevelt Way, Seattle, Washington	US
S3-118386518	Mergdiinn Inc	Princeton, ##194 5718, Texas	US
S3-650982700	Pvt IKZ Buildcon Ltd	No. 740 Kh No. 358/207 & 206/4, New Delhi, दिल्ली	India
S3-128097863	Uttar Vidyalaya Limited	8., Mumbai, Greater Bombay, महाराष्ट्र	India
S3-717887194	kamadgiri electricals límited	#11 Nehru Nagar, 4Th Street Tondiarpet, Chennai, TN	India
S3-58807991	Madhu Maritime Public Limited	Andhra Pradesh, Hyderabad, N/A, 508., Rangareddy	India
S3-535416986	Technologies Skylark Pvt. Ltd. Center	Old No 23/5A, New No 720, 4Th Main Street, Kanyakumari, Agastheeswaram, TN	India
S3-21968265	Carl Junction One Corp		US
S3-591569612	Deltapyra	2126/2, Gali No. 3, Prem Nagar Patel Nagar, West Delhi, New Delhi, दिल्ली	India
S3-185116887	Privateurban.Com	Gala. No. #7, Bazar Samiti, Beed, Manjlegaon, MH	India
S3-507545842	Pioneerinvestmentstudios.Com	229 Mabel St, Muldraugh, Kentucky	US
S3-829045822	Inc Sinet Horizon Furniture	0705 Ashcroft Road, Greensboo, North Carolina	US
S3-426585291	Rapid  Ses South	Arizona, Surprise, 1625 Litchfield Rd, Unit 2097	US
S3-359860179	Little Bohk Store [Holdings]	9302 37th St, Topeka, Kansas	US
S3-324110513	Ludhiana Filaments Limited	H.no 8467, Ludhiana, ਪੰਜਾਬ	India
S3-748025426	Varenya Hotels (India) Industries	F No B-12, Dhone Nahar Palace, Sukhsagar Nagar, Nr Ambamata Mandir, Katraj, Pune, MH	India
S3-663530601	S K  + G Central	5695 1/2 Flint Street, Arizona, PO Box 8213, FT Mohave	US
S3-346205751	Global Gúild West LLC	Burlington, Iowa, <NULL>, 217 Louisa Saint	US
S3-7142959	Jyoti Academy Academy	B 4- A/24 Ranapartap Bagh, North Delhi, Delhi, DL	India
S3-225874185	Red Dhnr Ltd	53 Main St, Unit Apartment B, Cornish, Maine	US
S3-682936550	Adams & Weiss	Highland Pl, Highland Park, Illinois	US
S3-431390559	Professional  Security Technologies Partners	44 Little Brook Way, Columbus, Ohio	US
S3-828909604	Abhideep Traders Limited	Cts No. 292, Greater Mumbai, Bombay, MH	India
S3-340720090	Eye Metro Cáre Llc	01 Jefferson Avenue, # 2, Salem, Massachusetts	US
S3-238506030	Si1ver-Builders [Limited]	Flt No-1704, Malad West, Mumbai, MH	India
S3-177511020	>> Physica1 Therapy Physicians  Co	City Of El Paso, Texas, 1501 Honey Mesquite Saint	US
S3-487980161	Tao Resources-LLC	2829 Lanier Lane, Mcgaheysville, Virginia	US
S3-121072165	Business Collective Collective Inc Center	##1420 Stillmeadow Drive, Mesquite, Texas	US
S3-427324012	Amir Gífts Public Limited	15 - 2(B), Part 1 Malyadi Town, Thekatte, South Karnataka Region, Udupi, KA	India
S3-20486937	Youth Co Center	7289 Highlands Rd, Franklin, North Carolina	US
S3-807226680	AG Impex Private	1201 Imperial Residency, Mumbai, MH	India
S3-349122027	K 3 Preferred Investments Inc	6472 Lu Don Dr, Hamburg, New York	US
S3-62788900	Hari Lrrtbus Construction Private Limited		India
S3-332621541	Private Indo Foundation Limited	12 Dadi Santok Housedadi Santok Lane Dhobitalav, Mumbai, महाराष्ट्र	India
S3-302478965	Ensol  Builders Private Ltd	#1804, 18Th Floor, Vasavi Shalom Sky City, Serilingampally, K.v.rangareddy, Seri Lingampally, TG	India
S3-642778182	KNG Marketing Private Limited	Progressive Combines, Khairatabad, Hyderabad, TG	India
S3-469340824	Nexo	#2665 77th Avenue, Baton Rouge City, Louisiana	US
S3-599543126	अरिहंत कृष्ण एस्टेट लिमिटेड	C5 905, Gautam Buddha Nagar, A.g.nioda, UP	India
S3-725551305	Industries Smart  Transport Company	South Delhi, Phase Ii, DL, South Delhi, E-51/5 First Floor	India
S3-336183666	M/s Burdwan & Sons  Ventures Private Limited	H.no 15, First Floor, Door No.2, 11Th Street, Surendra Nagar, Adambakkam, Chennai, TN	India
S3-131996787	Pvt. Cranberry & Brothers Ltd.	Hn 673 Room No 36 Third Floor Opposite 286 Saraswati Vihar Chakkarpur, Gurgaon, HR	India
S3-476493304	Flint Premier Center	950 Magnolia Ave, Beaumont, Texas	US
S3-747733265	Sun Consultants Private Ltd	Basement Jungpura, Part-b, Jungpura, South Delhi, 3/14-A, New Delhi, DL	India
S3-284128722	Flexible Consultancy Private  Limited	Seabird Exploration Fz Llc, C/o Polar Technologies, J-271, Saket, New Delhi, South Delhi, DL	India
S3-415765710	Hotel Foundation Technologies Private Ltd	#147/3Akothba Palli, 2Nd Street, Panruti, Cuddalore, TN	India
S3-136238538	Smt Lotus Logistics Logistics Private Limited	New Delhi, Lal Haweli, Gali Chandi Wali, Pahar Ganj, दिल्ली, #397 425	India
S3-496636475	Haynes  Htreacde Corp	238 Red Lion Road, Huntingdon Valley, Pennsylvania	US
S3-607194597	Beloevodova	1607 Tenth St, Lovington, New Mexico	US
S3-850960160	Basera Karnataka Public [Limited]	2Nd Floor, Plot No1025 B, Ashish Industrial Estate, Gokhale Road, South, Bombay, महाराष्ट्र, Mumbai City, Shop No.232	India
S3-363830905	meeks industries metro	352 Peachtree Hills Avenue, Building 130, Atlanta, Georgia	US
S3-894462661	Dimple Holdings Delhi Public Limited	0199, Pratap Nagar Mayur Vihar-1, Pocket 4, Delhi, East Delhi, DL	India
S3-577520528	Pediatric Dental-Group	405 Little Lake Rd, Oregon, Maupin	US
S3-733405270	Capital Heoss LLC	8524b Sunset Hills Drive, MGNA, Utah	US
S3-33504328	Sgs Group of Companies	B 1103 Teerth Towers, Sr. No. 28/2, Nr. Raj Hot, Pune City, Pune, महाराष्ट्र	India
S3-485990610	हरि इंजीनियरिंग प्राइवेट लिमिटेड	H No -161, South West Delhi, DL	India
S3-785288368	Solutions Boson Finance	H.no 4 A-21/1 Nariana Industrial Area Phase - 2, New Delhi, West Delhi, DL	India
S3-664983887	Mechtech Mecantihle LLP	Delhi, Hno.49, North Delhi, दिल्ली, P.no D1 Kh.no 40/7, 1St Flr Indraprasth Cly	India
S3-717620967	Twisted Partners Pub	Oyster Bay, 1184 Sunrise Mall, New York	US
S3-798194881	Crystal Ldierty Grading LLC	1435 19th Ave, Calera, Alabama	US
S3-31995456	oncology partners corp	434-438 Macum Creek Drive, Chester, Maryland	US
S3-962505458	The Aurora (LLC)	K, Town Of Springwater, Wisconsin	US
S3-137814487	Mr Kadambari-Structure (India) Limited	Hn 936 Pl-263, Howrah, WB	India
S3-96139658	Unified Coastal Commodity Incorporated	31437 Victory Ln, Dresbach, Minnesota	US
S3-801793170	zephyrhyperliquid.com	010864 Morrison Mikesell Road, New Paris, Ohio	US
S3-480700288	Super 12	#8 New Street, Clark Mills, New York	US
S3-575604735	Blue Éndocrinology	34093 Co Hwy 36, Vergas, Minnesota	US
S3-85842632	Gaclarque Apex  Quasaredge	6619 Conlon Street, Houston, Texas	US
S3-135111775	HOLLAND HOUSING LLC	209 Ginger Ave, Annna, Texas	US
S3-512374086	Bernette Perkins, DPM Group	City Of El Paso, Texas, 10903. Montana Ave	US
S3-646106494	Vanguard Kimc0	2310 Ridgewood Dr, Fl 0, Wichita, Kansas	US
S3-878568689	Carpenter And Marquez Crypto, Llc	01408 Liberty Meadow Drive, Incorporated, Illinois	US
S3-805877083	ಜೇ ಎಕ್ಸ್‌ಪೋರ್ಟ್ಸ್ Private Limited	5Th Cross, Bangalore, KA	India
S3-750446127	Highlandapartmentcare.Com	1560 Fletcher St, Jasper, Texas	US
S3-831909378	Shreejee Law Chambers Limited	Tc 93/2439/4, Trivandrum, Keralam	India
S3-383746327	Límited Amk & Sons	92/1B Electronics City, Phase 1, Konappana Agrahara, Bangalore, KA	India
S3-129008872	Rvs Rvs (Indba) Services Private Limited	# L-b3/7 Lic Colony 10Th Main 1St Floor Opp Water Tank Jeevan Bhima Nagar, Bangalore, KA	India
S3-304644138	Hamburger Quality Látin Inc	114 Whispering Pines Dr, # A, Missouri, Camdenton	US
S3-93973077	Premier Limited  Private Global	A-##100 Jain Park First Floor Uttam Nagar, West Delhi, दिल्ली	India
S3-564897949	Tri-State México LLC - 6732834257	Heritage Hil Pkwy, # 3208, Venus, Texas	US
S3-416626317	surgical center partners	2521 Bridge Rd, Buckingham County, Virginia	US
S3-430350904	Sweeney, Aurora,	2540 1/2 Highway 411, Maidsonville, Tennessee	US
S3-479633087	Limited Rishabh Laur	தமிழ்நாடு, Saligram, Chennai, 10/6 First Floor Karpaga Vinayagar Apartment Vedhachalam Street	India
S3-395181820	Paras  Promoters Limited	TG, Hyderabad, Flat 104, Hyderabad	India
S3-247731688	Shivam Exports Private	11/17 / New No. 15, Perambur Purasawalkam, Chennai, TN	India
S3-878179294	Blue  Alliance Inc	111 Hill St, Biddefrd CITY, Maine	US
S3-991283422	Intercity  Solutions Pvt. Ltd.	P - 681, Kolkata, Howrah, পশ্চিমবঙ্গ	India
S3-521538588	Garriga Garriga Glóbal LLC	345 Main Saint, Unit Apartment 1B, White Plains, New York	US
S3-417031505	Century & ássociates Infratech	F.no-a-409, Orchid Blo, Krishna Kunj Garden, Hyd, Hyderabad, తెలంగాణ	India
S3-684242115	Maggy Elnrcquz Atlantic Irenic LLC	Auten Rd, South Bend, Indiana	US
S3-851187703	Drexrizanyla	6-3-883/3, 501/B, 5Th Floor, Rk Plaza, Panjagutta, Hyderabad, Telangana	India
S3-203016461	Signature Insurance-Works Holdings	1329 09th St, null, Indianapolis, Indiana	US
S3-86508559	PATRIOT ROYAL VERTICAL LLC	1102 1/2 Down Ridge Drive, Decatur, Indiana	US
S3-929600060	Green Food	144, Jalandhar - I, PB	India
S3-547035528	Callie Steinle, CPA-PC	Texas, Weatherford, Dugan Ln	US
S3-549473474	रियल मीडिया	No 8A, Gr. Floor, Elcon Building, L.b.s. Marg Harichand Textile Mills Compound, Vikhro, Li (W), Greater Mumbai, MH	India
S3-167243449	Dekle, Riddick & Engh Optics Ltd	Bertha Blvd, Porland, Oregon	US
S3-219226412	Alfaro National Metal L.L.C.	00718 Sherrill Avenue, Lincolnton, North Carolina	US
S3-667406417	pediatricdentistrypartners.com	521 Red Fox Rd SE, Cedar Rapids, Iowa	US
S3-294510408	Deltavera Holdings Group	2811 Bennett Ave, Chattanooga, Tennessee	US
S3-871137902	Interstate Jáws	Maryland, Suitlandcity, # 202, 4226 1/2 Suitland Road	US
S3-481640998	Ishmael, Smith & [Williamson]	5484 1/2 Hione, Casper, Wyoming	US
S3-518356735	Tejavi Clúb LLP	No 286- Su-111 First Floor Pitampua, North Delhi, दिल्ली	India
S3-121711106	Brightconstruction.Com	Narayan Bagh, <NULL>, Jaisalmer, RJ	India
S3-898794184	20/20 Eye Care Inc.	5881 Russell Road, Williamson, New York	US
S3-663684697	Bekki Grosso M.D. P.C.	232 Willsfield Rd, Russellville, Arkansas	US
S3-819126525	Bright Cloud | www.brightclo.com	377 Main St, Naugatuck, Connecticut	US
S3-550309628	Bargad Consultancy Corp Corp	612, Mumbai, MH	India
S3-113342278	ORTHOPEDIC GROUP	513 Church St, Endicott, New York	US
S3-979620537	Hartland Baptist Abbosciation	##245 Great Moose Dr, Hartland, Maine	US
S3-367528129	Ace Healthcare प्राइवेट लिमिटेड	P No 26, S No 3, Yasin Nagar Harsul, MH, Aurangabad	India
S3-788199524	Foundry Partners Ltd	2125 Slow Stream Drie, null, Royse City, Texas	US
S3-620487908	Shandy Apostol Alchemy [Inc]	Woodland, Washington, 6181 Green Mountain Rd	US
S3-48513433	M/s Unitop Ltd Pvt Consulting	No 44, Secunderabad, Hyderabad, TG	India
S3-457211755	Cobalt Ínc.	Streamside Drive, Conroe, Texas	US
S3-669071702	The 4846 Second St Owners Corp	1815 17th Street, Washington, District of Columbia	US
S3-775288763	Developers Supreme Prime Developers Private	Flat No 221 2Nd Floor Spring Block Shilpitha Sunflower, Borewell Road Nallurahalli Whitefield, Bangalore, Bangalore South, KA	India
S3-261172222	सेवन गुजरात कंस्ट्रक्शन	Unit No.a-16, First Floor, Vipul Plaza, Sec - 81, Faridabad, HR	India
S3-425569133	Orelee [Arambula]	9142 Ely Rd, PO Box 8081, Garrettsville, Ohio	US
S3-799530641	Ritzy (Group)	Howrah, পশ্চিমবঙ্গ, Stall No.244, Kolkata	India
S3-68911244	Physical Therapy Associates Crystal P.C.	7263 1182, Flint, Texas	US
S3-330396122	Resort Brothers Limited Center	H28-a, NULL, Perambur Purasawalkam, Chennai, TN	India
S3-469104669	international freight networks holdings	07 12rd St, # 5, Mddlesboro Township, Kentucky	US
S3-882208028	Supreme Empire Columbia Co	28437 1/2 Shortline Hwy, Folsom, West Virginia	US
S3-379933205	RD Cossal L.L.C.	2306 Surface Drgve, Greenwood ICTY, Indiana	US
S3-678315899	Onyxlum	9018 Avalon Drive, Phoenix, Arizona	US
S3-675344761	International Energy Private Ltd	3, Mumabi, Mumbai, MH	India
S3-375288901	Charissa Micke1 Reliable		US
S3-636455175	Fayekor+ t/a Greater Noida Financial Private Limited	Flat 1506, Tower B 5, Techzone Iv, Cherry County Gh 05B, Greater Noida West, Greater Noida, Gautam Buddha Nagar, Uttar Pradesh	India
S3-501322011	Indo Traders	Plot No Â 00501/3104, Raghunathpur, ଓଡ଼ିଶା	India
S3-871780715	Dr ravipartners.com	H.no 13 Ist Floor Customs Colony Main Road Okkiyam Thuraipakkam Chennai-600 097, Chennai, TN	India
S3-809610238	Valley Empire Otg, [Llc]	74 Broadway, Unit Apartment 3, Nyack, New York	US
S3-847021111	Heritage Ltd Service	137 North St, Salem, Massachusetts	US
S3-434423105	shelaghfyoung.com	210 Third Street, Unit 227, Garibaldi Township, Oregon	US
S3-764894483	Reboot Welfare Society Corp	H.no 313 Sadhu Vasvani Nagaraundh, Pune, MH	India
S3-706162517	OCL Evo Partners	#3392 Fulton St, Brokolyn, New York	US
S3-968182158	આલ્ફા યુનાઇટેડ એન્જિનિયરિંગ પ્રા. લિ.	S/f Kataria Arcade, B/s Adani School, Survey No.- 195 To 212, Tps-184/b, D.a.b. School, Makarba, Ahmadabad, #C-696 201, Ahmadabad City, GJ	India
S3-70236943	Public Guruprasad Source Limited	G-63, F/f Old No.-g-29 Pvt Office No.-106, Laxmi Nagar, Opp. Walia Nursing Home, Delhi, East Delhi, दिल्ली	India
S3-838800207	Rr Exports Group Corp	H.no 82 Chhaya Vaijanath Wayase, Ahmednagar, महाराष्ट्र	India
S3-433930920	Renn Brown	10627 Loganwood Drive, Norhtport, Alabama	US
S3-426514932	Rajesh Gróup Co	0415-A Gaytri Chambersr C Dutt Road Alkapuri, Vadodara, Baroda, GJ	India
S3-289401025	નોર્થ એન્જિનિયરિંગ પ્રાઇવેટ લિમિટેડ	A2 Maheshwari Appartment Nagpura Timaliyawad, Surat, GJ	India
S3-939437228	Mr Calicut Fr0tune Pvt. Ltd. (ID: 14425)	Mumbai, Bombay, Mangal Prachar, Green Str Santacruz, (W), Off S.v. Road, महाराष्ट्र, 202.	India
S3-521142695	Zak Annuities [Holdings]	Hustonville, 8875 78, Kentucky	US
S3-768872108	moinnovative.com	Plot 492 S No. 6/2 Cts. 1578, NULL, Pune, Pune City, MH	India
S3-589634710	Curtis Liberty Associates Associates Co	Ohio, Lewis Center, 5728 Hickory Dr	US
S3-860002278	Dermatology Heahnatlad Group Inc	Massachusetts, Malden, 19 Evelyn Ave	US
S3-420239987	cornerstone crumrine group	1461- 48rd Street, Washington Park, Illinois	US
S3-482518887	Michael, Fendley & Preston Corp	148A Lampman Rd, Broadalbin, New York	US
S3-907376	Jyoti Shields, CPA Holdings	#384 St Marys Rd, Hillsborough, North Carolina	US
S3-815503080	Legacy Bleichroeder Pc	315 Prosaect Street, Unit Apartment 112, Herkimer, New York	US
S3-799938778	Lain Pioneer Flagstar P.L.L.C.	Padre Bay Drive, Washington, Utah	US
S3-729052655	विजन कंस्ट्रक्शंस	Unit No. 203, 2Nd Floortower-b World Trade Tower, Gautam Buddha Nagar, Noida, UP	India
S3-966754758	Selvel Center	#1108, Capital Icon, Sargasan, Gandhinagar, Gandhinagar, Gandhi Nagar, GJ	India
S3-32865586	Taque P.C. P.C. Services	Ridge Road, Winchester, Virginia	US
S3-909621401	Fresh Táttoo	1897 4600, Ogden City, Utah	US
S3-889319275	Beacon Global Surgical Ltd	Mesa, 462 1/2 Country Club Drive, Arizona	US
S3-280599250	Vijay Private Limited Center	9, Bahadurgarh, Jhajjar, HR	India
S3-624908307	Synriza f/k/a Bacher and Martin Critical Inc	Chenango, NY, 69 Matthew Drive	US
S3-246956023	platinum fuel inc.	708 9rd Street, Pitsburg, Kansas	US
S3-841548749	Porter Studios of Ragnre PLLC	529 Austin St, Ranger, Texas	US
S3-462909656	Darcee Mckfnzie Direct Fórtune Inc.	Indiana, 1234 Eddy Street, # 460, South Bend	US
S3-130055099	Precision Capital Hovnanian	47 Overlook Road, Waltham, Massachusetts	US
S3-621352827	Sanjeev [Associates]	Plot No-11, Road, Hyderabad, Andhra Pradesh	India
S3-182499281	Good  Software Private Limited	Hno 746, Faridabad, HR	India
S3-772436766	Hyundai Polyethnc	05, Hyderabad City Region, Andhra Pradesh, TG	India
S3-616450371	Trinity Zion Corporation Trading		US
S3-234175829	Villa, Michell Advertising Inc.	65 Montford Ave, Asheville, North Carolina	US
S3-417648027	All-Snow	812C Loblolly Ct, Chesapeake, Virginia	US
S3-191449043	Dunnigan Stánley LLC	1620. 35th Ave, Fargo, North Dakota	US
S3-544967737	Flossi's [Software]	0333 Creek Hollow Lane, Fort Worth, Texas	US
S3-59675885	Emeline Rugg LLC Service	Daytno, N/A, 027 Hess Saint, Ohio	US
S3-511973334	Cherianne Gier Vanguard Advisory  (LLC)	West Norriton Township, Pennsylvania, 1014 Montgomery Ave	US
S3-193738926	Apex  Impex	D-11, Crystal Plaza, Opp. Infinity Mall New Link Road, Andheri (W), Mumbai, महाराष्ट्र	India
S3-544011500	VQQ  Farmers		US
S3-23087728	Llc Moore Advanced Quantumsphere West	715 Edgeworth Ct, Fuquay Varina, North Carolina	US
S3-427166836	Deena F. Payne Esq.	Silver Leaf Way, Unit 1732, Peabody, Massachusetts	US
S3-226126164	Kedarnath Limited (India) Private Warehousing	235/11-17, Svs Residency, Flat No302, Nagarajappa Layout, (Spring Dale Layout), Vuayanagara, Bangalore South, Itplcomplex, KA	India
S3-56254858	Ace Properties Private-Limited | www.aceproper.com	Basement, Lajpat Nagar-iii, Dor No 134 E-25, New Delhi, DL	India
S3-198101240	Physical-Therapy Global Physicians LLC	832 Monroe Ln, Unit A, GRAN Djunction, Colorado	US
S3-620858893	The Prime-Complete Growth Center Co	14140 Darnestown Road, Germantown, Maryland	US
S3-282341691	*** bond's hypnosis	206 Amberly Circle, Suffolk, Virginia	US
S3-518795590	Certified Education Inc [International]	17026 Estoril Saint, Chino Hills CDP, California	US
S3-657040373	Florida India Private Ltd	43, 11Th A Main, Chbs 2Nd Layout, Bangalore North, KA	India
S3-355925624	>> Bay Mae Corp	13093 Lagoon Ln, Pound, Wisconsin	US
S3-863527576	Keystone Piedmont [Scientific]	3981 Lake Drive, Pontoon Beach, Illinois	US
S3-999434094	Ledet, Meador and Villar Ltd	Grants Pass, Floor 0, 333 Crestview Loop, Oregon	US
S3-293519049	Modern Travel Prívate Limited	C -0019, New Delhi, Sonepat, DL	India
S3-153610946	Commerce Uerlogy Preferred Partners Ltd	812 Sycamore Street, Commerce, Texas	US
S3-715258233	Cascade Delta Global	0958 87th Avenue, Washington, Medina	US
S3-950179107	Indian Foundation LLP	Door No: 30/720, Kozhikode, KL	India
S3-617399493	Johnson & Lea1 Tsakos LLC	99 Ritchie Ave, Silver Spring, Maryland	US
S3-72194323	Rs Travels Private Ltd	No 6-3-1247, Flat No 2B, Indraprasta Apartment, Somajiguda, Hyderabad, TG	India
S3-387433383	लाइफ टेक्नोलॉजी होटल प्राइवेट लिमिटेड	S-42-a, Main Market Green Park, Delhi, DL	India
S3-803781340	கோல்டு இண்டஸ்ட்ரீஸ் பிரைவேட் லிமிடெட்	No 70-G1, 1St Avenue, 1St Cross St, Vettuvankeni, Kanchipuram, TN	India
S3-459688699	Integrated Intelligence  Solutions	16184 Mc Intosh Road, Wellsvlle CITY, Ohio	US
S3-782981685	Legacy Construction Sysechm,S LLC	86-88 Puddin Ln, Mansfield, Connecticut	US
S3-493653933	Cozy Grill! Corporation	315-B Rutland Road, Freeprot, New York	US
S3-104303276	अल फाइनेंस प्रा. लि.	No. 304 218-220, 2Nd Floor, Cotton, Exchange Building, Mumbai, महाराष्ट्र	India
S3-361414806	Piedmont Jaws North LLC	9761 115 Thorne Cliff Way, Unit UNIT, Fishers, Indiana	US
S3-195943437	9-Point	19108 Frances Street, Applle Valley, California	US
S3-166581597	Urgent Care Keystone Médicine LLC	12958 Chstnut Avenue, null, Rancho Cucamonga, California	US
S3-182038112	స్కై ఓం హాస్పిటాలిటీ లిమిటెడ్	#124/A Journalist Colony, Film Nagar, Jubilee Hills, Hyderabad, TG	India
S3-287341278	Hornberger Hornberger Select Fast Corporation	51 Garden Stremt, Mancheste RCDP, Connecticut	US
S3-219619077	Mosher Crescent	North Carolina, Jacksonville, 08 Ramsey Drive	US
S3-832684512	Ventures Shyam Private Limited	Solapur, Lokmangal, Oxypark, Murarji Peth, Shop No. Bs 12, MH, Pune Region	India
S3-144632652	Maid  Massage	8926 Preakness Drive, Florence, Kentucky	US
S3-528942242	Benoit Peak Royalties Incorporated	1228-1232 Volutsia Ave, Fl. 0, Wichita, Kansas	US
S3-782093155	Energy Suncity  Realcon LLP	3/79/5, Kaitholmeethal Vayalada Po, Calicut, Kozhikode, KL	India
S3-344616887	Sri EYWA TRADING GR0UP	Block G-##64 B-3/158 F/f, West Delhi, New Delhi, DL	India
S3-442709928	Oncology Associates of Mesa Co	357 Ellis Cir, Messa, Arizona	US
S3-643047136	Bi & Sons Private Ltd	Door No 294A/1 Zakhir Nagarokhla, New Delhi, Jamia Nagar, DL	India
S3-401273484	ग्रीन श्याम वेंचर्स प्राइवेट लिमिटेड	C/o Ritu Jan Bamhori Kal, A Madwara Bamhori Kala, Mahroni, Lalitpur, UP	India
S3-493666624	India Ktsuri-Pharmaceuticals Limited	Central Delhi, House No 75A, Delhi, Shani Bazar Road, Block - A, Krishan Vihar, दिल्ली	India
S3-649263919	Arpa Private Need (India) Limited	329, Gf, Sector - 17A Dwarka, DL	India
S3-180910414	Great Industries Private Limited	Gurugram Ardee City Sector, हरियाणा, No 82/5, Gurgaon, Sector - 44, Gurgaon, Haryana	India
S3-357571364	... Tech Límited Ventures	B-87/2 Old Mustafabad, Delhi, North East, DL	India
S3-12151992	lkshu Soegane Corp	#2149 Sctor 12, Sonipat, Sonepat, HR	India
S3-673723744	Cardiology Meldncfe, Co #39595	1315 Burnett Station Road, Seymour, Tennessee	US
S3-678381667	Secure Ridge Therapies Partners	14 Main St, Omak, Washington	US
S3-287088259	Orbiavi	629, C Shivaji Road, Kolhapur, Maharashtra	India
S3-228447010	Nancey N. Haley, L.C.S.W., M.D., P.C.	29175 Beckendorff Rd, Katy, Texas	US
S3-796620703	व्हाइट ट्रेडिंग लिमिटेड	Shop No. 44, Mumbai, महाराष्ट्र	India
S3-913414602	Shri Greenbay Infratech Limited Center	413, 4Th Floor, Pearls Business Park, Netaji Subhash Place, Pitampura, North West, New Delhi, DL	India
S3-802487675	Pediatric Dentistry Apex Holdings Sérvices	207A Earl Phelps Avenue, Caddo CIYT, Oklahoma	US
S3-131755054	Leum Pínnacle Enclave [Partners]	15701 Hill Crest Rd, Green Twp, Ohio	US
S3-320009203	Remo  Producer Thiruvananthapuram	18-2734/2, Valiyamanacadu Veedu, Gandhi Smaraka Lane, Resmi Nagar, Thiruvananthapuram, Trivandrum, KL	India
S3-994372160	The Dent Cleaning	2849 Regina Avenue, Thousand Oaks, California	US
S3-383550606	... Nelli Brown Pacific Associates Inc.	Scatter Good Lane, Village Of Windsor, Wisconsin	US
S3-611311792	Incorporated South Spruce	31 Timber Ln, Methuen, Massachusetts	US
S3-465150102	અલ હોસ્પિટાલિટી એલએલપી	Plotno 34-39, Block No. 173 Hi Bond Industrial Estate, Near Sahiba Mills, Jolwa Gam Kadod, Ra, Palsana, Surat, GJ	India
S3-464359432	Hanrahan Entergy	Neil Road, Helena, Arkansas	US
S3-187699981	Naturo-Advisors Partners	BR, Hn C-328 Kurji Pul, Patna, Gate No. 77 East Mainpura, Patna	India
S3-959495930	Bright Massage	J Rd, Beloit, Kansas	US
S3-59450639	Uptown Grill	10615a 106rd Street, Fishhers, Indiana	US
S3-359883833	Pioneer Producer Private Ltd	D-##52 Hill Road Co-op Housing Society, 107-G Bandra Hill Road, Mumbai City, Mumbai, MH	India
S3-887525470	Custom Property Inc Systems Systems	162 Bertram Drive, # B, Yorkville, Illinois	US
S3-793101392	சிவா இன்ஃபோடெக் பிரைவேட் லிமிடெட்	1/37-5, North Street Ayyanarkulam, Alangulam, Kanniyakumari, Tenkasi, TN	India
S3-337432456	Tresa's Service	2131 Wind Fields Lane, Middleburg, Virginia	US
S3-739079803	Caldari	30933 Mcdonald Lake Lane, St Ignatius, MT	US
S3-156148766	Aguilar Empire Berto Ltd	15557 Hickory Creek Rd, Lenoir City, Tennessee	US
S3-260190512	Quality Alshbtsd Preferred Ltd	3225 Anna St, Mabank, Texas	US
S3-468666434	5mart Cttn	#200561 Meadow Ave, Town Of Mcmillan, Wisconsin	US
S3-927302961	Enos Group Services	3817 Wendy Oaks Dr, Templle, Texas	US
S3-188718597	Pulido Heaney & Hubbard Ltd	1442 Reavis Rd, Yadkinville, North Carolina	US
S3-114676018	Aarvendra Amusement Corporation	No 1 Shree Vithal Chs Ltdground Floor Hanuman Road Vile Parle Est, Bombay, Mumbai, MH	India
S3-448068000	Trusted Creative lndustries	Clinton, 11821 1/2 Miramar Avenue, Maryland	US
S3-150562310	এইস টেক এলএলপি	WB, Parganas North, North 24 Parganas, #119/1, Raj Pukur Path Authpur	India
S3-350325196	Boo Family Office, L.L.C.	419- River St, null, Orange, Massachusetts	US
S3-375962702	Internal Medicine Gulf	1768 Main St, Tewksbury, Massachusetts	US
S3-955634643	Sherman & (Hútzel)	108 Patterson Park Ave, # APT 2R, Baltimore, Maryland	US
S3-59250142	Zaza Cónsulting Enterprises Pvt Limited	No 1112 Park Vistas - Park Darshan Chs. Ltd, Mumbai, MH	India
S3-40874964	RCQ MUSTANG GROUP	11220 Warner Rd, PMB 871, Darien, New York	US
S3-981754581	डायनामिक हाई इम्पेक्स बेकरी प्राइवेट लिमिटेड	H.no 0092 C/o Ramesh Baheti, Kharkhana Road, Akole, Ahmed Nagar, MH	India
S3-354397135	Hall, Jóhnson and Mrcgcet Inc	14 Woodpecker Road, Newakr, Delaware	US
S3-515913619	>> Cher's Unified Chemical P.L.L.C.	The Alameda, Baltimore CDP, Maryland	US
S3-292920369	Stag, Inc. Services	438 Nuber Ave, Mount Veronn, New York	US
S3-733756835	Bhavya Limited Services	GJ, Ahmedabad, 1St Floor, Karnavati Mega Mall Takshashila School Road, Vastral, F-16	India
S3-153346443	#baycommittee	##1618 Roosevelt Street, Texas, Amarillo	US
S3-239224715	RJC Rpdrmc	#3701 Ashbrook Drive, City Of Wilson, North Carolina	US
S3-997734921	Lyradovariza	Punjab, Sangrur Road Dhuri, Dhuri, Sangrur	India
S3-874581346	Integrated Inc. Union Energy	1618 1/2 Fifteenth Ave, Fargo, North Dakota	US
S3-363655952	Dover Complete Sierra Corp	14027 Juniper Cir, Andover, Minnesota	US
S3-513110142	Speed Sansthan Private Ltd	A-009, Mira Road (E), MH	India
S3-635237388	Town Of	Texas, #906 Extra Mile Road, Blano CITY	US
S3-206193870	Heartland Tri-State Aspen Holdings	#25 Child St, # 714, Cambridge, Massachusetts	US
S3-163684217	Canada Learning Centre	714 Atlantic Ave, PMB 9795, Fairfield CITY, California	US
S3-226810590	American Inc  Investments	0438 Plateau Point Trl, <NULL>, Cnroe, Texas	US
S3-493214535	Brixnex	Lincoln, Nebraska, 1815 Van Dorn Street	US
S3-580864177	Internal Medicine Care Associates [(Lakeside)]	Foley, Minnesota, 6131 Little Rock Road	US
S3-74119789	Green Company Trading	E-#30, Green Wood City, Gurgaon, HR	India
S3-646196798	Indian Immefx Private Limited	No. 12, Akshata Enclave, Adichunchanagiri Road, Mysore, KA	India
S3-420915783	STAFFORD VETERINARY CLINIC	225 Arnold Ave, # R, East Peoria, Illinois	US
S3-824549445	Madison Limited Private Travels	At Sunav-bandhani Road, Near Sitaram Bapani Madhi, At Sunav, Tal-petlad, Sunav, Anand, GJ	India
S3-653939678	Kritavi Centre Clinic [Company]	B-10 Jacn Heights Altura, Sarajpur Road, Bangalore, Bangalore South, KA	India
S3-763698522	Pediatric Group Services #8335		US
S3-271577408	Housing Pinnacle Committee	North Carolina, 199 Haywood Street, Unit 317, Asheville	US
S3-221956545	Kell0gg Endocrinology (Partners)	003723 Richardson Rd, Monroe, North Carolina	US
S3-167537511	Morales Mckinley Inc	City Of El Paso, Texas, Hank Aaron Drive	US
S3-153060244	best modern investment pvt ltd	Sno 21/1 Gokul Vihar, Flat 08, Jagtap Dairy, Pune City, Pune, महाराष्ट्र	India
S3-175027931	FYJ Centre Private	4A, Alipore, North 24 Parganas, WB	India
S3-325606760	Virginie Olvera Ínvest Inc.	Waseca, 804 Twelfth St, Minnesota	US
S3-750909893	Can LLP Services	Pune, MH, Door No 202 Vullariiti Road Aundh, Pune	India
S3-544405937	Western Publishing LLC	269 Cullom Way, Clarkville, Tennessee	US
S3-914063231	Mohanlal & Sons Private (Limited)	H/o Sri Shashi Prakash Alok, Navratanpur Postal Park, Dc, Karbigahiya, Patna, BR	India
S3-392038055	Silver Coffee! LLC	311 Hillsborough St, Raleigh, North Carolina	US
S3-234525545	T/V  Logistics	76-78 Bangor St, <NULL>, Houlton, Maine	US
S3-871969019	Foot + Ankle Best-Associates Inc	3639 Main Plaza Drive, Houston, Texas	US
S3-899774511	Ameera Solutions Limited	B-2/5 Shinangi Tower 2Nd Floor Vibhuti Khand, Gomti Nagar Lucknow, Lucknow, UP	India
S3-153119280	सुपर गुजरात लॉजिस्टिक्स प्राइवेट लिमिटेड	0019-C, NULL, Delhi, South Delhi, दिल्ली	India
S3-969478765	जय प्रोड्यूसर प्राइवेट लिमिटेड	Doshi Mansionm G Cross Road No 3 Kandivali (West), Mumbai, MH	India
S3-282555976	Edifice Technologies Private (Limited)	Plot 608 House No. 552, Gali No. 9, Blk-a, Village Mukandpur Phase-i, North West, DL	India
S3-657956824	Elite Advanced (Muniyield)	104 Rogers Rd, # A, Burgaw, North Carolina	US
S3-500799676	Sorensen Works  L.L.C.	85 Hancock Dr, PO Box 6899, Bethlehem, New York	US
S3-617988593	Green Diagnostic Sericbs Inc.	Windsong Ct, Fort Wayne, Indiana	US
S3-757936087	Pediatric Céter	Emma Victoria Dr, Williamson County, Tennessee	US
S3-94071158	Zetabelo formerly Navi Mumbai For Private Limited	Shop No. 48, Sector-1A, Prabhat Center, Cbd Belapur, Navi Mumbai, Thane, Maharashtra	India
S3-148249639	Avizeta	175. Oates-Armwood Ln, Faion, North Carolina	US
S3-156058302	Shree Brothers Corporation	Faridabad, HR, Gali No.1/3, W-8 Sarurpur Industrial Area, Sarurpur, Faridabad	India
S3-110012865	Avrit Jagger Green Systems Valley LLC	9556-9558 Selby Place, Norolk CITY, Virginia	US
S3-967687321	Hindi Stúdio Private Limited	Shop No 414, 3 Rd Floor, Annas Arcade, Mg Road, Thiruvananthapuram, Trivandrum, Thiruvananthapuram, കേരളം	India
S3-650093794	The Korlum Project	4530-4534 Fair Oaks Boulevard, Sacramento, California	US
S3-140213252	Synthetics	454, K.M.Roy, Chowdhury Road(Alir Math), South 24 Parganas, West Bengal	India
S3-372562611	Miramontes and Johnson Ltd (Services)	19103 Coleto Creek Bend Dr, Cypress, Texas	US
S3-174253584	Dr Visu Seva  Center		India
S3-747261680	Red ಗೋಲ್ಡನ್ Exports Private Limited	H.no 613, <NULL>, Bengaluru, Bangalore, KA	India
S3-617219488	India  Nh Creation Pvt Limited	House No. 16, Sarika Vihar, Deepnpur, Najafgarh, New Delhi, South West Delhi, DL	India
S3-613617909	Cardiology Care	Petronas Ave, Albuquerque, New Mexico	US
S3-165338495	réalit.com	Site No. 16Ews, Bangalore Rural, Hoskote, ಕರ್ನಾಟಕ	India
S3-12496631	Mccullar Ventures LLC	5 Grand Port Rd, Berlin, Maryland	US
S3-123964461	Great Vanguard Amplify, L.L.C.	##221 Butterfield Road, # C, N. Aurra, Illinois	US
S3-180354723	Yumaumbra Formerly Federal Family Practice LLC	5021 Grandview Drive, Owensboro, KY	US
S3-774558065	Mumbai Co Services	2-47/11, Karande Chawl, Pushpa Park, Ban Dongari Malad East, Mumbai, Mumbai Suburban, MH	India
S3-251512971	Education Féderation	3270. Whitney Road, Aurora, Illinois	US
S3-122314932	taraikaadvertising.com	Flat E-603, Mantri Celestia (Mc), Gachibowli, Hyderabad, TG	India
S3-437597215	3131 washington place company	#6017 Dartmoor Court, Indianapolis CITY, Indiana	US
S3-877454225	Joli Minor, Ph.D. Holdings	Chicago, Illinois, 1557 Devon Avenue	US
S3-163021241	Aristo Technobuild Limited Partners	Room No. 4/818, Palakkad, കേരളം	India
S3-549014573	(Systems) Kline LLC	Conneut, 964 Wrights Avenue, Ohio	US
S3-397951924	Barbershop Street Main	284 Shawmut Ave, # 1F, Boston, Massachusetts	US
S3-516723377	Co Lacey Capital Partners	310 Division Strete, Huntington, West Virginia	US
S3-424770491	Vision Energy (Private-Limited)	H No 00 Tal Hatkanangale Narande, Kolhapur, महाराष्ट्र	India
S3-412831515	Rocky Trust of  Oxnard	2724 Colonia Ave, Oxnard, California	US
S3-77821640	Pirg  Foundation	Bolck:6, Flat E3, Jains Green Acres, No:91, Dargah Road, Pallavaram, Chennai, தமிழ்நாடு	India
S3-397665590	Zrron Inc	218 Washington St, Unit 58, Easton, Maryland	US
S3-260226673	Laex Arc [Corp]	5201 Camelback Road, Unit 65, Phoenix, Arizona	US
S3-589305433	Long Elite Advertising [L.L.C.]	78 Gardenia St, East Pleasant View, Colorado	US
S3-343957779	Patriot Féllowship Co	14132 Sassafras Cove Rd, Galena, Maryland	US
S3-752246291	Ickes Ibris	513-B Green Street, North Carolina, Raeford	US
S3-790883711	Krishna lnfrastructure Private  Limited	H.no.121, Newasa, Ahmednagar, महाराष्ट्र	India
S3-976098743	Advanced Muzero Corp	2047 Rivers Drive, Newrk, Delaware	US
S3-948660045	स्मार्ट कंसल्टिंग बेकरी प्राइवेट लिमिटेड	Plot 417 425, Sant Nagar, Delhi, DL	India
S3-590020647	vega llc	4st St, Hickory Township, North Carolina	US
S3-35591280	custom hill p.c.	590 Pintail Circle, Drummonds, Tennessee	US
S3-352292098	123 Western Riverside Llc	Frederick, 8035 Cattail Ct, Maryland	US
S3-783621481	Inc Chiropractic Speinlfisto,	6708 Summertime Ln, Boone County, Kentucky	US
S3-852257919	Strategic Vhtreos Clinic	4313 114th St, Eastmont, Washington	US
S3-85177419	Umbralum formerly: Rodriguez, Jenifer and Hancock Healthcare Inc	633 Fossil Wood Drive, Fort Worth, TX	US
S3-890885927	Watts Health	327 Clarks Falls Road, North Stonington, Connecticut	US
S3-398553442	Waller & Smith Smith LLC	N34w23311 1/2 Hunters Ct, Unit Unit 101, Pewaukee, Wisconsin	US
S3-364731261	Regional Ministries Partners	422 Shamrock Way, Greenville, North Carolina	US
S3-852811383	Pink Builders Enterprises Private Limited	Door No 0094 Lt Chandrashekhar Prasaad, Vill- Bhagwanpur, Tola - Panch - Bhagwanpur, Chandi, Nalanda, BR	India
S3-618761076	Aditya Technology Textiles Private Limited	#52 J S S Road 8 Oceanic House1st Floor Thakurdwar Karelwadi, Bombay, Mumbai City, MH	India
S3-71440413	Sri ... Value Home Private	Gautam Buddha Nagar, UP, 120/395Lajpat Nagar Kanpur, Jyotiba Phule Nagar	India
S3-516381040	Vira Works Private Ltd	10R Folor, No. 402-B-1Tf, Iti Hbcs Layout, Mysore Road, Bangalore South, Bangalore, KA	India
S3-223373496	Wood, Dennis & Lee Wisconsin Ltd	##14151 S River Road, Woodford, Virginia	US
S3-425582055	ఎస్‌ఎస్ ఎస్టేట్ ప్రైవేట్ లిమిటెడ్	Door No #74-24-14/4 Y.a Rao Street, Vijayawada, ఆంధ్రప్రదేశ్	India
S3-719433452	Dermatology Hth, lnc	1473 Guy Baker Rd, Conover, North Carolina	US
S3-292233843	Vishwaroop Pulp (India) Private (Limited)	H.no ##5, Prem Nagar Market Tyagraj Nagar, Delhi, Central Delhi, DL	India
S3-425567487	LLC Certified Clean Automotive	11201. Native Texan Trl, Austin, Texas	US
S3-605264694	Fresh Énvironmental Partners	16813 Hill Road, Town Of Hewitt, Wisconsin	US
S3-646169590	John Consultancy-Private-Limited	KL, Palakkad, Door No D/476 25/440(20) Aboobacker Road, Palakkad	India
S3-844562169	Marketing Beauty Home	Garden Enclave, MH, Thane	India
S3-832582334	Primary Care Medicine	Oklahoma, 911 Iowa St, Norman	US
S3-471642264	STERLING INDUSTRIAL SYSTEMS INC.	3214 Egret Meadow Lane, Houston, Texas	US
S3-40597455	Dkv Dkv LLP Service		India
S3-986390203	Aaradhya Private Limited Center	C-6-2/29, Model Town-iii, Delhi, North West Delhi, DL	India
S3-329834889	En 5ecduirty Group	No 0014 Kodandarama Temple Road Subbanapalya 3Rd Cross, Bangalore, KA	India
S3-555580966	LLC Value Grading	Ives Avenue, City Of Oxnard, California	US
S3-411206979	Rivaan & Services	49-50, Jaipur, RJ	India
S3-97449311	Ashien Bridgeford	4032 73 St, Jackon Heights, New York	US
S3-740397008	express supreme development ltd	038 Folsom St, Boston, Massachusetts	US
S3-884401847	Anchor Healthy Coastal Co	Kansas, 810 Genesee St, Blue Rapids	US
S3-967581375	Shivam Care Private	Plot 789 C/o Rajesh Prasad Singh, Machali, Gali Kadamkuan, Patna, Satellite, BR	India
S3-399277317	Internal-Medicine Group Dynamic | www.internalm.com	2034- America Street, Baton Rouge City, Louisiana	US
S3-418876046	Cardiology Associates Care	1080 Harmony Rd, Halifax County, Virginia	US
S3-340877392	Pune Chíts Pvt Ltd	One North Tower -C- (Cygus)-102 S. No. 133(P), Pune, महाराष्ट्र	India
S3-792101273	Grace (Community)	144 Amity Dr, Waterloo, Iowa	US
S3-30370164	Loise Groce Bancorp Care	Greencastle, Indiana, ##2 Edgelea Drive	US
S3-113535898	Melton Offshore Of  Andover (Inc)	8 Joseph St, Andover, Massachusetts	US
S3-222350246	Vision Patriot Health Highland Inc	003104 Santa Barbara St, PMB 1060, Laredo, Texas	US
S3-601724242	Tdi Nursing Home Corporation	H.no D/51 Ezar Street2nd Floor, Calcutta, Kolkata, WB	India
S3-911166048	Baba Hospitality Pvt  Ltd	Thane, MH, Block C-963 B	India
S3-76369660	Smt Particle &	9/2 S N Chatterjee Road, Calcutta, Kolkata, WB	India
S3-315370353	THAKRAL TRADELINK ENTERPRISES ENTERPRISES	U-022, Basement Green Park Main, New Delhi, DL	India
S3-608592197	Pediatric  American Care, Partners	1301. Honeysuckle Drive, Killleen, Texas	US
S3-955078672	Cochin Restaurants  Pvt	11B-T4, Ernakulam, KL	India
S3-789389246	Creative-Rky Quality	0173 College Hwy, Sotuhwick, Massachusetts	US
S3-798755553	हाई प्रोजेक्ट्स प्राइवेट लिमिटेड	Rz - 88, Pindwala Khurd, दिल्ली	India
S3-141351195	Ivenon  Boa Clinic	622 4, Chandler, Oklahoma	US
S3-942135264	Janardan Engineering Center  Limited	51A, Delhi, North, DL	India
S3-193859040	>> Raipur Plastech Private	R No 003 Fazal Rehmanchawl, Shivaji Nagar Opp Sathana, Mumbai, MH	India
S3-743551644	Sikes Classic Classic Odyssey	110 Bayard Rd, South Euclid, Ohio	US
S3-131660045	GASPAR & GALICIA INC	7601 Zircon Dr, NULL, Killeen, Texas	US
S3-599970559	Prairie Inc  Service	1766 Mission Street, Wenatchee, Washington	US
S3-502165189	Cafe Big LLC	Verona, 312 William Circle, Wisconsin	US
S3-727434557	Sunrise सॉल्यूशंस प्राइवेट लिमिटेड	UP, Allahabad, Uttar Pradesh, Door No 6-3Bank Road Allahabad	India
S3-475096872	Crystal Genomic Brands Llc	##177 Taylor Street, Fredericktown, Ohio	US
S3-421164955	Quoveo aka Royal Transit Works LLC	9647 Sr 550, Vincent, OH	US
S3-438019148	Mattos ánd Figueroa Group	14 Waddell Drive, Smithfield CITY, North Carolina	US
S3-104911872	Auray Rogers	30433 Wlf Creek Ln, Cashion, Oklahoma	US
S3-53586	Premier Mobile Inc	Beech Mt Circle, Mansfield, Connecticut	US
S3-478903483	Dunn and Corp Owens	3223 State Rt 82, Mantua Twp, Ohio	US
S3-179313636	Ozone Private Dealers Límited	GJ, Vapi, Shop No. 247, Govinda Complex, Vapi-silvassa Char Rasta, Tal. Pardi, Valsad	India
S3-955625661	Normile Scientific	13617 55st Ave, Unit 319, Glendale, Arizona	US
S3-824141371	Supreme (India) Pvt. Ltd. Service	Plot No.-540 P, Gurgaon, HR	India
S3-827485196	AQ Bríght Downtown LLC	863 Farm Road 52, Willard, Missouri	US
S3-365684456	వైట్ సిల్వర్ సొల్యూషన్స్ ప్రైవేట్ లిమిటెడ్	F No. - G-1, Hyd, P No 25, Sri Sai Arcade, తెలంగాణ, Hyderabad	India
S3-726414344	Ontiveros Grand Holdings Center	01041 5th Plaza, Florissant, Missouri	US
S3-953235310	Surgical Group of Glen Burnie Ltd	00908 Brighton Place, Fl 0, Glen Burnie, Maryland	US
S3-337504812	Human Rights Pioneer Committee	1631 270th Street, Settlers Township, Iowa	US
S3-237246241	लक्ष्मी टेक्नोलॉजीज टेक्सटाइल्स प्राइवेट लिमिटेड	New Delhi, Block A-994 29, DL	India
S3-881306209	Great Endocrinology Ltd	01086 Silver Sage Trl, Weatherford, Texas	US
S3-575444385	Interfaith-Charities	229 1/2 Peaceful Path, Canton, North Carolina	US
S3-335861094	Reliable Precision	12717 Date Street, Jenks, Oklahoma	US
S3-170803939	Sallee Financial Riverside, Inc	922 Timberwood Drive, Radcliff, Kentucky	US
S3-346753622	Aditya Construction Private Ltd	GJ, Orchid Whitefield S.no:-81/82, 84-86-A, Nr. Makaraba Railwa, Y Crossing, Ahmedabad, <NULL>, 63-E/6	India
S3-827475007	Co Raber and Mcky Management,	913-915 Glastonbury Road, # 947, Nashville, Tennessee	US
S3-279454260	Ruelle American Nova East	266 Merrill Avenue, Illinois, Loves Park	US
S3-718101834	Janakpuri Exim Private Ltd	DL, New Delhi, 411, Janakpuri, Rajindera Arihant Tower, B1 Community Centre	India
S3-629763398	TMT Technologies Assocmimntes	355 Swastik Sanskriti Enclave, Udian Ii R B Road, Lucknow, UP	India
S3-845818697	JR Services Privae Limited	5, Mumbai, महाराष्ट्र	India
S3-983968267	Pvt Great Impex Limited	B 11, 301, 3Rd Floor, Patel House, Ranjit Nagar Complex, Central Delhi, New Delhi, दिल्ली	India
S3-528959576	Mercedes Brison Karbon	15584 Fifth St, California, Victorville	US
S3-587366887	Golden Private Limited (Services)	00121, Mukund Nagar, C.p.w.d., Near Ranka Hospital, Pune, MH	India
S3-307524937	Larissa's-(Technologies)	5531 Buck Lake Dr, Florence Township, Oregon	US
S3-536135889	L0wer  Nevada LLC	1301b 12nd Ave, # Suite 105, Great Falls, Montana	US
S3-668828108	Solutions Sweet  Securities Ltd	97 Andul Road, Gkw Compound, Shed No.1, Howrah, WB	India
S3-20316000	Clark Delta	0421 Crown King Rd, Arizona, Phoenix	US
S3-288463028	Armstrong Laboratories Group	5225- Calistoga Way, Sacramento, California	US
S3-53033737	ONE HOSPITALITY HOSPITALITY PVT LTD	Plot No.3a, Oil Mill Road, Ashok Brindavan Nagar, Iyyappanthangal, Chennai, TN	India
S3-369847822	Liliane Clack, D.D.S., M.D., Inc	Indiana, Jasper, 1344 500	US
S3-152875655	Interfaith Alslnec	7190. Jacobus Lane, Nassawadox, Virginia	US
S3-309902325	M/s Úmbrasyn	1 C, Kolkata, WB	India
S3-650917324	STEELE BAY POPULAR	106 3nd Ave, Friendsville, Tennessee	US
S3-919719440	Orthopedic Reliable  Center Uptown, LLC	35 Cornhill, Unit 606, Boston, Massachusetts	US
S3-161570461	smart stanley pc	714 Anoosh Court, Upper Marlboro, Maryland	US
S3-44584620	... Meadows Copper	Eastlake, Ohio, 34801 Vine St	US
S3-329001140	bhuwalka advertising	3Rd Floor, Sarkar Complex P.s- Sk Puri Boring Canal Road, Patna, BR, Plot No-56	India
S3-46370725	Sun Investment Ltd	C/o Bhujang Nivrati Kawade H No 436 At Post Washi Taluka Washi, Osmanabad, MH	India
S3-964810057	Evangelina Madrigal Cornerstone Medicines	##7575 Madison Ave, Unit APT 248, Citrus Heights, California	US
S3-440507804	Anchor Pioneer Ápex LLC	14840 State Rte 7, Gallipolis, Ohio	US
S3-918313533	HALCYON	10843 Spring Ave, St Ann, Missouri	US
S3-699702415	Midwest Consultants Corp.	01676 Dove Drive, Blooomington CITY, Indiana	US
S3-147428299	Sri premsalt.c0m	Qadian Road, Gurdaspur, Batala, PB	India
S3-423051151	Metropolitan  Douglas	1357 47th Street, Sacramento, California	US
S3-933648881	গোল্ডেন ফাইন্যান্স প্রাইভেট লিমিটেড	13, Howrah, Kolkata, পশ্চিমবঙ্গ	India
S3-556452732	Kolkata-Services Pvt Ltd	Door No 396 Live Corner, NULL, Calcutta, Howrah, পশ্চিমবঙ্গ	India
S3-281458525	Laxmi Enterprises L.L.P.	A Slv Ds Centre, No.393 Bharathiyar Road, New Siddhapudur, Coimbatore, TN	India
S3-275448379	Grand-Education-Group Partners	244 Gorton St, Buffalo, New York	US
S3-49949686	revive welfare society corp	H.no 912 Gst Road, Chennai, null, தமிழ்நாடு	India
S3-891505146	zonnyagranadosfrontier.com	115-B Rounseville Avenue, PMB 967, Soerset, Massachusetts	US
S3-139926474	Mirajax DBA Canterbury Summit Wisconsin, LLC	61 Phinney Lane, Canterbury, CT	US
S3-335132854	Giustina Tán, M.D., DDS PC	5740 Bradyville Rd, Bradyville, Tennessee	US
S3-480488859	Services Sinhal Chits  Private Limited	House No B-44., Ground Floor, Block-b, Gtk Ind Area, Delhi, North West, दिल्ली	India
S3-804765429	Robinia Baker, Baker,	704 Henderson Lane, Gilbert, Arizona	US
S3-301621574	Blossom-[Institute]	Plot No. 43, Jaipur, Neemera, राजस्थान	India
S3-823862822	DERMATOLOGY DERMATOLOGY CLINIC INC	Tennessee, Cordova, 9460- Darren Circle	US
S3-563044748	Fxb-Logistics	No 17, 1St Floor, Akbar Road, Nr.diamond Point, Secunderabad, Hyderabad, తెలంగాణ	India
S3-675092870	Peace Ventures		India
S3-847969241	கேலக்ஸி ஐடி பிரைவேட் லிமிடெட்	TN, No.##22, Chengalpet, Periyar Street, West Gandhi Nagar, Avadi, Chennai-54.	India
S3-345141525	Ambar Educational Society Pvt Ltd	No 75 Jasmine Tower, Unit No - 602 & 603 6Th Floor, 31, Shakespeare Sarani, Kolkata, WB	India
S3-213836850	Taylor Ace River Eastgate Inc	3566 Kernersville Rd, Winston-Salem, North Carolina	US
S3-989259369	Almire Grubbs [D.C.]		US
S3-264982712	Zea Nava Loan	2816, Mabank, Texas	US
S3-871052424	(LLC) XC Clear Bank	5964 Golden Gate Drive, Dallas, Texas	US
S3-611355952	LLC GUZMAN & STUMPH INDUSTRIES	Indiana, Fort Wayne, 8420 Hawk Spring Hill	US
S3-815439140	(india) Laxmi	No C-18/153 A 4, Kozhikode, KL	India
S3-273468052	Sai Services-Private	#202, Thane, Badlapur (W), MH	India
S3-531880104	Hemlata College	P-44/7, Rabindra Sarani, C/o. Shree Balaji, Kolkata, Kolkata West, Kolkata, WB	India
S3-484475972	FISHER CLEAR FRANKLIN L.L.C.	20 600, Hebron, Indiana	US
S3-297815184	Family Care Associate	240 Frederick St, City Of Menasha, Wisconsin	US
S3-30658761	sanchez, tynes & hamilton inc	204 Flemmington Dr, Lake Waccamaw, North Carolina	US
S3-164604150	Brittani's Cascade Studio Services	838 14th Street, Quincy, Illinois	US
S3-413876127	Guru Finance Limited	Sri Ayyappa Society Madhapur, Hyderabad, Andhra Pradesh, Door No 500, Mumbai	India
S3-989257576	ಗುಜರಾತ್ ಕನ್ಸಲ್ಟಿಂಗ್ ಪ್ರೈವೇಟ್ ಲಿಮಿಟೆಡ್	Hn 906 C35 1 2Nd Floor 1St Stage, Bangaluru, Bangalore, KA	India
S3-935689414	The Bastion		US
S3-464292822	Ruthanne Stewart Jaws [LLC]		US
S3-371988109	Kitch  and Faraone Braves	2790 Tampico Drive, St George City, Utah	US
S3-767100838	ହାଇ ଟେକ୍ନୋଲୋଜି ପ୍ରାଇଭେଟ୍ ଲିମିଟେଡ୍	Kuhunda Via-kuhunda, Cuttack, OD	India
S3-260940889	Perez & Cortina LLC  Center	2904 Desmond Woods Drive, Greensboro, North Carolina	US
S3-671640265	greatsouthprojects.com	Cts No- 102, Sani Arma, 3Rd Floor, Raut Lane, Near Isckon Temple, Juhu, Mumbai (SUBURBAN), Mumbai City, MH	India
S3-111125203	Va1enzuela  Loan	Edwards CITY, #7 Stonegate Circle, Colorado	US
S3-780898008	Bush, Pasobfl & Bruno LLC		US
S3-567475323	Solay Harbor	Houston, 6923 Shavelson Street, Texas	US
S3-859449333	Frontier Montessori School Central	Texas, 431 Smith Road, Springtown	US
S3-206489912	Nexora (India) Warehouse Infratech Private-Ltd	H.no.381/9 At Ket Khadi Post Vangaon Tal Dhanu Ket- Khadi, महाराष्ट्र, Vangaon, Thane	India
S3-876291942	DIH Private Limited Service	12/98, Blakrishna Building, Sion Road Sion East, Mumbai, Mumbai City, MH	India
S3-305703380	Shiv  Supreme Foods Private Limited	B-4826, Galo Ni-112/2 Sant Nagar, Burari, Delhi, DL	India
S3-660259537	ಲಕ್ಷ್ಮಿ ಓಂ ಎನರ್ಜಿ Limited	No 143 2Nd Stage Rajivnagar Devanur Extension Nr Mohalla, Mysore, Yaraganahalli, KA	India
S3-203936649	selco pack private limited	149 10-3-72, Flat No 601, Apex Habital Apts Humayun Nagar, Mehidipatnam, Hyderabad, Andhra Pradesh	India
S3-66249105	Beacon Ánnaly Services	4239 Adawood Dr, Copley Twp, Ohio	US
S3-945303713	Oncology Crystal Medicine Partners	12921 Castlebar Drive, Sun City West, Arizona	US
S3-816212737	হাই ইনভেস্টমেন্টস প্রাইভেট লিমিটেড	18/1 Mahasrhi Debendra Road, Calcutta, Kol, WB	India
S3-782288091	Stewart Sky	027 Robillard Street, Grdner CITY, Massachusetts	US
S3-829508968	Private Prafful Fortnuse Limited	9, Amartalla Lane 1St Floor, Kolkata, Howrah, WB	India
S3-620962600	Wildlife Institute LLC	0110 Carlson Ave, Illinois, Washington CITY	US
S3-590825591	Prescott Cnhcofsine Gss	500 Avondale Place, Floor 1, Columbia, Missouri	US
S3-488089366	Calohalo	H.no C-204 Hyde Park, Indore, Gawli Palasia, MP	India
S3-419139929	Rodriguez Míssion	312 Longhorn Ridge Rd, Cedar Park, Texas	US
S3-54083992	Capital Pediris Inc.	70 Perl Saint, PO Box 3757, Brookline, Massachusetts	US
S3-604302747	Lower Markets Ínc	6424 Weaver Road, Berlin Center, Ohio	US
S3-651214468	Royal Federal Security Services	1210 Mclamb Road, Neton Grove Township, North Carolina	US
S3-152643554	Marlyn-Burrows	52 Eighth Ave, Mesa Dobson, Arizona	US
S3-35363065	WV Nexpoint, Co	12010 109th St, Vancouver, Washington	US
S3-953915036	integrated engineering	740 Orange Blossom Way, Montgomery, Alabama	US
S3-107077695	NNC High Private	708, Naroda Business Hub Opp. Satva Green Party Plot, Village M, Uthiya, Naroda, Ahmedabad, GJ	India
S3-915765025	स्मार्ट मार्केटिंग प्रा. लि.	T Prasad Rz-c-46, New Delhi, South West Delhi, DL	India
S3-404972083	M/s Chhatrasal Technologies (India) Enterprises Private	Villa No.24, Hyderabad, TG	India
S3-213744213	Pure Ventures Pcrvae Limited	C-801, 8Th Floor, Himachali Apartment Sector- 3, Plot- 8, Dwarka, New Delhi, West Delhi, दिल्ली	India
S3-11457281	Verona-Telecom  Ventures	No 92 Pioneer Square, Ground Floor Near Golf Couse Extension Road, Sector-6, 2, Gurgaon, HR	India
S3-15577974	DELRIO DESERT ELITE DOWNTOWN LLC	6602 Boulder Brook Court, Dubuque, Iowa	US
S3-108684151	Office Of Parks And Recreation Corp.	District of Columbia, Washington, 2133-2137 3rd Street	US
S3-222578815	Clarksville  Cancer	480 International Blvd, Clarksville, Tennessee	US
S3-562126363	Cdr Sangh Clinic Company	#45, Lucknow, Nawdha Chamber Lalbagh, UP	India
S3-908451347	Genvieve Pena	25 Road, Flushing, New York	US
S3-879935842	Village Of Restaurant Greenville LLC	N1434 Greenwood Road, Village Of Greenville, Wisconsin	US
S3-796436992	MSO Clean Consulting Inc	Massachusetts, Unit 2, 33 Putnam Rd, Fxboro	US
S3-552541794	Art Group Private-Companies of Limited	DL, Plot No-74 Third Floor Right Side Block-h Mohan Garden, New Delhi	India
S3-256138866	Gangotri Bullion Prgvmte Limited	Vill-ghorhat, Tola-ghorhat, Panchberi, Block-madanpur, Madanpur, Aurangabad(bh), BR	India
S3-387314988	Srichakra Educational (Society)	Gut No 0250 Plot No 103, Royal Park, Aurangabad (MAHARASHTRA), Jalna, MH	India
S3-771437322	Bruce  Ses	10917 Trumbull Road, Tolleson, Arizona	US
S3-844641343	Surat Trading Overseas Pvt [Ltd]	Surat, 52, Surat, ગુજરાત	India
S3-897894295	Vision Gróup Center	N65w22201 Woodfield Dr, Village Of Lisbon, Wisconsin	US
S3-213249300	Bhr Sangh	01., Maynaguri, WB	India
S3-368197652	Anchor Inc.	1702 Eastland Dr, # 201, Bloomington, Illinois	US
S3-603363626	... Total  Automation Concepts	753 204th Ct, Douglas County, Nebraska	US
S3-314351644	Battle Services	11512. Tibee Dr, Austin, Texas	US
S3-862450348	Warren Grand Canadian	28 Jred Way, Freedom, California	US
S3-901038607	Jaxmira trading as Ghaziabad It Limited	Gzb 726/S-3, Smg Gdn-I, Ghaziabad, Uttar Pradesh	India
S3-105867279	Star Cascade Centurion L.L.C.	Pleasant Shade, Tennessee, 156-160 Dickerson Hollow Lane	US
S3-404444141	Sri Phoenix Development Private	G-906, Ahmedabad, GJ	India
S3-776706350	Mazzella Hospital Ltd	0436 Main St, Sterling, Kansas	US
S3-330534788	FRESH PRINTING UNION LLC	34500 Glen Drive, Eastlake, Ohio	US
S3-726490939	Buva Capital	2402 2nd Pl, Renton, Washington	US
S3-927742117	Primary Care Pinnacle Inc Service	5306 52rd Ave, Portland, Oregon	US
S3-588923026	PUNE GUEST PRIVATE LIMITED	G. No. 1297, Sharad Nagar, Panchshil Hsc Chikhali, Pune, महाराष्ट्र	India
S3-856282352	BLUE ICE CREAM! CO	724 Maryland Ave, Hagerstown, Maryland	US
S3-193766061	Highland Medical Center Downtown, Inc	5340 166th Street, Urbandale, Iowa	US
S3-33605198	ഹോട്ടൽ ഇംപെക്സ് പ്രൈവറ്റ് ലിമിറ്റഡ്	Tc 36/1969-1, Trivandrum, KL	India
S3-423246958	ಮಾ ಇಂಪೆಕ್ಸ್ ಫಾರ್ಮಸಿ ಪ್ರೈವೇಟ್ ಲಿಮಿಟೆಡ್	No 38 6Th Cross Raghavendr, Layout Shettihalli, Bangalore North, Bangalore, KA	India
S3-438472498	5eon East	1503 Beachfront Ter, Portsmouth, Virginia	US
S3-368218090	donielle oquinn, o.d. group	4 La Villita Court, Albuquerque, New Mexico	US
S3-193439076	Mian, Grigg and Buck Westgate LLC	1244-1246 Faraday Pl, Washngton, District of Columbia	US
S3-803228822	Kaveroro  Foods Private Limited	#81 Sanjay Nagar Bkalar Road, Jaipur, RJ	India
S3-196072826	ఫ్యూచర్ లాజిస్టిక్స్	D.no.50, Srinivasa Castle, Narayana Puram, Tirupathi, Tirupathi, Chittoor, ఆంధ్రప్రదేశ్	India
S3-45152310	Twinkle Films Ltd	Door No 16-3-999 Flat No.102 Zaina Apt Malakpet, Hyderabad, TG	India
S3-747551174	H0bbs Wngte LLC	754 Burgh Westra Way, Abingdon, Maryland	US
S3-853320358	Korriza Formerly Harrison Media LLC	781 Main Street, TN, Memphis	US
S3-947895691	Jarlis  Bankshares	35 First Street, Hinsddale, Illinois	US
S3-695738078	QH (Advisory)	2275 Jo Ann Drive, NULL, Thompsons Station CDP, Tennessee	US
S3-342519181	Limited Trichy Private Center	Flat No. F-134 Gulsan Vivante, Noida, Gautam Buddha Nagar, UP	India
S3-62324011	Duncan Columbia  Group Summit	821 Winnebago Street, <NULL>, Appleton, Wisconsin	US
S3-306635829	Elixir Sérvices Límited	206, Vaishno Seasons, Sonnathanamahalli, Bangalore North, Bangalore, ಕರ್ನಾಟಕ	India
S3-337808794	Nexxyloxylox trading as Pioneer Classic Foundation Limited	C1-1005, Spring Meadows, Gh-07A, Tech Zone-Iv, Bishrakh, Gautam Buddha Nagar, Uttar Pradesh	India
S3-873331484	Charmaine Charmaine Stahl Sterling Agricultural Incorporated	33721 200th St, Underwood, Minnesota	US
S3-468456941	Foods Sms Services Ltd	New 13 A G/f, Vishnu Garden Near Aeroplane Stairs Factory, South Delhi, New Delhi, DL	India
S3-550777046	Vioavi D.B.A. Fernhill Industries Center	701/2/1, Tp-77, Fp-187, Near Satellite Bunglow, Choryasi, Surat, Gujarat	India
S3-65914044	Sri Manglam-Power Private Limited	DL, Delhi, East Delhi, 75-A	India
S3-410378144	Builders Anand  Caring	2-2-109, Medak, TG	India
S3-468520831	Mac Of Institute Technology	#356 H-29, New Delhi, Central Delhi, DL	India
S3-596487679	Shyam Marketing Garments एलएलपी	14Rd Floor, Nirlon House, Dr. Annie Besant Road, Worli, Mumbai Ii, Mumbai, महाराष्ट्र	India
S3-771920872	Ear Nose  & Throat Cascade Group	1304 Marshall Avenue, Phonix CDP, Arizona	US
S3-315920802	Horizon Inc	20 Stoneleigh Ct, Pittsford, New York	US
S3-21810913	Heart Network Partners North	245 Saling Lane, Knoxville CDP, Tennessee	US
S3-758795029	Cascade Diamond Peirmetr Lakeside, LLC	##99 Morningside Drive, Bristol, Connecticut	US
S3-97461379	Immense Infra  Private	H.no.372 Prabhukrupa, Thane, MH	India
S3-919572679	Division of Parks and Recreation Partners	35 Hawthorne Ave, # Suite 30B, Valley Stream, New York	US
S3-500986220	My Tech Private Ltd	Shop No.13, Mulund Sai Ram Chs Ltd., Mhada Clony, Mulund (East), Mumbai City, Mumbai, MH	India
S3-690442155	Valencia's  Logistics	7439 Olivia Hill Drive, Bartlett, Tennessee	US
S3-985750261	सुपर सॉल्यूशंस प्राइवेट लिमिटेड	H.no 631 Tokas Complex, Ug-3 Plot No.5, Sector-19, Dwarka, New Delhi, दिल्ली	India
S3-73542795	Rapid Ngl	##112 Bk 1130 Rd, Brooken, Oklahoma	US
S3-467451366	Services Total International Central Inc	677 Arlington Ave, Saint Paul, Minnesota	US
S3-739482272	The Dent Seafood Associates Inc	2544 Pratt Street, Baltimore, Maryland	US
S3-751303175	Emt (India) Hans Private Ltd	C/o Gopal Rai 196/197., Panchanai, Pintel Village, Matigara, Kurseong, Darjiling, Darjeeling, WB	India
S3-963892953	Unicorn Brothers L.L.P.	1902 Floor 19 Amann Marina Building, Gandhi Nagar Worli Lower Parel, Mumbai, MH	India
S3-665255839	Jain Business Bakery Private	No 39, Basava, 2Nd Floor 1St Cross, Kurubarahalli, Basaveshwarnag, Ar, N/A, KA	India
S3-45498375	Mandira Investment Ventures Pvt Limited	Door No 51 C/o Jai Chand S/o Mahavir Parsad Darbi, Ward No.11 (69), Sirsa, Haryana, Sirsa, HR	India
S3-153747499	Perecosn & Lin LLC	817 Cardinal Court, Hobart, Indiana	US
S3-22831921	energy rajan india limited	57, Friends Colony East, South Delhi, DL	India
S3-741222663	Praful Golbdmtml Group Pvt Ltd	1105, 3Rd Floor, 24Th Main, J.p.nagar, 1St Phase, Bangalore, Bengaluru, KA	India
S3-196609419	Roopya Services Públic Ltd	Door No 1 Floor-13, Plot-93, Satnam Apartment, Sadhu T L Vaswani Marg, Cuffe Parade, Mumbai, Mumbai City, MH	India
S3-558969568	Banales Automotive	null, Leominster, 283 Sixth St, Massachusetts	US
S3-182532597	clean chemical alliance	6200 Westchester Park Dr, Unit 813, College Park, Maryland	US
S3-161182011	Anderson Pennantpark	3868-D Peach Orchard Rd, Whiteford, Maryland	US
S3-161450231	Inc Wellesley Golne John	11 Minuteman Ln, Wellesley, Massachusetts	US
S3-744148584	Truman Capital Pártners Inc	8116 Peak Forest Way, Elk Grove, California	US
S3-54925943	All Exports	A 610 Rna Courtyard, Beh Poonam Complex, Vasai, Thane, MH	India
S3-991418014	Limited Metaphor Farm	No 74 C/o Saroj Devi, Kushinagar, UP	India
S3-438397318	Beacon Eaton Inc.	Vacaville, California, 327 Parkview Ct	US
S3-364177507	Fass + Sabord Select Inc	96 Revolution Mill Dr, Unit 5, Greensboro, North Carolina	US
S3-224252489	Behavioral Health Piedmont  Co Services	01843 Forrest Pointe Dr, Auburn, Alabama	US
S3-14475421	FUQ Creative  Origin Inc	#114 Pearl Street, # Suite 2B, Port Chester, New York	US
S3-995779040	Ear Nose & & Throat Group Of Toledo Co	1123  Woodville Road, Toledo, Ohio	US
S3-597413539	Noellyn Joseph Talon	1506 1/2 71st Pl, Tulsa, Oklahoma	US
S3-635075495	Bell-Art Uptown [Inc]	9514 Spring Green Boulevard, KTAY, Texas	US
S3-573844809	Dominant Payment Payment [LLP]	Flat No.209, Sree Balaji Residency, Plot No.81 &82 Kolan Narayana Reddy Colony, Nizampet, Hyderabad, తెలంగాణ	India
S3-976192765	Kelotavo dba Surgical Modern Health LLC	258 Rays Cove, Wetumpka, AL	US
S3-95161805	chapel group inc	116 Kencrest Dr, Rochester, New York	US
S3-147193107	Corina's Bakery LP-Services	Marysville, 5900 64th St, Washington, # TRLR 94	US
S3-390463829	Anmol Service Support	Rh-a/6, Thane, MH	India
S3-154357982	Rj & Brothers Enterprises Private Ltd	H.no 829 3/470, RJ, Jaipur	India
S3-808555855	Piedmont Dte Central Inc	234-236 Adams St, NULL, Buffalo, New York	US
S3-55155793	Dutson Emerging	1951 260th Street, Clear Lake Township, Iowa	US
S3-799184600	Mr Uni Egg Private	H -30, South, South West Delhi, दिल्ली	India
S3-429215200	bolterresearch.com	331 Cajon St, Unit UNIT G, Redlands, California	US
S3-883515797	Clean Partners Labs Engineering	87 Hanover St, Lancaster, New York	US
S3-621813328	Crowe Square	Texas, Dallas, 04408 Wyoming St	US
S3-284451004	@coastal	Pennsylvania, Speers Borough, Crest Street	US
S3-203609525	Business Group Industries Telecom	609 2nd Street, null, Corvallis, Oregon	US
S3-929238600	Signature Semicondutcor Enterprises LLC	Austin, Shadow Creek Dr, Arkansas	US
S3-606668266	Law	NC, 103 Carroll Street, Cherryville	US
S3-375970870	*** Sioux City Community Federation  Partners	4749c Country Club Boulevard, Sioux City, Iowa	US
S3-531916676	ACE WELLNESS WORLDWIDE INC	9851 Hamline Avenue, Blaine, Minnesota	US
S3-409742310	Sanchez Best Trust  LLC	7420 Bonham Street, Houston, Texas	US
S3-376470031	Atlantic Trust Llc	3241 48 St, Woodside, New York	US
S3-22965131	Surgical Global Specialists Greater	92 Russell Rd, Decatur, Alabama	US
S3-238495315	Prince Trust Charitable	Plot No.624, Flat No 302, Sai Monica Residency Matrusri Nagar, Miyapur, Rangareddy, Hyderabad, TG	India
S3-296563196	Consultants Srisai Pvt. Ltd. Center	Block F-080 Vinus Atlantis Shop No 9 Alfa Mini Market Dukan No 111 Prahlad Nagar Road Setellit, Ahmedabad, ગુજરાત	India
S3-792278068	Clear Douglas, Llc	New York, 340 Walck Rd, North Tonawanda CITY	US
S3-75269201	Bhumiputra Taldetrs Pvt. Ltd.		India
S3-657413975	Solvantage DBA: Cruz Coastal Andretti LLC	9 Perry Street, Unit 2, Brookline, MA	US
S3-628028158	Raj Service	##47, GJ, Ahmedabad, Ahmadabad City	India
S3-447721744	The Ashcroft Unified Connection Inc.	28809 Larry Lankford Road, Princess Anne, Maryland	US
S3-163018865	aaroneindiasolutions.com	58, Calcutta, Howrah, পশ্চিমবঙ্গ	India
S3-319871304	Kestola LLC Services	1410 Scott Street, # 400, Napoleon, Ohio	US
S3-904092721	गोल्ड इंडस्ट्रीज प्राइवेट लिमिटेड	Door No #602, Vinayak Mayo Residency 10/10, Mayo Road, Allahabad, UP, Allahabad	India
S3-489166994	Inc. Family Physicians	9615 Seminole Trl, Streetsboro, Ohio	US
S3-740243638	Global Builders Private Limited	Hno-b3/249, St No-1 Shalimar Nagar, Hoshiarpur, PB	India
S3-386369489	Happy Pub Ltd	Unit STE 240, 001702 Todds Lane, Hampton, Virginia	US
S3-999587340	Dental of  Zachary Center	21611 Noble Reames Road, Zachary, Louisiana	US
S3-294777687	Courter and Huitron Voya, LLC		US
S3-313960713	The Duffie Newbridge Uptown P.C.	4021 Pointe Road, # Apt 306, Bentonville, Arkansas	US
S3-934950207	Windsor Viking LP	New York, 171 Piney Point Rd, Olive	US
S3-343431556	AJ Interstate LLC-Center	232 Fetzer Ln, Ocoee, Tennessee	US
S3-384262307	Pvt Sky Exports Ltd.	Andhra Pradesh, 377 Pno-10-11 Fno 102 Floor-g1, Rangareddy, Hyderabad	India
S3-673279560	Peak Commercial Consultants Ínc	1273- 13st St, Hastings, Minnesota	US
S3-545961961	national center	504 Ranch Road, Wheaton, Illinois	US
S3-264428742	NEW Delhi Green Holdings PVT LTD	NULL, South Delhi, DL, New Delhi, E-300 Basement Greater Kailash Part-ii	India
S3-638936317	Publishing Sanchez's South	Minnesota, 597 Appeldale Dr, Zumbro Falls	US
S3-973414552	Dynamic Atlantic Corp  Truist	1215 Cedar Mountain Rd, Castleton, Vermont	US
S3-389433993	Tirth Cnusltants Cnusltants	A-2, Kanak Vrindavan, Near Sirsi, Road, Teoler High School, Vadodara, Jaipur, RJ	India
S3-482382242	Capital Fouadedtfon Associates [Partners]	11137 Post Oak Road, Houston, Texas	US
S3-673131350	Mazzarella Select Flaherty	603 Sixth Ave, NULL, Sioux Falls, South Dakota	US
S3-277452766	WOMENS HEALTH COASTAL PARTNERS INC	Reese Ln, Austin, Texas	US
S3-80138004	Hult Printing	1874 Valley View Lane, # 140, Farmers Branch, Texas	US
S3-798418565	Callahan Verde	909 Terrace Drive, # 5M, Niles, Illinois	US
S3-528752394	Carter Continental SES LLC	32 Hamilton Saint, Everett, Massachusetts	US
S3-565110666	Green Consultancy-Private Limited	Unit # 7, 3Rd Floor, Plot No.63 Beside Xenex, Kavuri Hills Phase 1, Jubi, Lee Hills, Hyderabad, Andhra Pradesh	India
S3-74630122	Geeta	Villa No. 3-1/Cv/Cp/V-14, Cypruspalms, Hafeezpet, Serilingampally, K.V.Rangareddy, Telangana	India
S3-605677254	ब्राइट टेक लिमिटेड	1346, Ati, Pune, महाराष्ट्र	India
S3-627244831	Platinum Ellie Inc	11236 Continental Avenue, Cleveland, Ohio	US
S3-773319854	Mireielle C. Yuen DO	3116 Waucheeta Trail, Wisconsin, Town Of Dunn	US
S3-950714398	Nova Foundation Pvt [Ltd]	F-2, Madras, Chennai, TN	India
S3-174397286	Private Supreme Ir Limited	En - 44, 3Rd Floor, Salt Lake City, Sector - V, Kolkata, Kolkata, North Parganas, Howrah, WB	India
S3-540225188	Kansai Memorial Truts Enterprises Corp	No. 53 & 49, Bangalore, ಕರ್ನಾಟಕ	India
S3-260600591	Mowry Harbor Corporation		US
S3-656781186	Fresh (Massage)		US
S3-145596119	6raia Inc.	#1245 119rd Avenue E, Oklahoma, Tulsa	US
S3-644539621	Sosonvue PC	10 Phyllis Pl, Rye Brook, New York	US
S3-273964879	Anchor Biobedfal Biobedfal Group Corp	Bowling Green, Kentucky, 1723 Redwood Court	US
S3-117651418	The Murphy, Milicent, DPM	230 Ashmun Street, New Haven, Connecticut	US
S3-816354619	Royal Foundation	Vadodara, ગુજરાત, Ashok Vatika, Behind Patidar Park New Era School Road, Makarpura, A-61	India
S3-617811905	Gulf Initiative	West Virginia, 322 Wade Road, Beckley	US
S3-661934659	Ensminger and (Delarosa)	Texas, Melissa, Belmont Road	US
S3-698920783	Holdings Woodcock, Lacee, L.C.S.W.	Minnesota, 2010 Gresham Avenue, Oakdale	US
S3-477907634	Cole  Stanley Inc	1411 Grant St, Granite, Oregon	US
S3-41008013	Clean (Indaea) Vista Co	444A, Church Road, Ernakulam, KL	India
S3-850817825	Eco Polytechnic	6-6/373, S/o-ramashray, Singh Ward No.7, Kailashpu, Dumra, Sitamarhi, BR	India
S3-480732775	Mr Hmp Traders Public Limited	Plot No- 5D/1418, Sector-10 Cda, Markat Nagar, Cuttack, OD	India
S3-798665997	Kritansh Memorial Private	##6A Clive Row 2Nd Floor, Kolkata, পশ্চিমবঙ্গ, Calcutta	India
S3-654792427	પાયોનિયર સોફ્ટવેર પ્રાઇવેટ લિમિટેડ	H.no 88, Mahesana, GJ	India
S3-803543257	and Nelson Gotschall, (Johnson)	46835 Lavonne Avenue, Kenai Peninsula Borough, Alaska	US
S3-19035523	Clean Mdida Ltd	Plot 363 Iii/646 Madathil House, Kozhikode, KL	India
S3-414995608	Conroy A1lied Stonebridge	2321 Brownstone Drive, Sanford, North Carolina	US
S3-933576141	Uxbridge Arts	2 A Peter Street, Uxbridge, Massachusetts	US
S3-558071173	Forge	Woodland Drive, Charlestown, Indiana	US
S3-577679230	GL	Shop No. 10, Deshmukh Complex Thodaga Road, Ahmedpur, Latur, Maharashtra	India
S3-799006458	PRIVATE SOLAPUR PRODUCER LIMITED	At Post Hno 015/1 Ganesh Nagar Dange Plot Bale Tal N Solapur Dist Solapur, Solapur, महाराष्ट्र	India
S3-534208180	solano better strategy	925 Hempton Lake Rd, Town Of Franklin, Wisconsin	US
S3-949739638	logisticspremier.com	পশ্চিমবঙ্গ, Po Kharbandhi, Midnapur, Panchim Medinipur	India
S3-696791277	Mesa Nexera Inc	7530-7534 Whitney Avenue, Yucca Valleey, California	US
S3-221768126	Grace Igrdl	19143 50st Ave, Chippewa Falls, Wisconsin	US
S3-936654101	The Silver Pizza	North Carolina, Statesville, 2148 Windrush Ct	US
S3-858444533	Group Pediatric Healtth	56814-B Crumstown Rd, South Bend, Indiana	US
S3-996424600	Stanko Safe Circle Westgate PLLC	823 46rd Place, Phoenix, Arizona	US
S3-765592214	Protecva  Pebk Hancock	Tennessee, 7560 Woody Hllow Cv, Memphis	US
S3-82422627	ARV Automation-Pvt.	#921 15-16-10/1, Dwaraka Nagar, Gattaiah Center, Khammam, Khammam-andhra Pradesh, TG	India
S3-758778180	Kunal Food Private Ltd	C/o Sunder Pal Village, Dhaulana, Ghaziabad, UP	India
S3-253362772	Kolkata Area  Limited	Kolkata, 00136/4B, পশ্চিমবঙ্গ, Howrah	India
S3-674673813	Pioneer  Hcitech Solutions Private Limited	0907, Saltlake, North 24 Parganas, WB	India
S3-272739868	Nithya Sólutions Private Limited	No. 29, Bangalore, ಕರ್ನಾಟಕ	India
S3-108902385	HS Intercontinental LLC	2125 1/2 90, Little Falls, New York	US
S3-429447508	#Harborcollege	6112b 294th St, Aubburn, Washington	US
S3-822878269	Gulf Anchor  Chase LLC | www.gulfancho.com	# 1, 90 Crescent Place, Hanson, Massachusetts	US
S3-65038503	Noe Health	Adams Street, # 718, Nashville, Tennessee	US
S3-290136203	Primary Care Clinic LLC	Darius Court, Lake, West Virginia	US
S3-304745288	Pioneer Services Limited	Indore, MP, Indore, 44-Wasudeo Nagar Manik Bagh Road	India
S3-564257740	Real Exports		India
S3-109942355	Asset Building	41 Old Beach Rd, Plymouth, Massachusetts	US
S3-5955201	Arellano, Milicent Guggenheim Inc	68 Constitution Ave, # In-Law, Weymouth, Massachusetts	US
S3-428179229	Private Subidha Infrastructure Limited	Karnal, HR, 492-R Model Town, Karnal	India
S3-267661340	Mason, Mollie Meridian INC	5276 Ranch Road, PMB 2306, Sierra Vista, Arizona	US
S3-331568170	Parker Peidatrgics, L.L.C. (ID: 99266)		US
S3-134832598	Clear First Chain LLC	481 Lee Ave, Dowers Grove, Illinois	US
S3-81186996	Nylavantage Co formerly: Precision Intelligence Services	6278 Miller Lane, Hillsboro, OH	US
S3-589270818	Nationa1 Mitsubishi Inc	1680 Franklin Ave, PMB 2076, Bremerton, Washington	US
S3-567768698	LH Dnyonramic Compania LLC	Holtsville CDP, 5466. Expressway Drive, New York	US
S3-484280183	Bj Networks Llc	32200 Lexington Drive, Alabama, Loxley	US
S3-492056702	Limited Gr Trdaimng	D.n. Mhatre Road Eksar, Behind Eksar Bmc School Borivali West, MH, Borivali West, No 00303 Prashant Anand Co-op. Housing Society, Mumbai	India
S3-289546468	Jai Baba Ventures Limited Service	Plot No 10, Gala No 09, Near Lokmat Office, Latur, MH	India
S3-840468069	Regional Custom Cartesian  Inc	184 8, MT. Upotn, New York	US
S3-292808231	One Indo Enterprises Limited Services	Door No 16B. Camac Street 5Th Floor, Kolkata, Calcutta, পশ্চিমবঙ্গ	India
S3-633259417	Fitzgerald And-Wlisfley Culture, Partners	9430 Main St, # 86, Mesa Desert, Arizona	US
S3-334006390	fii technologies private limited	ಕರ್ನಾಟಕ, 1St Flr, 3Rd Blk, Narayananagara, Bangalore, No 74 &75	India
S3-880395118	American Animal Hospital Inc	205 2th St, Shinnston, West Virginia	US
S3-361406362	Garner  Pimco	1583 Raod E9, Almena, Kansas	US
S3-770711968	Si-Services	New York, Bldg Upper, Kenmore, 371 Victoria Boulevard	US
S3-199611597	Big Cleaning Service Service	43 Street, Brooklyn, New York	US
S3-357572285	Silver Math Pvt	4634, Ajmeri Gate, Delhi, Delhi, Central Delhi, DL	India
S3-522781671	Ariadne Búrke Value LLC		US
S3-163376791	Pan Prime	Udupi, NULL, KA, No. 0105	India
S3-978668198	Fami1y First Health Inc	926 Rolling Stone Dr, Fulshear, Texas	US
S3-145811487	Pope, Edwards Hunt and Northside	2311 Big River Dr, Kingwood Township, Texas	US
S3-59908261	quentin choi priority	929 La Barge Rd, Hudson, Wisconsin	US
S3-607905805	Blue Constructions Co	Debanjali Apartment, Kolkata, Parganas North, WB	India
S3-309243874	Global Tboal  LLC	Texas, ##18 Cowan Terrace, Brownsville	US
S3-438555807	Llc Orthopedic Care	10347 34th Saint, # 232, Yuma, Arizona	US
S3-21492101	Myers, Nadya P., P.A. LP	1698 47th Avenue, Capitola, California	US
S3-706625452	Gold International Private	A 102, Alaknanda Society Gh 45, Sector 56, Gurgaon, हरियाणा	India
S3-114981340	>> Prairie Australia Direct Inc	26418 227th Ct, Maple Valley, Washington	US
S3-328412882	oliengineering.com	Flat-c/2, First Floor, 50 (Old 19/A/1) Baroda Kanta Road, Kolkata, Parganas North, পশ্চিমবঙ্গ	India
S3-97079497	princegraf.com	141 Bunker Hill Rd, Augusta County, Virginia	US
S3-151421472	Bharat ലക്ഷ്മി കൺസൾട്ടൻസി Private Limited	Ward 6, Malappuram, Malapuram, KL	India
S3-591160790	Mirahalo DBA Clarke Arcelormittal	102 Dalewood Drive, Fairmont, WV	US
S3-539331167	Khubchandani (Indsdi)A Roof Pvt (Ltd)	No 281, Plot No. - 4, G/f Shankar Marg Mandawali, Fazalpur, Near Durga Mandir, East Delhi, Shakarpur, DL	India
S3-901099397	premiertechnology.com	Village Basantpur Saintly Muradnagar Ghaziabad, Muradnagar, Ghaziabad, उत्तर प्रदेश	India
S3-488288563	Foods Csm Trauma Pvt Ltd	H.no 820 Building No. 559, Ward 12 Cheenkalthadom Po, Malayalapuzha, Pathanamthitta, KL	India
S3-91766595	Children's Socidety	4715 Seagull Way, NULL, Ocean Isle Beach, North Carolina	US
S3-981911730	Sterling Gulf	4 Quail Feather Cv, Greenbrier, Arkansas	US
S3-875623996	Industries Kanhaiya Logistics Ventures [Private]	Ra-72, Asalatpur, Central Delhi, DL	India
S3-745514896	பிரைம் சர்வீசஸ் Limited	New No.27, Ono.49, 2Nd Street Dr.subbarao Nagar, Choolaimedu, Chennai, Madras, TN	India
S3-554612183	Williams's Líquor LLC	215 Carlock Avenue, Harriman, Tennessee	US
S3-24955939	LLC 3131 Fifth Street Management Northside	1045 84 Street, Brooklyn, New York	US
S3-881215207	યુનિક જય ટ્રેડિંગ પ્રાઇવેટ લિમિટેડ	1898/B, Ahmedabad, GJ	India
S3-564662333	Cypress-Saratoga-Corp	Camarena Avenue, Montclair, California	US
S3-532742296	Sv Technology	31St Cross, 7Th Blockjayanagar, Bangalore, Jayanagar, Karnataka, 57/A, Bangalore	India
S3-767855561	Tapia Holdings Center	Washington, #7430 60st Pl, Marysville	US
S3-453245747	Ford Fírst Games Ltd	516 Woods Dr, Gatesville, Texas	US
S3-103668281	Limited Amazing Institute of Technology Services	DL, East Delhi, New Delhi, F-410	India
S3-17538970	Genvieve  Perez Safe	224 53 Street, Brooklyn, New York	US
S3-428669051	Mishra Inaa Pvt. Ltd.		India
S3-752726729	Happy-Grill	#9725 St Barts Ln, PMB 6322, Huntersville, North Carolina	US
S3-386926864	Prairie Summit Ltd	603 Cedar Top Dr, Sevierville, Tennessee	US
S3-906108978	all desert railway inc		US
S3-284980101	Orthopedic Clínic	012732 Torrington St, Prince William County, Virginia	US
S3-458404906	Vaia Chgemmia1 Inc	5249 Carson St, Battlefield, Missouri	US
S3-187632290	Centralia Autism Assistance	Prather Road, Fl 1, Centralia, Washington	US
S3-750379789	GMH Plácement LLP	A-27, Tilak Nagar, Jaipur, RJ	India
S3-105224509	Zephzeta Sys a/k/a OG Developers Pvt Ltd	171, Shiv Shakti Residency-1, Near Sai Shradhdha Row House, Pasodara, Surat, Gujarat	India
S3-322524574	Quintana's Tótal Foods Ltd	27- Martin Street, Webster, New York	US
S3-703193837	Manion-Manulife Corp	3012 Stage Drive W, Arlington, Texas	US
S3-624920831	Kelosolaviio formerly known as Gold Infra Private Limited	St.Thomas Church Buildings Kallara Road, Kuruppanthara, Manjoor P.O, ., Kottayam, Kerala	India
S3-39936286	Aarvraj Farmer	Tp 3/565, Diya Vihar Thevalappuram Near Sasthamkavu Temple, Kollam, Puthoor Kollam, Keralam	India
S3-432963392	Pinnacle LLC	44 Twp Rd 287 North, Chesapeake, Ohio	US
S3-516104249	Great Future	Kizhuyak Dr, Kodiak, Alaska	US
S3-142391460	Lumello Inc. Center	3712 Cr 386, Palacios, Texas	US
S3-956258615	Gujarat Ltd (Services)	Golden App, South 24 Parganas, পশ্চিমবঙ্গ	India
S3-514995991	#qudyneinvestments	17904-D Dogwood Court, Gladstone, Oregon	US
S3-900127832	Brixhalo d/b/a Behavioral Health Specialists	100 Gathright Lane, Alleghany County, VA	US
S3-958683429	PLATINUM AUTOMATION HOLDINGS CO	Covington, 318 22rd Street, Kentucky	US
S3-62279390	Cally  F. Olson D.C. P.C.	102 Spring Street, Olean, New York	US
S3-749254901	Aditya Éstate [LLP]	Door No 3-148 Kote Galli, Adilabad, Mudhole, తెలంగాణ	India
S3-297861665	Johnson  Australian	605 Grove St, Albuquerque, New Mexico	US
S3-701462400	-- Fresh Byar	100 Daves Ct, Bartett, Illinois	US
S3-31430087	Auto Little Sales	1805. Glen Wood Cir, Floor 0, Wichita, Kansas	US
S3-683056483	Tavoveox née Hvs Overseas LLP	No.51, Iii Cross, Ayappa Street Munnekolala New Extension, Marathhalli, Post, Bangalore, Karnataka	India
S3-125151853	Azad  Ventures Private Limited	1701 C-15, Mumbai, Mumbai City, महाराष्ट्र	India
S3-203974233	Empire Learning Chtr	00141 Metacomet Street, Belchertown, Massachusetts	US
S3-871575057	Chatwin	4882 Spainhour Mill Road, Tobaccoville, NC	US
S3-832973669	Sargent, Morello &	232 Wabash Avenue, City Of Waukesha, Wisconsin	US
S3-216130473	privatemypower.com	West Delhi, H No 13, DL, 1St Floor Road 7, East Punjabi Bagh, New Delhi	India
S3-557743093	legacyproperties.com	14129 Ridgewater Way, Charlotte, North Carolina	US
S3-226398264	The All Tri-State Pineapple LLC	#80 Annie Russ Rd, Medina, Tennessee	US
S3-823537090	Abps Services Limited	7, Sailent Enclave, 4Th Lane, Sunshine Colony, Rangareddy, Hyderabad, TG	India
S3-777126184	Beverley Thomas [Mountain]	214 Erieview Dr, Eastlake, Ohio	US
S3-422571815	Kamat  Consulting	Shefin Manzil, Kollam, കേരളം	India
S3-294337267	prime stamping limited	No 96 C/o Mr Sudha Bapurao Balp, P.no- 63 Chandika Nagar 2, Nagpur, MH	India
S3-935965612	Braj Agencies Pvt.	Chennai, Damodharan Street I Floor, Kellys, தமிழ்நாடு, H.no 5	India
S3-138671297	Wellman Ctsom Idaho Inc		US
S3-685987790	Plata Choice (Óyj)	1454 Polo Dr, Bartlett, Illinois	US
S3-200537399	Womens Health-Horizon Partners Inc	Woburn, Massachusetts, 4 Eastern Ave	US
S3-98202412	Superior Modern Oneim	13007 Woodburn Dr, Haagerstown, Maryland	US
S3-728491134	cornerstone choice shipping group	332 Morrie Ave, Unit 1, Cheyenne, Wyoming	US
S3-998257044	Midwest Wellness LLC	3375 Long Rd, AVNO CDP, Ohio	US
S3-647109366	Empire Brands	# 225, Newton, Massachusetts, Washington St	US
S3-639982210	Behavioral Health-Group of Florence Corp	10081 Barronne Street, Florence, Kentucky	US
S3-247756080	Jjm Institute Limited Private Private	H.no 246 A-38 Basement Shp Pvt, No-b-12, Madhu Vihar, New Delhi, दिल्ली	India
S3-54710093	dmicentre.com	Panipat, हरियाणा, Delhi Milestone G-78k.m	India
S3-931784224	Pioneer Spectral Llc	12 Channel Drive, Wrightsville Beach, North Carolina	US
S3-598470011	stingleydemelostores.com	29308 333nd Ave, Ravensdale, Washington	US
S3-386435409	best software restaurant private limited	Ghaziabad, D/86, Ghaziabad, UP	India
S3-982097343	Family Care Aslsociatses	116 Arms Circle, Roxton, Texas	US
S3-742693047	Human Rights Charities Corporation	3012 Dresden St, Columbus, Ohio	US
S3-35852421	Partners DB Ares Corp	230 Falls Drive, Chapel Hill, North Carolina	US
S3-873590176	Siify, Llc	10 Longwood Drive, N/A, Westwood, Massachusetts	US
S3-574797593	Sollyra D.B.A. Hotel Software	Room No.309/3Rd Floor, Ab Wing, Rajiv Nagar Chs Kk Marg, Near Lala Lajpatrai College, Haji Ali, Mumbai, Mumbai City, Maharashtra	India
S3-872855882	Straight Grill-Edge	38375 Tamarac Boulevard, # 108, Willoughby, Ohio	US
S3-194785439	Brandea Dummer Briacell-Inc.	542 Main Street, Emporia, Virginia	US
S3-943321910	Robinson 8right Diagnostics Clinic Co	Maryland, 5720 Industry Lane, Frederick CDDP, # 57	US
S3-567307504	Santoshi Pvt Ltd Partners	Mumbai, Masjid Bridge, MH	India
S3-354294098	Vantagepyrabelo Formerly Heritage Heritage Horse LLC	2005 Main Street, Dallas, TX	US
S3-100593094	EBQ Supreme Automotive	2038-2040 Utica Square, Tulsa, Oklahoma	US
S3-288039024	GLOBAL VENTURES	Plot No #61, Bazargaon Dist Nagpur, MH	India
S3-851089385	Surya Power Private Ltd	No 109/9 First Floor Hosur Road Madiwala, Bangalore, KA	India
S3-818198245	Zephdova	Maharashtra, A-3, 1St Flr, Maker Tower - A, Plot 85, G D Somani Marg, Cuffe Parade, Mumbai, Mumbai City	India
S3-314048346	Gvn Company (Électricals)	11-15-14/1/Ppt/504, Hyderabad, TG	India
S3-310635950	Construction  Travels Co	No C-7, Bengaluru Urban, 'Mathru Krupa' 1St Flooriii Temple Street Malleswaram Bangalore-3, KA	India
S3-815993302	WX Blueport Corp	1286 Cobblers Crossing, Elgin, Illinois	US
S3-946727592	HARSHITHA ENGINEERS (INDIA) LIMITED	##11/43, Kurikkathur, Kozhikode, KL	India
S3-354715230	WHT Destino  LLP	Xi/1143, Aluva, Ernakulam, KL	India
S3-581013818	Mountain Gas	#4988 Britton Gardens Road, Clemmons, North Carolina	US
S3-240266715	Mumbai Ltd Center	MH, Mumbai, Mumbai City, #503, 5Th Floor, Prarthana Heights, Dr. Shirodkar Road, Suparibaug, Parel	India
S3-306272239	C0ronado Block	976 Drucilla Church Rd, Dysartsville, North Carolina	US
S3-730113011	Booth LLC Center	Bartlett, 8025 Bourne Rd, Tennessee	US
S3-262334545	Heartland Partners Center	7205 Ottawa Rd, Albquerque CITY, New Mexico	US
S3-35768275	Good Hitech Builders	পশ্চিমবঙ্গ, Siliguri, 1St Floor, Ujjiban Bank Building, Sevoke Road, Darjeeling, Door No 48 Kelsons Complex	India
S3-239490260	Koryumaonyx	405 Commerce Street, PMB 8940, Maypearl, Texas	US
S3-262128997	Mejia Pacific Defense Valley Co	502 Harrell Steret, Virginia, # UNIT 2, Blaksburg	US
S3-219878949	Ahuja  Ventures		India
S3-877042185	Cardiology Care	10 O Reilly Street, Presidio, Texas	US
S3-347086507	Super Technologies Pvt-Ltd	दिल्ली, Janakpuri, D 1/89, New Delhi	India
S3-730410612	Thane Impex Private  Limited	Offie No. 805, Vashi Turbhe, Thane, MH	India
S3-865270188	>> Reza, Curry [&]	1503 Viridian Park Lane, Arlington, Texas	US
S3-409755004	Smt Prova Medical (Centre) (Centre)	Si-m-1101, Gandhi Nagar, ગુજરાત	India
S3-28504593	Lawson Global	Ennis, 821 Hugel Street, Montana	US
S3-761204392	TL Projects Private	Muhammadabadgohna, 237 Shekhwara Sbi Atm, Maunathbhanjan, UP	India
S3-218632510	Oncologymedicine.Com	Lake Court Avenue, Lynchbburg, Virginia	US
S3-383761597	બાલાજી પ્રોપર્ટીઝ પ્રાઇવેટ લિમિટેડ	Block-b 002, Prahladnagar Trade Center, B/h Titanium City Center, Ahmadabad City, Ahmedabad, GJ	India
S3-847684324	FAMILY TRUSTED ASSOCIATION MIDTOWN	2381 Barre Rd, Hardwick, Massachusetts	US
S3-251559626	Hotel Cónnection Private Limited	Ad/3, No.13, Malhari Flats, Rajaji Avenue Valasaravakkam, Madras, TN	India
S3-219399688	Zenith Farmers Partners	Utah, 00625 Haystack Mountain Dr, Hebercity	US
S3-194128052	Imi Center	5/24, Jangpura B Jangpura, Delhi, South Delhi, DL	India
S3-745240376	American  Fresenius LLC	3137 Ouida Ave, Dallas, Texas	US
S3-879154259	Allen Group LLC [Services]	8344 Holladay Street, Portland, Oregon	US
S3-539562394	Oncology Bay Center Ltd	3036-3040 Panorama Trail, Vestavia Hills, Alabama	US
S3-780263238	Bhagawati Seva Samiti	#16/25 Ammanivasam Garden Thirukalukundram, Kancheepuram, TN	India
S3-438705109	Prívate Gold Construction Limited	C/o Babasaheb S. Patil, Sangli, Miraj, MH	India
S3-754718920	Limited Sunrise Products Motors Private	Door No 19 Chandrvijay, Bombay -81., महाराष्ट्र	India
S3-980464161	YSV-Enhanced  LLC	204 Plain Street, Ithaca, New York	US
S3-299806224	Direct Strnttsc Talon LLC	Wisconsin, 00631 Walnut Grove Drive, Madison	US
S3-49177986	Sunrise Enterprises Private  Limited	Building No. V/49 A, Kochuparambil House, Vazhithala P.o., Vazhithala, Thodupuzha, Idukki, KL	India
S3-882230802	Paris Schohrship Association Co	181 Oaklawn Estates Rd, Paris, Tennessee	US
S3-6386754	Anthony,-Yonker and Bey LLC	309 Shenandoah Ave, Wicnhester, Virginia	US
S3-250168307	Prime CARE Private Limited	Hyderabad, TG, Door No 6/3/596/69 Naveen Nagar Banjara Hills, Hyderabad	India
S3-250405888	Rizaxyloflux+ dba Red Tattoo!	1738 Mount Pleasant Road, Murphy, NC	US
S3-34640236	Noto, P.C. K., Ph.D., Jenica		US
S3-734741880	Secure Service Holdings	4258 Tawannah Cir, <NULL>, Gadsden CITY, Alabama	US
S3-364176786	Bowman, Cote & Suggs North	797 1/2 Mohawk Avenue, Memphs, Tennessee	US
S3-468916615	Fortitude Advisors	Howrah, WB, N -192 Mudiali 1St Ln, Kolkata	India
S3-912177310	Copeland, Tanner and Williams [LLC]	Kentucky, ##10810 Pineview Ct, Louissville	US
S3-969354670	Fenaon Group	7698-7702 Dorchester Blvd, # 205, Hanover, Maryland	US
S3-622529843	Raptor Mills	Office No- 604., Raigarh(mh), Panvel, MH	India
S3-830277976	Porter &  Lyons Utility Corporation	11650 99, Unit Lot J2, Lillian, Alabama	US
S3-433822082	Deltaarcorbi t/a Sk & Co	H. N0. 104 Tidangi, Tq- Kalmeshwar, Nagpur, Maharashtra	India
S3-266544352	regionalvendome.com	Catonsville, Maryland, 719 Maiden Choice Ln	US
S3-347345042	Mountain VI Network	12 Hill Street, Alplaus, New York	US
S3-756936851	Internal Medicine Delta Health Ltd	103 G Saint, Washington, Tacoma, Unit #302	US
S3-412199913	Bright Electric Llc	21 Industrial Park Dr, Halls, Tennessee	US
S3-565600620	@townmilltown	200rd Avenue, Bldg. Garden Center, Balsaam LAKE CITY, Wisconsin	US
S3-653799615	Smith, Hmen, L.C.S.W., DDS PC Southside	316 Eleventh St, Sarcoxie, Missouri	US
S3-615139992	Tri-State Choice Inc Cola	510 Riverside Dr, Saint Cloud, Minnesota	US
S3-491203324	Silver Ínteriors Associates	Tower-02, Prathamesh Heritage, Kanakia Rd, Navghar Village, Near Cinemax, Mira Road East, Thane, MH, Thane, #490 B-103	India
S3-217083527	Christ Methodist-Church Group Group	4910- Ratliff St, Amarillo, Texas	US
S3-537564828	Arcflux Co a/k/a Christ Emanuel Inc	572 Templeton Avenue, Hermiston, OR	US
S3-880734298	Caldis Telephone	15-17 Orange Street, Stratford, Connecticut	US
S3-666622933	Alloway, Raymond And Kendrick Corp.	006324 156th St, Gig Harbor, Washington	US
S3-897443863	Eye Holdings Services	5166 Rivers Edge Blvd, Dayon, Ohio	US
S3-81666932	Mccracken Old Llc	2008 9th St, Garden City, Kansas	US
S3-241258502	Alida Íglesias Nexera, LLC	517 3rd St, Larimore, North Dakota	US
S3-643019351	Mr ... Hav  Charitable Trust	Plot No E #1087, F/f, Palam Extn., Sector 7, Harijan Basti, Near Dada Dev P, Laza, New Delhi, South West Delhi, DL	India
S3-502266072	Western Doubleline Group	103 Cannon Corners Road, Mooers, New York	US
S3-411738449	Tiruchirappalli Cold Private	125/C Palakarai Main Road, Tiruchirappalli, TN	India
S3-182557615	Heartland  Midcap LLC	506C Hillcrest Street, Lansing, Kansas	US
S3-951176165	Guthrie Heartland Dental Inc	31 Bristol Ave, Swampscott, Massachusetts	US
S3-911364646	8reeze Apex Manor	12010 Dry Cattail Dr, Manor, Texas	US
S3-423890504	>> Advanced Laboratories Corp Center	1627 Wynn Road, Phenix CIY, Alabama	US
S3-612692903	Limited New Hotels Private Partners	New Delhi, South West Delhi, Flat No-d/503, Plot No-34, Madhur Jivan Apartment Sec-10, Dwarka, DL	India
S3-841342453	INTEGRATED HEALTHCARE-SUMMERTOWN	0150 Old Highway 43, Summertown, Tennessee	US
S3-228286514	Golden Logistics Ltd	No 00494/17, Bangalore North, Peenya, ಕರ್ನಾಟಕ	India
S3-684923518	Bay Boston	1487 Carolyn Avenue, Columbus, Ohio	US
S3-962602115	શ્રી એક્સપોર્ટ્સ	Office Nog-401to405forth Floor, Ahmedabad, GJ	India
S3-527920236	Krithika Hospital  Private Limited	E-57, Ist Floor Kirti Nagar, Kirti Nagar, New Delhi, DL	India
S3-458271809	Ariaquo a/k/a Eye Medicine LLC	N1920 Jacobson Lane, Town Of Cold Spring, WI	US
S3-547562957	Sanganer Consultants  Company	H.no 26, Sanganer, Jalor, RJ	India
S3-949229227	Ltd Aurora Intelligent	Alabama, Opelia, PO Box 3028, 35 683	US
S3-729802799	Davine's Signs	3354-3356 North Stone Creek Cir, Wisconsin, Madiosn	US
S3-631329194	South Sólutions LLP	16/1E, 16/1L, Anjikkath Arcade, Sea [Port- Air Port Road, Vadakode P.o., Kalamasserry, KL	India
S3-748064697	Bijoy Ltd Services		India
S3-20889844	Raj Management Private [Limited]	No 1, 6Th Cross, Ramaiah Reddy Layout, Chikkabanaswadi, Bangalore North, Bangalore, KA	India
S3-984055111	Facade  Eductaional Society Associates Overseas	Door No 53 Opp. Ps Garden, Lamba Pind, Jalandhar - I, Jalandhar, PB	India
S3-313927305	Delta Fisheries,	820 Sonoran Oak Dr, Tucson, Arizona	US
S3-771012262	Hendrickson of Brighthouse Columbus	983B Dimson Dr, Columbus, Ohio	US
S3-37602766	शिव एनर्जी प्राइवेट लिमिटेड	H.no-c-26, Ground Floor Main Kanjhwla Road, Vill Karala, Delhi, Delhi, New Delhi, DL	India
S3-24966072	Physical Therapy Smart Center Inc	California, Goleta, 41 Refugio Beach Road	US
S3-800565077	Olaneon Pizza LLC LLC	07114 Pryor Ave, Crestwood, Kentucky	US
S3-629023907	internal medicine clinic l.l.c.	2712 Dickerson Pike, # 57, Nashville, Tennessee	US
S3-699339891	Bihariji  Enterprises	New Delhi, DL, 108 Block -A Dvli Extn., Delhi	India
S3-569699618	Atmicgo & Co	Loni Kd Tal-rahata, Ahmednagar, Ahmed Nagar, महाराष्ट्र	India
S3-27763460	Literacy  Institute	Bradley Cutoff Rd, Badley CITY, Arkansas	US
S3-350359121	M/s Modern Trading Furniture Pvt Ltd	House No. 522, Block-a Sector-47, Gautam Buddha Nagar, Noida, UP	India
S3-373183651	Pedraza and Dowell Inc Inc	Hagerstown, Maryland, 18129 Woodside Dr	US
S3-536025027	Dee Joseph, G. D.0.	Oklahoma, Tuttle, 305 First St	US
S3-923634248	Lane Rócky States Inc	3110 Commercial Ave, South Chicago Heights, Illinois	US
S3-375407668	Madrid  Dental	212 Inwood Street, Ohio, Zanesville	US
S3-214987951	limited chandrva consultancy	Sr.no 732/B, Pune City, Pune, MH	India
S3-349125126	Sumitra Trust Limited	No #11-B/3 Gf, Kh No.84/8/1, Gali No 3, New Delhi, West Delhi, DL	India
S3-266024653	Wendt Heartland	1352 64th Street, Chicago, Illinois	US
S3-437814968	Continental Software Partners Partners	1069 Bayou Blue By Pass Road, Schriever, Louisiana	US
S3-230400950	Munoz Fúturecrest Partners	56 Chalmers Avenue, Austin, Texas	US
S3-212787557	F/I Inc Exchange	114B Linwood Avenue, Baltimore, Maryland	US
S3-999983773	New Delhi (Sangam)	Hn #525 B-q66, Shalimar Bagh, New Delhi, New Delhi, West Delhi, दिल्ली	India
S3-19678732	Tavofaye DBA Oralie Hockett Tire Shop, Inc	181 Minthaven Court, IL, Gurnee, Unit APARTMENT 6C2	US
S3-776433243	Service Bhavi Corporation	40/55-C, New Delhi, South Delhi, दिल्ली	India
S3-85122669	Real Global Foods Private  Limited	No 12-C 'Queens Court ' 6/102, Montieth Road Egmore, Chennai, TN	India
S3-867489707	Primary Care Health Inc	3522 Fence Line Rd, Franksville, Wisconsin	US
S3-657897392	यूनिवर्सल लॉजिस्टिक्स लिमिटेड	B-3/3, First Floor Safdarjung Enclave, Delhi, South Delhi, DL	India
S3-137014489	Shalibhadra Traders	Shop No. Gf 08, Ground Floor, Aangi Arcade, Atabhai Road, Opp. Joggers Park, Bhavnagar, GJ	India
S3-985678124	Rucker Dental Associates	075 Bayberry Way, Ostervlle, Massachusetts	US
S3-32413051	Family Aellcianec	457 Marsh Street, Tappahannock Town, Virginia	US
S3-463530778	Flores, Harper and Campbell Westgate	1023 42th Street, Kansas City, Missouri	US
S3-849547983	Metropolitan Corp Partners	Placitas, New Mexico, 30 Las Huertas Rd	US
S3-405433455	Red Healthcare Public Limited	Door No 930/3 Fl-1006, Navi Mumbai, Raigarh, MH	India
S3-563355446	Sapra Hospital Group [Ltd]	House No. A-38, Gurgaon, HR	India
S3-165465465	Global Uranium,	State Highway 13, Fifield, Wisconsin	US
S3-536655745	Pyragild	Satya Bhavan, R/O Plot No. C-135, Second Floor Jj Nagar Colony, Near Neredmet Xroad, Malk, Ajgiri(Ml), Secunderabad, Hyderabad, Telangana	India
S3-784177590	Verabeloecto DBA: Pansie's Federal Accounting LLC	2630 Skyview Grove Court, Houston, TX	US
S3-906611233	Coastal Service	9516 Morton Ave, Brookfield, Illinois	US
S3-198157004	Ground Solutions Private	Building No ##76, Paramitha Nilaya, Hoohalli Village, Arahalli Post Kolar, Kolar, KA	India
S3-771413318	XV Horse First [LLC]	Ofallon, Missouri, 9036 Harvest Run Drive	US
S3-10802831	Si1ver Realty Inc.	685 Colonial Terrace Drive, PO Box 5040, Mobile, Alabama	US
S3-832909406	QNS Iffals	H.no 17 112-B, Bombay, MH, Sai Comm Centrechs, B.s.devashi Mrg, Govandi E	India
S3-4024375	Balaji Products	Gauri Das Mandi, Ps.patna City, Patna, BR	India
S3-580352336	vision media private limited	Samanvay, Ahmadabad City, Ahmedabad, ગુજરાત	India
S3-467944171	Drexcalo t/a Kopp, Othilia M., CPA	954 Cliffside Avenue, Hempstead, NY	US
S3-491369760	Urban Grill!	408 Harmon Ave, Sioux Falls, South Dakota	US
S3-82786705	Adiana Knostt Safety Partners	434 Eighth Street, Oakboro, North Carolina	US
S3-127108179	E L-+ R Painting	402 Weaver Street, Gainesville, Texas	US
S3-694108804	Kizzee Cross, D.C. [Co]	118 Broadhurst Rd, # 638, Jacksonville, North Carolina	US
S3-537266861	Osprey Enaeetaingient Enaeetaingient | www.ospreyena.com	4908 Van Walbeek Pl, Annandale, Virginia	US
S3-537847195	1014 Market Avenue Owners	Tennessee, 5163 Waterford Dr, Kingsport	US
S3-755231678	Arv (Indna)-Solutions Private Limited	#1, A-70, Sukantanagar, A-70, Salt Lake, Sector-iv, Parganas North, Kolkata, WB	India
S3-959350326	Smith-Detaillihg		US
S3-963260973	Saitech Builders Industries Private	No 7-265, Sri Shakti Nagar, Saroornagar, Rangareddy, Hyderabad, Andhra Pradesh	India
S3-696501695	Private Chami Road Impex Industries Limited	338, R. R. Roy Marg, Charni Road, Mumbai, महाराष्ट्र	India
S3-384557007	Age (India) Services Limited	R No-4 Jarwari Sevak, Mumbai, महाराष्ट्र, Mumbai, Nagar, K G Patil Chawl	India
S3-861179608	Boehm Coastal Caiostfal Inc	3633 Cr 523, Berryville, Arkansas	US
S3-968297048	Internal Medicine Care Center	#3783 36, Somerville, Alabama	US
S3-523389933	Dsa Group of Center	K 30/1, Addl Ambernath Ind Area, M.i.d.c., Anand Nagar, Ambernath ( East ), N/A, MH	India
S3-988592108	The Dent Bacifrcbrtshop Co	639 Morton St, # 11, Washington, District of Columbia	US
S3-754741405	Tri-State Chárities Ltd	105 Morton Street, Stoughton, Massachusetts	US
S3-880808103	PUNE BOOKS GROUP PVT LTD	S No. 49/15 Kharadi Near Pathare Complex, null, Pune, Mutha, महाराष्ट्र	India
S3-824313858	Clear LLC Stardust Classic	1110 Shirley Road, Reidsville, North Carolina	US
S3-307579186	Heritage Coalition Brownwood of	Texas, Brownwood, 2307 Belmeade Avenue	US
S3-358235041	mireiellecyuen.com	Indiana, Greenfield, 1177 Mill Run Boulevard	US
S3-899665484	North Healthcare Limited Private (ID: 7078)	Old Mallepally, Feel Khana, Nampally, Hyderabad, 12-1-975, తెలంగాణ, Ranga Reddy	India
S3-469125508	Lumarc doing business as Gaya Products Corporation	C/O Dharmendra Middle School Samir Takya, Gaya, Bihar	India
S3-468515007	Jeane Barsei, DMD Partners Partners	21 Stone Pine Ct, Pikesville, Maryland	US
S3-680994077	Burgos'S Prime Associates	06221 Bar L Street, Roswell, New Mexico	US
S3-273329615	Pacific Engineering Ventures	Alabama, 2349 Huffman Drive, Mobile	US
S3-719090	Onyxvantage F/K/A Aurus Suma	510 Michael Street, Unit H, Kernersville, NC	US
S3-168843226	tomabaldridgesterling.com	324 Dalton Gap Road, Lee County, Virginia	US
S3-508454423	Helga's Blue Brewing	7400 500, Topeka, Indiana	US
S3-805661768	Northern Metlife LLC	3033. Barnett Rd, # 336, Oregon, Medford	US
S3-260120364	Red &-Sons	No 76A N R Avenue Block G, Calcutta, WB	India
S3-823343450	Pioneer  Wellness Laboratories	295  Main Street, West Seneca, New York	US
S3-178327537	Shiv Engineering Pvt		India
S3-152037711	राम इन्वेस्टमेंट स्टील प्राइवेट लिमिटेड	Shop No. A-04 First Floor, <NULL>, Jaipur, Chittaurgarh, राजस्थान	India
S3-571438526	Historical Coalition	Palestine St, Jacksonville, Texas	US
S3-745211958	Shri Jp & Co Ventures	72 Vpo- Panchota, Nagaur, <NULL>, RJ	India
S3-776000157	Great Trading Pvt Limited	106/2 Thengoda, Nashik, महाराष्ट्र	India
S3-626011310	Khanna Enterprises Infratech  LLP	715, Prithvi Apartments, Plot No. 17, Sector-52, Gurgaon, HR	India
S3-872494883	Howrah Jewellery Limited Partners	Howrah, H.no 457 Alampur Saptadipa, Howrah, WB	India
S3-973020226	Family Group of Ashton Southside	16614 Cypress Bay Lane, Ashton, Maryland	US
S3-731152781	હાઇટેક પ્રોપર્ટીઝ પ્રા. લિ.	A- 22 B, Vadodara, ગુજરાત	India
S3-311030018	Mookambika Travel  Ltd		India
S3-279588003	बिग कंसल्टेंट्स प्राइवेट लिमिटेड	House No. 422 Kelnian, Sirsa, हरियाणा	India
S3-975401460	Rhianon's  Lendiign	0255 Rowe School Road, Puryear CITY, Tennessee	US
S3-697641848	Anand Private Limited Services	H-7/17, Phase-vi, Aya Nagar Colony, New Delhi, Faridabad, DL	India
S3-215008076	Children's Committee  Inc.	5021 Ortega Circle, Huntssville, Alabama	US
S3-527070280	BAY Global Private Limited	Villa Viviana, G.s.t Road Maraimalai Nagar, TN, Kanchipuram, Chengallpattu, H.no B3/328 No-55	India
S3-796892129	Ear Nose & Throat Allied Specialists Llc	887 Patriot Dirve, Unit C, Moorpark, California	US
S3-646332449	नॉर्थ हॉस्पिटैलिटी प्राइवेट लिमिटेड	F-30. Near Wave Cinema, Ramganga Vihar Phase-2, Moradabad, Karula, UP	India
S3-697791597	Capital Managed  Ltd	420 Grainger Ave, Omak, Washington	US
S3-801542110	Metropolitan International  PC	25282 Parksley Road, Accomack County, Virginia	US
S3-819150000	Prairie  Constellation	0261 Kenneth Dr, Saiint Henry, Ohio	US
S3-479106340	Vadodara Hosilhiy Private Limited	28 Mangalmurti Society Opp:mothers School, Gotri Road, Gotri, Vadodara, GJ	India
S3-679083732	Delta Inc  Services	Rogersville, Missouri, 215 Ranch Dr	US
S3-101909460	Williams, Janot Optimal Tsakos Ltd	0478 Blount Ave, # 2106, Knoxville, Tennessee	US
S3-555707598	Marion And-Stmfard Exchange	73-27 185 St, Fresh Meadows, New York	US
S3-921102368	Ernakulam Placements Public Limited	Door No Xxxvii/2764puthenveetil Buildings Kaloor, Ernakulam, KL	India
S3-35376963	heritage property union ltd	10421 44th Dr, Glendale, Arizona	US
S3-198612857	WS Sterling Inc Center	164 7nd Street, Oak Island, North Carolina	US
S3-570152825	H0spital Barani Pvt Ltd	B3/2 198 Kennedy School, Kanuru, Vijayawada, Krishna, ఆంధ్రప్రదేశ్	India
S3-516213620	Mount Israel Ltd	Indiana, Rising Sun, ##13182 250	US
S3-279250238	Addington,Goldberg & Bullis Biotechnologies Co	Lakeview Dr, NULL, Eagle, Nebraska	US
S3-839063148	Orbionyx	41 House Street, Pike Road, Alabama	US
S3-866513081	Clyent Polestar	211 Pomeroy Ave, Meriden, Connecticut	US
S3-388559796	Beacon Post Co	385 4140, Unit 162, Millcreek, Utah	US
S3-115395524	Youth Services All	Elm St, New Haven, Connecticut	US
S3-57235294	5outhern Ventures  Private Ltd	Panchasheel Apartment, 19, Panchanan Talla Road, Bally Jagachha, Durgapur, WB	India
S3-365938700	Ace-Grill Valley	932 Wedgewood Dr, Woodbury, Minnesota	US
S3-581412387	Shri Smart Constructions Private Limited	8649-53, Bhar Ghar, 2Nd Floor, Roshanara Road, Delhi, DL	India
S3-453755734	Dr Olive Média Pvt Ltd	Plot 384 175, Mumbai, Greater Mumbai, MH	India
S3-987808779	Simla & Sons Private Ltd	Unit No-g-a-1, Plot No-1, Manish Corner Plaza, Sector-11, Dwarka Mlu Pkt, Opp Icici Bank, New Delhi, South West Delhi, DL	India
S3-644751982	Kim Colonial Specialty [Llc]	603 Caton Street, Piedmont, Alabama	US
S3-486149475	Business Br0adcast Consultants LLC	348 330 St, Willowick, Ohio	US
S3-63652851	Complete Legacy Ramaco Corp.	4955 Rue Vallee, # APT 42, Indianapoils CITY, Indiana	US
S3-568900375	Nexari He LLC	#507 Red Oak Road, RED OAK CITY, Texas	US
S3-319258563	Zeneex Vehic1e  Co	2474 Kina Rd, Lummi, Washington	US
S3-381805372	Suryaika Complex Private Ltd	T.nagar, Singaravelu Street Pondy Bazaar, TN, No.3, Chennai	India
S3-652155665	Handy and Wells	0944 Morgan Trail, Virginia Beach, Virginia	US
S3-266093670	Arianex+	B-19/2, Garima Garden Ghaziabad, Ghaziabad, Uttar Pradesh	India
S3-846554887	Scire, Craig and	601 Samuel Lee Ln, Murfreesboro, Tennessee	US
S3-106493216	Meridbtdn	4334 Main St, Erin Township, Tennessee	US
S3-816236112	Builders llluminati Engineering-Private Ltd	DL, New Delhi, A1/51	India
S3-773901985	বালাজি কনসালট্যান্টস প্রাইভেট লিমিটেড	Barasat - Ii, North 24 Parganas, WB, Sripur, Madhyamgram, Madhyamgram Bazar.	India
S3-799313159	# 7 VM Aria Llc	53-D Oswald Lane, Burrell, Pennsylvania	US
S3-819432704	Mckenzie Capital Partners Llc	263 County Road 2309, Texakrana, Texas	US
S3-325153517	Sri Vedas Services Private Ltd	C-93 Ground Floorvashi Plaza Sec-17 Vashi, Navi Mumbai, महाराष्ट्र	India
S3-177299951	Garza, Cassy L., CPA	7306 Cold Harbor Ct, PMB 4282, Fairview, Tennessee	US
S3-814632419	Fresh  Real Pvt Limited	7-80/A, Mumbai, Mumbai City, MH	India
S3-402866171	Mountain Brighthouse	106 Birdsall Street, PO Box 4633, Enddicott, New York	US
S3-23389701	UY Flaherty Inc	00750 Tallmadge Rd, Cuyahoga Falls, Ohio	US
S3-325269827	Pvt. Earn Btrhers Ltd.	#86/C Gidc Estate Phase Ivatva, Ahmedabad, Ahmedaabd, GJ	India
S3-384895911	OT	Mumbai, Mumbai City, Damu Ngr, Laxmi Ngr, Akruli Rd, Kandivali East, K G N Oil Depot, Maharashtra	India
S3-485878816	Digital Consultancy Sweets Private Limited	No 124 B, Doctor Colony, Ajmer Road, Sirsi, RJ	India
S3-198878079	Givens Restaurant [Co]	211 Mercer St, Oak Island, North Carolina	US
S3-301738008	Metropolitan Family [Practice]		US
S3-989973730	suratbatteries.com	No 00866 101-102, Surat, GJ	India
S3-995174783	Waterboro Bóld Continental Coastal	29 Mayfair Way, North Waterboro, Maine	US
S3-208079334	Ellis Ínstitute (of)	674 1/2 Union Avenue, Westbury, New York	US
S3-571033103	Bluepeak Paper	Karimanagr, Karimnagar, TG, Palakurthi Mandal, Kannala, H.no 2-46/1. Ranapoor	India
S3-530887743	Bavue Healthcare North LLC	##1513 Arp St, Commerce, Texas	US
S3-787641111	Vanguard Líon Partners	619 Wood Street, Somerset, Massachusetts	US
S3-356358051	Youth  Fund	707 Avenue O, Chifton, Texas	US
S3-200909686	shaffnerbrinkermoldovan.com	06 Dogwood Ln, Pandora, Ohio	US
S3-498643986	Sava Noretrn	7435 Rocky Creek Ter, Fairfax County, Virginia	US
S3-6551003	Mclendon Great-Brown P.L.L.C. (ID: 27870)	908 29nd Ave, Nashville, Tennessee	US
S3-830771953	Superior Logistics (International)	5095 Alum Spring Rd, Pulaski County, Virginia	US
S3-940612698	Rizakorjax formerly: Kuhns Patriot Merchants LLC	MN, Little Falls, 811 6th Street	US
S3-95760452	Heartland LLC Partners	5901 Buena Vista Avenue, Albuquerque, New Mexico	US
S3-716763912	Good (dni)a LLP	Plot 4-689 562, Delhi, दिल्ली	India
S3-56124053	western strategic aviation partners	42 Sacramento Drive, # APT. 6A, Hampton City, Virginia	US
S3-607463825	konarkanalytics.com	C-202, Sagar Apartment, Plot No.113, I.p. Extension, Delhi, DL	India
S3-844818843	Pvt. Cosmos Eye (Ltd.)	O-16 Iii Floor Amber Tower Sansar Chandra Road Jaipur, Jaipur, RJ	India
S3-150299784	Smt Newwave (India) (Bioscience)	Kolkata, South 24 Parganas, WB, No 0038 S Chatterjee Rd	India
S3-886132765	Silversupermarketing.Com	28413 Tilak Nagar, Auraiya, UP	India
S3-256592652	3511 Jefferson Owners Corp Services	##2958 Bear River Cir, City Of Thousand Oaks, California	US
S3-326857591	Smt Smart Logistics Ltd	Plot No. -1372/24, Mainpuri, UP	India
S3-527141234	Pvt Jay Systéms (Ltd)	0-City Near Police, Station, Tanda, District, Hoshiarpur, PB	India
S3-559647045	Mangal Science Overseas	R-18, South Delhi, New Delhi, DL	India
S3-52106363	Blum and Schmitz Waste Summit LLC	6120a Sioux K Ct, Sioux Falls, South Dakota	US
S3-548021778	Ss My  Private Limited	Villa 06, Bengaluru, Bangalore, KA	India
S3-351623593	Bay Planet Inc.	4041 Plank Rd, Toppenish, Washington	US
S3-614162096	Amelie Torres P.C. Service	21 Grant St, Martinsville, Illinois	US
S3-433455077	LLC Hanna Joint	3622 Donna Dive, Indiana, Lafayette	US
S3-436640209	Maryville-Regional Global (Chiropractic)	00318 Golf View Drive, Maryville, Tennessee	US
S3-155995982	Sasser-Midwest Insurance-Llc	5727 Arbor Avenue, Wayne, Indiana	US
S3-58870865	Sudhagad-Engineering Pvt [Ltd]	Ho No 309, Raigarh(mh), महाराष्ट्र	India
S3-604114670	Real	3A/271, Azad Nagar Nawab Ganj, Kanpur, Uttar Pradesh	India
S3-739753133	Sydel Williams Infrastructure P.L.L.C.	1044 Locust Rd, Wilmette, Illinois	US
S3-250378181	Premier Producer Private [Ltd]	House No 98, Floor 1St Block- B, Landmark Na Dda Res Scheme Naraina Vihar, Naraina Vihar, DL	India
S3-417661314	Dr Galaxy Cghuslsnts Pvt [Ltd]	Plot G-693 400-A, New Delhi, South West Delhi, दिल्ली	India
S3-324504811	Payne's Capital Harbor	7205 Rocking R Road, Natrona, Wyoming	US
S3-179688371	Projects Shbakun Education LLP	Fl-103, Runwal Sakshi, Pl-20, Sr No 260/2/13, Baner, Pune, Mumbai City, MH	India
S3-176329116	Plumbers Lccal 454	Shirley Dr, Little Rock, Arkansas	US
S3-976603415	Duran LLC  Services	Cunningham Court, Gages Lake, Illinois	US
S3-872905224	Henka Prathmre Superior Grid Partners	62 4th Avenue, Unit Unit A, City Of Oshkosh, Wisconsin	US
S3-517846906	Jaxnex aka Prairie Trusted Travel, LLC	MA, Woburn, 18 Montvale Road	US
S3-387982942	Patriot Arbor	##13 Victoria Dr, Blooming Grove, New York	US
S3-433840036	-- R0cky [Program]	127 Hillside Blvd, New Hyde Park, New York	US
S3-303390556	9ddSos	Washington, 27012 47th Ave, Kent	US
S3-535387187	Collymore Sun	806 Tennessee Ave, <NULL>, Athens, Tennessee	US
S3-934575021	Integrated Metro Hydro	38 Washington Ave, Nassau, New York	US
S3-206910950	Sri Dolphin Travels Prívate Limited (ID: 34300)	171, Ponnerikarai, Kancheepuram, TN	India
S3-468544273	Badyne Tire  Shop Northside Inc	5274 Edenshire Avenue, Memphis, Tennessee	US
S3-178845820	Premier Sons	उत्तर प्रदेश, H.no #51 Super Colony Near Inside E.w.s., Muzaffarnagar	India
S3-459106963	Grace Israel	Almond, 07914 Main Street, New York	US
S3-370151396	Upper Valley	Massachusetts, Truro, 11 Benson Rd	US
S3-710070260	ZVU Solutions Pvt Limited	X-3478 Gali No-7 Raghubar Pura Ii, Delhi, East Delhi, DL	India
S3-190875630	Stewart Infratech (Center)	H.no 406 160, A/1, Majidhe Makkah Building, Hospital Road, Nilgiris, Udhagamandalam, TN	India
S3-460765574	Liberty Strategic Wells Corp	##129 Eleventh Street, Mason Township, Iowa	US
S3-218798282	Kamadhenu  Consultancy Private Ltd	#1289/1090/E Hsr Layout 3Rd Sector, Bangalore, KA	India
S3-153607129	INC PINNACLE GALATA	Iowa, Ridgeway, 2921 288th Ave	US
S3-948703714	ಕ್ಲಾಸಿಕ್ ಹಾಸ್ಪಿಟಾಲಿಟಿ ಎಲ್ಎಲ್‌ಪಿ	201, Raheja Arcade, Koramangala Lay Out, Bangalore, KA	India
S3-394977222	Back Alley Alley Grill Co	1221 Bridgeport Road, Taneytown, Maryland	US
S3-929867841	கோல்டு கிரேட் புராஜெக்ட்ஸ் பிரைவேட் லிமிடெட்	No. 109/1A1A1, Kumar Nagar, U .Keeranur, Bypass Road, Ulundurpet, Villupuram, தமிழ்நாடு	India
S3-727771681	Cosmic Cement Pmcavte Limited	Room No 3 Cts 3349 Sr No.117 Gate No 7 Malwani Naer Akashwani Malad W, Mumbai, Est, महाराष्ट्र	India
S3-437003682	श्याम कंस्ट्रक्शंस प्राइवेट लिमिटेड	G2/105 Poonam Kirtipoonam Nagar Andheri (East), Mumbai, Mumbai City, MH	India
S3-450788201	Jar1us Prínting	32 Cornwall Meadows Ln, Patterson, New York	US
S3-713659170	Shahid Apex Marshall-Ltd	627 Rutger Street, PMB 1235, Utica, New York	US
S3-658253662	Kolkata Roller Private Ltd	254, Howrah, Kolkata, পশ্চিমবঙ্গ	India
S3-617178319	Hillview Eyes Private  Limited	B-144 Iind Floornew Kondli Market Mayur Vihar Phase Iii, Delhi, North Delhi, दिल्ली	India
S3-945786648	Holdings -- Sparkling Energies Private	Ls 246A Vasajda Road, Ahmedabad, Sanand, GJ	India
S3-745513499	Real Consultants Public Limited	No 29 A, 9Th Floor 913, Ratnakar 9 Square, Opp. Keshavbaug, Mansi Circle Road, Vast, Rapur, ગુજરાત, Ahmedabad	India
S3-449541541	Guinna B. Soto MD Inc	Irwin Ave, Roxbury, Massachusetts	US
S3-141967729	[Center] Micro Limited	987, Lucknow, UP	India
S3-618213270	Private WK Star (Ltd)	488, 1St Floor, Street No. 04, Shiv Block, Jain Nagar, Delhi, North West, DL	India
S3-48469666	Ltd Laxmi Pvt Partners	Door No ##1/483 A, Alathur, Palakkad, KL	India
S3-579437714	Office of Public-Works Co	1021 Harbor Ridge Rd, Iowa, Nsahua	US
S3-319508907	Kristyn Short Technologies  LLC	27st Dr, Unit 3125, Phoenix, Arizona	US
S3-464462925	Gildgild	Tf-06 Vr-One, Nh-8, B/W Ajwawaghodiya Chowkdi, Vadodara, Gujarat	India
S3-516292902	Utkal Pártners	Hn 700 House No. 811, South West Delhi, DL	India
S3-678613584	Leloex Payments LLC	Hannah Road, Cleveland, Tennessee	US
S3-69991322	Bhopal Clinic Marketing		India
S3-728628080	Am-Services Pvt Ltd	महाराष्ट्र, Bhiwandi, No. 4-07 Bldg No.d Gala No 4, Thane, Osiya Matadi Compound	India
S3-624184325	Harbor-Coalition	1610 Millstone Ct, Andover, Kansas	US
S3-417228255	Sineia Northside	5584 Gadwall Drive, Frisco, Texas	US
S3-604972078	Kalday Pacific LLC	2212 Carrington Street, Richmond, Virginia	US
S3-200837190	Korvio	Office No. 511, Pune, महाराष्ट्र	India
S3-208620888	GX Telecom Group	1860 Marble Canyon Dr, NULL, Bullhead City, Arizona	US
S3-196234559	Woods Induhstries Group	105 Second St, # Unit 6, Schwenksville, Pennsylvania	US
S3-873744574	United Cíty	7721 185nd Ave, <NULL>, Bonney Lake, Washington	US
S3-594657681	The Supreme Diamond Sab Inc	108 Route 1, Falmouth, Maine	US
S3-661071114	Solonyxgild DBA: Vision Infrastructure Private Limited	Thane, Navi Mumbai, Ground Floor, Parasnath Apartment, Plot No. 161, Sector 28, Vashi, Maharashtra, 2 And 2A	India
S3-305660285	Services Krisha Enterprises Private Limited Center	Flat No 6. Firest Floor, Chittaurgarh, राजस्थान	India
S3-351244362	Prime lnvestments Private Limited	2, Shop No 12, Satkarnagar, Junagadh, GJ	India
S3-730537933	International Brothers Services Private	322, Hayathnagar, K.v.rangareddy, TG	India
S3-325763659	Tantra Tantra Sanstha Private Ltd | www.tantratan.com	Office No. 702, 7Th Floor, B-wing, The Great Eastern Summit, Plot No. 66, Sector No.15, Cbd Belapur, Navi Mumbai, Thane, महाराष्ट्र	India
S3-295060222	Internal Medicine Cie of [Ankeny]	1225-D 28th St, # Apt 124, Ankeny, Iowa	US
S3-150055584	Sri Hitech Trading L.L.P.	Parshvanath Comalex, 2Nd Floor, Hall No S-2 8-A, National Highway, Rajkot, GJ	India
S3-305371323	New Delhi  Agr0 Pvt Ltd	DL, Door No #709 Surya Kiran Building 19 Kasturba Gandhi Marg, New Delhi, Central Delhi	India
S3-205690028	Enos Amc LLC		US
S3-766824823	Pediatricdentistryassociates.Com	##3636 Hinkley Road, Port Orchard, Washington	US
S3-741244783	Ps Education (India) Ltd	No. 10, Vishal Towe, Janakpuri, New Delhi, New Delhi, DL	India
S3-746979729	Summit  Association LLC	8927 1925 Avenue, Sheffield, Illinois	US
S3-647828320	यूनिवर्सल इंफ्रास्ट्रक्चर	Gautam Buddha Nagar, Exotica Fresco, Sector-137, Gautam Budh Nagar, UP, #887 C-926, Gautham Budh Nagar	India
S3-767235012	Frisbie's Health LLC Association	Tennessee, 79-81 Bailey Rd, Dunlap CIY	US
S3-989337227	Arrowline Services Pvt Ltd	Door No 15 Jeevan Ratna Bhavan, Andheri East, Mumbai, MH	India
S3-196604404	Seo Riverside	Virginia, 3579- Utah Saint, Norfolk City	US
S3-194460159	जैन कंस्ट्रक्शन प्राइवेट लिमिटेड	UP, Varanasi, Arazi No. 36/3 37, Chandauli	India
S3-99134819	Cardiology Bbamonm Group	42 Wanser Ave, # Apartment 9, Hempstead, New York	US
S3-126751981	Hydro Fans-Private Ltd	H.no 977 8-C, Mumbai, N/A, MH	India
S3-79763683	Global Automation Center	Massachusetts, 198 Middle Road, Clarksburg	US
S3-776897631	CT  Barter (ID: 6118)	Unit No. 201, Delhi, North West Delhi, DL	India
S3-186960118	strategic empire consolidated corp	112 Mallard Cv, BAY, Arkansas	US
S3-472030168	The Bright-Coffee Highland	32 Southwood Shores Cir, Unit 2D, Four Seasons, Missouri	US
S3-291154216	Sanagustin Sevrice	Fall River, 165-167 Stetson Street, Massachusetts	US
S3-392394715	Potter, Redmon & P.C. West Foy	Pflugerville, 850 Whitehall Drive, Texas	US
S3-526518196	Santos Preparatory Academy Partners	645 Miller Ln, Seymour, Indiana	US
S3-662887404	Leila Watkins, DO (LLC)	##817 Wellington Road, Govans, Maryland	US
S3-53618720	11 28 apex		US
S3-144140094	nelson.com	Colona, Illinois, 1015 6th Street	US
S3-855926567	dsc farm private limited	No 2Nd Flor, D-73/p, D-74/p, Quthbullapur, Apiidc Phase-1, Jeedimetla, Hyderabad, TG	India
S3-337047715	Historical Cénter	168 Belleville Rd, PMB 1859, New Bedford, Massachusetts	US
S3-323231895	Total  Value Harbors		US
S3-347171879	Maheshwari Hesitre Private Limited	East Delhi, H9q3 B Block Metro Statio, दिल्ली, East Delhi, New Ashok Nagar	India
S3-102269031	Q+  Precious	2643 Euclid Heights Boulevard, Unit 0, Cleveland Heights, Ohio	US
S3-250453985	arya cables private limited	#881 C/o Shree Anirudha Caterers Hansraj Molaram Chl, Parsi Panchayat Rd Bhd Hari Om Soc Andheri East, Mumbai, MH	India
S3-399313596	Midwest Coalition	411 21st Saint, Newton, North Carolina	US
S3-635440440	Danville City Purecycle Corporation	608 Betts St, Danville, Virginia	US
S3-219312843	Allied Trust Group	New York, Atlantic Beach, 185 Daytona St	US
S3-871437965	Himalayan & Associates Ltd	101 Tirthal 18 Suvarna, Ngr Soc. N S Road No. 4, Mumbai, MH	India
S3-699988113	Angleton  Ear Nose & Throat Advanced Group	Elm Pl, Angleton, Texas	US
S3-677053915	Guzman Southwest of Banks [(LLC)]		US
S3-318380349	Smt Velo Linkers Private Ltd	60(7) Narayana Guru Road Sai Baba Colony, Coimbatore, TN	India
S3-405986013	Pioneer-Business Private Limited	Door No 53 West One F.no. A- 704 S.no. 36/1, महाराष्ट्र, Pune, 36/2, Wakad, Pune	India
S3-143615938	Corp Rev It Up Yoga	##407 Lombard Avenue, # # 1, Oak Park, Illinois	US
S3-661063630	II Ministries United	6560 Sawtooth Pass, Miamisburg, Ohio	US
S3-782274546	Crumpler Cayson Cayson Llc	214 Betsy Dr, Winston-Salem, North Carolina	US
S3-428823125	Jai  & Brothers LLP	268/F. -12 /A S/f, Malviya Nagar, Hauzrani, New Delhi, South Delhi, DL	India
S3-32131904	Regional-Network	1902 Rose Street, # A, Goldsboro, North Carolina	US
S3-411223961	Williams Star Insurance	3 Winthrop Road, North Reading, Massachusetts	US
S3-455590241	Sanders	30850 Lagoon Road, Dagsboro, DE	US
S3-922911536	Fairfield Consultants	Solucky Corner, Ground Floor, Chakala Naka Andheri (East), Mumbai, महाराष्ट्र	India
S3-991836084	Best Regional Iris ínc	#36164 San Sisto Avenue, Maricopa, Arizona	US
S3-768758803	OW Pioneer Wilco	9203 Friar Road, Maryland, Fort Washington	US
S3-711999730	Urgent Medicine Green Care	48nd Court, Cicero, Illinois	US
S3-862899708	Fischer Worldwide (Corp)	26 Grosstown Road, West Pottsgrove Township, Pennsylvania	US
S3-566484488	RXJ Flower Private Limited	J 1824Chitranjan Park, South Delhi, New Delhi, DL	India
S3-670158487	Anchor Tavia	803 Seventh St, Atchison, Kansas	US
S3-287607283	Floyd	4696 83, Roma, TX	US
S3-663410665	P/P-Adamas	286 Pine St, null, Stepens CITY, Arkansas	US
S3-963674573	@automatedpackaging	1155 1/2 Dickens Avenue, Chicago, Illinois	US
S3-423766772	Trading Interact Developers Group	C-612, 6Th Floor, Eastern Court, Tejpal Road, Vile Parle (East), Bombay, Mumbai City, MH	India
S3-396896200	The Falcon	81th Ter, Kansas City, Kansas	US
S3-347109164	Vision Elite Group Summit	6827 Us 33, Lake, Indiana	US
S3-407432095	Supreme Próducer Private Limited	3-58, Gampalagudem, Krishna, AP	India
S3-61662628	Optimal Creative Ventures Ventures	31315 Sunset Oaks Lane, Spring, Texas	US
S3-433030744	Foundry	502- Court Street, Unit #2, 03, Iowa	US
S3-193931041	Macy, Forsa and Perkins Care	Mcfee Street, Lewes, Delaware	US
S3-915114419	Limited United Tech Electronics Private	Chennai, T9-7, தமிழ்நாடு, Chennai Annanagar	India
S3-969378891	Pollyanna's  Beacon	147 Hunters Glen Drive, Sanm Arcos, Texas	US
S3-981095360	Alvarez Hardin and Deli LLC	2376 2120 Road, Grant, Oklahoma	US
S3-747437009	Jhaveri Constructions Exports Private Limited	J-3412/25f, Stellar One Gh-09, Sector 1, Greater Noida, Gautam Buddha Nagar Dist, Gautam Buddha Nagar, UP	India
S3-619711303	ಸನ್‌ರೈಸ್ ಟೆಕ್ ಪ್ರೈವೇಟ್ ಲಿಮಿಟೆಡ್	232 No-46/1, 11 Th Km Off Kanakapura Main Road, Doddakallasandra, Bangalore, Bengaluru, KA	India
S3-57698960	Eastern Rleiable Convertible	Oklahoma, #13845 222nd Avenue E, Broken Arrow	US
S3-250354081	Adams & Almanza South Inc	728 Windsor Boulevard, # Suite 113, Windsor MILL, Maryland	US
S3-942200583	Nicodemus Bishop Complete Financial LLC	3550 Glod Rush Ln, Fauquier County, Virginia	US
S3-647296288	Paramakudi Car Private Limited	11/77, Vivekanantha Vasagasalai Street, Paramakudi, Ramanathapuram, தமிழ்நாடு	India
S3-299413755	Hendrix, Miller + Hamilton	125 Whitcomb Ave, Littleton, Massachusetts	US
S3-781264230	డ్రీమ్ కన్సల్టెన్సీ ప్రైవేట్ లిమిటెడ్	D.no10-84-1, Guntur, AP	India
S3-230913896	Dovapyradelta DBA Medrano Family Practice	2755 117th Avenue E, Tulsa, OK	US
S3-911169072	जय कंस्ट्रक्शन मेडिकल्स लिमिटेड	3 Kh. No 63/10, West, West Delhi, DL	India
S3-274209669	Urban Software LLP	Chennai, TN, Leebella House No:g-13	India
S3-125327126	best ventures pvt ltd	H-199, Gama-2, Greater Noida, Bishrakh, Gautam Buddha Nagar, UP	India
S3-543902685	Hunger Society	7120 Brierfield Dr, Dallas, Texas	US
S3-519130180	Geneva Sanayi [LLC]	21 Lafayette Avenue, Geneva, New York	US
S3-661770869	WH Omega	Sixth St, Huntingburg, Indiana	US
S3-341520123	American  Alliance	2619 Vaughn Lakes Blvd, Montgomery, Alabama	US
S3-408586933	Beloriza	717 Tyler Matthew Lane, Indian Trail CITY, North Carolina	US
S3-965524718	Lakshmi Liability	B-97 Panchsheel Vihar, Malviya Nagar, New Delhi, DL	India
S3-917856007	Johnson, Plummer and Summers Débt LLC	#1000 Fulton Parkway, # APT 408, Evansville, Indiana	US
S3-263995755	YF Enegy	5/1, Bangalore, KA	India
S3-873888756	W & A Inc Service	1467 Gordon Drive, Fl. 0, Glen Burnie, Maryland	US
S3-527182202	Nilgiris India Private	Nilgiris, TN, Nilgiris, 9 F Ashirwadsnowdon Road Ootacamund	India
S3-78340470	Agarwal Caftlings Group Private Limited	H.no.12-13-485/22, Ground Floor, Street No.14, Nagarjuna Nagar Coly, Behind I I C Toffi, Ce, Tarnaka, Secunderabad, Hyderabad, తెలంగాణ	India
S3-247254376	Stsefansik Oyj	649 Longleaf Dr, PMB 7750, Auburn, Alabama	US
S3-174115988	Ward Unified-Zeo	Central Ave, # 4, Sylvania, Ohio	US
S3-728224073	Georgiana Peterson Modern	#32 Forest Oaks Drive, Southport, North Carolina	US
S3-728915100	Choice Bbaacraes Inc	Ohio, 2087-2091 Robin Avenue, Fairfield	US
S3-687206700	Cardiology Physicians  LLC	40 Kingsbury Rd, Kelso, Washington	US
S3-301266330	Prairie Apex Southwest Group	7265 Commerce Plaza Dr, Neeah, Wisconsin	US
S3-499238422	Origami  Shelters Limited Services	Plot No C-1358, 8Th Street, Golden Colony, Mogappair, Thiruvallur, TN	India
S3-664734663	N 2 Rapid-Vance Inc	2017 Stafford Street, Arlington, Virginia	US
S3-204634592	Empire ((Center))	Maryland, City Of Aberdeen, 125 Valley Road	US
S3-538669531	Varshiya Services Private	Doro No D/429 A-901, Sujay Garden Mukund Nagar, Pune, महाराष्ट्र	India
S3-667928903	Clyeks Homecare	31 Mark Drive, Fl Ground Floor, Watreloo, Illinois	US
S3-164391417	Silver Digital Co	759C Dick Road, Unit Suite 1, Buffalo, New York	US
S3-873938089	Dear  Hospital	#522, Bangalore, KA	India
S3-983319361	wrightpiedmontenergy.com	Mt. Juliet, Tennessee, ##3006 Ranch Road	US
S3-412631064	dentalclearhealth.com	206 Rosen Avenue, Rosharon, Texas	US
S3-785194243	Rapid Developments Fresh Inc	1622 Grainger Springs, Spring Hill, Tennessee	US
S3-149719965	Wexdrexlyra Co D.B.A. Pacific Preparatory Academy	1329 Ivy Avenue, Moses Lake, WA	US
S3-989156876	Orthopedic	9065 Gary Road, Unit UNIT 148, Scottsdale, AZ	US
S3-933728210	Mountain Traders Private Ltd	#18, Manikeswari Road, Kilpauk, Madras, TN	India
S3-980663912	Sri Tech Infra Private Ltd	No.953, Chennai 600 101, Chennai, TN	India
S3-284453027	Ltd Jayanagar Bangalore-41. Science	316, 40Th Cross, Viii Block, Jayanagar Bangalore-41., Bangalore, KA	India
S3-916275016	Maa Al Agro Private	341, Deepali Enclave Deepali Chowk, Pitampura, North West Delhi, Delhi, DL	India
S3-706041687	Shri Urban Ventures Private Limited	MH, (West), Bungalow No 40	India
S3-989751245	Derabassi Foundation Polieae Limited	No 39, Sector 4, Mubarakpur, Derabassi, Mohali, PB	India
S3-189554146	Eddi's Válue Productions West L.L.C.	83 Smith Street, Unit C4, Lowell, Massachusetts	US
S3-18675734	Inc Quantyx Seas,	695 Timberlane Trl, PO Box 2333, Salisbury, North Carolina	US
S3-668251002	ईस्ट हेल्थकेयर प्राइवेट लिमिटेड	A 40, Mumbai City, MH	India
S3-783847393	Florida's Coastal Home Care	Broadway, # Apartment 2, Troy, New York	US
S3-734700901	Morrison Truts	5796- Route 217 Highway, Black Lick, Pennsylvania	US
S3-761325145	Sharp  Direct Fresh Ltd	38547 Reed Avenue, Taylors Falls, Minnesota	US
S3-527783852	Peak Investment LLC Partners	733 Timberlake Dr, Westerville, Ohio	US
S3-42554952	First Modern  Bnb Ltd	13212 Kenswick Dr, Austin, Texas	US
S3-901664102	Davis LLC Center	Farragut Ave, Incorporated, Illinois	US
S3-352129402	Sai Tech Private [Limited]	Flat No-104, Nilgiri Apartment, New Delhi, Central Delhi, दिल्ली	India
S3-223574031	Harbor Living Corp	00813 Cartwright Ave, Ashton, Illinois	US
S3-738356274	EYE Express Center INC	252 Noble Street, Greenwood, Indiana	US
S3-813601727	Hall Nguyen And Vieira	521 Roslyn Rd, Kenilworth, Illinois	US
S3-439365614	Valley Stream United Children's Project	New York, Valley Stream, #192 Euclid St	US
S3-621019261	Blass, Shbann, CPA, P.C. LLC	295 APT 313 Brookhollow Dr, Ashland City, Tennessee, # 313	US
S3-749136644	Quantora Migear,l Inc	223 63rd Street, Oak Island, North Carolina	US
S3-437432193	City Infrastructure  Private Limited	#A-1-9-1245/2, Warangal, Mahboobabad, TG	India
S3-603829232	SIKARWAR BROTHERS PVT LTD	4Rd Floor, Delhi, New Delhi, DL	India
S3-547476459	FTH LLC Center	67- Arthur Way, Murphy, North Carolina	US
S3-698303080	billy ford british	14914 Western Cir, Omaha, Nebraska	US
S3-982654557	... Atlantic Committee  Inc	Marion, 0012772 Prosperity Road, Illinois	US
S3-962925404	Wen óbic LLC	401 Main Street, PMB 5803, Carnegie, Oklahoma	US
S3-453586349	Infra Shreya Trading Private Limited		India
S3-212805851	Kiran Developers	#1302 Herems Hiranandani, Panvel, MH	India
S3-662144264	A 4 Horizon Providence Summit Llc	1995. Old Route 47, Monticello, Illinois	US
S3-944446764	Limited First Bright Builders Service	Badshahpur, T 4, Pyramid Fusion, Homes Vil. Parla Sec-70a, HR, Gurgaon, #306	India
S3-325657861	Shri M/S Arul Chit Pvt. Ltd.	3/536/1 Gst Road Tpkm Balram Avenue, Thiru Nagar, Madurai, TN	India
S3-693176243	shalimarcoal.com	Ug-#10 Lusa Towers Gtk Roadazadpur, Delhi, North Delhi, DL	India
S3-298498237	Prestige  & Sons	Plot No-#97 Blk.rk Sf Jain Road Gali No-21 Mohan Garden Uttam Nagar, New Delhi, DL	India
S3-710682285	Eve Solutions Exports	No. 398 14, Kolkata, Howrah, WB	India
S3-494202784	Urology Care Associates LLC	1828 Vt Route 15, Woclott, Vermont	US
S3-861799779	Ciratavo	982 P, Part-2, Sector-20, Huda, Sirsa, Haryana	India
S3-930636498	Johnson, Gavigan & Luna [Inc]	375 Utopia Avenue, South Salt Lake City, Utah	US
S3-481833411	Sainath Epc (India) Private (Limited)	'Zydus Tower Satelite Crossroads, Ahmedabad, GJ	India
S3-840632611	E1yssa T. Campos, D.C.	##719 2nd St, Smithfield Towsnhip, North Carolina	US
S3-813229872	Deltamiratavo	1 Govt Colonyrabindra Avenue, Kolkata, Calcutta, West Bengal	India
S3-894104748	Children's Committee LLC	##820 Latigo Court, Paulden CDP, Arizona	US
S3-912804647	Liu-Bay Seneca Center	114 Waterwood Dr, Shelby, North Carolina	US
S3-592692003	CP Consultancy Enterprises Private Limited	C-2/g-10, Gf, Dilshad Colony, Comunitey Center Delhi, East Delhi, DL	India
S3-613954781	ಸೂಪರ್ ಇನ್‌ಫೋಟೆಕ್ ಪ್ರೈವೇಟ್ ಲಿಮಿಟೆಡ್	Door No 110 A Block Flourish Grushree Apt., 80Ft Main Road, Mpm Layout, Bengaluru, Bangalore, KA	India
S3-560264466	Mick and Davis (PLLC)	356 4th St, Walnut, Illinois	US
S3-394903841	Pace &  Brothers Limited	S-566, New Delhi, Delhi, दिल्ली	India
S3-565943654	Shree Limited Center	Flat 10, Rishikesh Wing A, Evershine Nagar, Malad West, Mumbai, MH	India
S3-527355537	Classic Medical Systéms Central	North Dakota, 635 First Ave, Fargo, Unit Apartment 502	US
S3-102705748	Modern Private  Software Limited	Vill Bhagina, Post Kajra Teh Chirawa, Jhunjhunun, Jhunjhunu, RJ	India
S3-487143919	Limited Dynamic Producer Service	H.no 3 Anna Street Gangai Nagar Kallikuppam Ambattur, Chennai, Chennait, TN	India
S3-963123993	PLEASANTON LITERACY LEAGUE HOLDINGS	1209 Southway, Pleasanton, Texas	US
S3-808826886	... Nesevue Niippon Cáre	109 Hunter Street, Virginia, Danville City	US
S3-177320217	Riggs Holdings Holdings Dollar	N/A, Texas, 712 County Road 133, Liberty	US
S3-644896306	Shaw and Gosdwdn Holdings	# 102, Oregon, 366 Falcon View Way, Marion County	US
S3-981266133	P 4 Clean [Skin] [Skin]	1238 Maxine Dr, Indiana, Fort Wayne	US
S3-672894385	legacymontreal.com	1751 Woodland Trace St, Youngstown, Ohio	US
S3-735369733	Gavrielle Hines-Anchor Disciplined [LLC]	4833 Tomasini Way, Sacramento, California	US
S3-751783413	Continental Smárt Ethereum	292 Zaicek Road, Ashford, Connecticut	US
S3-646618535	Pranaya Centre Private	1218, Shilp Epitome, B/s, Infostrech, B/h Rajpatroad, Ahmedabad, Ahmadabad City, GJ	India
S3-258717674	Blake Tax Service Inc	612. Stoddard St, Missoula, Montana	US
S3-587367196	Limited Lakhisarai Tyres	Smt Bartri Devi, Lakhisarai, BR	India
S3-626432303	KPK Digital Private Ltd	No 199/1A, Davangere, Davanagere, KA	India
S3-596029984	kolkatathermalprivate.com	1St Floor, Kolkata, পশ্চিমবঙ্গ, Kolkata, Howrah, Door No 27/B/3 Dr Panchanan Mitra Lane	India
S3-819047743	Ortiz Delta Cloud LLC	16 Los Reales Road, Tucson, Arizona	US
S3-970471149	Winters, Winni T., Md Eastgate	140 Love Joy Loop, Prichard, Alabama	US
S3-314995154	Global Printing LLC Services	139 Landing, James City County, Virginia	US
S3-393714873	Tirupati Infrastructure (ID: 43428)	E1/49, Saikrupa, Sector No. 8, Artist Village, Cbd Bellapur, Navi Mumbai, Thane, MH	India
S3-213629395	इंडियन कंस्ट्रक्शन स्टील	Door No 0060 A Rama Road Industrial Area, New Delhi, North Delhi, DL	India
S3-142244417	Arredondo Mobile Eastgate	0082 2138, Jacksonville, Texas	US
S3-812908417	Lumdrex D.B.A. KC Engineering Ltd	2287 14Th Main Road, 1St Floor Chair No.30, Hal 2Nd Stage Indiranagar, Bangalore, Karnataka	India
S3-807270648	star services private limited	Floor, Bangalore, KA	India
S3-432161078	Continental Council Inc	135-A Silver Lane, Unit Suite 240, Eugene Ownship, Oregon	US
S3-911901601	and Du Richards	15222-15224 Old Creek Road, Houston, Texas	US
S3-318761895	services sports consultancy private limited	93, Peredieg Park, Nr Satyam Colony, Jamnagar, GJ	India
S3-348710732	Livia Meadows Development Inc	9 Rosefield Saint, Richeyville, Pennsylvania	US
S3-972710750	HZ Dealers Pvt  Ltd	17, Bangalore North, Bangalore, KA	India
S3-288570196	32/81 Battery	221 William Trail Rd, Wendell, North Carolina	US
S3-990337070	Bharathi-Ltd Partners	No.517, 10Th Cross, Rmv Extension Sadashivnagar, Bangalore, NULL, KA	India
S3-315322138	Gallaway,, Rosina LCSW	1406 Brookside Ct, Lindale, Texas	US
S3-995983962	TOMA GRAFT RIDGE HARVARD LLC	4634- Ruben Torres Sr Boulevard, Brownsville, Texas	US
S3-777846577	Josie Olds Royal [Calisa]	2803 Carriage Trl, Mckinney, Texas	US
S3-301510603	Sirsa Tradecomm-Private	C/o Joginder Singh Vpo Mohmmad Puria, Sirsa, HR	India
S3-625148895	Piedmont Farms L.L.C.	#11 Front St, PO Box 1950, VAN Etten CITY, New York	US
S3-336208245	Laney N. Lowell, CPA LP	00120 Torrence Cir, Lenoir, North Carolina	US
S3-986538140	Continental Fonftier Therapeutics	2012b Ramsay Street, Maryland, Baltimore	US
S3-607229214	HQO Private Fresh Limited	G-3, Divreportingcircle, Inder Lok, DL	India
S3-556167184	UYN Crafts Private	Shop 1, Mumbai City, महाराष्ट्र	India
S3-794409015	8handarkar Road Technologies Holdings Private	Door No 43 Dattodaya, Bhandarkar Road, Pune, MH	India
S3-393269439	Phillida Gill Heartland Metal LP	31 Lake Avenue, Ithaca, New York	US
S3-693962540	Empire Molecular	8909 Scott Hill Dr, Catlettsburg, Kentucky	US
S3-816364939	బాంబే సాయి టెక్నాలజీ హార్డ్‌వేర్ ప్రైవేట్ లిమిటెడ్	Door No 22-55/223, Ramachandrapuram, Hyderabad, తెలంగాణ	India
S3-896083076	Lepe Ridge Regency Llc	1 Wildrose Trail, Whitehall, Montana	US
S3-250849673	GM Pfyrophete lnc	805 3rd Street, Rogers, Arkansas	US
S3-6921530	The JWH Services Private Limited	Kadam Chawl B/h Sahayog, Cmplx Krushna Nagr Thane, Thane, MH	India
S3-351737791	Pierce Prairie Rexford Co	Park Avenue, Warsaw, Indiana	US
S3-895127578	Upper Aerospace  LLC	413 County Road 410, Davilla, Texas	US
S3-744765574	Croft Classic Sky Ínc	Beckham Avenue, Texas, Tyler	US
S3-336027967	New Casting Corp	1195, Sarvodya Mohalla, Hamirgarh, Bhilwara, RJ	India
S3-445839604	My (india) Limited Service	5-215, Nagpur, महाराष्ट्र	India
S3-886460993	Brigid's Heitrgae Homecare	Alabama, 15001 Ashwood Cir, Huntsville	US
S3-796976366	Mr Shah Producer Exports	H.no-99, Faridabad, South Delhi, DL	India
S3-476200155	Coastal Artificial North LLC	Kings Park, 183- B, New York	US
S3-547301656	Highland  Patriot Studios Care	605 Eaton Ave, Humeston, Iowa	US
S3-838995287	Srishti Tech Limited	No 21 Thprimus, Nagpur, महाराष्ट्र	India
S3-889600727	Gulmohar (India) Power Pvt	01289/1290, Block-i Jahangir Puri, North West, दिल्ली	India
S3-993874174	Hardin Youth Youth Project, Inc.	1122 Crow Ave, Hardin, Montana	US
S3-728651923	NJG Parmao, Corp	2255 Bradford Dr, Louisville, Kentucky	US
S3-366526655	Legacy Prime Drilling Corp	0840 Kling Street, Akron, Ohio	US
S3-192891327	Great Logistics Holdings	Houston, 7421 Toyah Avenue, Texas	US
S3-585771069	Family  LLC Center Enterprises		US
S3-209502534	Behavioral Health Clínic Co	4892 Gap Rd, Outlook, Washington	US
S3-887627631	Harbor Thrut		US
S3-742211966	Harpreet  Educational	C/o Ajit Kumar Das, Baharu Das Para, P.o.- Baharu, P.s.- Jaynagar, South 24 Parganas, Jaynagar - I, WB	India
S3-863380372	Associated Brothers Ássociates	Shop - 3 Pl-83 Sec-8, Kamal Kunj New Panvel (E), Panvel, Raigarh(mh), MH	India
S3-217486400	Zorah Sage Esq PC	7545 Eberhart Avenue, Illinois, Chicago	US
S3-103873928	Shri Noble Universe		India
S3-381836139	Johnston, Marino & Vargas	##5090 Willows Green Road, Henrico County, Virginia	US
S3-93283238	Ted Kítchéns, M.D.	2150 Lost Nation Rd, Willoughby, Ohio	US
S3-545133055	Media Brothers Brothers Private Limited	381/C Shaniwar Peth, Opp Ni Dhi Hotel Pune, Pune City, Pune, MH	India
S3-735114528	East  Constructions LLP	A/502-503, 5Th Floor, The Qube Cts No. 1498, M.v Road, Marol, Andheri-e, Mumbai City, MH	India
S3-165843477	unified medical industries metro inc	187 Michigan Ave, Smithers, West Virginia	US
S3-183001460	Roanoke County Youth Direct Association Partners  Inc	4425 Fontaine Drive, Roankoe, Virginia	US
S3-677097838	Dr Kalinga Trading Clinic Corp	Flat No. C-10-a, West Delhi, DL, Gf, Paschim Puri, Near Dsidc, New Delhi	India
S3-435308357	Surgical Classic Center	4711 Meandering Way, Colleyville, Texas	US
S3-42351323	Corp Dynamic Media Wdrldmide	33 Irving Street, Hartford, Connecticut	US
S3-821744777	Sky Projects Pvt	No 14-B53-Old No-16/6982, G/f L/p Dev Nagar, Central Delhi, DL	India
S3-778396394	*** J+ Braemar Inc.	03283 Karl Road, Columbus, Ohio	US
S3-946863617	Trujillo Sizzle	20 Angle St, Lowell, Massachusetts	US
S3-377569001	Cardiology  Center	Parkview Drive, Pleasant Hill, Iowa	US
S3-32292180	Jaipur Council	90-A, Taranagar, Jhotwara, Jaipur, RJ	India
S3-845415531	CARSON MACHINE WORKS	##19655 65th Avenue, Unit #41, Tualatin, Oregon	US
S3-196272046	Unified Sivdeer Commodities-LLC	45854 75, Crossville, Alabama	US
S3-229476755	Seven Engineering Private Limited	66E, First Floor, Amar Plaza, Hasanpur Main Road, I. P. Extension, East Delhi, DL	India
S3-975179574	Sterling-Network Partners	25 Staples Shore Rd, Bldg. Mullein HILL Christian Academy, Lakeville, Massachusetts	US
S3-936486610	Patna Initiatives	5-12, Vrindavan Kunj Exhibition Road, Patna, Gardanibagh, BR	India
S3-686279982	Bengaluru Steels Private	Bengaluru, H.no 777, ಕರ್ನಾಟಕ, 53Rd Cross, Kumaraswamy Layout, Bangalore	India
S3-897113392	All Partners Inc. (Service) (Service)	202 Parkwood Road, null, Dundalk, Maryland	US
S3-580241191	प्रीमियर मीडिया प्राइवेट लिमिटेड	S No. 25 1/1, 60 Ft Road, Tulja Bhawani Nagar Suvarna Park, Pimple Gurav, Pune, Poona, MH	India
S3-795123578	Py Memorial Trúst	Door No 25 Parasi Mohalla Parasi Mohalla, Indore, MP	India
S3-427659315	Meify	308 Brunswick Court, Illinois, Naperville	US
S3-26763854	bonet prime connection cáre	4425 Harbor Country Dr, # #T167, Gig Harbor, Washington	US
S3-579661480	South Direct Goarred Ltd	00219 Central Shaft Rd, PO Box 5406, Florida, Massachusetts	US
S3-392620439	RAVI FUELS LIMITED	A-1/67 Virma Khand, Gomti Nagar, Lucknow, Vineet Khand, उत्तर प्रदेश	India
S3-484696517	Blueberry  Hybrid	Ghaziabad, उत्तर प्रदेश, Vijay Nagar, B-15 Sec-11	India
S3-80795405	Foot & Ankle  Royal Health	8700- University Drive, Unit 2040, Mesa Desert, Arizona	US
S3-46152622	Bombay Cosntructiobns Private Limited	32-C Mig Flatssheikh Sarai Phase I, New Delhi, South Delhi, DL	India
S3-790110860	Widman Long Center	200 3rd Street, Saprta, Illinois	US
S3-488552622	Beauty Mhsibla (India) Private Limited	No 4, Mhow, MP	India
S3-902904301	G & R Insurance PLLC	3540 Inwood Srteet, Wichita, Kansas	US
S3-64335332	Pinnacle Research Studios	75 Robinson Street, Schenectady Township, New York	US
S3-816488705	Xyloarc	1312-D I St, Indiana, Bedford	US
S3-623077184	Gunter, Hernandez Hernandez Iheartmedia-Thorp &	Town Of St. Lawrence, E3797 Smith Road, Wisconsin	US
S3-242337387	Manokamna Trading Private  Ltd	F.no. ##242, Ground Floor, Chinnathokatta, Hyderabad, Tirumalagiri, TG	India
S3-340270230	Swikriti  Medical Centre	M-4, Mini Shopping Complex, Nbcc Place, Cgo Complex, Sunder Nagar, DL	India
S3-605184674	Mald0nado Vrl Analytics	##2115 Primrose Dr, Incorporated, Illinois	US
S3-153447460	Precision Property [Solutions,]	760-764 Landmark Drive, Unit APT 508, Casper, Wyoming	US
S3-916410309	Nagappa [Brothers]	C/o-ramphal Ratna Gulhariya Bazar, Saraiya, Gorakhpur, UP	India
S3-745634836	Juniper Clinic Lakeside	415-419 Third Street, Donovan, Illinois	US
S3-344895991	Prime Agro Private Ltd	MH, Aurangabad, Vaijapur, Gut No 261	India
S3-371859462	Smt Naveen  Computing Private Limited	G 202, Ahmedabad, GJ	India
S3-768178250	Best Foods Pvt Limited	Lucknow, UP, Shop No-3-6-i, Lucknow	India
S3-667850491	C1ear Silver Galata	##1042 Mitchell Saint, Ceina, Tennessee	US
S3-613499100	Fleming LLC Services	2475 Brookshire Dr, Unit Apartment 71, Niskayuna, New York	US
S3-636871337	spawan.com	Sakaar Bhawan, Infront Of Radha Puram, Rani Garden, Mathura, Nh-2, उत्तर प्रदेश	India
S3-27956048	BIG Pizza	23 150, Hardinsburg, Indiana	US
S3-392042612	Public Fluent Land Limited	South 24 Parganas, Kol, No 41 College Street, WB	India
S3-840764233	Royal Enterprises Public Limited	H.no 031 Chatrapati Sakul At Post Ashti, Beed, Bid, MH	India
S3-767145125	SKY CITY VENTURES PRIVATE LIMITED	No. 445 House No. 2/83, East Delhi, New Delhi, DL	India
S3-966673197	Plus Educational Center	Plot 09 A1/112, 6, Ekta Garden I. P. Extension, East Delhi, Delhi, दिल्ली	India
S3-245167688	Buify Northside	791 Jacob Cir, Orange, Texas	US
S3-78909550	Sky International Pige [Limited]	New Delhi, DL, 4F Deepa Apartments 10 Ip Extensions	India
S3-526698852	साईं एग्रो प्रा. लि.	Hn 780 Unit No-309, DL, Plot No-08, Third Floor, Sachdeva Corporate Tower Sector-08, Delhi	India
S3-643593850	Sanchez Westin	2654 Valley Avenue, Winchester City, Virginia, Unit STE C	US
S3-100404894	Services Keene Inc	6460 Galleria Dr, Unit Apt 1101, West Des Moines, Iowa	US
S3-471039078	Ramirez Service	#7809 Stratton Way, Madison, Wisconsin	US
S3-257026564	Ellis Chavis and Renfro Hyperliquid Partners	4759 Mayfield Rd, Cleveland, Ohio	US
S3-299141515	ఏస్ మార్కెటింగ్ ప్రైవేట్ లిమిటెడ్	T.s. No:1041, Vishakhapatnam, AP	India
S3-708095702	Ltd Bhind Pvt Services	Door No 66 C/o Smt. Ramkali Devi Jatav, Ward No 07 Gandhi Nagar, Bhind, मध्य प्रदेश	India
S3-633390719	Mr fortecontractorsindia.com	S 1 Usha Chambers Iind Floor Ashok Vihar, New Delhi, North Delhi, DL	India
S3-247655108	Choice Corporation Service	920 Coyote Avenue, Greenville, Illinois	US
S3-79647538	Graves Pteramin LLC	1602 Queen Ridge Way, Indpeendence CITY, Missouri	US
S3-142257406	Inc. Duba Hmoeer	Texas, 11802 Terrero Ct, Tomball	US
S3-713406719	Inc Bay Association II	112 Faxon Avenue, Memphis, Tennessee	US
S3-896571690	Eba Escaimmilla Tech (LLC)	1 Whiting Way, Conklin, New York	US
S3-286537830	Mount Presbyterian Church LLC - 4054126249	0615 Hawleyton Road, Binghamton, New York	US
S3-588846770	Nelson European Assciates	22 Hemlock St, Ellsworth Borough, Pennsylvania	US
S3-883540980	Alka Time Infratech Private	Mumbai, 036 Mamta S V Rdopp Fire Station Andheri (W), MH, Mumbai	India
S3-937769983	श्याम इम्पेक्स प्राइवेट लिमिटेड	D-1, Delhi, South Delhi, DL	India
S3-152563766	Private My Solutions (Ltd)	C/oakhilesh Kumar, Hajipur, Vaishali, बिहार	India
S3-402731077	Llc Garcia, Christian And Dirksen	Texas, 1225 Fm 215, Gatesville CITY	US
S3-353794942	Brown Gravity Co	3660 Wiant Ridge, Crozet, Virginia	US
S3-316474182	Cochran  Fresh Nano LLC	225 Warner Road, Chandler, Arizona	US
S3-821635045	அர்பன் கேர் புரொவிஷன் பிரைவேட் லிமிடெட்	Door No B3/38, Chennai, தமிழ்நாடு	India
S3-989431933	Meenanth Fabrications Private	A, Ahmedabad, Ahmadabad City, N/A, ગુજરાત	India
S3-178886183	GULF FELLOWSHIP PARTNERS	1246 St Lawrence Ave, PO Box 5453, Bronx, New York	US
S3-781201613	(V) Council Colonial	##10139 Stewarts Ferry Pike, Lebanon, Tennessee	US
S3-10499768	Coastal Federation (Corp.)	4312-4314 Wallace Falls Lane, Conroe, Texas	US
S3-697548018	Real Infra Private Ltd	Sai Nilyam Appartment Police Coliny, Road No - 02, Anishabad, Patna, Flat No -1B, Patna, BR	India
S3-131114964	Literacy (Charities)	9528 Moss Hill Way, Sacramento, California	US
S3-902799879	Private Sahajanand Electronics Ltd	No. 420, 4Th Floor, Deccanarcade2, Beml Lo Rd, Bangalore South, Bangalore, ಕರ್ನಾಟಕ	India
S3-565224197	Smt Superservices.Com	49/A, Hyderabad., TG	India
S3-95249697	Onyxriza aka Budhrani Ke Private Limited	Flat No 402, Hills Dale, 34-139/27, Bharani Colony Ramakrishnapuram, Malkajgiri, Hyderabad, Telangana	India
S3-957462635	Commission On	9890 Valley Ranch Pkwy, # 1135, Irving, Texas	US
S3-892553772	Velmonet (Pártners)	00776 Glen Park Rd, Youngstown, Ohio	US
S3-32751686	Integrated  Delta Aviation Co.	#24 Charnley Ave, Hope Valley, Rhode Island	US
S3-713123646	5ilva Land	#416 Rivera Lane, PMB 2364, Corrales, New Mexico	US
S3-894701611	Esprit India Private	027, Friends Appartment, Plot No- 31, Sector - 9, Rohini, Delhi, New Delhi, DL	India
S3-500347665	GC Secure Research Corp		US
S3-882976165	LLP Pravesh India	Floor-1st, Plot-121, Vidyabhuvan Keluskar Road, 23, Mumbai, महाराष्ट्र	India
S3-449609692	Zetaevo aka Oncology Group	325 Elm Street, Haworth, OK	US
S3-465780039	Verruz  Barclansy	1001 205, Rockwall, Texas	US
S3-947271767	Zr Holdings-Group LLC	8502 Chickamauga Lane, Houston, Texas	US
S3-52805585	Eastern Pvt Ltd Center	Blck A-g-844 115, Malligai Street, Ambal Nagar, Porur, Madras, Chennai, TN	India
S3-435418710	Riex Summit Nasdaq Holdings	Ohio, Okeana, 6559 1/2 Hamilton Scipio Rd	US
S3-425411539	एसएस रॉयल बिजनेस	A-127 S/f, Surajmal Vihar, Delhi, New Delhi, DL	India
S3-609481677	Mr Craving Services Partners Co	Door No 0944 1-83, Bala Apartment Freinds Colony Jr Puram, Ranastalam, Vizianagaram, ఆంధ్రప్రదేశ్	India
S3-990411367	friedaglennventures.com	Sebring, 327 Fifteenth Street, Ohio	US
S3-624545210	XW (india)	Pt No 186 Sy No 118, Patancheru, TG, Medak	India
S3-755290175	Physical Therapy Clinic LLC LLC	307 Bill Bennett Rd, Johnson City, Tennessee	US
S3-169973039	Viviyan'S-Yoga	13 Davis St, Center Township, Iowa	US
S3-633462012	Quality  Realty	111 Hicks Street, Hicksvile, Ohio	US
S3-407445426	రామ్ ఇంజనీరింగ్ జ్యువెలర్స్ ప్రైవేట్ లిమిటెడ్	Hyderabad, Neredmet Old Ps, తెలంగాణ, Hyderabad, Door No 29-1475 Road No 4 West Kakatiya Nagar	India
S3-560985561	LLC Adams Works Iron North,	##58 05th Ave, Beech Grove, Indiana	US
S3-450089755	Regional Center	Phoenix, 6604 37rd Ln, Arizona	US
S3-600924724	Grace Fellowship	Hohenwald, Tennessee, 645 Rockhouse Road	US
S3-403489047	Town Of Helvetia Baptist Center [LLC]	Wisconsin, #N8683 Blue Mountain Lake Road, Town Of Helvetia	US
S3-186214620	UD Car (Ltd)		India
S3-818069639	Lyray Wellness	306 Central Avenue, City Of Sparta, Wisconsin	US
S3-888561474	#silverhitech	GJ, No G-80, Gujarat, Holav	India
S3-529563307	Premier Média Média Corp Center	398 Wake Forest Ave, <NULL>, Venntura, California	US
S3-738889862	O 6 Módern Blackrock LLC	Sanrico Dr, Manchester, Connecticut	US
S3-177402462	Innovative Equity	81st Avenue, Lake Stevens, Washington	US
S3-286812666	Fernanda'S Express Tax LLC	<NULL>, New York, 4264 31, Palmyrra	US
S3-387627282	Speer and Flores Sports Corp	18981 Fenwby Ave, Forest Lake, Minnesota	US
S3-305725690	Anderson Sócial Sócial LLC	1251 Lugonia Avenue, # UNIT 96, Reldands, California	US
S3-202162061	laxmiindustries.com	Block-mundapande, Vill. & Post-akka Dilari, Moradabad, UP	India
S3-945024639	M/s EXIM & BROTHERS HOLDINGS PVT. LTD.	No.d/227, 2Nd Floor, 7Th Cross, 1St Stage Indiranagar, Bangalore, Bangalore, Banglore, KA	India
S3-619315216	The Regional Montessori School	2712 Heritage Drive, Minot, North Dakota	US
S3-895981289	Patriot Montessori Schóol (ID: 18271)	4849 Melqua Rd, Roseburg, Oregon	US
S3-894307200	Ind Limited Services	RJ, Jodhpur, H.no 181-182. Manji Ka Hatha Paota	India
S3-71039759	HARDOI INFRASTRUCTURES PVT. LTD.	C/o Karunetra Kumar Singh Pihani, Hardoi, UP	India
S3-23191253	Global Council VI Inc	1137 Greenlea Boulevard, Unit J39, Gallatin, Tennessee	US
S3-137714024	Foster & Hall Dental Partners Inc.	4962 Belles Ct, Antelope, California	US
S3-684877242	Primary Care First Partners Inc	874 10st, null, Saint Johns, Arizona	US
S3-329547568	ರಿಯಲ್ ಟೆಕ್ನಾಲಜಿ ಪ್ರೈವೇಟ್ ಲಿಮಿಟೆಡ್	Hn 273 Post Yadahallitaluk Bilagi, KA, Karnataka	India
S3-494101804	Valley Foundation-P.C.	1407 1/2 Pioneer Trail, Bullhead City, Arizona	US
S3-35198199	PROGRESSIVE HORTICULTURES PRÍVATE LIMITED	Plot 999 35-A, Adarsh Housing Society, Udaipur, Girwa, RJ	India
S3-959642282	Vision Private Limited Service	DL, North Delhi, C-1-4/120 Yamuna Vihar, Delhi	India
S3-686621648	XQ Galaxyedge Llc	New Mexico, 2408 Avenue B, Carlsbad	US
S3-893297515	Granite-Inc.	00787 Penn Ave, Atlanta, Georgia	US
S3-963953703	bourn qua1ity ribbon	Sunnyslope, 2041 Gardenia Ave, Arizona	US
S3-261196612	WCD Cmh Private Límited	Blk No-s21/5 Sanjay Place, Agra, UP	India
S3-947911108	S B & D Búsiness LLC	2801 Spring St, Building Bldg 2, Hot Springs National Park, Arkansas	US
S3-30876283	Global Infotech Medicals Private Limited	B- 256, Mig Flats East Of Loni Road, Shahdara, Delhi, North East, DL	India
S3-254837585	lndian Power Private Limited	Midc, Nashik, MH	India
S3-215718239	Pediatric Dental Bay	15608 71st St, Phoenix, Arizona	US
S3-137896612	Irievo F/K/A Pinnacle Superior Two, LLC	Houston, 4018 Gulf Street, TX	US
S3-775321672	Dréxkor	85 Wanye Avenue, Ticonderoga Townshiip, New York	US
S3-84158081	Diaz Services Delta	#346 Townmill Ct, Painesville City, Ohio	US
S3-366414037	Kilmer Mid	#3031 Brinkley Rd, # T2, Temple Hills, Maryland	US
S3-535279653	Indian Infra Límited	C/omehrullah Ansari, Ward, -10, Jamaila Bazar, Andhratharhi, Madhubani, BR	India
S3-809062550	Sutton Environmental Corporation	Falls Road, Baltimore CITY, Maryland	US
S3-223746255	Cardiology Frontier	Provo, Utah, 297 Wymount Terrace Dr	US
S3-916138770	Sidhbali Children (India) Industries Pvt	Shyam Hydrolic C/o Pankaj L Goyal 585 M G Road Banshi T, Trade Centre Sh.no B 203 . Indo, Re . Mp, Indore, MP	India
S3-819145392	20/20  Holdings Service	W7773 Buttercup Lane, PO Box 4496, Town Of Wautoma, Wisconsin	US
S3-257433356	DV  Vanhglard Rre Corp	15 Green Avenue, Vineyard Haven, Massachusetts	US
S3-432956795	Chiropractic Patriot Center  Partners	210 Amagon Ave, Amagon, Arkansas	US
S3-409414350	Firkins, Jenkins &	Coriander Rd, Temple, Texas	US
S3-593968078	Honeywell (India) Gurukul Group Private Ltd	H.no 061 Pereppadan House, Mukundapuram Taluk, Thrissur, കേരളം	India
S3-213568624	The Star Intelligence Studios	1131 Amesbury Ct, # APT 205, Clover, South Carolina	US
S3-466481678	Reineke Paceline Inc.	21 Romsey Street, # 2, Dorchester, Massachusetts	US
S3-693336769	குட் டிரேடிங் பிரைவேட் லிமிடெட்	New No.12, Old No.47, C.i.t. Colony, First Main Road Mylapore, Chennai, TN	India
S3-394370186	vishwasinfotec.com	Begampur Khatola, Khandsa, Near Krishna Maruti, Basai Road, Gurgaon, HR	India
S3-100588907	Inc. Plumbers Union Local No 878	1210 Main St, Quanah, Texas	US
S3-403383019	QPH Ventures Private	Hgatal, WB, Shaymnagar`, West Midnapore	India
S3-13222751	IB Unified Guggenheim Inc	3012 Cardigna Court, Stallings, North Carolina	US
S3-755538111	Integrated Commercial Laboratories		US
S3-990486913	Prime Infotech Pvt	No. 746 Asaram Bunglow, Solapur, MH, Bijapur Road, Mantri Chandak Park	India
S3-230079284	Yumawexecto doing business as Urology Allied Physicians	KY, Jeffersontown, 1823 Laser Ln	US
S3-470315190	(Inc) Bailey's Fitness	43nd Street, Cave Creek Carrier Annex, Arizona	US
S3-888336337	ಮೈ ಎಕ್ಸ್‌ಪೋರ್ಟ್ಸ್ ಲಿಮಿಟೆಡ್	Fifth Floor, Bangalore, ಕರ್ನಾಟಕ	India
S3-439436136	Lotus Infratech Hospital	#3-4 Nahar Amrit Shakti, Flat No.308, R 2 Chandivali, Andheri East, Mumbai City, MH	India
S3-206646435	Lakshmi Jain Properties Llp	महाराष्ट्र, Mumbai, Ground Floor, 12, Free Mansion Hall, Damodar Sukadwala Road, Sterling Cinema, Fort, Mumbai City	India
S3-160684293	Continental  Center	292 Hinman Rd, Pulaski, New York	US
S3-896427095	Reed, Carr and Getty Inc. Service	Washington, Clarkston, 572C Silcott Hills Rd	US
S3-486592210	perfectsystems.com	Plot No .D/01, Near Esi Hospital, Bhuwana Road Badagav, Sukher, Udaipur, RJ	India
S3-617739531	Children's F0undation Co	35365 Hewankorn Loop, Ronan, Montana	US
S3-341472182	Center Total Inc	Unit 5, Maynard, Massachusetts, ##22 Deer Path	US
S3-336150760	#servicesfuture	G-2, Rajshree Apartment, Plot No 4/216 Chitrakoot Yojna, Ajmer Road, Jaipur, RJ	India
S3-337114701	SY One	##6470 Petersburg Court, Cimarron Hills, Colorado	US
S3-713465947	Jai Private Limited Service	A -056, New Delhi, East Delhi, दिल्ली	India
S3-9323045	Eye Physicians Co	Anderson Mill Rd, Unit 623, Austin, Texas	US
S3-302358221	White, Adams and Farmer [LLC]	#2401 12th Avenue, Pine Bluff, Arkansas	US
S3-371675729	Tayal Brothers Private [Limited]		India
S3-60741308	Kochiit.Com	Plot C-901 Ii Nd Floor, Kochi, Ernakulam, Keralam	India
S3-510861822	Pyrapyrax dba Safe Strategic River Inc.	2600 Brinkley Road, MD, Unit 714, Fort Washington	US
S3-725067223	Q/Z Net Inc	Wild Bramble Lane, null, Katy, Texas	US
S3-165518494	Mandarin Finance  Pamrsvbe Limited	Shop No. 5, First Floor, Patel Chambers, Rajkot, Morbi, GJ	India
S3-778517840	BRANDI C. SCHRADER, DMD DOWNTOWN	18414 Parkmount Avenue, Cleveland, Ohio	US
S3-110126589	PRIVATE ACE CONSTRUCTION LIMITED	South Delhi, DL, C-31	India
S3-730249553	Sib's Blue	75. Mary Catherine Cir, Windsor, Connecticut	US
S3-135779448	ग्लोबल टेक एलएलपी	Shop No-a-2 Rama Market, Gurgaon, HR	India
S3-22183836	vanguardbroadcastconsultants.com	36, Carrollton, Kentucky	US
S3-289043886	Parker, Scuderi And Jacobs LLC	440 1/2 Bailey Hill Road, Farmington, Maine	US
S3-989376307	Physical Therapy Health Group	70 Lorenzo Street, Rochester, New York	US
S3-211743414	Arlyn A. Oneil, DO South Inc	5874-C Old Mocksville Road, Salisbury, North Carolina	US
S3-506012222	Limited Vijay Investments Services	Rawalwasia Houseold Mandi Road Hissar, Muzaffarnagar, Hissar, HR	India
S3-65875971	Prime Innovative Corp Services	7407 State Rond, Croghan, New York	US
S3-521886727	Smart Care Garments Private Limited	Block G-725 House No.561, Sainik Farms, New Delhi, DL	India
S3-187791606	M/s Om Logistics Industries Private Limited	Bangalore, ಕರ್ನಾಟಕ, Nandi Garden, Block Iii, Alahalli, Anjanapura Post, #15, Bengaluru	India
S3-12511131	Zabrina Johnson Global Biotechnologies,	4741 Sayre Avenue, Harwood Heights, Illinois	US
S3-720127636	rory layman pebblebrook llc	246 Roosevet Ave, Evanston City, Wyoming	US
S3-587464662	Leix  Ventures PLLC	6949 Pablo Dr, Sacramento, California	US
S3-2511787	Cook, Carfagno and Whipple Ltd Center	817- Magnolia Street, Nashvilel, Arkansas	US
S3-242914530	Smith and Carroll	4391 5335, Utah, NULL, West Valley City	US
S3-338547671	Sapphire Chile Ínc.	193 Orange Blossom Cir, Folsom, California	US
S3-917982173	Dream Blue Finance  Private Limited	TN, Door No 10, Madurai North, Madurai	India
S3-91784205	Marshall, Waldner & Roll Uptown	5713-D River Wood Ct, Indianapolis, Indiana	US
S3-701139033	ബാബ ഇന്റർനാഷണൽ എൽഎൽപി	Iv/105wadakanchery, Thrissur, Keralam	India
S3-919831829	Abc Brothers Private Limited Center	MH, Door No 203 Wing-d, Mumbai	India
S3-259586091	Oncology Physicians of New Bern Inc	North Carolina, New Bern Towsnhip, 2116-2120 Scotts Store Rd	US
S3-117306946	Heartland Coalition Incorporated	Glen Oaks Drive, Norman, Oklahoma	US
S3-430617506	4413 Market	6110 Remuda Run Dr, Heber City, Utah	US
S3-869225441	20/20-Ocal		US
S3-864376558	Rigby Custom Newhold	22848 Forest Creek Dr, Fl 1, Sherwood, Oregon	US
S3-773378271	All  Marketing Agencies	Plot 810 G -23, Tirupati Complex - Ii, 1St Floor, Deesa Highway, Banaskantha, Palanpur, GJ	India
S3-464528069	teddie's signature transport	6521-C 89st Street, Lubbock, Texas	US
S3-112584322	Tutt Gnhen Earths (LLC)	00218 Deem Street, Eaton, Ohio	US
S3-909605684	Heitmann Arthur Inc Partners	5606 Comet Avenue, Toledo, Ohio	US
S3-160264606	& Tyree Rich	6101 Casey Drive, Rogers, Arkansas	US
S3-168736045	Sanders Grand Allocation South	Murphysboro, Illinois, 2436 Borgsmiller Street	US
S3-85637888	Berry, Jenkins and  Gutierrez Omega LLC	244 Joseph Dr, Tonawanda, New York	US
S3-397058967	9-BROTHERS CO	Wisconsin, 2942 Shade Tree Ln, Village Of Howard	US
S3-738098316	Shakti Limited  Service		India
S3-766883371	Orth0pedic Associates Associates Uptown LLC	63311 Sr 124, Unit 149, Long Bottom, Ohio	US
S3-844373710	W+  Inc Center	1200 Burr Oak Ct, Elkhart, Indiana	US
S3-837514282	Jasola Technology Pirvate Limited		India
S3-290655670	Jeri M. Craw, Services	Wisconsin, Town Of Millston, W6575. O, Room Millston Cenex	US
S3-678643209	Privhte Protos Equipments Limited	Block A-723 18, British Indian Street, 4Th Floor, Room No-403, Kolkata, Kolkata, Howrah, WB	India
S3-470832125	Veterans Fund Féderation	##10005 Augusta Avenue, Spokane Valley, Washington	US
S3-729652476	LQL Service	18012 Cedar Bluff Road, Williamsfield, Illinois	US
S3-649512566	ವಿಜಯ್ ಟೆಕ್ನಾಲಜಿ ಪ್ರೈವೇಟ್ ಲಿಮಿಟೆಡ್	Dharwad, KA, Dharwar, Plot No 98/2	India
S3-723677676	Kishangarh Índustries Infratech Pvt Ltd	Door No.3/986, Thrikkakara, Ernakulam, KL	India
S3-183170824	Noida  Realty Private Limited	Village Chhalera Street No. 3, Noida, K2 Tower, UP, Gautam Buddha Nagar	India
S3-486717250	साउथ मीडिया प्राइवेट लिमिटेड	F-##77, Mumbai City, Bhandup West, MH	India
S3-497628233	Superior	301 Us Highway 127, Unit SUITE, Signal Mtn, TN	US
S3-708575190	Choice Payment Cóllective LP	9161 Jarvis Ave, Cottage Grove, Minnesota	US
S3-366212797	Fantastic Cótton Holdings	DL, East Delhi, 3 St Floor Jaina Complex 3 A Veer Savarkar Block, Shakarpur	India
S3-342695677	Platinum Jersey Metro	130 Moore Rd, Coppell, Texas	US
S3-235021961	சுப்ரீம் மார்க்கெட்டிங் லிமிடெட்	Sri Sakthi Nagar New Street, Arumbakkam, Chennai, C-31/55, TN	India
S3-501451032	Proor Peak Partners	1804 Greenleaf Street, Evanston, Illinois	US
S3-930095247	vagmine traders pvt. ltd.	C/o Rajesh Kumar Agrawal, Vidisha, मध्य प्रदेश	India
S3-673516602	Inc. Capital Initiative	400, Anderson, Indiana	US
S3-397961079	Dd Traders Limited Private	House No 177, 17 Bdhantoli Naear Nabira, Katol, Nagpur, महाराष्ट्र	India
S3-398766498	Kornovi Formerly Select Semiconductor Worldwide Inc.	1205 14th Street, Ozark, MO	US
S3-522571962	Pyramira DBA: Aeriela Perez, DDS Inc	23 Bond Street, Hartford, CT	US
S3-311052344	(Industries) Sángh Cemcon	C-33, Second Floor, Rps Palms, Sector-88, Faridabad, हरियाणा	India
S3-167981685	Shivshakti  Mahfmoin	Door No 55/56, Bangalore, KA	India
S3-672428082	Sun Pioneer [Consultancy] (ID: 59505)	E-23, Ground Floor R/s. Aali Vihar, Sarita Vihar, South East Delh, South Delhi, DL	India
S3-218397737	Laxmi Sérvices Private Limited	#1703 Astar Tower A Wingvasant Valley Ii Malad E, Mumbai, Mumba, MH	India
S3-18915767	blevins, blandon and baldwin llc		US
S3-903986209	Lucas Sánanir LLC	816 Osceola Ave, Nlies, Illinois	US
S3-307721898	YZT Blackrock Downtown LLC	2310 California Street, Minneapolis, Minnesota	US
S3-610692143	Bright It Private Limited	S No 106, Pune, MH	India
S3-224758084	Plus-College	C/o Gulab, Ward No 07, Nag Ghati, Phagi Moad, Chaksu, राजस्थान, Jaipur, Roopaheri Kalan	India
S3-142147713	VANGUARD HOSPITALITY GROUP LP	7319 Jackson Road, Town Of Wood, Wisconsin	US
S3-311264148	Yumacalo Formerly Bastion Cbre	24109 64th Place, Village Of Paddock Lake, WI	US
S3-129838494	Shree  Services Private	C-194, Noida, UP, Gautam Buddha Nagar	India
S3-847651125	Deltatavo	Jhugi No 200 Sri Ram Ji Camp, Nanak Pura Moti Bagh R.K.Puram Near Venkatesh College, South West Delhi, Delhi	India
S3-264111128	Nbp Future Private  Limited	Bijnor, UP, H.no 240- Village Ibrahimpur Raju, Bijnore, Raipur Road, Najibabad	India
S3-376681934	Huntington Bpmit Center LLC	West Virginia, 2729 Fourth Avenue, Huntington	US
S3-74129408	Diamond Precious LLC (Services)	Cincinnati, Ohio, 3424 Trimble Ave	US
S3-425947145	Harbor Reliable	15 Cumberland Road, Reading, Massachusetts	US
S3-776433544	NV Medtech [[Limited]]	H No. 3126/143, Konsiwas Road Leo Chowck, Near R.c.m, Bi, Rewari, HR	India
S3-831426646	II Cénter National	1330 Arcade Blvd, Sacraemnto, California	US
S3-480618788	Supreme Biosciences Co	211 Mills Avenue, Holcommb, Kansas	US
S3-699612489	Willis East	Bozeman, 1792 Buckrake Ave, Montana	US
S3-577239155	highland1432boulevard.com	2730 Madison St, Albuquerque, New Mexico	US
S3-308555574	Pediatric Partners	4112a Gary Ave, # APT 223, Lorain, Ohio	US
S3-94173495	M/s Tirupati (Producer)	T-c-148/4near Karumariamman, Kovil Ellis Nagar, Madurai South, Madurai, TN	India
S3-983767362	Ramirez, Raine Contracting, LLC	33 Curtis Tignor Rd, Newport News, Virginia	US
S3-397529273	Lacy's Superior Fashion Partners	##418 Mill Street, Atlanta, Texas	US
S3-961313441	Pearl International School Co	Shop No.f##093b, No.769, Spencer Plaza Anna Salai, Chennai, TN	India
S3-386511623	Steels Tools Ltd.	No 71 At/po-ramagiri Ps-ramagiri, Ramagiri, Gajapati, ଓଡ଼ିଶା	India
S3-800619529	medicinecareinternal.com	4954 Paseo Montelena, PO Box 2779, Camarillo, California	US
S3-438175224	Sri Perfect Agro Motors Private Limited	Saop No.a-543, 4Th Floor, Orchard Road Mall, Survey No.169, Aarey Milk Colony, Goregao, N(east), Mumbai City, महाराष्ट्र	India
S3-414136142	Dental Grand Specialists Uptown	#10330 Madison Twp Rd 56, Mount Perry, Ohio	US
S3-72833139	Smith Dental Inc Partners	Albuquerque, New Mexico, 10468-D Chandler Dr	US
S3-715464136	Interstate Pimco Llc	4517 Majesty Road, RIO Rancho, New Mexico	US
S3-37447450	PANIPAT ENER6Y OVERSEAS PRIVATE LIMITED - 8220161505	E-4/16, Panipat, HR	India
S3-189786426	Oconnor LLC Center	Utah, Laton, 192-C 2975	US
S3-860512716	Glyphas  Logistics	4323 Pin Oak Dr, Durham, North Carolina	US
S3-359856675	Jacks Apex Range Ltd	25535 Black Duck Trl, Ogema, Minnesota	US
S3-649537715	Arckelolyra D.B.A. Frank Metropolitan Odyssey	5733 Ivy Lane, Outing, MN	US
S3-975169128	Sriperumbudur Hotels Ltd	No 2C, No 113A/113B, Devdoss Street, Nandagopal Raja Salai, Gurusamy Nagar, Madhanandhapuram, Chennai, Sriperumbudur, Kanchipuram, தமிழ்நாடு	India
S3-49780522	Ear + Nose Throat Partners (LLC)	1060 River Saint, Santa Crz Township, California	US
S3-410986434	*** 194 Third Blvd Hóldings	8056 Telegraph Rd, Fl. 0, Severn, Maryland	US
S3-115538467	Ltd Baptist Valley Shemvices	165 Marsden Ave, Ohio, Perry Twp	US
S3-859545562	Hari	C/O Kunhammed K, Kapoor, House, Nellikuth, Ernad, Malappuram, Malapuram, Kerala	India
S3-204216462	High  Summit	9 Johnny Ct, Unit 3, Boston, Massachusetts	US
S3-611556333	Diaz and Elliott East LLC	2330 Lee Street, Salem, Oregon	US
S3-652496768	Smt Jai & Partners of New Delhi	18/70, New Delhi, North West, दिल्ली	India
S3-196179698	MGV-Abony	3308 B Pease St, Houston, Texas	US
S3-454204643	Perfect	6-13-8, 2Nd Floor, 13/3 Arundalpeta, Guntur, Andhra Pradesh	India
S3-331071872	Capital Fdeeradion	6421 Oreole Avenue, Excelsior, Minnesota	US
S3-643373333	Brighton  Propertes Inc	17409 127th Avenue Court, Puyallup, Washington	US
S3-845376876	Grier Ridge Sunstone Inc	07 Overlook Drive, Waterford, Connecticut	US
S3-523432500	Crane Federal Acres Inc.	15285 Roanoke Ave, Goodyear, Arizona	US
S3-191559656	modyneinternational.com	Cold Brook, New York, 847 Gray Wilmurt Road	US
S3-25172510	Classic Constructions Global Limited	H.no 19, 2Nd Floor, Block-d-2 Sector-11, Landmark Near Veera Deva Trus, Rohini, North West, दिल्ली	India
S3-209380725	स्टार मार्केटिंग प्रा. लि.	Sikarwar Sadan Shivaji Nagar Aamkhow Kampoo Lashkar, Gwalior, MP	India
S3-824969257	Mendez Lrrase  Cascade Tax Service	6054 Canterbury Place, Sioux Falls, South Dakota	US
S3-894695867	Private Navyug Foods Ventures Limited	417, Kailash Plaza, Vallabh, Baug Lane, Ghatkopar E, Mumbai, MH	India
S3-294774165	Valley Enterprises Northside LLC	10 Manor Drive, Trumbull Center, Connecticut	US
S3-116672820	Keis Pharma	1143 Monte Vista Ave, Unit LOT 23, Vacaville CDP, California	US
S3-913614025	M/s Shree Marketing Pvt Ltd	43 South Usman Road T Nagar, Chennai, TN	India
S3-18362952	Milne Pearl Holdings	0303 Beechurst Avenue, Unit 309, Morgantown, West Virginia	US
S3-74917543	Ortiz &  Odonnell Rio PC	250 Forest Oaks Boulevard, Houston, Texas	US
S3-717150612	western beacon corporation		US
S3-219679874	Golden Cóffee Inc.	Arkansas, Hot Springs National Park, 3403 Spring St	US
S3-528914357	1371 Center Lane Management	Hamilon CITY, 6 Beth Lane, Ohio	US
S3-122234443	Infotel  Choice Private Limited	Plot-#65, Hyderabad, తెలంగాణ	India
S3-861876386	Gandy [Galata]	3431-A Shady Grove Road, Unit 8, Irving, Texas	US
S3-61995646	Alpha	164 Lingi Chetty Street Singapore Plaza, Ground Floor, Flat No G, 5, Broadwa, Chennai, Tamil Nadu	India
S3-225550195	Bailey Shanghai Riverside  Inc	157 Blue Byaou Trl Ct, Houma, Louisiana	US
S3-584675522	Crystal Stores	4600 Pacific Rim Blvd, Camas, Washington	US
S3-327842083	Services Prabha Holdings Center	MH, Cts No. 984, Survey No. 3 / 2, Hissa No. 2, Inspira Mall, Office No. F 10, Fourth Floor, Near Bhakti Shakti Chowk, Near Talera Ford, Old Mumbai Pune Highway, Nigdi, Pune, Pune City	India
S3-968241508	L.L.C. Integrated Nlutoriao Products	29 Abeel St, NULL, Yonkers, New York	US
S3-500109351	Clarke's Consultants	4827 Creekbend Drive, Texas, Houston	US
S3-472172267	Coastal Commodities Holdings	1010 Misty Lynn Circle, Unit Apartment M, Cockeysville, Maryland	US
S3-511725188	Lull Dime PC	1684 Florida St, Memphis, Tennessee	US
S3-435079983	ஒன் இன்வெஸ்ட்மெண்ட்ஸ் பிரைவேட் லிமிடெட்	Vellore, TN, Villa No: 28D, Vellore District	India
S3-99762608	Horizon Bévcage	004445 Fallen Leaf Lane, Jackson, Wyoming	US
S3-967545996	Harding Tembr, LLC	701 Richards Road, N Little Rock, Arkansas	US
S3-341957869	Ursa Smith, O.D., LLC	3617 27 North Grand Ave, Sringfield, Illinois	US
S3-276153189	Llc Aurara Marshall,	42 Dundee St, S Bend, Indiana	US
S3-661352910	zuxconstructions.com	J-705 Kartar Nagar Shahdara, Delhi, East Delhi, DL	India
S3-124700659	Nicholas & Eaton Trinity Corporation	5530 Sr 66, Defiance, Ohio	US
S3-387979745	Pioneer Investments-Private Limited	#346 Plot-759/1646/791/3159, Ethi Cs Avenue, Bhubaneswar, Khordha, OD	India
S3-459007951	Kcc Hotels Enterprises LLP	#92, Shakti Vihar Ground Floor Landmark Near Rashmi Apartment, Pitampur, Delhi, North West, DL	India
S3-617123652	Williams, Lynam & Brice LLC	481 401, Raeford, North Carolina	US
S3-275732485	Town Of	664 First St, PMB 1470, New Bedford, Massachusetts	US
S3-600388358	Kemper, Granci & Haynes Inc	7845 Honeycrisp Ct, Holland, Ohio	US
S3-157207909	ಶಕ್ತಿ ಕನ್‌ಸ್ಟ್ರಕ್ಷನ್ಸ್ ಪ್ರೈವೇಟ್ ಲಿಮಿಟೆಡ್	No. 1., Ground Floor, 79, Coles Road, Pulikeshinagar, Bangalore, Bangalore North, KA	India
S3-43424292	Mdn Mboiol Centre | www.mdnmboiol.com	#41 Sikandra, Agra, UP	India
S3-32545511	The Tri-State Fortress Partners	#1522 Polk St, Amarillo DCP, Texas	US
S3-153862302	djwgreenunion.com	10641 Buena Villa Road, Rockbridge, Ohio	US
S3-279243403	Rocky  Care	8617 De Oro, Peoria, Arizona	US
S3-924442796	Jbn Concept	Jaipur, 122/237, Inder Path, Agarwal Farm, Mansarover, Jaipur, राजस्थान	India
S3-490820720	Psb  Industries Pvt Ltd	Door No 14Th Floor, Office 17, Bearing Cts No, 174A, Lbs Marg, Opp Damodar Park Nr Ashok Mill, Ghatkopar (W), Mumbai, महाराष्ट्र	India
S3-642742611	WN  Glass Inc	4622a 72nd Pl East, Tulsa, Oklahoma	US
S3-296483127	Relation (India) Seals  Private Limited	H.no. 401, Urban Estate, Gurgaon, हरियाणा	India
S3-688540846	Sri Rpn  Hospital Ltd	Station Road, Opp. Axis Bank, Thane, Bhayandar West, 202 Chandrakant Niwas, महाराष्ट्र	India
S3-187449958	செவன் ஃபுட் பிரைவேட் லிமிடெட்	No 344/1, Senniyampati, Pulikarai Post, Palacode Taluk, Dharmapuri, TN	India
S3-214862683	(Sérvices) T 8 L LLC	Missouri, Saint Louis, Churchill Farm Dr	US
S3-390755618	श्याम प्रॉपर्टीज लिमिटेड	No. 90 Kh No - 86/1 Plot No 87B Dabhon Nai Basti, Allahabad, उत्तर प्रदेश	India
S3-753175236	గెలాక్సీ లాజిస్టిక్స్ ఫుడ్స్ ప్రైవేట్ లిమిటెడ్	Banjara Hills, Sri Ram Nagar, Road No. 12, Banjara Hills, Hyderabad, TG, Plot 59 8-2-676/1/B/30/7/16	India
S3-541501661	LLC Clancy Rihce	2880 Sunset Dr, Overgaard, Arizona	US
S3-660158011	ब्राइट इंटरनेशनल प्राइवेट लिमिटेड	No. 293 C/o Accided Distination, Khatod Comp, Pushkraj Dp, Aurangabad, महाराष्ट्र	India
S3-247855447	Beacon Llc	201 1st Avenue, # APT 8, Baraboo, Wisconsin	US
S3-908569662	Carewell-Limited Center	Office No.601/603, Pune, Wakad, महाराष्ट्र	India
S3-841313144	Taon	Carol Stream, 752 1/2 Bluff St, Illinois	US
S3-121793087	Kinser Jones and Lopez LLC	2525 Southern Ave, # 305, Tempe, Arizona	US
S3-154710919	United Ridge	1262 Goodrich Ave, Saint Paul, Minnesota	US
S3-353805721	Grissel's Inttefiars	Alabama, Weumpka, 91 Nobles Rd	US
S3-992490244	Adams Hospital-Private Limited	No. 833 Plot No R 714, Navi Mumbai, Thane, MH	India
S3-137126416	Raw Traders  Private Limited	Keralam, Plot No 23 B Industrial Development Area, Kasaragod, Kasargod, Ananthapuram, Kannur, Kasaragod	India
S3-140335969	Premier Premier Starling	9702 Fernwood Ln, Hagerstown, Maryland	US
S3-955712138	chiropractic clean clinic inc	10950 Filey Lane, Houston CITY, Texas	US
S3-283752595	Sharp Management (Ltd)	57 Kenmore St, Harrisonburg City, Virginia	US
S3-800587489	परफेक्ट प्रोजेक्ट्स इंजीनियरिंग	No 67. Prithivi Singh, Plot No 130 Kakrolla, Housing Complex, New Delhi, West Delhi, दिल्ली	India
S3-967359158	Pediatric Legacy Health LLC Center	#1317 South Nevada Ave, Davenport, Iowa	US
S3-690399505	JJ Marketing Holdings Pvt. Ltd	MH, S. No. #26 Plot No. 161, Pune, Kothrud Aman Society Dahanukar Colony, Pune	India
S3-401583608	Shyam-Consultants Solutions Private	A-83 Sector No. 5 Chitrakoot Colony, Vaishali Nagar, Jaipur, Sirsi, RJ	India
S3-652319783	ड्रीम माय बिल्डर्स प्राइवेट लिमिटेड	Plot No D-4/1, Satara, MH	India
S3-890846266	hudginsgreatirenic.com	8821 Cochran Court, Wake Forest, North Carolina	US
S3-321944547	Betts Peak Jpmorgan Co	#10647 Rhus Fringe Drive, Baton Rouge City, Louisiana	US
S3-984916487	2350 Sunset-St (Rea1ty)	Jacksonville, 508-C Sorrells Dr, Arkansas	US
S3-357374507	-- Alpha Software  Private Limited	No 1/648, Malapuram, Edavanna, KL	India
S3-337659716	Realty Dot (Private)	Panvel, महाराष्ट्र, Mumbai City, Doro No 102 B	India
S3-778049029	Modern Power Public Limited	Door No A-417, Building No 06, Ashta Vinayak Vastu Prakalpa Phase 2 Katrap Road Opp Sun N S, Hade Hotel, Badlapur, Thane, महाराष्ट्र	India
S3-8463987	പയനിയർ ശിവം ഇൻവെസ്റ്റ്മെന്റ്സ് പ്രൈവറ്റ് ലിമിറ്റഡ്	Erumakattukudy Kanjirakad, Ernakulam, Perumbavoor, Keralam	India
S3-923975093	new power prívate limited	Shop No I, Mumbai, महाराष्ट्र	India
S3-347170489	Vardhaman Medical Centre Pvt (Ltd)	Thane, Vasai, Door No #4, MH	India
S3-477995065	M/s Sai Infra Private Limited	No 39 Trade Centre, Mumbai, Mumbai City, महाराष्ट्र	India
S3-573875252	Heaven  Welfare	395/47, Gurgaon, HR	India
S3-420569181	Trusted Telecom Cóllective	398278 1/2 950 Dr, Washington County, Oklahoma	US
S3-549845258	Saundra A. Ponce, L.C.S.W. Inc		US
S3-983050365	Xiong and Gsud	71 London Drive, Smyrna, Delaware	US
S3-627239925	Environmental Cómmittee	1627 Swede Heaven Road, Swede Heaven, Washington	US
S3-664248927	Better Total Fast-Inc	1050 Clear Pointe Run, Campbell County, Virginia	US
S3-352119331	urgentcarespecialists.com	514-A Hasty Street, PMB 918, Marshville, North Carolina	US
S3-37145853	Knudsen	9 Sombra Del Oso Road, Taos, NM	US
S3-403410843	Jaiveer Inf0tech Private Limited	No 2-3-18/17, Hyderabad, Andhra Pradesh	India
S3-265613491	American  L.L.C. Center	##4620 Sandy Creek Rd, Nashville, Tennessee	US
S3-737367892	Patriot Coalition V Riverside	184 35rd Street, # 3, Washington, District of Columbia	US
S3-616023287	Malia R. Budreau, M.D. Corp	1017 Putman Dr, Mckinney, Texas	US
S3-677303432	Sathya Ventures Pvt  Ltd		India
S3-895983104	Zoom Saving Group	No 37 Kala Bhavan, Sudama Road Sudama Chowk, Porbandar, GJ	India
S3-237883511	Integrated Robotics  Concepts Inc	15130 38th Avenue, Plymouth, Minnesota	US
S3-581002140	Inc Chica, Johnson and Cummings Defi	5946 1/2 Shiloh Church Rd, Wilson, North Carolina	US
S3-776616755	LLP Indo Consu1tants	Hn 82 135A/136A, Mumbai, MH	India
S3-430823885	Surgical  Premier Associates Inc	215 Webster St, # A, Nashville, Tennessee	US
S3-919786918	Ramnath  Aura	132 Palm Drive, Alabaster, Alabama	US
S3-650264790	Best Food Limited Center	54, N/A, Indore, Depalpur, MP	India
S3-833255055	Llc A Golden Trust	116 Lowndes Ave, Huntington, New York	US
S3-698954180	LLC Woods Antimony	110 Wethersfield Dr, Cary, North Carolina	US
S3-171483817	Twisted Grill	##5 War Eagle Cir, Crossville, Tennessee	US
S3-921409846	Hedden P.C. Services	5306 Edmondson Pike, Unit 1, Nashville, Tennessee	US
S3-516530986	Robinson Tri-State Chiron Co.	#5311 Silverton Drive, Killeen, Texas	US
S3-516694567	Dr Ss Projects Pvt Ltd	#B3/904, Bengaluru, ಕರ್ನಾಟಕ	India
S3-378272145	FU Safety LLP	Block G-220 B 4103, Mumbai, Mumbai City, MH	India
S3-880947185	Back Alley Deli	00237 Oak Street, Palatine, Illinois	US
S3-155278947	Jana Trrust Ventures	GJ, Ahmadabad, Ashwamegh Elegance -2, Nr Chhabada Building Near Central Mall A, Mbawadi, 8Th F/401, Ahmedabad	India
S3-678676049	Philis Batrus Rocky Origin Inc	2400 Third Street, Radford City, Virginia	US
S3-93862221	Adhik College Corporation	No: G-3/47, Vellore, தமிழ்நாடு	India
S3-560344777	Synsava Group Service	2581 Summerset Dr, Rialto, California	US
S3-144901040	Historical Society Llc	4042 Shurgard Way, Nashville, Tennessee	US
S3-856409228	YAB Ginning Limited	21 Vice Regal, 15 Punit Nagar Akota, Old Padra Road, Vadodara, Baroda, GJ	India
S3-160816558	Riex álussa PLLC	5895. Red Rock St, Gilbert, Arizona	US
S3-479184388	Athey and Bronner Management Partners	8740 Highway 71, Waldron, Arkansas	US
S3-86427732	Private Bhiwadi Global Ventures Ltd	Scf 11, Ludhiana, PB	India
S3-511406628	Center Lauer LLC	102 Medallion Lane, # 504, Asheville, North Carolina	US
S3-337877161	Lincoln Patrsoit Xsolla Partners	1923 Gallaudet St, Washington, District of Columbia	US
S3-190214426	Board of  Sanitation Inc.	Texas, Conroe, Queens Ct	US
S3-262185397	Cancer Fogudnton Northside L.L.C.	518 Oak Grove Rd, Stamps, Arkansas	US
S3-741472663	स्वस्तिक सॉल्यूशंस	M-##75 Greater Kailash-1, South Delhi, Delhi, दिल्ली	India
S3-278324055	davisoncredit.com	2708 Twentieth Street, Lubbock, Texas	US
S3-843599417	national désign networks llc	2276 Jefferson Street, Sherrodsville, Ohio	US
S3-872243909	Marillin Whitney	405 Pearl Street, Macomb, Illinois	US
S3-439454162	Alpha Properties Private	C-3/1296, DL, Vasant Kunj, New Delhi	India
S3-562129141	Latrina Santacruz,  DMD	7819 Linthicum Road, Fl. 0, Pasadena, Maryland	US
S3-212793200	Alpha Héalthcare Private Limited		India
S3-897294900	DEVRAJ BROTHERS LIMITED	Dor No #07, Sundargarh, Rourkela, OD	India
S3-598107496	Redmond Rights Clean Human [Committee]	6909 143rd Court, Redmond, Washington	US
S3-909580479	Nakagawa [Fashion]	Wahpeton, 1808 Schmidt Dr, North Dakota	US
S3-380461231	Veranoconstruction.Com	145 Adelaide St, Fairfield, Connecticut	US
S3-555527129	Dr Aanand Téchnology Private Ltd	P.no.4 & 4/A, Hyderabad, Nampally, TG	India
S3-716592277	Signature-Ampercap Inc		US
S3-944754525	carroll dental associates downtown	68 Village Springs Cove, Springville, Alabama	US
S3-98831311	Center Memorial Trust Holdings	Tehsil- Laxmangarh, Sikar, No 14 Balaji Chowk Vpo- Mangloona, RJ	India
S3-357485496	5as Gmorheeen Private Limited	#00833 Plot No- 81, Central, New Delhi, DL	India
S3-775483718	Meex  Tritl LLP	205 Longley Green Drive, Walkersville, Maryland	US
S3-404336289	Llc Pediatric Dentistry Specialists	1790 York Rd, Jackksonville CITY, Illinois	US
S3-189877153	Signature Pioneer  Index	##1005 Cedar St, PMB 1643, Roanoke Rapids, North Carolina	US
S3-210548959	Cure  Bistro	1900 Friendship Rd, Paducah, Kentucky	US
S3-557021628	Coastal Caritins ÍV	511 Belrose Drive, Houstonc ITY, Texas	US
S3-751563141	Karma Karma Alloy	Ground Floor, Gaurad-21 Shakti Nagar, (Near Paradise School), Lucknow, UP	India
S3-438691770	Visakhapatnam Bizz Care  Limited	97-7-24/8, Seshu Apartment, 4Th Lane, Dwarakanagar, Visakhapatnam, Vishakhapatanam, AP	India
S3-331318823	Sedillo-Federal LLC	null, Cincinnati, 867 Eight Mile Rd, Ohio	US
S3-957834640	The Orthopedic Associates (Corp)	5326 Crockett Drive, Kearns, Utah	US
S3-416467386	M/s Brilliant Foundation Private	H.no 1/5157/6 T/f Gali No-5, Shahdara, दिल्ली	India
S3-579410445	Louisette Saarclz Source LLC	1221 Van Dyke St, Decatur, Illinois	US
S3-223011232	Sunbeam-Infradevelopers	Unit No. 902 C, 9Th Floor, Signature, 13B, Zone-1, Gandhi Nagar, Gandhinagar, GJ	India
S3-950517438	Janeen Gunderman Global  Jena	2287 Mountain Oak Road, Presoctt, Arizona	US
S3-634773883	Ohagan Navios L.L.C.	2204 Hurstview Dr, Hurst, Texas	US
S3-451006182	Big Pub-LP Partners	39 West Street, Worcester, Massachusetts	US
S3-744892846	Sada Logan Lab Clinic Co	650 Whalley Ave, New Haven, Connecticut	US
S3-604212032	hitechinvestment.com	Off -208, Amar Neptune, Sn 6/1/1, Bh Food Bazar, Baner, Pune, Balewadi, MH	India
S3-780079982	Vantageevo	137 A Eastbury, James City County, Virginia	US
S3-766787646	Department Of Consumer Affairs	1560 Eastern Road, Barberton, Ohio	US
S3-167349010	Nexnex Fund	2118 Ross St, Carlsbad, New Mexico	US
S3-826247844	Tavowex+ d/b/a Pediatric Desert Physicians Inc	199 Pleasant Prairie Rd Road, Unit LOT  61, Marshfield, MO	US
S3-247359304	Enterprises Chandi Technology Limited Services	79, Ahmedabad, GJ	India
S3-477483384	memorialguildassociates.com	8872 Bluff Ln, Fair Oaks, California	US
S3-546005676	Reid Legacy Manufacturing, #31511	225 Fay Park Drive, Syracuse, New York	US
S3-40672069	saai ventures (india) private limited	352/5, Wanjola Road, Bhusawal, Jalgaon, MH	India
S3-19416584	integratedelectronicsdigital.com	10771 Saffron St, Fontna, California	US
S3-636914521	Sri Maa Construction Pvt Ltd.	H.no 21, Crc Road Junctio, Vediraswaram Road, East Godavari, AP	India
S3-963378186	Interstate Highland Cadenza Cadenza Llc	North Dakota, 1014 1rd St, Fargo	US
S3-953336135	Fevaque Inc International	North Carolina, Charlotte, 5226 Bieedrbeck Dr	US
S3-830748473	The Vanguard Electronics Studios L.L.C.	2492 Riva Rd, # 2456, Annapolis, Maryland	US
S3-153117402	BAUGHN, SAUDRA PATRIOT MIDLAND PARTNERS	511 Roy Creek Ln, Dripping Springs, Texas	US
S3-992945179	પરફેક્ટ વન કન્સ્ટ્રક્શન લિમિટેડ	Shed No 4-5-6/4, Ground Floor, Survey No. 117 Paiki Plot No 15-19, Nr Rameshwar Industrial Area, Kotda Sanghani, Rajkot, GJ	India
S3-745292669	Ramratan Brothers Public Limited	B3/33/4814, A4, Ground Floor, Lion Service Centre Pachakkil, Malaparamba Bypass, Malaparam, Ba, KL	India
S3-10461064	... Krishna Lotus Trading Private Ltd	H.no 00213A W P Block Pitampura, Delhi, West Delhi, DL	India
S3-892459956	martelle good network inc	1122-1126 Westover Ave, Norfolk City, Virginia	US
S3-310344125	Star Brothers Private	#207, Jogani Industrial Estate, ` Tulsi Pipe Road, Dadar (West), Bombay, Mumbai City, MH	India
S3-909308914	Sri Planet Ventures Co	C/o Atrutha Raj, Bangalore, KA	India
S3-255184700	Primary Care Cascade Health	1260. University Dr, # 3014, Tempe, Arizona	US
S3-294624267	Warren Capital Auto Glass LLC	##8501 Rd Bailey Hwy, Brenton, West Virginia	US
S3-828288868	Gignac Beacon	Utah, 199 Main Street, Enterprise Towwnship	US
S3-34148798	LLC Dental Group	26 Driscoll Avenue, Hempstead, New York	US
S3-890680461	DARSHAN ELECTRICALS PRIVATE LIMITED	Tathawade, MH, Pune, Rohit Devl 822/82	India
S3-680271852	E L & H (Ethereum)	Manor Parc Dr, Calabash, North Carolina	US
S3-993299225	vinet empire btc	524 Allensville Road, Unit 4, Sevierville, Tennessee	US
S3-932128005	Kolkata Infraestate Private Limited	Premises No-a/p-94/a, Howrah, Kolkata, WB	India
S3-37928360	Erickson, Petunia, DO Ltd	97 Powhatan Ln, Boyce, Virginia	US
S3-155614878	Elevation Pharmaceuticals Ventures LLP	House No. 17, Shahbad Extension, Pocket-b-6, Sector-17, Rohini, Delhi, North West, DL	India
S3-588100072	Dr Jar (India) Technologies Private	Gat No.1262, Pune, MH	India
S3-461472140	Smt Shree-Public School-Mumbai	Office No. 1, Siddhi Apt., Ghatkopar East, Tilak Road, Mumbai, MH	India
S3-879099896	DZ Metro Det LLC	College Gorve, 6812 Giles Hill Road, Tennessee	US
S3-30514712	(Group) Zephyr	15 Rocky Ridge Rd, Lander, Wyoming	US
S3-678966333	Ortega Capital Jab Ltd		US
S3-168687644	aviestotalholdings.com	28112- Mt Vernon Rd, Princess Anne, Maryland	US
S3-971048512	Mower Médical Center LLC	011101 Cth Zz, Town Of Liberty Grove, Wisconsin	US
S3-545939689	Brixnovidrex DBA 39/37 Nevada	NC, Raleigh, 6505 Cablewood Drive	US
S3-708961276	Hanna  LLC Services	25000 Riding Plaza, Loudoun County, Virginia	US
S3-940630649	Great Ácademy Inc	1113 Crabtree Ln, Mount Prospct CITY, Illinois	US
S3-915279986	Pediatric Dentistry Care Associates	Sun City, Arizona, 14229 104th Ave	US
S3-62715604	Valley Pédiatrics	1436 Gammon Town Rd, Bumpass, Virginia	US
S3-807973871	Chiropractic Héalth	S69w39606 N, Eagle, Wisconsin	US
S3-153847565	Orient Private Limited Services	Plot No ##47 Khasra No., Ghaziabad, UP	India
S3-362517678	Sun Cenusltaney  Private Limited	Prasanna Nesbit Road, Mazgaon, Mumbai City, Office No 7, Mumbai, MH	India
S3-413098572	शिवा एस्टेट प्रा. लि.	Hn 871 S-220, Pandav Nagar, Mandawli, S- Block, East Delhi, Shahdara, दिल्ली	India
S3-698874656	Resilient-Design Exports	#C-796 53/6-A, Rhb Sector 05 Pratap Nagar, Sanganer, Jaipur, RJ	India
S3-804718226	Wilson, Densno And Cates Fargo PC	Bristol City, Virginia, 299 Holly Lane	US
S3-885494307	M/s Bombay Exports Private Limited	358, Vettukuzhiyil 18, Kurisupally, Kottayam, KL	India
S3-242450602	Forge Partners	00136 Bard Ln, Ventura, California	US
S3-829102672	Panchgani Brothers Prívate [Ltd]	B-247, North East Delhi, DL	India
S3-49122125	Kalamboli Loans Limited Private		India
S3-336211033	Lyravera Sys f/k/a Womens Health Care Associates Inc	43 State Street, Sherburne, NY	US
S3-810514269	Elianora Hellman Telefonica (LLC)	Walker, Desoto, Missouri	US
S3-719259809	Sunshine Brown LLC	##6 Florence St, # 8, Worcester, Massachusetts	US
S3-656035317	Dream	2Nd Floor, Pr Complex Naya Bans, Sector 15, Uttar Pradesh, Gautam Buddha Nagar, Noida, No: 11	India
S3-42010150	-- Cadriloy Group	10 Cypress Dr, New York, Oyster Bay	US
S3-977105762	-- vision medicine inc	2042 Azalea Trail, Irving, Texas	US
S3-996795738	Fayeecto	3A, Jaipur, RJ	India
S3-36745858	YF Charter Corp	0374 Beacon Street, Unit 4, Boston CITY, Massachusetts	US
S3-438170840	Delta Mart L.L.P.	No 066 Mukti Chamber, Suite No.211 4, Clive Row, Howrah, Kolkata, WB	India
S3-421553532	Dianemarie DO Tenorio, F.		US
S3-342859666	Womens-Health	Tennessee, 7175  Highway 100, BON Aquua	US
S3-586582441	Inc Grand Wellness Group	8854 First Avenue, Seattle, Washington	US
S3-198255539	Congregation Methodist Group Church	#1102 Swan Ave, Yakima, Washington	US
S3-279665480	Halosyn dba Classic Garden Inc	19150 Darlene Court, Beaverton, OR	US
S3-331204744	Partners Synapse Limited	H.no 72 C/o Ram Naht, Village Mohanpur, Po Averani, Baldeo Mathura, Mathura, UP	India
S3-760530163	Glori Finley Asset Southside Inc	5904 Kalland Ave, Albertville, Minnesota	US
S3-969145756	Stellar Ltd Services	#275, Ashoka Pillar Road 2Nd Block, Jayanagar, Bengaluru, Bangalore, KA	India
S3-197066398	Mr Cauvery Super Enterprises Limited	Patna, No 6 Cp House, Shivpuri Off Boring Road, BR	India
S3-772116288	Eba Watkins Capital  Pyrophyte LLC	#96 56 Street, Brooklyn, New York	US
S3-415600094	Shri Citi Speed Piilote Limited	C/o Team Cowork, Gurgaon, Industrial Estate, हरियाणा	India
S3-435007618	Dr At Group Holdings	Shop No-s-8, Destination Centre-1, Nandedcity, Haveli, Pune, महाराष्ट्र	India
S3-208580711	Green & Childribs	739 Rhodes Chapel Rd, El Dorado, Arkansas	US
S3-491078831	Lumonyx LLC Program,	100 Cummings Center, # 111J, Beverly, Massachusetts	US
S3-623128656	Natural Footwear (India) Private-Limited	Door No 4-952 C/o Mahendra Bhindwar, Supaul, Saharsa, BR	India
S3-796545121	Sann Vídyalaya Pvt. Ltd.	H.no 1080/1A, Ward No 2 Shiwala Mahanth, In Fromt Of Chobey Ghat, Lane, Mirzapur, UP	India
S3-459930787	Marin Powell & Rangel Staked Corp	604 Smith West Ranch Road, Texas, Round Muntain	US
S3-735465890	KSB  Investments LLC	E Breckinridge Saint, Louisville, Kentucky	US
S3-260937274	Anantapur Generators  Private Limited	D No 011-918-102, Aravind Nagar, Revenue Ward 11, Ananthapur, Anantapur, AP	India
S3-479795650	अल ग्लोबल प्राइवेट लिमिटेड	New Delhi, #352 Khasra No# 407/2 House No# 6, DL, Iind Floor Neb Sarai, Ignou Road, New Delhi	India
S3-356124093	Sydney-Johansen Precision Point Inc	New York, Aviation Road, Massena	US
S3-942909473	Orthopedic Physicians Of Lstitleahgield LLC	400 Waylon Jennings Blvd, # 400, Littlefield, Texas	US
S3-884928046	Seven LLP Career	#3, 2Nd Flr, Sai Kamalakar Residency, Trunk Road, Near Lic Building, Ongole, Prakasam, ఆంధ్రప్రదేశ్	India
S3-487954764	डायनामिक मार्केटिंग प्रा. लि.	D - 69. Okhla Industrial Area Phase - 1, New Delhi, South Delhi, DL	India
S3-441601965	Lyralyra D.B.A. Smyth Ithax LLC	3309 Fowlerville Road, York, NY	US
S3-589894264	Iritavo	214 37, Bombay, NY	US
S3-614510800	The Dent [Ice]	21 6th St, Elyria, Ohio	US
S3-27520744	Wallace Terra	Stillman Valley, Illinois, 9368 Big Mound Rd	US
S3-648294730	Carmichael Premium LP Center	4614 1/2 Piedmont Row Dr, # 617, Charlotte, North Carolina	US
S3-827519397	LLC Elite Industries Coastal	#5730 154th Ave, Loell, Indiana	US
S3-39648400	Pediatric Dctánlf Dctánlf Group	5430- Cove Rd, Roanoke City, Virginia	US
S3-212326617	Direct  Goupo LLC	Virginia, Roanoke City, 2318 Martin Lane	US
S3-318067014	Innovative Healthcare Prívate Ltd	9, Second Floor, Church Road Bhogal, South Delhi, New Delhi, DL	India
S3-397691677	Kolkata Agritech Pvt	পশ্চিমবঙ্গ, Haora, Howrah, H.no 148/A Salkia School Road Lp-ghasbagan P/t	India
S3-150181929	Mcneely's  8rokerage, L.L.C.	53 Clearview Dr, Bedford, Indiana	US
S3-773044211	2554 Mountain View Way Owners Corp L.L.C.	28289 Us Highway 23, BIG Stone GAP, Virginia	US
S3-607270099	Jnk Multilevel L.L.P.	Annapurna Apartment12alordsinha Road, Calcutta, Chowringhee, WB	India
S3-209764950	Shri Arihant Logistics Pvt Ltd.	6424Katra Baryan Fatehpuri, Central Delhi, Up, DL	India
S3-454217746	Shri Golden Propertie Pvt (Ltd)	Naugarh, UP, Siddharthnagar, No 616 01, Gauhaniya, Deviyapur, Birdpur, Naugarh	India
S3-775960022	6RABOWSKI PONO CORP	1471 2088, Gilmer Ccity, Texas	US
S3-108414167	Pan Memorial Trgdt	Plot No. #10 Third Floor Palam Extn Sector -7 Dwarak, New Delhi, West Delhi, DL	India
S3-271730376	Pranam-Promoters Limited	Door No 44/1, Rbi Colony, Ananda Nagar, Bangalore, KA	India
S3-177229565	Ara Han Global Furniture	2-D Commercial Saint, # 105, Sharon, Massachusetts	US
S3-913440631	Classic Cloud Studios LLC	148 Fox Point Cir, City Of De Pere, Wisconsin	US
S3-64864595	Millicent Hunter Rock-Corp	2000 River Blvd, Independence, Missouri	US
S3-576530163	zephiq aviation, llc	58. Frank Cameron Rd, Bolton, New York	US
S3-173063364	Trusted Robotics LLC Center	4918 Steven Hill Drive, Chesterfield County, Virginia	US
S3-733372814	Korzeph née Dorsey Convertible LLC	84 Grant Avenue, Belmont, MA	US
S3-320288767	Lnrfei It LLP	307/2, Mumbai, Nashik, महाराष्ट्र	India
S3-703308910	Bombay Enterprises Ltd	2D-5 Nit, Faridabad, हरियाणा	India
S3-44734324	White  Hospitality	No 311 106, Second Floor, Near Gtb Nagar Metro Station Kingsway Camp ( Ring Road ), Delhi, दिल्ली	India
S3-163802079	Northern  Learning Center	7922 Rosso Blanket Drive, Marble Falls, Texas	US
S3-844440939	Cascade Inc	7031 Lago Vista Blvd, Olmito, Texas	US
S3-829670981	Morrow Heritage Nextera Llc	11341 Hartman Cir, Omaha, Nebraska	US
S3-958307756	Brighteus Neuberger ínc	Plainfield, Illinois, 23220 Lake Place	US
S3-483994500	Lukic Moore And Mclaurin Inc	325 200, Nephi City, Utah	US
S3-26996583	Supreme Consulting লিমিটেড	Hn 14 69, Kansari Para Road, Flat No-404 Bhawanipur, Kolkata, Howrah, WB	India
S3-918418202	Pipefitters Local  Union 470	129 Gladstone Cir, Morgantown, West Virginia	US
S3-257068072	Beaverton  Regional Services		US
S3-902287009	Devraj Engineers Private	Plot 968 Old. 305/306 New 350/351, Kanpur City, Jhansi, उत्तर प्रदेश	India
S3-639285875	Primary Care Better Clinic Group	2819 Church St, Winterville, North Carolina	US
S3-701870276	Tiruchirappalli-Move Private Limited	No.37, Tiruchirappalli, TN	India
S3-100764542	Leum Centr Inc	7566 Braemar Court, PMB 5421, Sykesville, Maryland	US
S3-113804758	Middledwellings.Com	C.s.no.2401, Shelar Plot Panchshil Nagar, Sangli, MH	India
S3-436721693	Bahubali Premises Premises Private [Ltd]	Ennakattil Building, Building No 35/448, And, Tmc 35/450, Kattoorkkara Muri, Thiruva, Lla, Pathanamthitta, കേരളം	India
S3-332765843	Griffis Pacific Procap Inc	8838 Woodburn-Allen Springs Road, Alvatoon, Kentucky	US
S3-252070863	American Enterprises Co	608 Megamec Ave, Saint Louis, Missouri	US
S3-294531109	Ha Gr0up Of Cómpanies	H.no 752, New Delhi, DL	India
S3-376064683	Hernandez Piedmont	646 Laveen Way, NULL, Wilmington, North Carolina	US
S3-750234144	Betti Townley Rocket Inc.	Daphne, Alabama, 33046 Flintwood Cir	US
S3-177903055	Limited Smart Private (Center)	Hyderabad, TG, null, Rangareddy, Plot 11	India
S3-798735791	Metropolitan Tucker Solid	257 Gold City Ln, Franklin, North Carolina	US
S3-497802166	Golden Systems Center	Charles St, Unit APT 218, Baltimore, Maryland	US
S3-332618745	Jacksonvillechildrensglobal.Com	North Carolina, 1300 Gum Branch Rd, Unit A, Jacksonville	US
S3-863927250	Capital Capital Angel	3602 1/2 Burr Oak Ln, Island LAKE Townsship, Illinois	US
S3-533660804	Qusoft - 2163019940	Elkhorn, 002002 208th Saint, Nebraska	US
S3-137476903	ओम फ्यूचर एस्टेट एलएलपी	Door No C-219 & 220, North West, 3Rd Floor, Pkt-15, Sector-24, Rohini, दिल्ली	India
S3-959933527	L.L.C. Creative 6rill West	1304 Fundy Cuort, Virginia Beach City, Virginia	US
S3-764203987	Dadyne Clinic LP	29 Georgetown Ln, Brooklyn, New York	US
S3-979912766	ইনোভেটিভ সলিউশনস প্রাইভেট লিমিটেড	H.no 1St Floor 22, Brabourne Road, Greater Bombay, Kolkata, WB	India
S3-191251044	Gavi-(India) Mechanica1 Limited	#20/1065-13, Flat No. 204 Sagili Residency, R. K. Nagar, Ysr Kadapa, East Godavari, AP	India
S3-461173352	Select Interstate Rio	21912 170th St, Leon, Iowa	US
S3-134425384	aanderson.com	111 13nd Street, Texas City, Texas	US
S3-957945381	Prime	Upstairs, 13, 18Th Street Naganallur, Chennai, Tamil Nadu	India
S3-203191062	cardiologycare.com	3705 Juan Aldama Court, New Mexico, Rio Rancho	US
S3-38691125	Applied  Media Consulans Group	4718 Harmon Avenue, Austin, Texas	US
S3-592354415	नॉर्थ कंस्ट्रक्शंस Private Limited	Office No Bwa-9021, Bombay, महाराष्ट्र	India
S3-518389275	Mckenzie, Jackson +	Oklahoma, Fort Cobb, 24252 State Highway 146	US
S3-876073292	ૐ હરિ કન્સલ્ટન્સી પ્રાઇવેટ લિમિટેડ	No 14 Sahajanand Estate, Ahmedabad, GJ, Daskroi	India
S3-444047752	Proex Service		US
S3-180050268	Beach Rexford,	Asheville, North Carolina, 5 Maplewood Pkwy	US
S3-233823163	healthcare khodal operations private limited	C-4/6, Jagruti Society R.b. Kadam Marg, Kaju Pada Bhatwadi, Ghatkopar West Barv, Enagar, Mumbai City, महाराष्ट्र	India
S3-957867809	South Foundation	C-4-27 Upper Grond Flr, Kh No 27/4 Nilothi Ext, West Delhi, New Delhi, DL	India
S3-902505547	Soumresources.Com	Hickory Hill Road, Buffalo, New York	US
S3-213260845	Arco Traders	Khasra No. 53/1/2 Village Chhgwala, New Delh, South West Delhi, DL	India
S3-793554947	earnosethroat.com | www.earnosethr.com	328 1/2 Hervey Ave, Upland, California	US
S3-73641611	Jay Investment Pvt Ltd.	Row House No 35, Nirmal Nagari Umred Road, Nagpur, MH	India
S3-900482401	श्री Eastern Trading एलएलपी	10, New Delhi, South Ex. New Delhi, दिल्ली	India
S3-316803917	Dgraia (Inc)	510 Sherman St, Marion, Indiana	US
S3-408551938	Jaxcira doing business as Greenpro Ventures	C-14/2, Midc, Satpur, Nashik, Maharashtra	India
S3-811863104	[LLP] Bangalore North Workspaces	No 00103, 4Th Main, Malleshwaram, No 103, 4Th Main, Malleshwaram, Bangalore North, Bangalore, KA	India
S3-839437212	Foot ánkle & Center	5887-B Missouri Lane, Anderson, California	US
S3-874045771	Mohali Innida Ltd	H.no 199 E4, Industrial Area, Phase 2, Mohali, PB	India
S3-774240510	Rocky Sliddhi Highland	0112 March Place, Mt. Juliet, Tennessee	US
S3-516237088	Vandergrift Cáscade Archimedes	1246 Melody Creek Lane, Jackson, Wyoming	US
S3-147304572	Inc. Mcclelland Fitness	15703 Hanover Breeze Lane, Houston, Texas	US
S3-677244237	Sweet  Tavern Inc	Katy, 4823 Katy Hockley Rd, Texas	US
S3-971405763	Bright Products Pharmacy Private Limited	North Delhi, House No. A-10, Delhi, DL, Back Portion, Gf, Street No. 13	India
S3-327612837	Soubhagya Link Private (Limited)	Flat No 260, Tower 5, My Home Tridasa, Tellapur, Medak, Ramachandrapuram, TG	India
S3-306370070	Hauser  Midwest	1707 Chinabrery Dr, Greenwood, Arkansas	US
S3-813907108	Choice Optimal-One (LLC)	E3473 Donald Rd, Spring Green, Wisconsin	US
S3-54440255	Allen, Lopez and Kocher Corporation	#111 West St, Goshen, Massachusetts	US
S3-996864386	Deming,, Brinna DPM Inc	113 Case St, Cathage, Missouri	US
S3-473788780	Inc Baia Coastal Restaurant	1316c 283, Baird, Texas	US
S3-721646088	जय कंस्ट्रक्शन	Plot No A-45-50, Ghaziabd, Noida, उत्तर प्रदेश	India
S3-406777368	weissorange.com	3329 Valley Creek Cir, City Of Middleton, Wisconsin	US
S3-994593808	Belovera doing business as Advanced Realty Partners	AR, Little Rock, 1415 Taylor Street	US
S3-302175345	Crown Motorcycles	31 Shirad Tq. Aundha, Hingoli, MH	India
S3-232477484	VOLGA WELFARE SOCIETY	01/154, 1St Cross Street, Bell Nagar, Chennai, Manapakkam, TN	India
S3-70753570	satyaestates.com	H.no 0301Krisnapalace Panchvati, Rajkot, GJ	India
S3-396375171	Pediatric Care Service	1039 Wilderness Trail, Cincinnati, Ohio	US
S3-222494487	Buy & Brothers  Pvt-Ltd	E2a, Unit No. 204, 2Nd Floor, Asmeeta Textile Park, Plot 1, Add. Kbi Area, Thane, महाराष्ट्र	India
S3-396357935	High Consultancy Corporation	C-#301, Raj Retreat -1 Apts Bhopura, Ghaziabad, UP	India
S3-121104376	Hernandez Interstate Dome  LLC	Ohio, Perrsburg CITY, 9612 Mandell Rd	US
S3-15512058	Maa Poegytgehcionc Ltd	Aruna 62 (Old48/2), Third Main Road, Gandhi Nagar, Adyar, Chennai, TN	India
S3-365393845	... Bengal English Private Ltd	944 B/2-307, Nagpur, MH	India
S3-107799259	Port Orchard Orchard Iansterbaith Delta Fellowship LLC	Port Orchard, Washington, 010720 Bethel Burley Road	US
S3-927942925	Horizon Apparel	##250 Donlee Dr, Unit 6, Saint George, Utah	US
S3-846748928	Rajshri Ltd Services	Plot No. X-66a, Mahaveer, Nagar, 1St Floor, Sanganer, Sanganer, Jaipur, RJ	India
S3-177757410	L.L.C. D A Barber General	013621 Copperstone Drive, Victorville, California	US
S3-334249378	Folk Reagicnfar Private (Limited)	34, Mumbai, महाराष्ट्र	India
S3-334390831	Vanguard Semiconductor Protneors Inc	374 Mistic Dr, Marstons Mills, Massachusetts	US
S3-652240482	The Internal Medicine Associates Care	#103 8th Street, null, Wright City, Oklahoma	US
S3-210749973	Namoa Classic Aberdeen, LLC	Fl. 1, Columbia, Missouri, 4812 Shale Oaks Avenue	US
S3-594075411	Swastik Trading	Room No. - D/202, Shah Arcade, Wing B, Wadri Pada Layout R S Marg, Nr State Bank, Malad East, Mumbai, MH	India
S3-453087757	Quoiri a/k/a Harbor Foundation	108 Pine Street, Dixfield, ME	US
S3-785034556	Ajanta Póultries Limited	41- New No:1/580, Chennai, Madras, TN	India
S3-354310561	Viobelo	60 Payeur Cir, Sanford, Maine	US
S3-981822784	All Opportunity Llc	Somerville CITY, Massachusetts, 259 Broadway	US
S3-152944765	Smt Tarang + Associates Associates Associates Company	C/o Kanta Devi, Jerla Road Balotra M Ward No 35, Barmer, राजस्थान	India
S3-846709032	A I and Solar, LLC Service	524 Sumner Ave, Apots, California	US
S3-665121985	Credit Advisors Private Ltd	Door No 42 Comfort Enclave Opp Extol College Bavadiya Kalan Huzur Trilanga, Bhopal, मध्य प्रदेश	India
S3-969965686	Jones Living Inc.	2113a Rose Avenue, Oxford, Alabama	US
S3-646912458	Tosonque Spruce [Inc]	10 Water St, Shelburne Falls CITY, Massachusetts	US
S3-489253849	Dental Associates of Quitman	Texas, 470. 1150, Quitman	US
S3-330015737	Apex  & Associaes	D.no. 1/4D, Tatabad 4Th Street, Coimbatore South, Coimbatore, TN	India
S3-866344040	Louis  Lines	Door No D/183a/1 Azure Building Prince Anwar Shah Road, Calcutta, NULL, WB	India
S3-98557996	Abney and Compton	20746 Chappell Knoll Drive, Texas, Cypress	US
S3-664946011	Private Unique Media Hotel Limited	No.32, Chennai, TN	India
S3-596414162	Kelodelta	10-4-166/6/B/A/1, Gunda H, Vavilala Pally, Karimnagar, Karim Nagar, Telangana	India
S3-588093950	409 Jefferson Street Owners  Corp,	Danville, Ohio, 26741 Stacy Drive	US
S3-658287429	Simon Enbridge Summit Ltd	31 Wyndham Ln, Bella Vista, Arkansas	US
S3-344556543	Continental Network VI VI	Crowder Hill Rd, Peryville Township, Arkansas	US
S3-995487093	LLC Ortiz, and Ketchum Johnson	Saint Louis, null, Missouri, 1515 Warson Road	US
S3-571538195	सेवन पावर लिमिटेड	UP, Jaunpur, Plot 181 C/o Jayprakash Saidanpur	India
S3-614739380	Blue Finance  Private Limited #4470	#1/52, Coimbatore, TN	India
S3-915990100	Scheurer Veterinary	2226 Normandy Dr, Irving, Texas	US
S3-648490276	Kaushiki Technologies Co	Vivekananda Pally Sarat Bose Road, Darjeeling, Siliguri, WB	India
S3-512065483	Casandra Love Horizon Comstock		US
S3-744763911	Ace Dynamics Inc Center	2221 Grande Valley Cir, Cary, North Carolina	US
S3-457290902	Shri Veni Desi Pvt Limited		India
S3-533878770	Lugo & Arnett Ínc.	1934 Ashmore Avenue, Chatttanooga, Tennessee	US
S3-125966228	Chiropractic Federal Cénter	Pennsylvania, Whitpain Township, 1215 Silo Cir	US
S3-996064486	#2  Solid	18048 Alden St, Chhagrin Falls, Ohio	US
S3-641857772	Glenna's Ámerican Entertainment	265 High Street, Rockville, Indiana	US
S3-906187226	Ram अरिहंत मार्केटिंग Private Limited	MH, H.no 507, Nashik, Nasik	India
S3-537747648	Standard Construction Studios LLC	1254 Capitol Street, # 33, Ogden, Utah	US
S3-21138053	Manzo Harbor Services	27775 615th Avenue, Brownsdale, Minnesota	US
S3-729703586	Serrano Debt Co	82798 Augustine Road, Glidden, Wisconsin	US
S3-229298346	Hari Services Enterprises		India
S3-606687645	Urology Cascade LLC  Center	Knoxville Dr, League City, Texas	US
S3-339546091	-- Schuck Properties Anchor L.L.C.	305 1/2 Brig Drive, Surf City, North Carolina	US
S3-693693164	Mumbai Group Private Limited Service	#811 8Th Floor Lotus Trade, Greater Bombay, Mumbai, महाराष्ट्र	India
S3-91231292	Innovativecentury.Com	New York, 2519 William St, Buffalo, Unit Suite A	US
S3-393456796	Fayehalodrex Sys dba Caldelle Yhn Inc	11805 Beacon Avenue, Kansas City, MO	US
S3-17756334	Twisted (Deli)	4075 Aerial Way, # Apartment 143, Eugnee, Oregon	US
S3-979312492	Urban Management Pvt Ltd	#75 C/o Daspara Jujarsaha, Panchla Panchlahowrah, Howrah, WB	India
S3-331016204	Parea Eastern Inc	223 Dartmouth Avenue, Muncie, Indiana	US
S3-322283877	Capital Emtmpcime Bioworks Holdings	854 Mckenzie Station Dr, Lisle, Illinois	US
S3-275778521	Vijay Technologies [[Limited]]	B3/21, Ganesh Apt. 6, Satpur, P.n.158/159 Shramik Nagar, Nashik, MH	India
S3-485160261	Harrison Equity Pasgrnos | www.harrisone.com	707. Cambridge Dr, Richardson, Texas	US
S3-553721171	ગુરુ સોફ્ટવેર પ્રાઇવેટ લિમિટેડ	H.no 640 B-701, Siddhi Vinayak Business Tower, B/h. D.c.p. Office, S.g. Highway, Makarb, A, Ahmedabad, GJ	India
S3-182219498	Sunrise Infra Private Limited	Rz-f-91, Ugf, Khasra No. 84/8/1, Mahavir Enclave, New Delhi, South West Delhi, DL	India
S3-131916985	Private YG Interiors Enterprises Limited	H.no ##90 Ideal Regency, Bl-f, 11Th Floor, Fl-11e, 46 Diamond Harbour Road, Kolkata, Howrah, Kolkata, পশ্চিমবঙ্গ	India
S3-321869808	Metropolitan Network	Davis St, Columbia, Alabama	US
S3-938887192	হরি হসপিটালিটি প্রাইভেট লিমিটেড	C/o Kumkum Sha, Shop No Sb-125, B-block Ground Flr, Commercial Complex Of Uttara, Bus Stand, Nawabhat, Bardhaman, Burdwa, পশ্চিমবঙ্গ	India
S3-841947223	Teare, Natassia, MD	4 Janwall Ct, Fl 0, Annapolis, Maryland	US
S3-979982620	cleararmadasouthern.com	200 Arabain Ln, Keller, Texas	US
S3-927435238	quick warehousing limited	Cc-iii, 40-41, Janta Bhawan Road, Sirsa, HR	India
S3-416598281	Silver  Book Store Corp Center	1614-1616 Worcester Road, Unit 414, Framingham, Massachusetts	US
S3-650367396	Hariharan Shakti Private	147, New Delhi, South West Delhi, DL	India
S3-757432963	Ear Nose & Throat Cáre LLC	Wolcottville, 5076 580, Indiana	US
S3-186787646	Seven Sky Technologies Private Ltd	Plot No.2497, G.floor, Belouri Block Purnia East, Purnia, बिहार	India
S3-760414490	Aurora N. Dhetin, DPM South	3117 Deans Ct, Chesapeake, Virginia	US
S3-756337665	Balaji టెక్నాలజీస్ ప్రైవేట్ లిమిటెడ్	#10-1/3/1, Shop No.3, Manasa Nagar Colony, Near Renuka Temple, Peerzadiguda, Medipal, Ly, Uppal, Hyderabad, Medchal Malkajgiri, తెలంగాణ	India
S3-194835199	Blue Ventures  Inc	##4 Pear Circle, Nanuet, New York	US
S3-885529232	Juniper,	Christiansburg Town, 32 Oak Tree Blvd, Virginia	US
S3-287665893	Mecosabagh Diamond Care Co	E/4 Anmol Apartments, Mecosabagh, Nagpur, MH	India
S3-337710951	Private Bay Motors Limited	Antharyami, 8-2-268/V/9, Vivekananda Enclave, Road No. 2, Banjara Hills, Hyderabad, తెలంగాణ	India
S3-602359840	C N & X Wén P.C.	5000 Thistle Lane, Lake In The Hills, Illinois	US
S3-472351293	Shiv Bíg Services Pvt Ltd	329/88, Bangalore, Pattanduru, KA	India
S3-259864904	Irish Intelligent	7991 Schueller Heights Road, Dubuque, Iowa	US
S3-997678019	Gomez & Rheadse Applied Inc	640 Cove Ter, Floor 0, Arnold, Maryland	US
S3-176757874	SNOW EVERGREEN PRIVATE LIMITED	O-47, Rajsamand, RJ	India
S3-930337114	Jones Works	27-A, Continental Divide, New Mexico	US
S3-391397130	आदित्य फाइनेंस प्राइवेट लिमिटेड	#G-66 Md.maqsood, Divreportingcircle, Sampatchak, बिहार	India
S3-951965876	Delhi Sharp Holdings Private Limited	Hn- 38/5/11 S/f Aram Park Shastri Nagar, Delhi, East Delhi, DL	India
S3-773322836	Center Startech Limited	Hno: 17-1-382/P/1, Press Colony, Almasguda, Vaishali Nagar, Champapet, Rangareddy, Hyderabad, TG	India
S3-542274644	Apt Sangh Holdings	No 106 1St Flr Shri Sai Prasad, Mumbai, MH	India
S3-673102813	Kent and Heuer	Indiana, Indianapolis, 6122 Lake Freeman Drive	US
S3-589516464	Unified Research	02225 Dellridge Ave, Saint Paul, Minnesota	US
S3-250863099	Uttar Pradesh Overseas Private Limited	In Front Of A 1-86Avas Vikas Colony Banda, Banda, Uttar Pradesh, उत्तर प्रदेश	India
S3-525765590	QIC Walls Private-Ltd	H.no B3/1/7 Mineendia Chs, Mumbai, Mumbai City, MH	India
S3-58989972	diamond diagnostic systems, inc	29042 Buckaroo Rd, Congress, Arizona	US
S3-804677053	Underhill Aura	Baltiore, 341 Parkington Ave, Maryland	US
S3-600857047	Empire Triumph Holdings	1628 50th St, PO Box 6297, Lubbock, Texas	US
S3-132917598	గోల్డెన్ మేనేజ్‌మెంట్ ప్రైవేట్ లిమిటెడ్	B3/7-135, Kamala Nagar Kushaiguda, Hyderabad, TG	India
S3-72668574	Petras'S Sioftawe LLC	Indiana, Fort Wayne, 732 Sageport Pl	US
S3-637712076	Burgess Clinic Veterinary Corp	Osage, 28818 530th Avenue, Minnesota	US
S3-606700664	विजन व्हाइट सॉफ्टवेयर एजेंसीज प्राइवेट लिमिटेड	115-129, First Floor, Vishal Tower, District Centre, Janakpuri, Delhi, New Delhi, West Delhi, DL	India
S3-377190096	Guru Developers Private Limited	4-2-86, Serilingampally, TG	India
S3-989602294	A GRAND SHORE INC.	14837 36th Street, Phoenix, Arizona	US
S3-853974659	Melessa G0mes Federal Comstock Corporation	Logan City, 74 100, Utah	US
S3-333750553	सुपर इंजीनियरिंग प्राइवेट लिमिटेड	15/59 H Civil Lines, Kanpur, UP	India
S3-839884454	Medicare Technologies Holdings Private Limited	Kozhikode, Door No 59/1709, Kozhikode, KL	India
S3-322602054	Apex	West Delhi, Delhi, Hno-A-92 F/F/F/Side, New Delhi, Block-A Mansa Ram Park	India
S3-746190786	Saraswati-Chemicals-Private Limited	Villupuram, TN, H.no 186/1	India
S3-516295380	Corilla Avalos Great Center	1528 Sunshine Ave, Fort Wayne, Indiana	US
S3-931409341	lmpact Foundation Ventures Private Limited	No 3-5 C/o Mohd Ashraf Ali, Mohammad Nagar, Nanpara, Bahraich, UP	India
S3-890393324	Bolster ínternational LLC	102. Second Avenue, Unit 106, Gastoni Township, North Carolina	US
S3-400621421	premierhealthconcepts.com	Ocrhard PARK, 28 Davis Saint, New York, PMB 8637	US
S3-288475459	Buo	152 Barker Road, Thetford, VT	US
S3-988727724	Unnati Singh	H.no 0237 Post Kailashkampa, <NULL>, Kevadia, Kheda, GJ	India
S3-470073392	E1liott Pioneer Solutions	182 Deer Dr, Lincoln County, Oregon	US
S3-966629806	Blue Frécggt LLC	1133 Ashland Rd, Unit 104, Columbia, Missouri	US
S3-878666052	Downtown Seaflced Clinic	770 Sunwood Drive, # Apartment 386, Ramsey, Minnesota	US
S3-419774409	SMART AL GLOBAL STEEL PRIVATE LIMITED	Kolkata, পশ্চিমবঙ্গ, 238 Chittaranjan Avenue, Calcutta	India
S3-888394458	Mount Medical Centre LLP	C/o Ali Asgar Moiz Husain, Bharat Agency, Bsk Side, Buldhana, Khamgaon, MH	India
S3-304046216	Wexvantage formerly: Veterans Initiative, LLC	4641 Miller Road, Cincinnati, OH	US
S3-168868700	Creative Creative	21908 Larkspur Ln, Oregon, Fairview	US
S3-58259859	Gay Canada  Center	2713-2715 Bishop Rd, Wickliffe, Ohio	US
S3-387022819	Mcarthur, Corrina, CPA, DDS	0230 Manor Cir, # Apt A24, Hot Springs National Park, Arkansas	US
S3-769652924	Metropolitan Inc  Center	00405 Westdale Place, Greensboro, North Carolina	US
S3-542602189	Design Corp	Fairfax County, 006317 Mori Street, Virginia	US
S3-258609275	Solquosol	29-30, Delhi, DL	India
S3-11476773	Public Mody (India) Solutions Limited	309 29/48, Howrah, WB	India
S3-156542858	न्यू इंफोटेक प्रा. लि.	C-7/3 Casuarina Eastern Express Highway Near Best Depot Pant Nagar Ghatkopar East, Mumbai City, Mumbai, महाराष्ट्र	India
S3-252677558	Maske Newman, Co Services #12310	8148 Grey Fox Drive, Westchester CITY, Ohio	US
S3-362264991	Federal Ministries IEI LLC	4224 Grasd Ave, Louisville, Kentucky	US
S3-324331571	Carroll Bio	12898 Pennridge Drive, Bridgeeton, Missouri	US
S3-675028594	*** Graham-Srpott	25685 Muskrat Lake Dr, Detroit Lakes, Minnesota	US
S3-975821656	Myatt Integrated Marketing (Inc)	Wisconsin, 7482 Sunwood Drive, Town Of Clayton	US
S3-423073073	NJ  Vanguard Live, Inc	103 Bobwhite Dr, Scott County, Virginia	US
S3-109413594	NFF Irdx LLP		India
S3-269887942	iyzdevelopers.com	NULL, PB, Mohali, Plot 54 Scf-75	India
S3-832609812	Pune  Estate Pvt.	S Block Unit No 21Midc Bhosari, Pune, MH	India
S3-593857196	Berlin Veterans Global Program	39 Misty Shore Drive, NULL, Berlin, Maryland	US
S3-464627562	DI Flexible Corp	456 Quartz Dr, Morristown, Tennessee	US
S3-727736585	Liberty League	932 Fm 2307, Otto, Texas	US
S3-226542895	Classic Canada		US
S3-491120374	Bharath Fnnanhce Private Limited	Survey No 61/1/2, Varuna Complex, Near Shree Shakti Hospital, Pimple Sauda, Gar, Pune, महाराष्ट्र	India
S3-836327490	Raj Infrastructure Private Limited	D/3/344, Lucknow, UP	India
S3-123557510	Wilson Apex-Amorur LLC	1605 50th Clurt, Cicero, Illinois	US
S3-749221244	High Producer Private Ltd	H.no 0075 1St Floor 36 Shivsha, Mushahari, Muzaffarpur, BR	India
S3-444162924	Ginnifer Wilson Services, Inc Services	3009 Templegate Ct, Crandall, Texas	US
S3-750409512	Madurantakam Global Private [Ltd]	#11, Madurantakam, Kanchipuram, TN	India
S3-674242087	Behavioral Health Preferred Cáre South, Inc	1516 256th Street, Euclid, Ohio	US
S3-828274181	Deva Sons Private Limited Services	Polt 186 75, 1St Floor, 2Nd Main 3Rd Cross Swarnasandra, Mandya, KA	India
S3-546157171	Lotus Holdings Limited  Service	313 Dda Tower 2 District Centre Janakpuri, New Delhi, DL	India
S3-51741677	Zetakor League	3225 Seneca Drive, Brunswick, Ohio	US
S3-17637671	Energy Investment Petrochemicals	90, Sasirekkama Nagar, Kkd Nagar, Chennai, TN	India
S3-104867774	LLP Gsn Consultancy Industries	300, Pune, Shanivar Peth, महाराष्ट्र	India
S3-586798045	Gildfaye formerly: Candi Allen, DMD	1017 Argyle Avenue, Unit A, Nashville, TN	US
S3-901722891	Nguyen's Ánchor Boutique	Wasson St, Streator, Illinois	US
S3-700340624	Viewlink Private  Traders Limited	Holding No. #99, 1 No. Colony, Vill. & P.o. Ganganagar, P.s. Airport, North Twenty Four Parganas, Parganas North, WB	India
S3-574711170	Vision Summit Center Southside	07807 Roy Webb Road, Piedmont, Alabama	US
S3-551042764	Fluxverabrix Labs	135/8 Gautam Nagar, New Delhi, South Delhi, Delhi	India
S3-426155951	Pepharmaceuticals.Com	18 Majumder Para, WB, Door No 2 Airport Gste, 24 Paraganas North	India
S3-259593105	Mr Aanchal Technologies Clinic  Limited	North West, Delhi, Door No 79 G-40 Ashok Vihr Phase-1, DL	India
S3-315738967	World Metals Ventures Private Limited	P.no.50, Chennai, TN	India
S3-699126404	Mr Aesthetic  Sangh	Jaipur, RJ, Jaipur, No 033 R R Homes Bindiyka Hathoj Link Road, Kishoarpura Jhotwara	India
S3-203220425	Valley Silfveox L.L.C.	106 Forest Park Dr, Bedford, Indiana	US
S3-367429184	CAMMIE F. SAINI, CPA, PC	1559 5035, null, Texas, Leonard	US
S3-10402060	Family Green Health	10407 Wintergreen Street, Minneapolis, Minnesota	US
S3-851169267	Gen Traders Asocres	Khasra No. 7-6/16 Kanganheri Road, South West Delhi, New Delhi, DL	India
S3-385800895	Human Rights Center	Ohio, Stryker, 20500-20502 St Rte 34	US
S3-183237796	noni vasser, p.a. ltd	214-B Carroll Dellinger Rd, MT. Holly, North Carolina	US
S3-270491721	Deeksha Computer Private	No 14 Taratolla Rd, Kolkata, South 24 Parganas, পশ্চিমবঙ্গ	India
S3-14330453	Novent Bróadband	4061b Fleetwood Dr, Dayton, Ohio	US
S3-89531003	Scholarship Fabellowship	12700 Ivey Creek Dr, NULL, Charlotte, North Carolina	US
S3-101095538	LUM Esports Ínc.	Higley Road, Rocky River CITY, Ohio	US
S3-459435163	Chlorophyll Appclanocse Overseas Private-Limited	No.14/2, 6Th Block Rajajinagar, Bangalore North, Bangalore, ಕರ್ನಾಟಕ	India
S3-43517365	Sarvottam Co &	031/3A2, Tiruvallur, Poonamallee, TN	India
S3-448036391	Rv Weigh Private Ltd	Plot No.289, Khordha, Bhubaneswar, Orissa	India
S3-513088036	Shri Promedindustriesgroup.Com	Delhi, F-10/33, DL, Sector-15 Rohini	India
S3-175658985	Cornerstone Allied Spring Highland,	Oregon, 11720 Crested Eagle Lane, Happy Valley	US
S3-284108065	Brixdrexyuma trading as Zaversoft Supply LLC	900 Eastwyck Place, Birmingham, AL	US
S3-329714304	Yumaquosyn	H.no 102, Serilingampally, K.v.rangareddy, తెలంగాణ	India
S3-218837916	Blue Co Grill	3644 Grass Farm Rd, Equality, Alabama	US
S3-837930695	Weed Advanced Winvest [Inc]	Pikesville, 742 Leafydale Ter, Maryland	US
S3-322613381	BLUE Coalition Partners	1381 Trescott Dr, Westfield, Indiana	US
S3-440004169	Ceretech Stanley	Hampshire Rd, # A, City Of Thousand Oaks, California	US
S3-619726639	@anandinfra	Gurgaon, Second Floor, Udhyog Vihar, Phase- 1, Plot-29, Basai Road, HR	India
S3-290909159	Jackson, Martinez & Cassidy Holdings	001409 Vanderhoof Street, Decatur, Illinois	US
S3-57220782	Agra  Innovations Limited	Plot No.- 845 Paschimpuri Colony, Agra, Sikandra Bodla, UP	India
S3-516591188	Anderson Tri-State Owl Metro L.L.C.	7558 Liberty Way, West Chester, Ohio	US
S3-677964734	Drexzeta formerly known as Cypress LLC	1195 Provision Boulevard, Mobile, AL	US
S3-966067419	Al Services Private Limited	Door No 311, Near Skyline Theatre, Hyderabad, Andhra Pradesh	India
S3-358233212	Value Summit Miluna Ltd	11013 Telge Road, Cyprses Township, Texas	US
S3-293873020	Zetakelo	1111 Whitehouse Street, Spokane, Washington	US
S3-515528219	परफेक्ट केयर प्रा. लि.	House No. 95, Block-d, Pocket 14, Sector-7, Rohini, West Delhi, New Delhi, दिल्ली	India
S3-443779617	#urologymedicine	11840 Homewood Road, Ellicott City, Maryland	US
S3-589421269	Reliable Spruce  Inc	9849 Blue Ridge Dr, Hurt, Virginia	US
S3-64749313	Bombay Producer  Private	Cyclemarket, Delhi, Central Delhi, DL	India
S3-166456203	City Infrastructure Private Limited	403, 4Th Floor, 3-6-232/1, Radha Enclave, Streetno15, Himayathnagar, Hyderabad, TG	India
S3-846452677	Vancouver Baptist Atalgtic Church	100 70nd Circle, Vancouver, Washington	US
S3-320413386	The Southern  Roofing LLC	217 Hillaird Avenue, Asheville, North Carolina	US
S3-138949081	Tish Digiacomo, DPM LP	01430 Valentine Ridge Road, Paris, Arkansas	US
S3-82310363	Sri Agile Constructions Limited Private	C. No 104- Teh Complex, Jalalabad, Ferozepur, PB	India
S3-217130916	Quality Keystone Interprivate	Houston, 9002 Cheswick Dr, Texas	US
S3-901826604	Physical Therapy Physicians, Inc Authority	5705 Timber Ridge Dr, Prospect, Kentucky	US
S3-40399290	Moore and Gihbhenrt LLC	Rabon Chapel Road, Mntgomery CITY, Texas	US
S3-894601552	Ltd. Dermatology Direct Physicians	Kentucky, 1010 Swan Pond Road, null, Barbourville	US
S3-406841277	Rocky Alliance Co	1046 Jefferson St, Webb City, Missouri	US
S3-869704284	Kolasinski, Carr and Gibbs Spartacus	305 Hamilton Ave, Winston-Salem, North Carolina	US
S3-106041157	Historical Institute	#303 Olive St, Arlington Heights Township, Illinois	US
S3-256621583	Bangalore Jewels L.L.P.	24, 3Rd Cross, Beml Layout Basaveshwaranagar 2Nd Stage, Bangalore, KA	India
S3-288514534	Creative Co Cargo National	1647 Fitzgerald St, Fort Worth, Texas	US
S3-287905564	Lynx	2611 13th Avenue, Canyon, TX	US
S3-336524212	Libertyadvanced.Com	3712 Glengyle Ave, Baltimore, Maryland	US
S3-503196741	Nilachakra Publications-Private Ltd	Bhubaneswar, Khordha, F-8, Nayapalli, N-4, OD	India
S3-417992166	Urology Inc Services	4525 Stallion Road, Orange, Texas	US
S3-824218678	Ho Térm	6512 Van Buren Street, # 38, Phoenix, Arizona	US
S3-613569859	Omex Transport Prdivte Limited	8-69, Sai Nagar Colony. Peerzadiguda Village, Medipally Mandal, Medchal, K.v.rangareddy, Hyderabad, TG	India
S3-885537826	Polaris LLC	12 Alaric Street, Unit 1, Boston, Massachusetts	US
S3-304247950	Ahmadabad  City Solutions Private [Limited]	S.f.-17, Ahmedabad, ગુજરાત	India
S3-861470905	Meier & Mckenney Robotics Llc	21846 Flagstone Ct, Cold Spring, Minnesota	US
S3-350914023	Maid Séáfood LLC LLC	61625- Leslie Ln, Joshua Tree, California	US
S3-450123951	VNJ Fintech Fintech Overseas Private Ltd	NULL, बिहार, Katihar, Sharifganj Ward No 42, No 55 C/o Shamshad Ali Siddiqui	India
S3-804306267	Global	590 Winter Street, Holliston, MA	US
S3-931339471	... Thiru India Industries Pvt. Limited	Sf.no.629/14, Coimbatore, TN	India
S3-785507685	private mark consultancy limited	null, Suttur, ಕರ್ನಾಟಕ, ##203 Shantiniketan Hiland Park 6Th Main 6Th Cross V V Mohalla, Mysore	India
S3-508045362	Private Eastern Impex Jewellers Limited	H.no 95 Hotel Tilottoma Satighat Bypass Road, Bankura, WB	India
S3-908417568	Classic Broadcast Laboratories Holdings	3471d Chapel Hill Rd, PMB 5284, Jefferson City, Missouri	US
S3-428987811	Dental Services	##317 Freetown Rd, Unit 140, Grand Prairie, Texas	US
S3-694204447	Physical Therapy Gróup LLC	001563 New York Avenue, Brooklyn, New York	US
S3-149332036	Fluxcira formerly Vium	408 Tallassee Street, Wetumpka, AL	US
S3-295837485	Ectoevo trading as Najar Institute LLC	7445 Monroe Avenue, Hammond, IN	US
S3-753069046	(india) Navraj Fund Overseas Co	E-##186, Ugf, Kanchan Kunj, Madanpur, Khadar Extn-ii, South Delhi, DL	India
S3-759775044	Wexquoriza DBA: Urgent Care Partners	11120 Vineyard Drive, Fishers, IN	US
S3-222974438	IJ Dome Corporation	New York, 6607 1/2 Lake Dr, Portland	US
S3-539724160	White Commercials Private  Limited	Khachrod, Ujjain, C/o Ramgopal Varvaniya, मध्य प्रदेश	India
S3-353974040	Blount and Miller Center		US
S3-316730355	Mcarthur and Blecon Painting LLC	146 Nelson Street, Leominster, Massachusetts	US
S3-688264097	Mr Badami Technoengineers	#74/21, 1St Floor Gupta Colony, Karnal, Gurgaon, HR	India
S3-579254636	Neumann	3404 Charlestowne Crossing Drive, St. Charles, MO	US
S3-408141660	Nava Capital Partners Ltd.	834 Moby Dick Ln, Oxnard, California	US
S3-276929887	Evita Thompson, D.C., LLC	96 Central Avenue, Brocton, New York	US
S3-421377011	Mass Hoisdng Pvt Ltd	4Th Floor, C.s No 11/1/11, K-square, Station Road, Near Bus Stand Vrundavan Hotel, Dohad, Dahod, ગુજરાત	India
S3-697840586	Cardina1-LLC Service	1813 20st Ave, Texas City, Texas	US
S3-748965184	Orthopedic Slar Care Co	Franklin, 203-205 Beasley Dr, # J, Tennessee	US
S3-119250414	Palayamkottai Highrise Corporation		India
S3-476001866	Belle's Tax Sirice	Ohio, Mchenry Ave, Cincinnati	US
S3-702424393	Tabbi Smgcot Analytics	217 Gunther Pl, Fl. 0, Glen Burnie, Maryland	US
S3-325129083	silova.com		US
S3-350404091	Sri Anand Pvt Pvt Ltd Center - 5863966953	Aurangabad (MAHARASHTRA), No.c07 Gt No.71 Nr Mit Co, C/o Satish Agrawal Row Hs, MH, Aurangabad	India
S3-969077109	Quebeck Home LLC	423 Old Stage Coach Rd, Quebeck, Tennessee	US
S3-360801539	Brigit'S Federal Environmental Scrves	6818c 15st St, Tulsa, Oklahoma	US
S3-6013561	20/20  Optical	3521 Normandy Laen, Roanoke CITY, Virginia	US
S3-494221108	Pediatric Creative Care L.L.C.	New York, Mount Vernon, 150 Fifth Ave, # Apartment 4V	US
S3-17313281	PASCUAL RIDGE 8ÚMRUNGRAD CORP	62 Cherokee Road, Virginia, Hampton	US
S3-228564800	Aditya  Services Private Limited - 1419278195	Old No 47, TN, Chennai	India
S3-531047018	Reyes and Mcclintock Co	23598 Florence Avenue, <NULL>, Dunlap, Indiana	US
S3-677517268	Diamond Logistics	60 Pembroke Rd, Ohio, Mount Gilead	US
S3-649602256	Loralyn Carollo Metal Works	7264 Welland Dr, Mentor, Ohio	US
S3-397461363	Cioaco  Inc	Churchville, 4 Ridgefield Drive, New York	US
S3-960854865	Valley Project Ínc	#15609 Pauls Way, Abingdon, Virginia	US
S3-292232673	Partners Orthopedic Health of Mesa Desert	970 Leisure World, Mesa Desert, Arizona	US
S3-656456226	TW South Co	144 Walnut Saint, Gate City Town, Virginia	US
S3-354418847	Jcs of Institute Technology Exports	Door No 331 Udyog Mandir 1, Bhagoji Keer Marg, Mahim West, Mumbai, Mumbai City, MH	India
S3-5549414	#glóbalindia	D-165, Delhi, Ganesh Nagar Complex, DL	India
S3-914795811	CU Custom Telecom Inc	166 Smith St, # 3, New Bedford, Massachusetts	US
S3-640147034	Fischer  Vanguard Lincoln Inc	1710 Redbud Ln, Springfield, Missouri	US
S3-286657704	Calojax	511 Washington St, Hazen, Arkansas	US
S3-546079187	New Infotech Private-Limited	No 7-2 Bhawani Singh Road, Divreportingcircle, Jaipur, RJ	India
S3-862043676	Giant Private Limited Center	43/4/5, Rajendranath Chatterjee Road, Lp 49/3/2, Kolkata, Kolkata, Howrah, WB	India
S3-712402338	CONSULTING JMP JI CO	Kurnool, AP, Hyderabad, No-##118	India
S3-853181035	Perfect Technologies Limited Center	Plot 561 10-3-14/5, Humayun Nagar Mehdipatnam, Hyderabad, TG	India
S3-483612952	Prívate PP Foudatmn Limited	Door No 8/3 D-lll Block, Pune, महाराष्ट्र	India
S3-51406120	Arts Holdings Service	6918 State Hwy 161 Service Road, Unit 124, Irving, Texas	US
S3-79068090	Media Rasayan Malik Pvt.	#D/726 Office 103 & 104, 1St Floor, Opal Square, Padwal Nagar, Wagle Estate, Thane, महाराष्ट्र	India
S3-984285487	llc pioneer preferred cms	4340 Little River Rd, Mountain Brook, Alabama	US
S3-342830022	ಆಲ್ ರಾಜ್ ಪ್ರಾಪರ್ಟೀಸ್ ಕನ್‌ಸ್ಟ್ರಕ್ಷನ್ಸ್	# 5-14, 3Rd Floor Prabhath Complex, Kempegowda Road, Bangalore, KA	India
S3-213017791	Creative Technologies Pvt Ltd	A-28, Gali No.4, Hardev Puri Main Hundred Feet Road, Shahadra, Delhi, DL	India
S3-456525996	3630 Lane Company Services	2854-2858 Fenwick Street, Grand Prairie, Texas	US
S3-212517113	சுப்ரீம் சிவ் கன்ஸ்ட்ரக்ஷன்ஸ் லிமிடெட்	#5-155 F-4, Chennai - 600 042., Chennai, தமிழ்நாடு	India
S3-92257278	Commodities Services Private  Limited	P.no-82/1., Hatkanangle, Kolhapur, MH	India
S3-112040399	Mumbai Foods Private Ltd	1410, Unicorn Chandak Commercial Building, Village Ambivali, Andheri West, Bombay, MH	India
S3-888127656	Schultz Jewelers	396 Blacktail Canyon Rd, Butte-Silver Bow, Montana	US
S3-582461393	Construction Jp Buildtech Enterprises Pvt	No. 154 Shp No 32 Smr Ngr Bldg No, 3 Sv Rd Brivli W, Borivali West, Mumbai, MH	India
S3-725542067	Sri >> Progreen Services Private	Shop (Gala) No.25, Mainuddin Apartment Bazarpeth, Tal-uran, Dist-raigad, Navi Mumbai, Raigarh, MH	India
S3-672237260	OJ Global Entertainment-Clinic	165 Puncheon Camp Lane, Bell Buckle, Tennessee	US
S3-698335604	inc vision sterling medicine	Shamrock Road, # UNIT A, Marianna, Florida	US
S3-613111631	World & Co Exports	#954, Bangalore, KA	India
S3-222040942	Ginter's Massage	12 Dudley Rd, Litchfiled, Connecticut	US
S3-83314358	Cloris Brewer  Peak Quantum Inc.		US
S3-537757134	Cardiology  Care of Newark LLC	Newark, 506 Barrett Lane, Delaware	US
S3-40822800	Smt Euro Impex Pvt Limited - 5229964780		India
S3-244797886	Premier Consulting	14/217, Erode, TN	India
S3-845884147	rutledge youth smart fellowship	Greenville Hwy, Rutledge, Alabama	US
S3-465130071	2-POINT	3413 Brown Street, Washington, District of Columbia	US
S3-518251247	Sun  Surgical Private Limited	00322 Anandpuri, Kanpur, Gautam Buddha Nagar, उत्तर प्रदेश	India
S3-556683449	Yumavio doing business as Solos Rio, LLC	31674 Center Ridge Road, OH, North Ridgeville, Unit STE 21	US
S3-204025583	शिव इंफ्रा एलएलपी	#98 A, Ashok Nagar, Ganganagar, Sriganganagar, राजस्थान	India
S3-811284658	Sai Limited Private Food	P No-#13, Alwar, राजस्थान	India
S3-308934372	Indico Indico [Water]	Block G-16 R.n. 2, Mumbai City, Mumbai, MH	India
S3-302821162	Aziz Southern Valley LLC	1204 Indian Trl, Kankakee, Illinois	US
S3-112641851	zimousstone.com	##508 201th Ave, Omaha, Nebraska	US
S3-282970192	Irwin LLC Solutions	103 3rd Street, Covington, Kentucky	US
S3-602917187	New Bombay Developers	F5-602 Flr 8 Wing A Shiv Chhaya Heritage-a Parshwa Ngr, Mumbai, Thane, MH	India
S3-654784884	कृष्णा सॉफ्टवेयर एलएलपी	DL, New Delhi, #474 I-6/74 Sector-16, Rohini, North East	India
S3-848370725	Winnifred'S Clleeanign Holdings	1103 Stockton Court, PO Box 6031, Aurroa, Illinois	US
S3-489834357	Tirumala (India) Consultants Limited	A-2-8, Secunderabad, Hyderabad, Andhra Pradesh	India
S3-825416068	golden nails	870-872 Hill Rd, Gold Hill, North Carolina	US
S3-696320317	GANGANTH MARBLES LTD	B3/223 A Awadhpuri, Bhopal, मध्य प्रदेश	India
S3-180916395	Heras Royalty LLC	382 Regis Falls Avenue, Wilmington, Delaware	US
S3-881767546	Vanguard South LLC	Virginia, Suffolk City, 6819 Gates Road	US
S3-986943828	ஏஸ் புராஜெக்ட்ஸ் பிரைவேட் லிமிடெட்	B 304, Palmera Gardens, Sakthi Srinivasa Street, Kanchipuram, TN	India
S3-53345876	Devta Co Clinic Services	B/2-306 Sanjay Apt, Thakurli, महाराष्ट्र	India
S3-326897117	Housing Fellowship Co	3869  Polk Street, Chicago, Illinois	US
S3-37597798	Lower Prime Wellness Llc	999 Silver Springs Boulevard, # APT 1710, Wichita, Kansas	US
S3-184391982	Community Federation Inc	00526 Downs Ave, null, Temple, Texas	US
S3-29457264	Laxmi	New Delhi, Plot No-267, South West Delhi, Pocket-1, Phase-1, Sector-13, Dwarka, Delhi	India
S3-629866931	New Delhi-Knowledge	Rz M 303 C H, Old No 2, Raj Nagar Ii, Palam Colony, Dda Park Gali, Yadav Dairy, South West Delhi, DL	India
S3-785732951	बालाजी इम्पेक्स लिमिटेड	Aurangabad, Varanasi Region, उत्तर प्रदेश, D55 169, Varanasi	India
S3-777475381	Family Mountain Physicians	##11934 Clearspring Drive, Glenarm, Illinois	US
S3-618626748	Chiors, Kayley Worldwide LLC	11009 Sweetmeadow Dr, Oakto CITY, Virginia	US
S3-961052363	Cardiology-Clinic	5620 61st Pl, Riverdale, Maryland	US
S3-423807911	Cure Bakery  Inc	Afton, 360 Keller Rd, Tennessee	US
S3-362938466	Marian Brooke Total LLC Center	10899 Deborah Dr, Potomac, Maryland	US
S3-573175582	Delta Charter School Raocme City [Inc]	1533- Malone Dr, Royse City, Texas	US
S3-748881641	Tradingsunriseinformation.Com	H.no 50 House No. 1, Block-tu Pitampura, West Delhi, New Delhi, DL	India
S3-725413582	Environmental Asssocdcaion Asssocdcaion	1402 Timbercrest Ln, Chattanooga, Tennessee	US
S3-699679414	Raviki Chemicals Pvt. Ltd.	3/309, 3Rd Floor, Ashish Complex, New Rajdhani Enclave, Vikas Marg, East Delhi, Delhi, DL	India
S3-18106929	Compass L.L.C.  Center	37153 Sparrling Sea Drive, Delaware, Millville	US
S3-409549853	Delgado  Beacon Services	711 10th Street, Nweton Township, Iowa	US
S3-79001870	Best Telecom International Valley  LP	12449 Wynnstay Lane, Chesterfield County, Virginia	US
S3-679137929	Om Inusties Pvt Ltd	202, 2Nd Floor Sarda Chambers-iv, 3 L.s.c Kalkaji, New Delhi, New Delhi Chittaranjan Park, DL	India
S3-691041379	Veraquo Association V L.L.C.	73831 321 Place, Wagoner, Oklahoma	US
S3-634380382	CLARKE P0NO INC	13426. Main Street, PMB 1235, Weston, Ohio	US
S3-757581604	The  Metropolitan Association	3105 Garfield Street, # UNIT 304, Bozema CDP, Montana	US
S3-917551388	Remote Teacher Corp	Block F-363 A/401-2 Raheja Exotica, Mumbai, Mumbai (SUBURBAN), MH	India
S3-673889605	Carden Petroleum	4400 Julesberg Cir, Presoctt, Arizona	US
S3-826559162	S. George Ph.D.	TX, 1809 Effie Lane, Pasadena	US
S3-953003988	Urology Health	#1395 Sherwood Rd, Ledyard, New York	US
S3-440387185	Seven Spinning Corporation	Shop No-406k/r1t5c, Huzur, Bhopal, मध्य प्रदेश	India
S3-729686799	Harbor Guild  Co	608. Hickory Street, Texarkana, Arkansas	US
S3-929359151	FOOT & Ankle Choice CARE Associates	972 1/2 Haw Branch Road, Beulavill CITY, North Carolina	US
S3-589908862	Ambalika Traders Exports Private-Limited	595, Parbhani, Bapu Nagar Pabhani, Parbhani, MH	India
S3-636044628	Mathias, Tswfnhpc Of Corp	203 Kimseys Run Road, Mathias, West Virginia	US
S3-477154470	Rs + Pratres		India
S3-285071105	ଭିଜନ୍ ଇଣ୍ଡଷ୍ଟ୍ରିଜ୍ Limited	Plot No-b/1511, Cuttack Sadar, NULL, OD	India
S3-728892726	Pioneer Liberty Apex LLC	5181. Aster Street, Lima, Ohio	US
S3-109236014	Cardenas and Matias  Copley	0016220 7th St, # 1381, Phoneix, Arizona	US
S3-551039218	ZN Harbor [Money]	Saybrooke Dr, Prince William County, Virginia	US
S3-334394689	Pioneer Printing  Labs, LLC	3510 Thunderbird Road, Phoenix, Arizona	US
S3-453620083	Jaipur Private Pulps Limited	Plot No. 447-Ab 2Nd Floor, Jaipur, राजस्थान	India
S3-792926344	Williamsburg L0gistics  LP	126-C Concord Sq, Williamsburg, Ohio	US
S3-730880903	Sai  City Exports LLP	HR, Orchid Centre, Near Iilm Institute, Sec53, Gurugram, Gurgaon, 3Rd Flr	India
S3-261776688	Lumdelta	##12550 Main Street, # UNIT 125, Hesperia, California	US
S3-511217709	Hosdurg Software Private	Door No 2/406, Thaikkadappuram, Hosdurg, Kasargod, കേരളം	India
S3-544010247	murraysafety.com	1735. Peachtree Street, Unit 321, Atlanta, Georgia	US
S3-308545764	Mahindra Limited Private Traders	304-306, Abw Elegance Tower Jasola District Center, New Delhi, DL	India
S3-725034596	Inc Patriot Integrated Southside	837 El Portal Drive, City Of El Paso, Texas	US
S3-154137646	Deltapyra née Division of Housing LP	534 Orchard View Drive, Greece, NY	US
S3-885620184	St. Chúrch	15 Satmar Drive, Unit Unit 102, Kiryas Joel, New York	US
S3-936360462	West Grseelndn Inc	1909 Waldo Street, High Point, North Carolina	US
S3-456998999	Dermatology Dermatology All Care Associates	329 Bridge Street, Westbrook Ownship, Maine	US
S3-749301630	Iconic Development		India
S3-15165722	Commission On Public Works Inc.	Nashville, Tennessee, 05737 Cedar Ash Crossing	US
S3-721217573	Kolkata Coast	14G, Dr Suresh Chandra Banerjee Road Ps-belaghata Kolkata, Kolkata, Howrah, No Block, পশ্চিমবঙ্গ	India
S3-424125224	Surgical LLC Center Enterprises		US
S3-524347923	JUA Horeizon LLC	PMB 783, New York, Albany, 235 Second Street	US
S3-7994810	Dennett LLC Engineering Metropolitan	Rivers Meet Drive, Wisconsin, Athelstane	US
S3-860326787	Classic-Services	Block No. 32, Ernakulam, Muvattupuzha, Keralam	India
S3-194223463	Brooks Property-Solutions	2953 Aletta, MESA, Arizona	US
S3-153968563	Star Colonial Hyperliquid Partners	120 Polk St, Jefferson City, Missouri	US
S3-566557360	Pandhari Medical Centre LLP	Rangareddy, TG, Plno 12, Rangareddy, Laxmi Narsimha Nagar Puppalguda	India
S3-869997379	-- Onyx, Ínc	Aviation Way, null, Frederick, Maryland	US
S3-272186169	Chakan Mills Ltd Pvt	MH, Mumbai, Chembur Naka, 7/6, Asha Building, Chhaya Soc.	India
S3-4344765	VKT Unified Renewables of San		US
S3-166927530	Shri Urban Consu1tancy Private (Limited)	F-196 Kh.no 98 Gali No.11 Khajoori Khas, New Delhi, DL, Delhi	India
S3-55556460	Digital Tech Private Límited		India
S3-224265963	Cheryl Davis Motors Inc	250 Lyles St, # 26B, Elkin, North Carolina	US
S3-601643646	A Cure 2 ITD	2424 Parris Drive, Wilmington, Delaware	US
S3-33121843	Commission on Enirotnmanl  Protection-Lewisburg	112 Davis Street, Lewisburg, Tennessee	US
S3-362352631	Ariana Ram Custom Wealth	Main St, # Apartment 230, Covington, Kentucky	US
S3-140413252	Dental Spécialists	15 Regal Dr, Fulton, New York	US
S3-986995486	orange consultants private limited	#775 Flat No-b-702, Pune, MH	India
S3-871947589	Aatreya Infrastructure Private Ltd		India
S3-511617358	फ्यूचर इंफोटेक प्राइवेट लिमिटेड	C/o. Kewalram Surajlal Turkar 45 Tedwa Kati Road, Nagpur Region, Gondiya, MH	India
S3-555367150	Monge Schwab  PLLC	Maine, Fort Fairfield, 58 Presque Isle Street	US
S3-463535519	Margi's Betre Consultants (ID: 31338)	2515 Ardmore Palce, West Peoria, Illinois	US
S3-137329402	Dermatology Platinum LLC	1417 Washington Blvd, Grants Ppass, Oregon	US
S3-8705557	Stayton Gréenfire	1673 Dominion Dr, Akron, Ohio	US
S3-392242531	(india) Kaman India Private Limited	H.no.9-1-127/2, Opp: Kids Convent School, Chekkapally Road, Mumbai, Nellore, TG	India
S3-37026134	Children'S Guild	8 15th Saint, Bayville CITY, New York	US
S3-402271250	Private Trinity Mahal Infratech Limited	No 819 G 82, Bhilwara, RJ	India
S3-225990952	PEDIATRIC DENTAL ASSOCIATES	1706 104st Dr, PO Box 5143, Phoenix, Arizona	US
S3-46306488	Park Foundation Group Ltd.	#013Th Km, Bangalore, KA, Bangalore South	India
S3-505947896	Liberty Midstream	7711 10 Avenue, New York, Brooklyn	US
S3-559852795	Star-Private Solutions Limited	Ews-39, Koushalpuri Phase Ii, Faizabad, UP	India
S3-424729089	Yumafluxzeph One doing business as Vijayawada International Private Limited	H.No. 8-176/D, Flat No.404, D Block, Sree Avenue Aprt Padmaja Nagar, Opp Siddartha Eng College, Tadigadapa, Vijayawada, Srikakulam, Andhra Pradesh	India
S3-119672170	YVS Prooefcs Ltd	C-86a, Tiruvallur, தமிழ்நாடு	India
S3-422154110	Haynie Assets	Minnesota, Barnnesville, 224 5rd Street	US
S3-14059043	Farris [Specialists,]	559 Bordeaux Ct, Upland, California	US
S3-301224192	Sun Classic Finance Private Ltd	A, East Delhi, दिल्ली	India
S3-504143560	-- Jai Overseas Associates Development	C-588vikas Puri, West Delhi, New Delhi, दिल्ली	India
S3-843411046	Super Nails Inc Service	1535. Maple St, Unit #32, Hillsboro, Oregon	US
S3-744638385	Selco (India) Powercom Private Limited	4/461, 2Nd Floor, Valamkottil Towers, Judgemukku, Kakkanad, Kochi, Ernakulam, കേരളം	India
S3-556259826	Universal Care Pvt Ltd.	Shop No. #21, Red Fort Arcade Red Fort, Delhi, DL	India
S3-749562554	Bkd LLP Services	193, Shivsadanopptonccapartementsouterring Road, B-narayanapura, Bangalore, Kodihalli, ಕರ್ನಾಟಕ	India
S3-222523780	deans.com	254 3224, DE Berryc ITY, Texas	US
S3-519165485	ggtpropertiescom	#6 / 18St Helans Court Peddar Rd, Thane, Mumbai, महाराष्ट्र	India
S3-162135279	Burke Consultants of Rádcliff	111 1/2 South St, Radcliff, Kentucky	US
S3-155410385	Private Pa Tiaders Limited	Hyderabad, TG, Door No 8-2-460/2/1	India
S3-965676891	Irifluxecto a/k/a St. Ministries	104 Bradley Street, Cumberland City, TN	US
S3-296537785	Préferredtechnicalunion.Com	1672 Pilip Street, Eugenecity, Oregon	US
S3-544067464	*** JANSSEN SCHWAB	1625 Galveston St, Memphis, Tennessee	US
S3-952015247	Yten Boa LLC	0091 Morningside Ave, New York City, New York	US
S3-344474241	Andreana F Hand PhD Valley	340 Natures Edge Way, Toney, Alabama	US
S3-520746285	Green Biotec Private	H No-21, Ghaziabad, UP	India
S3-285916603	Red Fóundation Pvt Ltd	Sarvey No. ##412/1 Mhaswad Road Mhaswad Road, Satara, MH	India
S3-781659268	SOEX, INC	6323 Prince George Drive, Prince George County, Virginia	US
S3-71093709	jainlogistics.com	K-3-a, DL, South West Delhi, New Delhi	India
S3-170103249	கிரேட் ஃபைனான்ஸ் லிமிடெட்	27/2 Right Grand City, Pollachi, Coimbatore, TN	India
S3-559518315	Royal  Mfa LLC	6414 Fourth Place, Tulsa, Oklahoma	US
S3-449420464	Good Good Ventures [Limited]	No 906 32, Beri Bakkali Street, Beripettai, Vellore, TN	India
S3-284253659	Beacon Data Cónsultants Group	##133 Lakeview Ave, Tauntoon, Massachusetts	US
S3-491459337	Federal Mfiunicipals PLLC	3321 18th Street, Wisconsin Rapids, Wisconsin	US
S3-43713302	g0lden apex gabelli	13201 Riversdale Rd, Del Valle, Texas	US
S3-554744990	The Sophie Patterson Boutique Inc.	4361 Park Ave, Unit Apartment 4, Hamburg, New York	US
S3-55369939	vardaindia.com	Door No 143 S/8, Diamond Square Navjivan Press, Ashram Road, Changodar, GJ	India
S3-519026526	German, Fania, DPM Inc	2263 York Dr, # UNIT 135, Woodbridge, Virginia	US
S3-982782324	Venkataramana Green Pvt. Ltd	L-64 M I D Ctaloja Raigad, Mumbai, Raigarh, MH	India
S3-175055197	Anil Agency Enterprises	Door No 170 Ram Nagar, Ambala City, Ambala, HR	India
S3-519272271	Inc. Cozy Bdm Shop	1826 Dewalt St, Houston, Texas	US
S3-119551499	K0zhikode Papers-Private Limited	33/458, Kozhikode, Keralam	India
S3-351490464	Parkal Knowledge Group Private Limited	#1-78 Nadikuda Village And Mandal, Warangal Urban, Parkal, TG	India
S3-260128359	Gdp Services of  Kanpur Pvt Limited	46/144 Monika Tower Halsey Road, Kanpur, Varanasi, उत्तर प्रदेश	India
S3-128605842	Disha Company Center	239/A10, Kozhikode, KL, Kozhikode	India
S3-124277486	LLC Foot & Ankle Partners	2375 Ashurst Rd, Cleveland, Ohio	US
S3-893144559	Rithwik Medical Medical Centre	Bangalore, ಕರ್ನಾಟಕ, No 160 Kci Chambers, Bangalore, 3Rd Floor 5Th Main Road, Puttana Chetty Road, Cham, Rajpet	India
S3-718020164	Mount Présbyterian Présbyterian Church	3005 Dcuhess Way, Rowlett, Texas	US
S3-439465921	Lyrioyn Attlo Attlo Co	14 Crosby Rd, Wakefeild, Massachusetts	US
S3-656695556	Irivantagenex	232 Gazebo St, Port Orchard, Washington	US
S3-370031379	Transtech Finances	Row House No. 3, NULL, Haveli, Pune, महाराष्ट्र	India
S3-4473279	S0uthern Prime Inc	#149 262, Crowell, Texas	US
S3-870476988	Galan Partners	7516 Warwick Ln, Chesterland, Ohio	US
S3-534008433	Private Dhriti Mercantile Limited	No. #8, Kasaba Hobali, Nelmangala, Tumkur Rd, Banglore Rural, Bangalore Rural, KA	India
S3-640865229	Ace Aluminium Prssete Limited	DL, Delhi, G 20, 3Rd Floor Preet Vihar, East Delhi	India
S3-995635165	Grand-Trading Grand-Trading Innovations P.C.	1428 Marcia Rd, Mephis, Tennessee	US
S3-1588372	Ectocalo formerly Southern Constructions LLP	7-B Dda Flats Sarai Julena, New Delhi, South Delhi, Delhi	India
S3-993708565	Amit Solutions Private Limited	Thane, A Wing Majiwade, Thane West, Thane, MH, Flat No. - A 1908 Rustomjee Urbania Azziano	India
S3-692387577	Ltd Dermatology Médicine	1637 Rialto Ave, Fontana, California	US
S3-701344946	grandcontinentalcrown.com	900 Morris St, Albuquerque Towsnhip, New Mexico	US
S3-152895419	laxmi perfect it sweets private limited	Gautam Buddha Nagar, 16Th Avenue, Gaur City 2, G.noida West, उत्तर प्रदेश, Noida, H-8066	India
S3-415797547	Guerrero,  Barnard Shah LLC Services	314 Elm Hill Road, S Paris, Maine	US
S3-739887597	Bedrosian,-Sheppard and-Braham Reit Co	24 Adams St, Darlington, Indiana	US
S3-336845080	Dr Agri Hts LLP	C/o Rita Devi, Saran, BR, Chapra	India
S3-981592560	Valley Partners Partners Institutions	28390a Drifting Sands Cir, Meadview, Arizona	US
S3-128698983	Sukha (India) Power Private	H.no /36 E, Chennai, TN	India
S3-416248176	Foods Dayanidhi éducation Pvt Ltd	No 18 Csno 187/189, Mangalmurti Complex, Malegaon, Malegaon, Nashik, MH	India
S3-471555387	Inc. Clyelle Fáctory	43 Mountin Pass Rd, New Castle, Virginia	US
S3-693735979	Behavioral Health	1812 Southeastern Trail, RUND ROCK, Texas	US
S3-761858511	JNI Softech  Private	L/50/0301, Spriha, Sp-sukhobrishti Aa-iii, Newtown, North 24 Parganas, Kolkata, Parganas North, WB	India
S3-815782366	प्रीमियर इंफ्रा प्रा. लि.	3-258, Varanasi, UP	India
S3-166329818	janice's liberty studios	1039 Campbell Meadows Rd, Owings Mills, Maryland	US
S3-298258485	Shree Ventures Chill	#18/2, Monalisa Plaza, Plot No. 80, Sector - 08, Koparkhairane, Navi Mumbai, Thane, MH	India
S3-683081167	Cascade Anraly PLLC	19203 29th Ave, # 154, Phoenix, Arizona	US
S3-95739676	Birbhum Rice	P.o. Nawapara Mahadwipa, Birbhum, WB	India
S3-258950839	First Dynamic Center	4221 Yanceyville Rd, Unit N, Greensboro, North Carolina	US
S3-798147440	Goodvalue Foods Private  Limited	Fn 43, Ff, Golden Sparrow, Mount Kailash Colony, PB, Mohali, Rajpura	India
S3-112523526	Cascade  Intelligent	Washington, 441 Lake Isabella Loop, Shelton	US
S3-624738769	Monarch LLC Services	Decatur, Illinois, ##2479 Hedrick Court	US
S3-184765361	Gussy'S Transport Care Corp Center	14038 Underclift St, Andover, Minnesota	US
S3-572340946	SE Security Holdings Limited	#48 At-jagannath Lane, Badambadi, Po-arunodaya Market Ps-badambadi, Cuttack, OD	India
S3-504047517	Waynesville  Community Signature Church		US
S3-332495932	Sri serviceskw.com	No. 393 C-53a/c-1, Shalimar Garden Extension Ii, Near Shiv Chowk, Sahibabad, Ghaziabad, UP	India
S3-31364534	4113secondave.com	140 719, Beauregard, Alabama	US
S3-250604030	AVY Studio Overseas Limited Service	8- Ground Floor Gautam Estate Nr Chakudiya Mahadev Eakhial, Ahmedabad, GJ	India
S3-979728871	Great Foundation [Harbor]	52 Blueberry Hill Road, Bridgewater, Connecticut	US
S3-947965983	Stillwell Biotechnology	4200 Montevbllo Rd, Mountain Brook, Alabama	US
S3-133984384	Meum Ltd.	439 Henkle St, Tekoa, Washington	US
S3-338197425	main street hair studio! #24309	26 Lawson Estate Road, Patrick County, Virginia	US
S3-82003027	-- BRYSON HERITAGE HENNESSY INC	# J4, 4710 1/2 Lake Road, Ohio, Geneva On The Lake	US
S3-260015671	Orbiorbi aka Lorie Reyes Heritage Parts Inc	36 Hideaway Acres Lane, Hiddenite, NC	US
S3-221822963	Metropolitan Fund Inc Society	5021 Ammoentt Drive, # 5105, Franklin, Tennessee	US
S3-423680501	Nylalyra a/k/a Vishakha Areca Ltd	1380, Keshripura, Sanwer, Indore, Madhya Pradesh	India
S3-913256059	Precision	2926 Runway Drive, Cedar City, UT	US
S3-500822109	Surgical-Partners	#139 Markle St, Bellefonte CIY, Pennsylvania	US
S3-253078947	Gomez & Bull, Group	2592 Little Mountain Creek Road, PMB 7888, Oxford, North Carolina	US
S3-109677683	Srishti (India) Document LLP	1680 E Rajarampuri 9Th Lane, Kolhapur, MH	India
S3-212523674	Sri #babaproperties	22, Chennai, தமிழ்நாடு	India
S3-331490611	Cooperative Insurance Advisors  Inc	9809 Mayflower Pirk Dr, Carmel, Indiana	US
S3-676134475	Mull Hawaii  LP	030 Gammell St, Seneca, South Carolina	US
S3-33956911	Clean Bioscience Northside Ltd	1925 9 Street, Brooklyn, New York	US
S3-105570981	Roberts [Cohen]	226 Lapwing Ln, Galt, California	US
S3-222803976	First City Engineering Limited Services	ગુજરાત, C/o Sloanki Kirit, Harjiva, N Valinda, Dholera, Ahmedabad, Dhandhuka	India
S3-110610942	Heritage Biomedical Works-Inc	4724 Hoyle Drive, # A, Raleigh, North Carolina	US
S3-357883344	शिव मार्केटिंग प्रा. लि.	Ground Floor, Triveni Sadan, Opp. Ambe Mata Temple Carter Road No. 3, Borivali (East), Mumbai Suburban, MH	India
S3-413026197	Monteus Quasaredge	2914 Auburn Drive, # 101, Burlington, North Carolina	US
S3-377133850	Chandan Limited Service	Jalna, 3-16-24, महाराष्ट्र	India
S3-406798942	ग्रीन इंडो एनर्जी प्राइवेट लिमिटेड	285Princess Street, Mumbai, MH	India
S3-800220780	Gabriel Sandberg Pet Care Inc.	520 First Street, Carnegie, Oklahoma	US
S3-482487782	Williams's Home Care Clinic Co	1505 Taylor Point Drive, Chesapeeake, Virginia	US
S3-30793933	Jemimah  Estrada, L.C.S.W.	3859. Daphine Court, Wilmington, North Carolina	US
S3-731581566	రెడ్ ప్రాజెక్ట్స్ ప్రైవేట్ లిమిటెడ్	116-2-124, Rajahmundry, AP	India
S3-560560311	Private Premier Trading (Limited)	99/5/9B Ballygunge Place, Calcutta, Kolkata, WB	India
S3-137010027	All Beacon Direct Ltd	278-282 Highland St, Cool Ridge, West Virginia	US
S3-808355014	व्हाइट मीडिया प्राइवेट लिमिटेड	505, Ashiana Vihar Rajendra Path, Patna, बिहार	India
S3-292721750	Cordelia Ussery Forefront	J Gresham Road, Hopkinsville, Kentucky	US
S3-518122558	COMPLETE INFRASTRUCTURE SOLUTIONS LLC	2 Lighthouse Ct, Salem, South Carolina	US
S3-121122739	Piedmont Services #88505	3137 Forest Drive, Richmond, Indiana	US
S3-788427944	K+ Shanghai	49 Hood Dr, Goldsboro, North Carolina	US
S3-263522817	orbolacatalyst.com	8933 Valley Green Drive, Fl. 1, Olympia, Washington	US
S3-437910910	IJS Ultra Llc	5362 Heron Dr, null, Buda, Texas	US
S3-508508071	Hunte LLC Partners	Texas, 6910 Ashburn Street, Houston Tonship	US
S3-5525420	லோட்டஸ் ஸ்டார் எண்டர்பிரைசஸ் பிரைவேட் லிமிடெட்	Old No.15, New No.23, Anna Street, Kallikuppam, Ambattur, Chennai, தமிழ்நாடு	India
S3-704367558	@juarezdickey	1901 Coventry Rd, Incorporated, Illinois	US
S3-792008823	Human Rights	1015 Dutchtown Rd, Tracy City, Tennessee	US
S3-345528988	Davis (Holdings)	2770-C Lecren Street, Mobile, Alabama	US
S3-101285595	Grace Baptist	Texas, PO Box 4713, 1199- Broadway St, Carrollton	US
S3-23686196	Pearl P Collett, Esq Partners	364 Wright Rd, Norwalk, Iowa	US
S3-432715474	Jonas Liberty Regions  Corporation	4648 Carriage Ln, Pleasant Grove, Utah	US
S3-997142551	Technologies Perivnar Institute Private Limited	H.no 290 C/o. G-389 Epip Jodhpur, Jodhpur, RJ	India
S3-11776684	maidbistro.com	654 Callahan Pl, ST. PUAL, Minnesota	US
S3-574528483	36 Hour Massage Ltd	910 221th Avenue, Gresham, Oregon	US
S3-168501415	av partners &	S1 Manashree Apartmentss No 163/1 Plot No 16 Park Avenue Avenue D P Road, Aundh Pune, Pune, MH	India
S3-226421685	Womens Health Care  LLC	1531 Campus Road, Manhattan, Kansas	US
S3-73732065	Nikam Consultancy Pvt [Ltd]	South Delhi, New Delhi, Lgf, Jangpura Extension, I-27, दिल्ली	India
S3-492400739	Gujarat Constructions	No A-15 Ground Floor, Csc Blk Bh Shalimar Bagh, Delhi, North West Delhi, दिल्ली	India
S3-665478983	Reliable Boutique  Clinic	17th Avenue, Valley, Alabama	US
S3-183222344	Gildvio DBA HCL Iron Works, Inc	700 Wise Street, Bowie, TX	US
S3-453723305	Bombay  Products LLP	C/o Mallika Pailan, South 24 Parganas, WB	India
S3-684955178	MGL Trading Trading Public Limited	H-004, Andheri(west), Mumbai, MH	India
S3-633577444	Anvil Ínc	3026 Celebration Park Cir, Bellevilel Township, Illinois	US
S3-675701229	Pinnacle Associates (Retail)	38797 N Run Rd, Albany, Ohio	US
S3-452126159	Ltd Aman Servigecs	Block G-54 100/H/19, Kolkata, Howrah, WB	India
S3-499987738	डिजिटल सिस्टम्स प्राइवेट लिमिटेड	A-108, Ground Floor Johri Farm, Noor Nagar Ext., Okhla, South Delhi, DL	India
S3-572168066	Creative Management  Prcivoate Limited	Hn 535 Sp Xiii / 657 (5), Thiruvananthapuram, Trivandrum, KL	India
S3-424446855	Vantagebrixquo Co DBA Cultural Center	NC, 165 Fisher Hill Road, Eden	US
S3-800764803	West LLC Harbors	00305 Jenny Kay Ln, PMB 9591, Irving, Texas	US
S3-593098177	Eye Pártners Inc.	1030 Yaqui Drive, Unit Apt 3, Flagstaff, Arizona	US
S3-335261425	Atlanta Wilson Music-LLC	20 Smoke Hill Drive, New Fairfield, Connecticut	US
S3-695798696	Taraesh Services	Villa No.##9, Nellore, Tirupati, AP	India
S3-921810514	huberapexofs.com	Missouri, Ozark, 2692. Miramar Rd	US
S3-110339173	Supreme Médical Worldwide, LLC	125 New Yok Ave, Washington, District of Columbia	US
S3-625666243	Mountain Pebblebrook Riverside Corporation	Liberty Hill, Texas, 5964 236	US
S3-625113117	Pinnacle Wealth Brands	3758 Scott Lane, Salisbury, Maryland	US
S3-851252637	Nanni Wagner  Steers	30 Doxsey Pl, # Apartment 434, Lynbrook, New York	US
S3-259747628	Orbinylabrixio aka Pearle Ragsdale Array Inc	72 Innsbrooke Court, Elizabethtown, KY	US
S3-538612185	Kennedy Renewable Renewable	83 Tennyson Ave, Buffalo, New York	US
S3-680951722	Blakesley, Amelita,	5345 Windsor Blvd, Isle Of Wight County, Virginia	US
S3-741265497	ॐ यूनिवर्सल मार्केटिंग एलएलपी	Flat No-m/14 Mayuresh Park Lake Road Opp - Hind Rectifire, Mumbai City, Bhandup West, MH	India
S3-319544079	Curtis'S Cóuriers	1945 Rye St, Albany, Oregon	US
S3-330615416	Avan Polytechnic Ltd	Mithila Colony, Nasriganj, Digha, Patna, Dinapur-cum-khagaul, Patna, BR	India
S3-772976159	northwind, ltd	319. Raymond Rd, PMB 4861, Spokane Valley, Washington	US
S3-85607985	Can & Sons Priaase Limited	403/142, Bangalore, KA	India
S3-667680133	Moreno  & Hall LLC	34 Royal Crest Drive, # 8, North Andover, Massachusetts	US
S3-76894695	l.l.c. dermatology keystone partners	1009 252, Bertram, Texas	US
S3-203048967	Private Ananda Msrktansg Limited	##522Brs Ngaar Ludhiana, Punjab, Ludhiana, PB	India
S3-875997186	गैलेक्सी कंसल्टेंट्स प्राइवेट लिमिटेड	1-75, DL, Delhi, Model Town, 1St Floor, Dda Sfs Flats, Mukherjee Nagar	India
S3-183730113	Fresh Texolie Enterprises Ltd	Rokwall, 503 Mariposa Ct, Texas	US
S3-215927518	Strategic Superior	789 Sierra Vista Drive, Ontario, Oregon	US
S3-954234426	Moteor Lane Partners Corp	264 Whittier Avenue, Syracuse, New York	US
S3-772437258	Ruiz, Kelly +	701. Durham Rd, Zillah, Washington	US
S3-700870483	Ekaterina's Yoga Central Center	00732 Herd Ave, Pataskala, Ohio	US
S3-584254538	Atlantic Program Group Center	43614 Highway 10, Perryville, Arkansas	US
S3-378145797	Foods Rre Energy Holdings	432, Gidc Engineering Estate, Gandhi Nagar, Gandhinagar, GJ	India
S3-628927566	Eleanore Busbee Materials Corp	142 Oabn Dr, Sanford, North Carolina	US
S3-789729683	Duron & Crutchfie1d  Ltd	133 Larga Vista Drive, Laredo, Texas	US
S3-511737421	Commission  on Buildings Ltd	0020758 Lauren Rd, PMB 7946, Maricopa, Arizona	US
S3-396383351	Silver-Packaging Laboratories Corp	5138 Harmony Drive, Kansas City, Kansas	US
S3-460199965	China (India) Chit Private Ltd	4 And 5 Boraivi, Anand, 122/Paiki 2, Vadodara Region, Anand, GJ	India
S3-268956329	Summit Safe	457 Thomas Sugg Road, Greene, North Carolina	US
S3-509693559	Inc. Mefloo	22 Rack Rd, Chelmsford, Massachusetts	US
S3-654846989	Racine Milzie P.A.	410D Smiley Road, Tonganoxie, Kansas	US
S3-386460174	Gilberta'S Bay-Tire Shop | www.gilbertas.com	6723 Bluestem Way, Minnetrista, Minnesota	US
S3-770149379	लक्ष्मी प्रोजेक्ट्स	Plot 187 S.no.127, Pune, Poona, MH	India
S3-365386401	Ear Nose  + Throat Care	3110-3112 Water Cress Ln, Jackson, Wyoming	US
S3-266671508	Surgical Safe Physicians  Corporation	4244 Antietam Dr, NULL, Mountain Brook, Alabama	US
S3-822936799	Book Bright LLC Store	8890 Trista Ln, Saint Bonifacius, Minnesota	US
S3-945262738	Platinum Atlantic Center		US
S3-247051801	Private Gold Investment Solutions Limited	C-1601/27f, Gautam Buddha Nagar, उत्तर प्रदेश	India
S3-323269501	Hotel  Nidhi Limited	G-c-191 F/f, Old Seemapuri, Shahdara, DL	India
S3-132470841	Litt1eautobody.Com	2 Anastasia Ct, <NULL>, Beaver Dam Lake, New York	US
S3-716354878	assetbuildingc0alition.com	Cortlannd, Ohio, 2100-2104 Millennium Blvd	US
S3-811937912	Quartz Ángel Uptown	42651 Windflower Dr, Ashbuurn, Virginia	US
S3-690955944	P.C. Empire M0orggan	1412 Foothill Road, <NULL>, Albuquerque, New Mexico	US
S3-263513093	પાયોનિયર રોયલ સિસ્ટમ્સ પ્રાઇવેટ લિમિટેડ	No 277/278 Gidc Industrial Estate Odhav, Ahmedabad, ગુજરાત	India
S3-274267928	Super Management Private Private	Pankaj Nagar, Navavas, Bhuj, Madhapar, GJ	India
S3-826782278	GDC Pk  Limited	महाराष्ट्र, 75, Pune	India
S3-698063499	Marks Liberty Cyber Partners	Iowa, # 2, 407 Second Ave, Oskaloosa	US
S3-286790678	Blessing [Premier]	435 Reedy Creek Rd, Bristol, Virginia	US
S3-293735780	>> Desert Secure Hobaiian Group	Texas, Fort Worth, 3603 Sandgate Street	US
S3-295763188	Cadiology Group	1841 Lascassas Pike, Unit G101, Murfreesboro, Tennessee	US
S3-247960771	KX Engineering	25-27 1800, Clearfield, Utah	US
S3-891118014	श्याम इंटरनेशनल प्रा. लि.	H.no.-124-a-1, Delhi, New Delhi, दिल्ली	India
S3-538086788	Emili Knlig Pinnacle Encore LLC	5620 Litchfield Road, Fort Wayne, Indiana	US
S3-289558849	EAST INFRASTRUCTURE	002809 Hawk Haven Ln, Knoxville, Tennessee	US
S3-481255380	Price  Mtdril Center - 5442636649	14574 Lajolla Dr, Litchfield Park, Arizona	US
S3-757112698	qualitybroadcastgroup.com	Cherry Creek, 6239 Iola Way, Colorado	US
S3-291430894	Justice Blue Dogecoin	Texas, Austin, 226 Georgie Trace Avenue	US
S3-819843778	Eagleton Medical Partners	2669 Kay El Bar Road, Wickenburg, Arizona	US
S3-907282351	Behavioral Health Clinic, Llc	111 Donnibrook Run, Fuquay Varina CITY, North Carolina	US
S3-542695891	New Life Cathedral Highland	6413 Old Oak Ridge Rd, Unit I8, Greensboro, North Carolina	US
S3-808558566	TRADYNE DYNAMICS ASSOCIATES	5768 Caney Ridge Cir, Ooltewah, Tennessee	US
S3-655057775	Viva Agri LLP	A/27, 2Nd Floor, Mpsrtc Building Complex (Pragati Parisar) Deport, Bhadbhada Road, Bhopal, मध्य प्रदेश	India
S3-632817244	White-Dynamic	14366 Coronado Rd, Goodyear, Arizona	US
S3-219364599	Dr Suprabhat Consultants Private Limited	1/3626, Tiruchirappalli, TN	India
S3-428859373	Solis Equipment LLP	No 83 Sh. Dayanand Singh S/o Sh.gauri Singh Goraul, Lodipur, Bihar, Vaishali, BR	India
S3-749485382	Surgical  Physicians	675 Union Square, Sandy, Utah	US
S3-866381707	LIW Edu Pvt	#G-17 Iind Floor, Faridabad, DL	India
S3-475402528	Ndtv-Buildcon Private Limited	OD, Marshaghai, Kendrapara, C/o Ranjan Kumar Swain Purusottampur	India
S3-292150320	Downtown Yoga LP  Center	104 Marblecreek Lane, Cary, North Carolina	US
S3-931306030	Silver Consultants Limited Service	No. #42, Coimbatore, தமிழ்நாடு	India
S3-218164238	The Pediatric Specialists Inc	03039 Van Pelt Ave, Temple, Texas	US
S3-809485324	Dlf Qe Chémícals Pvt Ltd	G-3rd Flr Orchid Centre, Sector 53, Dlf Qe, Gurgaon, HR	India
S3-359222474	Halcora Halcora Mortgage Inc	398-400 Carl Street, Wilmington, North Carolina	US
S3-503731678	Liberty, L1c	914 Brighton Avenue, Syracuse, New York	US
S3-36686972	knoxvillewildlifeinstitute.com	6508 Ball Road, Knoxville, Tennessee	US
S3-235518894	5-Coners	33 Erin Hills Road, Commercial Point, Ohio	US
S3-320747843	Sri Asset Trading Pvt (Ltd)	Building No.3-72d, Thiruvalla, Ward No. V Nedumpuram P O, KL, Pathanamthitta	India
S3-560977428	Fairfax Cóunty Housing Guild	6620 Southern Oak Drive, NULL, Fairfax County, Virginia	US
S3-551595189	இன்டர்நேஷனல் ஃபைனான்ஸ் பிரைவேட் லிமிடெட்	#12, Chennai, தமிழ்நாடு	India
S3-174058035	Classic Chemical International Corporation	1113 1/2 Hastings Ct, Unit UNIT 102, Racine CITY, Wisconsin	US
S3-995048975	Pediatric Dental Spécialists	328 Galloway Ct, Florence, Kentucky	US
S3-331675127	Ferric [Partners]	Orange Street, Norfolk, Virginia	US
S3-716840234	Cascade Trust	00171 Cuttawa Ln, Andersonville, Tennessee	US
S3-735931308	728 Second Boulevard Partners	227 Market Street, Incorporated, Illinois	US
S3-427537019	Guru ਟੈਕ Limited	House No. 68, Yog Vihar, Baltana, Zirakpur, Mohali, PB	India
S3-677143915	Health Center LLC	440 Woodstock Rd, Woodstock, Vermont	US
S3-946505805	હાઇ સર્વિસીસ પ્રાઇવેટ લિમિટેડ	B-103, Aarya-vrund, Nr. Ratnam Bunglows, Ahmedabad, GJ	India
S3-661700266	GLOB TRADERS PVT LTD	2Nd Floor, Gala No. 203 And 204, Parmeshwar Industrial Premises Co-op Soc Ltd, Dumping Road, Chincholi Bunder, Near Lemon Tree Hotel, Mind Space, Malad West, Mumbai, MH	India
S3-357580897	Independent Furnishing		India
S3-515134825	meyer national colombier uptown	708-D Summit St, Marshalltown, Iowa	US
S3-394845854	OF TRADERS PVJ PUNE CITY EXPORTS	Block C-62 Gut No. 5/6, Pune, Pune City, MH	India
S3-506305861	Mumbai Nidhi-C0mpany	Plot No D/53, Mumbai, Mumbai City, MH	India
S3-498553851	Precision Blue Aktiengesellschaft Valley  Inc	Fort Worth, Texas, 704 Glen Hills Rd	US
S3-729309024	Massey and Ferguson Corp	Angletoon, Texas, 523 Creekside Drive	US
S3-956160214	Limited Haveli Farmers	Rhno A1/6, Tranquility, Shewalwadi, Sno 18 (Part), Haveli, Pune, MH	India
S3-344482693	Hedda Chavez Wellness LLC Services	4590 Brookview Drive, Batavia, Ohio	US
S3-807484169	आदित्य प्रॉपर्टीज प्राइवेट लिमिटेड	Chamber 4-5, Bodhi, Daniyalpur Po Shivpur, Varanasi, उत्तर प्रदेश	India
S3-70580220	Digital Digital Logistics Ltd	C/o Rajendr Kumar Babulal Soni Chandra Shekhar Azad, Jhabua, MP	India
S3-45093855	Pavue Cómmodity LLC	1211 Glades Road, Minford, Ohio	US
S3-378492310	बिग प्राइम सर्विसेज लिमिटेड	162 Wadhwa Complexd-288/89 Street No-10 Laxmi Nagar, Delhi, East Delhi, दिल्ली, null	India
S3-368418530	M/s York Aerospace Pvt-Ltd	No 7, Second Floor, Prince Plaza Door No.73, Pantheon Road, Egmore, Chennai, TN	India
S3-72746078	Avril's Strategic Trading [Ltd]	# Unit 305, Minnesota, St Paul, #79 Western Avenue	US
S3-727293104	Chaal Elm	1815 Country Drive, Grayslake, Illinois	US
S3-224141251	Andheri West Holding Center Industries	No. 63 705-A, Highland Park, Lokhandwala Complex, Andheri West, Mumbai, महाराष्ट्र	India
S3-863766746	Fabian Sunshine	1305 Pulse Rd, Middleton, Tennessee	US
S3-24379727	Cinderella's Tax	E253 Kennedy Rd, Town Of Spring Green, Wisconsin	US
S3-44742070	Iakhans.Com	0108 Lakeside Drive, Unit D, Smyrna, Tennessee	US
S3-613282731	Metropolitan Innovative Transport Ltd	002446 Nugget St, PO Box 6164, Rio Rancho, New Mexico	US
S3-463675743	Kerrin Larock Bain	550, Cedar City, Utah	US
S3-521836383	Premier-Electronics (Alliance)	892 Key Cemetery Rd, BEEE Spring, Kentucky	US
S3-44492138	राज इंफोटेक प्राइवेट लिमिटेड	House No. 21-122, North West, DL	India
S3-325968725	*** direct arbor	315 3rd, Hartford City, Indiana	US
S3-764446409	Economic Development	4801 Twelfth Ave, Tucson, Arizona	US
S3-425492168	Eaa,n, Blithe O.D., DDS PC	10601 5th St, Cassville, Missouri	US
S3-451203439	Villa, Young & Pena Inc	495, Smiths Station, Alabama	US
S3-5971153	Mumbai Finance Private  Limited	#3, Floor G, 35 C, Kartar Bhavan, Minoo Desai Marg, Strand Cinema, Colaba, Mumbai City, Mumbai, महाराष्ट्र	India
S3-807800561	John & Co	Suryamahal #5Th Fl5 Burjorji Bharucha Marg Fort, MH, Mumbai	India
S3-22980669	Norton, Abigael T., DPM, P.C. LLC	Arizona, Phoenix, 331 Cocopah St	US
S3-411220681	Flow Pvt. Ltd. Services	17/21, Dakshin Puri Extn., South Delhi, New Delhi, दिल्ली	India
S3-9671197	Giron,  Mcgrath and Howard Inc		US
S3-285869559	Turner, Vallejo And Sapodor	1008 Harvard Saint, New York, Rochester	US
S3-920960879	Pediatric Dental Safe Partners, Inc	1475 Central Avenue, Unit UNIT 39, Chino, California	US
S3-365204969	Apex-Western	19633-B Cheyenne Valley Dr, PMB 5313, RUND ROCK, Texas	US
S3-422867412	Viozeta Committee	Texas, Cypress, 16609 Emmaus Lane	US
S3-288892543	Koren Great Heritage Ltd	2 Herman Saint, Asheville, North Carolina	US
S3-869238221	Tównship Washington, Of	Fourth St, NULL, Washington, District of Columbia	US
S3-383552307	orbisnextera.com	5620 Croyden Cir, Floor 0, Wichita, Kansas	US
S3-805910925	Agrawal Saving Limited Partners	Pimpalgaon Wakhari, Gala No.11, Nashik, महाराष्ट्र, Kalwan Deola Road Vishwashindhu Complex, Near Bus Stand, De, Ola	India
S3-800499250	Better Materials	13120 Kearns Dr, Pflugerville, Texas	US
S3-916340527	Maurin'S Center	3924 Genevieve St, San Bernardino, California	US
S3-15724335	Surya  Ensbetipsrrises	Plot No-5, Dhami Brothers, Kapodra, Varachha Road, Surat City, Surat, GJ	India
S3-420004424	Vantagebrix D.B.A. Cornerstone Prime Freight	851 200, Unit 106, Logan City, UT	US
S3-784160669	MUTUAL INDUSTRIES DATA	103 1/2 Aldine Ave, Bridgeport, Connecticut	US
S3-529233701	Quojaxnex DBA: Lucknow Zp Co	H.No.529, Gh/177 Gandhi Nagar, Near Mahatma Budh School Kalyanpur, Lucknow, Uttar Pradesh	India
S3-812447875	Houston Pediatric Dentistry Physicians P.L.L.C.	5311 Mindy Park Court, Houston, Texas	US
S3-233128044	Won and Resy LLC	3041 Carnoustie Road, Memphis, Tennessee	US
S3-654392848	Private Urban Logistics [Limited]	Indra Colony Pipar City, Jodhpur, RJ	India
S3-917689893	Vitale Mobile South	Buffalo, New York, 4544 Hedgewood Drive	US
S3-463242533	Ace ஐடி எல்எல்பி	No.36a, Kumaran Kudil, Rajiv Nagar Thindal, Erode, TN	India
S3-918291278	Delhi Express Ventures Private Limited	House No.686, Khasra No.680, Ground Floor A-block, Baba Colony, Burari, Delhi, Delhi, North Delhi, दिल्ली	India
S3-329770969	Shri Dhanvi Ads  (India) LLP	Door No B3/44-g Kitchlu Nagar, Ludhiana, ਪੰਜਾਬ	India
S3-46782032	Caldance Center | www.caldancec.com	620 Cadena De Montanas, Tucson, Arizona	US
S3-836404749	National Alliance  Inc.	4508 Zuni Rd, Albuquerque, New Mexico	US
S3-56296776	noble industries group overseas private limited	1068/7, Gurugram, Gurgaon, HR	India
S3-747130004	Armstrong's Choice Screuricty Services	645. Norton Ave, Barberton, Ohio	US
S3-117574207	Innovative Industries Materials Inc.	Bonham, Texas, 1752 1450, PO Box 5566	US
S3-330726145	[Ltd] Kartavya Traders	MH, Pune, No 00 29/8, B & S House, Sharad Housing, Near Bharatiya Vidya Bhavan, Off S.b.road, Shi, Vajinagar	India
S3-286779387	Pvt Jasamrit Hospital Ltd	Tec, Sattva Knowledge City, Level 7, Unit 3B, Raidurg Village, Hi-tech City, Shaikpet, Hyderabad, TG	India
S3-612298969	Bricklayer Local Union 334	Elizabeth St, PO Box 7774, Lima, Ohio	US
S3-934920371	Maa  Maketign Private Limited	1-08-450/B-77, Hyderabad, TG	India
S3-60738347	Soil-Constructions Ventures Limited	H.no 26/36-F Sitaram Bldgcrawford Market, Mumbai, MH	India
S3-13112165	National Nutrition Nutrition Solutions	3715 Courtwood Dr, Saint Joseph, Indiana	US
S3-970244751	Urology Partners LP	914 Commercial Court, Onalaska Township, Wisconsin	US
S3-910615697	Naggraj So1utions Company	Noida, Shiva Film City-3 Dhoom, Gautam Buddha Nagar, Manikpur Dadri, UP	India
S3-677216004	Donelson Ihfnitiagive	1718 Cedar Road, Homewood, Illinois	US
S3-382573620	Giles Egh  LLC	3685 3750, Myton, Utah	US
S3-202671776	Superior Éngineering Alliance LLC	06749 Marble Creek Loop, Austin, Texas	US
S3-998967554	Crystal Antrs	No 1-25 Block No. 101, Modi House, Above Modi Soap Industries, Pancheswar T, Ower, Jamnagar, GJ	India
S3-804892146	Salehi Cable Center Central	19- Denmark Avenue, Milton, Massachusetts	US
S3-89375977	Down Consultants Private (Limited)		India
S3-818458799	INTERSTATE SOCIETY	Rickard St, # Apartment G11, Cortland, New York	US
S3-270399888	cancer crystál project	45 Osage Lane, Indian Point, Missouri	US
S3-722872473	Karin Baxter  Precision Evo	#5171 Tealtown Rd, Milford, Ohio	US
S3-735864237	Synquo Co fka 3-Star	437 N Park Avenue, Aurora, IL	US
S3-256568564	south monte	481 St Franics 340 Rd, Forrest City, Arkansas	US
S3-22934413	Golden Biocng Pvt.	Muni Krishna, #8, 1St D Cross, Manuvana, Vijayanagar, Vijayanagar, Bangalore, ಕರ್ನಾಟಕ	India
S3-605171905	Veosol	Rajasthan, E-147-A, Bhilwara, 3Rd Phase, Riico Industrial Area Pur Road	India
S3-292369282	Total American Coastal LLC	833 Lawrence Street, Mishawaka, Indiana	US
S3-975614376	Board Housing Partners	12553 Running Deer Rd, Apple Valley, California	US
S3-523077509	Jai  Associates	No 503 31, Samta Nagar, Hiran Magri, Sect-3, Udaipur, Girwa, RJ	India
S3-82931230	Dr Sunrise Services	Panchkula, House No A-19, हरियाणा, Sector 16 Behind Dispansary	India
S3-526135102	>> SQV Déntal South LLC	151 Snake Hollow Rd, Harriet, Arkansas	US
S3-550072045	Ajay Technologies Infratech LLP	111, Bidhan Nagar Road Block-2, Flat-h, Floor-12, Kolkata, Kolkata, Howrah, WB	India
S3-155124470	Public Kalpataru Project (India) Limited	House No Bw/39-d Top Floor, Landmark Khosla Hospital, Delhi, North West Delhi, DL	India
S3-960570050	प्रीमियर अर्बन फाइनेंस एलएलपी	Tuljapur, Osmanabad, H. No. 1105, MH	India
S3-224521794	വൺ ഇൻഡസ്ട്രീസ് ലിമിറ്റഡ്	69/2214, Kozhikode, KL	India
S3-581385445	Jones, Wynn & Jones LLC		US
S3-344079688	जय प्रोजेक्ट्स प्रा. लि.	9063, 6Th Flr, Tower T-9, Palm Parx Laurate Sec-108, Gautam Buddha Nagar, UP	India
S3-634008559	Inc Nemitz Best Architecture	1127 Holbech Lnae, Channelvieww Township, Texas	US
S3-774938770	Jasper Flag,	1515 Cambridge Ln, Spokane, Washington	US
S3-306279114	The Evita G. Ortega, D.D.S., DDS PC	1665 River Bluffs Dr, Jasper, Tennessee	US
S3-292563335	SREE CLINIC	K22, First Floor, K Block, Kalkaji Near Park, Delhi, South Delhi, दिल्ली	India
S3-848999930	Shyam Consultants Límited	#0073 Banni Complex, Dattagalli 3Rd Stage, Mysore, ಕರ್ನಾಟಕ	India
S3-536089290	Jeevan Seeds (India) Limited	No 2Nd Floor (Flat No.203), Old Door No.167, New Door No.12, Eldams Road, Chennai, TN	India
S3-307178964	Musheerabad Educational Private  Limited	TG, Hyderabad, Musheerabad, H.no. 1-8-732/22/B	India
S3-348532754	Umbrahaloyuma+ d/b/a Tiia Premier Armour LLC	145 Washington Street, Clinton, IN	US
S3-782459446	Mountain Federation	Main St, Elkhart, Indiana	US
S3-789259681	Technologies Cargo Precisi0n Valley	722 1/2 White Spar Rd, Unit 206, Prescott, Arizona	US
S3-875267747	Ziraendri Solons Private Limited	No 74 C/o Ram Naval Singh Yadav, Vill-bahadipur Po-fatehullahpur, P.s- Nandganj, Ghazipur, UP	India
S3-907014550	LLC Apex Wholesale Llsa	43 Jackson Street, Aurora, Illinois	US
S3-552211652	Smt Royal (India) India Pvt Ltd	House No. 464, Panchkula, HR	India
S3-375940041	The Letta Robison Mountain Taxable LLC	##2 Oser Ct, Monroe, New York	US
S3-82102277	Commercial Systems Cargo	1105 Mukwonago Dr, PMB 5838, Village Of Mukwonago, Wisconsin	US
S3-325859319	Pediatric  Dentistry	332 Wetrock Farm Way, <NULL>, Durham, North Carolina	US
S3-564574631	Jo Graham Debt Ltd	2429 Sheridan Avenue, Minneapolis, Minnesota	US
S3-882187063	JAI Seven Solutions PVT LTD		India
S3-678341030	aureleadeandadpm.com	Lawnsberry Dr, Fort Worth, Texas	US
S3-925799056	*** Farmer Sígnature Optics LLC	52nd Place, Tacoma Township, Washington	US
S3-85656322	Fortune  Sun lnfra Pvt Ltd	C/o Pradeep Choudhary Surya Nagar Mod, Alwar, RJ	India
S3-591651454	स्काई कंस्ट्रक्शन प्रा. लि.	C/o Rajni Singh, Khata-73, Khesra-587, Govindpur Gara, Vaishali, BR	India
S3-131368937	D A & L	35 Holt St, Massachusetts, Blmont	US
S3-573601550	Foods  Idol Services Private Ltd	Telhara, महाराष्ट्र, H.no 6820/1 Shiv Krupa, Akola	India
S3-390312507	Watrous Vanguard Planet-LLC	495 Highland Ave, Hermiston, Oregon	US
S3-407235910	Cultural Project Group	California, 3204 Truxel Road, Sacramento, Unit 401	US
S3-950222644	Ariabrixevo	Roystonea, S. No. 139140141(P), Mpt- 26, B. No. M 8Th Floor, Flat No. 802, Magarpatta City, Hadapsar, Pune, Maharashtra	India
S3-7870406	Internal Medicine Physician Lakeside LLC	New York, Brooklyn, 19. Keen Court	US
S3-729052261	Mullin Total Lending Co	3917 Bull Creek Road, Buchanan County, Virginia	US
S3-792306904	Ltd Relier Rn	No.6d. Sahajeevan Apartment, Bangalore, Bangalore North, ಕರ್ನಾಟಕ	India
S3-931762116	Bourne  and Walker Bread LLC	330-332 Emanuel Cleaver Ii Boulevard, Kansas City, Missouri	US
S3-29242407	Fortuna (India) Lenanfogn Pvt. Ltd.	TG, null, H.no.8-3-678/42/19, First Floor Navodaya Colony, Yellareddy Guda, Hyderabad	India
S3-125775816	Internal Medicine Care-LLC	109 Crimson Hop Dr, NULL, Nashville, Tennessee	US
S3-434077396	Thacker Inc Center	Indiana, Spencer, 6320 43	US
S3-264432258	Star Direct Industrial Corp	30-D Wayne Memorial Dr, Dartmouth, Massachusetts	US
S3-818725974	Janaye Michaels	130 Shady Ln, Danvlle Township, Virginia	US
S3-439541688	Bilbo Lending	Oregon, 752 Aeronca St, Independence	US
S3-175740750	Dental Group Corp	9172 25, Flat Rock, Indiana	US
S3-146518291	All It  Private Limited		India
S3-35920287	Lower  Veterinary Clinic	2917 Vesper Rd, Richmond, Virginia	US
S3-108435726	Jordan  and Torres LLC	17017 Twelfth Street, Phoenix, Arizona	US
S3-366559551	NIZ  Templeton LLC	06 Crisman St, Chattnaooga CITY, Tennessee	US
S3-982728417	Hanger Software	14-16 Brockton St, Boston, Massachusetts	US
S3-778044411	Ema Associates Private Ltd	#B3/11/79 Maddikera, Kurnool, ఆంధ్రప్రదేశ్	India
S3-984360386	Selma  Community Center LLC	907 Elizabeth St, PO Box 4916, Selma, North Carolina	US
S3-554531637	Zetakelo dba Gerladina Mann, Ph.D.	489 Hayes Lane, Yellville, AR	US
S3-406840686	Jain Hospitality Pnrtntte Limited	00305/D, K.p.road, Parvathipuram, Nagercoil, Kanyakumari District, Kanyakumari, TN	India
S3-604004983	Kym Ssso Securities Inc	6821 Robin Willow Court, Dallas, Texas	US
S3-122001885	Ectoavi a/k/a Infra Asl Jay Private Limited	No.110, Manjusha Estate, Chikkamandur, Chikkamandur Post, Ponnampet, Coorg, Kodagu, Karnataka	India
S3-183013984	East Logistics Private	Plot No-1151/1733 Opp.chakadola Petrol Pump, Tikira, Ghatagaon, Orissa	India
S3-936487189	Limited Kaveravi Private Center	G-28 Masjid Moth, New Delhi, Greater Kailash Ii, दिल्ली	India
S3-861777351	Highland Summit Cloud	2138 Everett Ave, Wichita, Kansas	US
S3-254420323	VARSHA MULTIMEDIA PRIVATE LIMITED	Kh. No-1073 Vikash Nagar, Saddiq Nagar Mrt, Ghaziabad, उत्तर प्रदेश	India
S3-122295890	times infra pvt ltd	100, Mumbai, MH	India
S3-905382755	private classic management limited	Block F-161 B-102, Kumar Pinakin, Mohan Nagar Baner, Pune, महाराष्ट्र	India
S3-333468696	Caverin Food Private  Limited	S-001/9, Eldeco Aamantran, Sector -119, Noida, UP	India
S3-96728242	Roach Creative Silverbox Inc.	260 Raintree Valley Rd, Pangbburn, Arkansas	US
S3-499925457	aditan products private limited	No 105 Plot No 1 Kh.no. 3/19 Ground Floor Blk-d Deep Vihar Pansali, Delhi, West Delhi, DL	India
S3-331950719	Solgild Sys DBA: Pava	102 Navajo Lane, Kansas City, MO	US
S3-367743782	M/s Cutetraders.Com	Talwara Road G T Roadsirhind Side Mahdi Gobindgarh, Fatehgarh Sahib, Patiala, ਪੰਜਾਬ	India
S3-646871262	विजन हाईटेक इंटरनेशनल प्राइवेट लिमिटेड	DL, N/A, Delhi, D-353, East Delhi	India
S3-403884223	Fiore, Ford and-Baxter Saratoga, Ltd	27449 Foxwood Dr, Waller, Texas	US
S3-579968253	Co Quality Oyj	9524 Bailie Ct, Waverly, Nebraska	US
S3-487720952	Golden Media Límited	0054/1285-B, Ernakulam, Keralam	India
S3-752850099	Cascade Systems Lakeside LLC	17235c Lindgren Ave, SUN Citty, Arizona	US
S3-693590949	Vision Physicians	Mosaic Boulevard, Unit 135, Pittsboro, North Carolina	US
S3-644993504	Essa C. Rosengren, MD lnc	655 Douglas Cemetery Street, Highfill, Arkansas	US
S3-947260130	Adkins, Toth And Loudermhlok, Inc	387. Cape Jellison Road, Stockton Springs, Maine	US
S3-338198978	gwynnfurniture.com	199 First St, Burkeville Town, Virginia	US
S3-241563243	Martin Robinhood Lakeside	Sulphur, Oklahoma, 2746 Shalmar Road	US
S3-511878997	Goregaon  East Welfare	Door No 19 20, Bharat Industrial Estate, Ram Mandir Road, Goregaon East, Mumbai, MH	India
S3-881841882	The Garcia's United Networks		US
S3-662609588	Shim, Niebto And Garcia	1511 140th Ave E, Tulsa, Oklahoma	US
S3-246346006	Partington  Brand	671 South Landing Rd, Middlesex County, Virginia	US
S3-910511805	Phantom  Inspection Private Limited	C Sr No 38 1 H.no 102 Kanchanjunga Sivanand Gardens Nxt Mantri Pakr Kothrud, MH, Ue, Pune	India
S3-99743552	Soldova	Texas, Nacogdoches, 654 7	US
S3-787564260	Arihant Shree Products Private	No C-934 2-2-18/41/1/Bc, F.no. 504, Srimankrishna Sri Residen, Hyderabad, Andhra Pradesh	India
S3-107458574	Group Dmb Ventures	15Nd Floor, Udaipur, राजस्थान	India
S3-910867367	Quantova Online	34 Edgemere St, Brockton, Massachusetts	US
S3-380200210	ఏస్ లక్ష్మి కేర్ ప్రైవేట్ లిమిటెడ్	Door No-1-65/1, Krishna, AP	India
S3-796158686	Quoorbiwex a/k/a Ventures Osiris Enterprises Pvt. Ltd.	A 38 Second Floor Vijay Vihar Phase 2 Rohini Sector 4, Delhi, North West, Delhi	India
S3-330828560	Ennis Family Practice Holdings	Iowa, 208 Thid Street, State Center	US
S3-30284380	Shri North Private Constructions Limited	Shop No-4. Madhuvan Heights, MH, Opp Evershine City Gate, Thane, Vasai	India
S3-57753118	atlanticinterests.com	1405 19rd Ave, Pine Bluff, Arkansas	US
S3-234072013	Global Bnb LLC	2038 Ohara Ave, Sneads, Florida	US
S3-200850990	Shriram Tech (India) Public Limited	পশ্চিমবঙ্গ, Kolkata, Calcutta, Door No 528A Kamalalaya Centre156a Lenin Sarani	India
S3-266052338	Services Lumyks LLC	14-D Elm Street, # Unit A, Brooktondale, New York	US
S3-87433777	Murphy Flex Valley Inc	8217 Shinkansen Dr, PMB 422, Charlotte, North Carolina	US
S3-207353700	Golden Constructions Private Ltd	E 34 Sector 30, Noida, Gautam Buddha Nagar, UP	India
S3-853700848	Vh Builders Pvt. (Ltd.)	#B3/90/133, Coral Merchant Street George Town, Parrys, Chennai, TN	India
S3-925084644	Zephex Cion Inc	185 Sanctuary Road, Huntsville Township, Texas	US
S3-225424437	Patna  8everages Limited Center	H/o Rahul Ranjan, Patna, BR	India
S3-37368290	PRIVATE KAILASH ADVERTISING LIMITED	Room No. 726, 7Th Floor, Mega Mall 63/2C, The Mall, Nayaganj, Kanpur Nagar, UP	India
S3-903246855	dodies.com	2597 Yaqui Road, Golden Valley, Arizona	US
S3-584314872	LLC Andros and Pldbbatt Summit	4615 Raven Saint, Rockord, Illinois	US
S3-556741843	Fluxhalo DBA: Turgeon Roofing	7516 Rockwood Drive, Hereford, AZ	US
S3-150386342	Primal Charitable Tist		India
S3-72184332	Johnson-Federal	11444 Fieldstone Dr, Rogers, Minnesota	US
S3-463674767	એસએસ સિસ્ટમ્સ પ્રા. લિ.	Office 2, 2Nd Floor, H.no.1/573, Gajanand Chambers Por Mohallo, Opp. S.b.i., Nanpura, Timal, Iyawad, Surat, GJ	India
S3-866051660	Anish Private  Group Brothers Limited	0114, TN, Trichy, Rahmaniapuram, Thillai Nagar, Tiruchirappalli	India
S3-6046357	Aligarh Foodstuff Private Limited	H.no 55 S/o Mohammad Nafis Khan, Waheednagar Naglapatwari, Aligarh, UP	India
S3-721951693	Travel Iordia Limited	Office No. 103, 93 East Cts No. 90A, 90B, 889, Mete A-3 (Pt) Of Village Mulgaon, Andheri East, Mumbai, MH	India
S3-623628094	Va1ley-Endocrinology	838 38, <NULL>, Lafayette, Indiana	US
S3-701962520	Lumiell Consultants	4928 Stoney Way Ln, Bacliff, Texas	US
S3-793473834	Panvel Lakshmi	#202, Siddhivinayak Apartment Plot No 48/50, Sector 22, Kamothe, Panvel, Raigarh, MH	India
S3-873728500	Best Engineering Private	203/204/205, 2Nd Floor, Bal Ganesh Tower, Near Ganesh Tower, B-cabin, Thane West, Thane, MH	India
S3-17896888	यूनाइटेड स्टार बिल्डर्स प्रा. लि.	2820/210, Delhi, Vishram Nagar Tri Nagar, DL	India
S3-684353157	Msi Corp Services	H.no 800, Tirumalagiri, Hyderabad, తెలంగాణ	India
S3-382776923	SOUTHERN ANCHOR TAX LAKESIDE LLC	3114 Kimball Avenue, Kansas City, Kansas	US
S3-922076471	Fresh Cloud Products ínc.	501 1/2 Forest Ave, Glen Ellyn, Illinois	US
S3-631582354	Select Marketing Group LLC	20334 Jillian Way, Maricopa, Arizona	US
S3-496107244	విజన్ టెక్నాలజీ ప్రైవేట్ లిమిటెడ్	1-98/90/2/D/9, Hyderabad, TG	India
S3-861452176	SREE MARKETING PRIVATE LIMITED	'Kalyan Complex' Commercialstreet, Bengaluru Rural, Bangalore, KA	India
S3-585663548	Metropolitan Dynamic Drticaa Group	0022 Appleton Road, null, Rexford, New York	US
S3-532630244	High Investment Private	A-01005, The Arcadia, Tenth Floor South City-ii, Gurgaon, HR	India
S3-135081348	Cornerstone Telecom Advisors	2330A Holley Street, Tyler, Texas	US
S3-525457790	Deltapyra D.B.A. Great Custom Acquisition	205 Swimming Hole Road, Delco, NC	US
S3-32063550	Trading Kcnanl Construction Ventures	Door No.44/4022 C1 2Nd Floor Adnan S Plaza, Janatha Stadium Cross Road Behind Jnl Stadium, Ernakulam, KL	India
S3-343094074	Bureau Of Envrgnmenccl Protection Protection	4600 1/2 Greenwich Dr, Grand Prairie, Texas	US
S3-913188694	Drayaoro Inc Center	480 Longleaf Drive, West End, North Carolina	US
S3-101815394	Womens Heagah Center LLC	Maple Avenue, Birmingham, Alabama	US
S3-410325875	Mantell Aspen (Llc)	15011 Madison Pike, Morning View Ky, Kentucky	US
S3-88866764	Metropolitan Auto Sales L.L.C.	12990-12992 Us 127, Pleasant Twp, Ohio	US
S3-731364227	பாலாஜி நார்த் எக்ஸ்போர்ட்ஸ் பிரைவேட் லிமிடெட்	No:4-5, A. V. T. Padasalai Street, Sivakasi, Virudhunagar, TN	India
S3-332150365	Paschal and Dowling Partners	2298 Verona Mount Zion Road, DYR Ridge CITY, Kentucky	US
S3-98004308	Bay Guild East P.C.	#12347 93, Lolo, Montana	US
S3-450947867	Shree Infraprojects Private	Building No. A1, Ground Floor, C-39, Ttc Industrial Area, Pawane, Rabale, MH, Thane, Unit No. 57	India
S3-5659431	Luis Platinum Apex Coastal	Mmephis CITY, Tennessee, 6343 Bending River Rd	US
S3-756788181	saflois.com #95511	1 Berad Court, Westport, Massachusetts	US
S3-922015393	JNT INDUSTRIES BROTHERS CENTER &	A/11. Hind Saurashtra Ind Estmarol Naka Andheri Kurla Road, Mumbai, MH	India
S3-348128437	Blankenship And Spaulding	4603 Arbor Hollow Dr, Manvel, Texas	US
S3-875557427	Lotus Insesircthment Limited	Door No 555 E-1, 502, Oval Nest Near Sr. No. 77 Near Aditya Garden City, Warje, Pune, महाराष्ट्र	India
S3-176559499	fortune construction construction pvt. ltd.	C/o Ravindra Kr House No. 6, Ward No. 3, Duddhi, Sonbhadra, UP	India
S3-208161880	Tijarat Clinic Corp	155/156, 3Rd Floor, Legecy Building Neeladri Road, Electronic City, Phase-1, Banagalore, Bangalore, KA	India
S3-111875515	Foot & Ankle Group Ventures		US
S3-104665947	Metropolitan Minitnrise	Canton, North Carolina, Greenberry Saint	US
S3-39254427	Romero Abler Choice Futurecrest	12011 High Creek Rd, Unit #E, Happy Valley, Oregon	US
S3-769518973	रेड इंफ्रास्ट्रक्चर प्रा. लि.	B-wing-3 Fl-1211 Kumar Pebb, Le Park Sn.55 Handewadi Rd, Pune City, Hadapsar, MH	India
S3-117672724	Jaxdrex	Kotinada Collage Square, Aska, Ganjam, Orissa	India
S3-892596412	Patna Retail Private Limited	#28 C/o-ajit Kumar Singh, Patna, BR	India
S3-904790825	Caus Precision Communications Inc	7450 Joseph Creek Lane, Greensboro, North Carolina	US
S3-136117587	Industrial Staffing Téchnologies L.L.C.	408 4th Ave, Lyman, Nebraska	US
S3-979212600	Vadali  Solutions Private Limited	GJ, State Highway, Opp-sarneshwar Mahadev Temple, Shop No. #1/1349, Vadali, Sabarkantha	India
S3-911607790	HHZ Cóinshares LLC	4423 Murphy Road, Fayetteville, North Carolina	US
S3-114269949	Oswego Behavioral Health Prairie-Group Summit	98 Cemetery Rd, Oswego, New York	US
S3-675699327	Rdp Control	#209B Jaigopal Encalve Opp Holimission School Danapur, Patna, बिहार	India
S3-976538252	aprrituals.com	H No 1-1-20-23/302, Swathi Sikhara Apts Huda Complex, Saroornagar, Kothapet, తెలంగాణ, Rangareddy, Hyderabad	India
S3-964833945	Sarangi Software Private Limited	No 24 A- Block, Shop No 16, Poorvi Marg, Vasant Vihar, New Delhi, DL	India
S3-693644503	Desert League Board	4032 Nomas St, Texas, Dallas	US
S3-583787495	ntsterlingpharmaceuticals.com	##W156n4949 Pilgrim Road, Unit Apartment 231, Menomonee Falls, Wisconsin	US
S3-70460560	Accord Entertainment Private Limited	No 78 C/o Jala Ram Jat, Saran, Bhawan Bhopagarh Rd Ostra, Jodhpur, राजस्थान	India
S3-470464509	lesliekflagg.com	36th Avenue, Norman, Oklahoma	US
S3-976598634	M/s Unique Food  Limited	F 248 Ph 8 B, S.a.s.nagar (Mohali), ਪੰਜਾਬ	India
S3-584839218	Nagpur Way Public Limited	Nagpur, C/o- Smt Indudevi J Mor Lokmat Bhavan 718 Ramdaspeth, Nagpur, MH	India
S3-720443512	Group Beacon Third	1553 Virginia St, Charleston, West Virginia	US
S3-320396686	Mishal Industries Limited Services	19/22, Main Mathura Road, Durga Market Ishwar Nagar, New Friends Colony, New Delhi, South Delhi, DL	India
S3-749130127	Family Senlrmct Care Group	Ashford, 2684 Ashford Nellis Road, West Virginia	US
S3-655413689	Bowser Optimal Resolution	5601 1/2 Hawthorne Way, Raleigh, North Carolina	US
S3-683284466	pacificdental.com	Route 52 Hwy, Fort Gay, West Virginia	US
S3-763229076	Rocky Foundation  Ltd	68 Cadron Ridge Rd, Greenbrier, Arkansas	US
S3-451969606	Peoria Disciplined	Lehman Rd, Peoria, Illinois	US
S3-581776775	Viswanath World Ventures	<NULL>, दिल्ली, Basti Harphool Singh Sadar Thana Road, 5440	India
S3-841219650	Rains Pédiatrics LLC	802 Ivy Hill Cir, Unit A, Cortland, Ohio	US
S3-524973920	Deltariza Labs t/a Cornerstone Freight Technologies LLC	5600 Nob Hill Road, Benton, AR	US
S3-542500289	Union Plumbers Local No [445]	136 Murray St, # Apartment 2, Binghamton, New York	US
S3-107232690	Golden Hypnosis  lnc	9822 223rd Avenue, Redmond, Washington	US
S3-15832892	Sodyne Group Co	20 Orchard Dr, null, North Manchester, Indiana	US
S3-519348371	Rideout Star  Rio Group	150 Country Dr, Weston, Massachusetts	US
S3-662530070	IYZ Auto Private	Door No 374 Dum Dum Park, Dum Dum Park, North 24 Parganas, WB	India
S3-250251568	Future  Management Pvt Ltd	15 Kadamba Market Gama 1 Greater Noida, Delhi, UP	India
S3-34168131	Smart Investment		US
S3-891136531	Super Black Private Limited Center	B-a-10, G/f, Old No-55, Acharya Niketan, Mayur Vihar, Phase-1, New Delhi, East Delhi, DL	India
S3-588532331	M/s pprayas.com	H/o Taps Bhattacharjee, Churamanipur, Bishnupur, Bishnupur, Bankura, WB	India
S3-428617645	Chavez, Lovell &	5519 Prosperity View Drive, Charlotte, North Carolina	US
S3-327865240	Metropolitan	812 11th Avenue, Yakima, WA	US
S3-430664249	Lakshmi Vetenuase LLP	No. 997 C/o Smt Shubhangi Devi, Uko, Lucknow, UP	India
S3-230451479	Frontier (Ministries)	##424 Goin Road, New Tazewell, Tennessee	US
S3-894896670	Ltd Pattern & Sons Overseas	Chennai, TN, 14, L.b. Road Adayar, Chennai	India
S3-459603932	Joscelin Cherry Eddy	Batesville, 1733 Salem Rd, Indiana	US
S3-147957184	Waring & Gibson		US
S3-771533446	CA Total	5787 Rock Chuck Drive, Kamas, Utah	US
S3-455529726	Annnora  Mena Colonial Services	Missouri, Kansas CITY CITY, 4101 Terrace Street	US
S3-519693137	orthopedic associates harbor llc	328 Ansley Street, Nashville, Arkansas	US
S3-980493964	Sanghi Group Sérvices	Aurangabad, MH, C/o Dnyaneshwar Madhavrao Farka Bankinhola	India
S3-267965050	C0zy  Bike Shop Ltd	Texas, Ceddar Park, PMB 4309, 1509 Lunday Dr	US
S3-257554628	Midwest  Precision Security	2051 Riverbirch Drive, SIMI Valley CDP, California	US
S3-845905425	0ne Solutions Private Limited	उत्तर प्रदेश, Hardoi, Uttar Pradesh, C 300Avas Vikas Colony Hardi	India
S3-141874210	sar buildcon private limited	H.no. 99/2, Cooperative Society Ram Puram Shyam Nagar, Kanpur, UP	India
S3-593473182	gee, kidwell and stahlman education inc. inc.	1045 Brushmore Ave, North Canotn, Ohio	US
S3-885206851	Smt Apc Go Limited Center Center	C/o Gouri Devi Vill-afzuganj, Tola-af Zuganjpanch, Abzuganj, Block-, Sultanganj, Bhagalpur, बिहार	India
S3-209147950	First Semiconductor  Worldwide LLC		US
S3-724722939	Baptist Chiropractic LP	5832 Highland Avenue, Kansas City, Missouri	US
S3-273506233	BRIGHT PROPERTIES AGENCIES PRIVATE LIMITED	No 002 C/o Parveen, Sadullapur, Greater Noida, Noida, Gautam Buddha Nagar, UP	India
S3-429918829	ZFR LLP	Pune, S.no. 27, Fl. A-101, Yashoda Aangan, Krantiveer Nagar, Thergaon, MH	India
S3-830250511	Huntley Lumzeta Federation Ltd	Montana, Hunttley, 3661- Louis Dr	US
S3-10579368	Beth Methodist Church Group	110 Mccluer Dr, Benton, Arkansas	US
S3-290187360	Innovative Media Public Limited	Plot No-47, Rsc- 01, Near Bus Depot, Malvani Village, Malad W, Est., Mumbai, Mumbai City, MH	India
S3-705308537	Dental P.C. Associates Ace	Jewell Ct, Winfield, Illinois	US
S3-388813495	Trading Aerospace-Ltd	G-00105 Mega Centre, Magarpatta, Hadaspar, Pune, महाराष्ट्र	India
S3-844412020	orion.com	11 Rapple Drive, Albany, New York	US
S3-512630649	Dr sahyadri services private limited	Door No 415 House No 10 Floor 3Rd, Block-b-3 Model Town, North West Delhi, DL	India
S3-887447249	Leonie'S (Financial)		US
S3-287848745	Energy Raj Exports Pvt Limited	Plot 410 305, Kanchan House, Karampura Commercial Complex, New Delhi, DL	India
S3-872493642	Metropolitan Media Concepts L.L.C.	Bismarck, North Dakota, 357-D Continental Ave	US
S3-341901960	Connery's Anchor Advertising LLC	236 Roosevelt Ave, City Of Beloit, Wisconsin	US
S3-273985551	The Aureus Insight LLC	1738 Oak Park Avenue, Elmwood Park, Illinois	US
S3-60343127	Gold Consulting Steel Private	Door No 82 Akash Rh14, Kala Ngr Pokar, Colony, Dindori Rd Pnvt, Nashik, MH	India
S3-446915559	Hagerst0wn Human Rights Creative Program [Co]	20425 Beaver Creek Road, Hagerstown, Maryland	US
S3-756051972	Elora  Tmsut		India
S3-991012789	Dynamic Education	502. Aydelotte Avenue, PO Box 9205, Shawnee Ciity, Oklahoma	US
S3-517851923	ZQ Pvt Ltd Center	B-026, Udhyog Kendra Ext.1, Greater Noida, Echotech-3, Noida, Gautam Buddha Nagar, उत्तर प्रदेश	India
S3-11518162	Ace Agro	1 Dinkar 486-Abhagoji Keer Rd Mahim (W), Mumbai, Bombay, MH	India
S3-106861382	one estate private limited	H No 18-2/B First Floor Panama Complex Main Road Nakrekal, Nakrekal, Nalgonda, TG	India
S3-625534681	Cotech Adnvanced Inflection Inc	5517- Four Winds Dr, Arlington, Texas	US
S3-226633290	Burke  Pineapple	Olson Memorial Hwy, Minneapolis, Minnesota	US
S3-702026512	Green Désign	Sr. No. 230/B, Hissa No.2, Plot No.41, Sanjay Park, Lohagaon, Pune, MH	India
S3-295970690	Dr Pca & Brothers Ltd	H.no 526 6/28, Gajananaa Towers, Iith Main, Jayanagar, Vi Block, Bangalore, Bangalore Urban, Bangalore, KA	India
S3-389671236	Limited Smart Infradevelopers	Kozhikode, H.no 28/332 Surya, Keralam, Kozhikode	India
S3-674187593	Uniflex Services Limited	Ahmedabad, GJ, Sf, Parvati Nagar, Opp Dhananjay Tower, Nr. Kothari Automobiles, Vejalpur, 14, Ahmedabad	India
S3-999953366	Pioneer White White Logistics Private Ltd	Plot No R-614, Ttc, Midc, Industrial Area, Rabale, Navi Mumbai, Navi Mumbai, New Bombay, MH	India
S3-46489921	rhodahuangtransalta.com	Cleburne, Texas, Robinson Street	US
S3-47168347	പ്രൈം അഗ്രോ പ്രൈവറ്റ് ലിമിറ്റഡ്	Spi/503, Thandamparambil, Adjecent To Kims Hostel, Kariyavattom, Thiruvananthapuram, Trivandrum, KL	India
S3-32850367	Atlantic Dynamics Research  Corp	2423 Lavin Court, Troy, New York	US
S3-690089108	mehlingmcleanbrown.com	3040 Westchester Avenue, Harrison, New York	US
S3-925354101	Cr0ckett Canadian	5911 62nd St, Vancouver, Washington	US
S3-585536168	Sasser Proshares Proshares	895 Mutton Lane, Clinton, Maine	US
S3-534349077	Street Mricl Center Group	Massachusetts, New Bedford, 930 County St, # 2	US
S3-192272920	Guru कंस्ट्रक्शन Limited	Office No 10 3Rd Flooragarkar Bhavan L B Shastri Road, Pune, MH	India
S3-474913939	Trading Mrr Line Ltd	D.no.g-1-4-503, Musheerabad, Hyderabad, TG	India
S3-846489696	Unico (India) Software Pvt Ltd	Brij Kiran, Bihari Marg, RJ, D-00244, Jaipur, Bani Park	India
S3-842962877	Golden Auto Body Inc Sérvice	Crestview Dr, Metamora, Illinois	US
S3-259531581	ஈஸ்டர்ன் ஐடி பிரைவேட் லிமிடெட்	##32, Chennai, தமிழ்நாடு	India
S3-669681416	alloy technologies ((india))		India
S3-989836338	Stockwell, Taylor Sanchez, & Inc	237 Carl Sandburg Cir, Foothill Farms, California	US
S3-613433435	Anvi Sportswear Private (Limited)	C/o Sri Sukdeb Singharoy, North 24 Parganas, WB	India
S3-735436024	Saarthi Designer-Pvt	1 St Floor Jaina Complex 3 A Veer Savarkar Block, East Delhi, Shakarpur, DL	India
S3-464329013	Preferred Ánalytics L.L.C. | www.preferred.com	84 Crownview Ter, Hamburg, New York	US
S3-845169951	Apex Rmieg Edison LLC	3274 B R Wright Rd, Robertsdale, Alabama	US
S3-467335927	Trusted Nippon [LLC]	135 Tilden Ave, # B, Chhesapeake, Virginia	US
S3-201332073	Mendez, Beck & Tabor Incorporated	1211 Parvin Road, Kansas City, Missouri	US
S3-590794202	Clear Wéllness Corp Service	404C Roselawn Ave, Waren CITY, Ohio	US
S3-837567153	longshoremenunionlocal.com	7622 Watercrest Ct, N/A, Deerfield Twp, Ohio	US
S3-234336897	Royal Wheeler Inc	108. Crosstimber Court, Hurst, Texas	US
S3-171416674	Threewelfaresocietycom	Hyderabad, Andhra Pradesh, Flt No.##301, Tirumalagiri	India
S3-360439646	Golden Diner	525 Vine Street, Ohio, Piqua	US
S3-265205386	arleyne's cascade digital, inc	14868. Eagle Street, Douglas County, Nebraska	US
S3-756487213	KA Developersprivate Limited	F No-603 Block-a Clifton, Park, 132/4 Kabit Khedi, Indore, मध्य प्रदेश	India
S3-128376070	Aditya Bright Agro-Pvt Ltd	No 1-6, 2Nd Floor, Sambhaji Heights, Ambika Chowk, Pangri Road, Beed, Beed, MH	India
S3-140381033	Shakti Technologies Hotel Private (Limited)	#9021, Ghaziabad, <NULL>, UP	India
S3-49180273	Indian Investment Private Ltd	Calcutta, WB, Kolkata, 5 Mangoe Lane	India
S3-904160138	The Drake Blackrock LLC	Cr 6, Coshocton, Ohio	US
S3-672460004	Lea-Global Corp	8121 Northbridge Dr, Sprinng, Texas	US
S3-391122073	Gauri Multioiution-Limited	70 Bhimashankar Colony 02, Adarsh Ngr Pimpri Chinchw, Maval, Pune, MH	India
S3-668363008	अर्बन स्मार्ट एस्टेट प्राइवेट लिमिटेड	H.no 94 C/orajendra Ramesh Rathod, <NULL>, Jalna, MH	India
S3-455358964	Dovafluxwex	80082 Sears Rd, Cottage Groev, Oregon	US
S3-489412248	Novuc Pan Inc	<NULL>, Texas, 3646 Bayshore Dr, Bacliff	US
S3-427261025	M/s DEVIKA HARVEST VENTURES	Khordha, #1888, ଓଡ଼ିଶା	India
S3-844125644	cornfootankle.com	308 Dewey St, Corn, Oklahoma	US
S3-711608606	Jenkins Crystal	Eastgate Street, Stillwater, Oklahoma	US
S3-971413668	BEN  Constructors Private Ltd	No 245/1 C, Allahabad, UP	India
S3-85874469	coromandal orissa private limited	MP, Huzur, B -59 Fist Floor, Bhopal, Kasturba Nagar Bhopal	India
S3-756926607	Rr (India) Marketing	Building No 472/Akrishna Kripa Pampady Westthiruvilwamala, Malappuram, Thrissur, KL	India
S3-388880154	Custom Mobility	2901. Locust Street, N/A, Butte-Silver Bow, Montana	US
S3-346710254	Pradhan Ispat Ventures (ID: 87514)	Keralam, Kozhikode, Ward No.59, Thoppil House, Idiyangara, Kozhikode, Door No.8947/a	India
S3-727817803	Center Allen, Hurst Braden LLC	# Apartment C, New York, Glen Cove, 6 Rusell Pl	US
S3-957490045	ક્લાસિક પ્રોજેક્ટ્સ ટ્રેડર્સ પ્રાઇવેટ લિમિટેડ	H.no 6, Ahmedabad, GJ	India
S3-316328473	Patriot Ibtegrneatd Sachs Inc	Sassafrass St, Antis Township, Pennsylvania	US
S3-914344828	Falcon, Group	2771 Brewster Ln, Lafayette, Indiana	US
S3-402674309	Grindstaff, Sydelle Digital	375 Chapel Hill Ct, Columbus, Ohio	US
S3-467196063	Liberty  Hydro	132 Atlanta Ave, PO Box 2541, Atl, Georgia	US
S3-282325177	Montour  Youth	207 Main Street, Montour, Iowa	US
S3-596324651	Pyralyrairi	Unit 401, 4Th Floor, Mahalakshmi Mansion, H.No. 7~1~309/81, Bk Guda Park, Sr Nagar, Road, Hyderabad, Telangana	India
S3-491085147	Private Pune Tech Limited	Shop. 23, Madhurang Heights, Sn-43/44 Mohammadwadi Kond, Pune, MH	India
S3-99571354	ക്രിയേറ്റീവ് യുണീക്ക് കൺസ്ട്രക്ഷൻസ് ഹാർഡ്‌വെയർ പ്രൈവറ്റ് ലിമിറ്റഡ്	No 176, Ayswarya, S N Nagar, Market Road, Nedumangad, Trivandrum, Keralam	India
S3-224011188	Tarang Polytechnic Private	C\o Ashutosh Sahu, Lalbazar Baripada, Mayurbhanj, Ssm, OD	India
S3-615744299	OD Limited (Services)		India
S3-410699302	Innovative Works Inc.	128 Muddy Fork Road, Jonesborough, Tennessee	US
S3-883331132	Limited Pyramid Private Center	Thiruvananthapuram, KL, Building No.-279/g, Pulimoottil Building, K K Konam Po, Chirayinkeezhu, Thiruvananthapuram	India
S3-860474339	Evoxyloquo	406- Calloway Ct, Ashton, Maryland	US
S3-778795342	SKY FOODS PRIVATE LIMITED	Sf 216, Vadodara, GJ	India
S3-222054504	Million Bright Networks Holdings	410 Southside Blvd, Independence, Missouri	US
S3-320450880	Jimenez, Taylor and Harper LLC Center	206 Northcastle Cir, <NULL>, Conroe, Texas	US
S3-62736429	Cirazetafaye DBA Euclid Wildlife Federation	23555 Rockwell Drive, Euclid, OH	US
S3-597302451	michaelolearysheely.com	7079 Tenby Court, Por Orchard, Washington	US
S3-454427369	Upper  College Ltd	5 Hidden Mebdow Ln, Putnam Valley, New York	US
S3-281219559	Mr ram consulting pvt ltd		India
S3-279570841	Routhier Calvo and Sheng (LLC)	820 Londonberry Road, Nasshville CITY, Tennessee	US
S3-555535643	Vin Exports Enterprises Limited	No 24 Amg Towers, Chennai, TN	India
S3-439477469	Desert Foundation Inc.	510 Colbert Rd, Colbert CITY, Washington	US
S3-546793164	P/W Home Care Improvements	15601 89rd St, Vancouver, Washington	US
S3-620024001	Elspeth'S All Sevrcms Security	6 Crestridge Drive, Huntington, West Virginia	US
S3-810986083	Metal & Brothers Private Ltd	Unit # 202, Jubilee Hills, తెలంగాణ	India
S3-892316294	Vishwa Infratech Private	#02305 Solitair, Thane, MH	India
S3-346815664	Gulf Bsp Bsp	3907-C East 752nd Rd, Mendota, Illinois	US
S3-895350625	Modern Tirupati Food Limited (Services)	New Delhi, U.s Complex, 120, Main Mathura Road, Jasola, South Delhi, दिल्ली, H.no 440 114	India
S3-865973278	PSN	Oklahoma, 329 Dayton Avenue, Shidler	US
S3-889055353	Pino Pino Nvmueen LLC		US
S3-118833946	Center Woods and Kinsey LLC	Station Court, Floor Ground Floor, Waterloo, Illinois	US
S3-842069864	Smt Solar Trading Private	Vedanta #75, Hiwari Nagar, Opp Jai Jalram Hall, Nagpur, MH	India
S3-722796189	Zetanex F/K/A Heera Vidyalaya	Ins-002, Chi-05, Greater Noida, Gautam Budh Nagar, Gautam Budh Nagar, Gautam Budh Nagar, Gautam Buddha Nagar, Uttar Pradesh	India
S3-83928910	Jade Center	Neel Kanth Chamber- I First Floor Saini Enclave, New Delhi, East Delhi, DL	India
S3-821095068	materialscleangraber.com	1855 80, Windsor, Kentucky	US
S3-253592008	#metropolitantwo	12372 Lke St, Northern Communities, Alaska	US
S3-274243256	sterlingtransit.com | www.sterlingtr.com	20922 83, Lincolnshire, Illinois	US
S3-401086194	Interstate Research [Enterprises]	001814 Bear Run, NULL, Cairo Township, West Virginia	US
S3-137792318	Vision Care Southside LLC	14830 Pricetown Rd, Salem, Ohio	US
S3-513240697	waitediamondsciences.com	5 Westbrook Corporate Center, PMB 7950, Westchester, Illinois	US
S3-525603678	Vantagedovaveo doing business as Frontier Program	326 Berry Street, Brooklyn, NY	US
S3-776058141	Enterprises Hilton	Arazi No. 24/2, Varanasi, उत्तर प्रदेश	India
S3-283163701	Collins Pacific Inc Partners	309C Second St, City Of Stevens Point, Wisconsin	US
S3-747964243	Diversified  Cloud Solutions Eastgate LLC	35022 92nd Place, Fl 1, Scottsdale, Arizona	US
S3-471108643	Aviveraumbra	0113 Dumbarton Rd, # Apartment TA, Govans, Maryland	US
S3-518495249	Malanpur Logistics (India) Pvt  Limited	Hn 127 8/D, Laxmi Industrail Estate, New Link Road Andheri West, Mumbai, MH	India
S3-317003224	Mohan (Ni) Financial LLP	H.no 6-3-1219/6/1 Flat No. 101, Secunderabad, Hyderabad, తెలంగాణ	India
S3-573334734	Shiv-Care Private Limited	New Delhi, A-1/32, West Delhi, DL	India
S3-152889704	Chiropractic Inc  Center	008031 York Rd, Unit Apartment A2, Towson, Maryland	US
S3-806747773	[Trust] Memorial Pavitra	House No 101, 1St Floor, Parijat Complex Dak Bunglow Crossing, Frazer Road, Patna, Satellite, BR	India
S3-266109612	Super Management Stores Private	No 18 Grfr, Bally Jagachha, Howrah, পশ্চিমবঙ্গ	India
S3-995931847	Legacymadison.Com	3622 Yanceyville St, PO Box 6411, Greensboor, North Carolina	US
S3-735343237	Shivaji Nagar Farmer-Pvt. Ltd.	Plot No. 00735, Gurgaon, HR	India
S3-691020074	Yellow College Pvt	DL, Central Delhi, 206Hans Bhawan Bahadur Shah Zafar Marg, New Delhi	India
S3-996577631	Nguyen Summit Purecyde PLLC	Virginia, 30 Harborton Ln, Stafford County	US
S3-242050534	Kohinoor Ltd Service	0371 Feltham House Gr Floor 10Graham Road Ballard Estate, Bombay, Mumbai, MH	India
S3-94283838	Chasse Newby North LLC Service	Austin, 1815 Los Olivios Way, Texas	US
S3-223313731	Family Physicians	7853 Union Ave, Unit Apartment 2108, Tulsa, Oklahoma	US
S3-356170370	Akron Regional Atlantic Church Partners LP	Unit 501, Ohio, Akron, 2344 Market St	US
