source1_entity_id	matched_entity_ids
S1-380809616	S2-180095145,S3-784646765,S3-517844568,S3-21179255
S1-222156	S2-502510517,S2-13956465,S3-812977358,S3-544881401,S3-674277034
S1-360361893	S2-234335906,S2-712338754,S3-227593262,S3-873779026
S1-747123242	
S1-763437937	S2-530881195,S3-10232253,S3-637737619,S3-638351876,S3-563297252
S1-53277453	S2-664848613,S3-327866204
S1-719075124	S2-348257693,S2-114882213
S1-248753522	S2-181332055,S2-780303954,S2-134766196,S3-650390480
S1-554088641	S2-78586487
S1-277757991	S2-707112701,S3-923729928
S1-767980500	S2-791125917,S2-248400337,S2-602945028,S3-401315006,S3-944086362,S3-542846188
S1-594103250	
S1-856504302	S2-934000682
S1-252999455	S2-740457004,S3-291200641
S1-432979447	S2-690395847,S2-325535737,S2-672413592,S3-851185011
S1-622257785	S3-876907296
S1-419711865	S2-767558423,S3-94711690,S3-303573515,S3-179112504
S1-845409377	S2-368357131
S1-212995512	S2-97431341,S3-656611296,S3-21794144
S1-276911392	S2-756886108,S2-494210392,S3-680607034,S3-776444842
S1-298137402	
S1-923776897	
S1-575426864	S3-315892191
S1-72999016	S3-963974134,S3-511813832
S1-967920587	S2-838251648,S2-186997205,S2-547210184,S3-165288729
S1-912511504	S2-32672681,S2-696228164,S2-638485331,S2-573070307,S2-845121919,S3-872618843,S3-983223031,S3-984874361,S3-372653922
S1-952404167	S2-473091065,S2-916712669,S3-319272197
S1-406704507	S2-101069885,S2-478034189,S3-251001347
S1-575480130	
S1-735557552	S2-419906574,S3-836664915,S3-263737710
S1-557031944	S2-818183664,S3-342893176,S3-549654538
S1-633419543	S2-53154387,S2-282109599,S3-677967420,S3-950034938
S1-250982466	S3-996943602
S1-25778773	S2-845542931,S2-141224616,S3-616809101,S3-929723856,S3-378797158
S1-191995380	
S1-116183575	S2-926866866
S1-567517779	S2-862278140,S3-181269254,S3-79241177,S3-990365403
S1-491026953	
S1-637013966	
S1-241039593	S2-933658145,S3-759843476,S3-609819277,S3-671661636,S3-779182137
S1-472874511	
S1-827948922	
S1-927506068	
S1-865802235	S3-526644439
S1-379631639	S2-335998596,S3-312958502,S3-98578010
S1-231363852	S2-531986101,S2-174715989,S3-996954292,S3-568951831,S3-267096139
S1-975302036	S3-688023906,S3-999392438
S1-210863997	
S1-943988465	S2-289266029,S2-402043699,S3-969773571
S1-71347088	S2-643618497,S2-786719893,S3-721350312
S1-76900998	S2-326031282,S3-311450963,S3-726651784,S3-831693856
S1-795126566	S2-411728598,S3-653637668,S3-606748709
S1-934093038	
S1-818575045	S2-614945810,S2-891217790,S3-571562361,S3-565746789
S1-838887616	
S1-876500990	S2-443098127,S3-448739017,S3-525216729,S3-261665878,S3-22154519
S1-85781879	S2-990934617,S2-796031085,S3-288469831,S3-348953088,S3-969769368
S1-12777147	S2-6523782
S1-700703701	S3-460366419,S3-846144879
S1-829901777	S2-386834703,S2-593251491,S2-976712860,S2-543713189,S3-106719084,S3-846594585
S1-576834750	S2-269907347
S1-818360330	S2-86362224
S1-640815921	S3-153295032
S1-191450745	
S1-614114367	
S1-904323931	S2-198628325,S2-567985308,S2-456283478,S3-110155703
S1-180023676	S2-385561552,S3-724265753,S3-708402489
S1-599932550	S2-169227140,S2-559044214,S2-697070881,S3-264458249
S1-917479913	S2-725431685,S2-952072343,S2-948758457,S2-522297709,S3-145085164,S3-813571351
S1-127683567	S3-518480035
S1-220481116	S2-40916276,S3-628716505,S3-724526046
S1-205539520	S2-252918323,S3-246333140,S3-61973547
S1-284222022	S2-218301132,S3-408363166,S3-422302536,S3-548448290
S1-748209738	S2-985601967,S2-547039976,S3-537496943,S3-494304968
S1-170324291	
S1-102206337	S3-370023415
S1-692915353	S2-466214280,S2-786470645,S3-671843545,S3-324512135,S3-351302395,S3-779228910
S1-306591076	S2-794511151,S2-411178343,S2-995834559,S3-661836211,S3-328239364,S3-827627189
S1-6713158	S2-2875134,S2-405661739,S3-406661724
S1-249282487	S2-834156393,S3-265356748
S1-291283785	S2-214606981,S2-320408937,S2-601311170,S2-818043459
S1-231980687	S2-747402939,S3-662063034
S1-936966173	S2-609468040
S1-300222859	S2-143064489,S2-158284842,S3-583570093,S3-239135425
S1-56778071	S2-983551218,S2-809714572,S2-564304316,S2-523399688,S3-836699201
S1-879789469	
S1-507266315	S2-216448135,S3-646114632,S3-692732868,S3-882741815
S1-205724513	S2-833200081,S2-726409105,S3-758147068,S3-181661670
S1-375630265	S2-7054258,S3-31028072
S1-30422653	S2-595151753,S3-510657222,S3-802661293
S1-622099715	
S1-280524784	S2-571112319,S3-687705554
S1-610943169	S2-800513773,S2-638514388,S2-558488625,S3-208440338,S3-195690592
S1-13327177	S2-376307367,S2-868698825,S3-903371903,S3-548580097,S3-144641205
S1-820015864	S2-145937211,S3-978966764
S1-463857040	S3-807314705
S1-229080901	S2-327027256,S3-92611542,S3-525542042
S1-563515196	S2-413264135,S2-691929399
S1-491411087	
S1-297553445	S2-635990154,S2-991938811,S2-300274309,S2-499432636,S3-182763701
S1-811869807	S3-42519732,S3-339822196,S3-537204871
S1-243422578	
S1-343177879	S2-116199659
S1-516821869	S2-652143824,S3-227848709
S1-442428986	S2-426087340,S2-299891555,S2-7460745,S2-581405746,S2-131811076,S3-155646690
S1-564056327	S3-294953933
S1-694609544	S2-731913804,S2-135804583,S3-66093354,S3-62844515,S3-392579532
S1-995934875	
S1-370422395	
S1-938655252	S2-968592743,S3-222924359,S3-853132149
S1-587863526	S2-958601277,S3-131763159
S1-244092029	S2-921281653
S1-143537866	S2-902064480,S2-726623601,S3-529333265
S1-976782476	S2-386086347,S2-780042036,S3-853577381,S3-649110685
S1-90140583	S2-606875852
S1-32131758	S2-167184108,S2-96733121,S3-927019972,S3-562185922,S3-862812185,S3-778743108
S1-303396463	
S1-202865314	
S1-86054989	S2-764221187,S2-848601724,S2-646576049,S3-716707803,S3-311908998
S1-290996084	S2-613351739,S2-631194371,S2-412081447,S3-304775130,S3-233806631
S1-234102858	S2-90196762,S3-869474440,S3-68239845
S1-658790831	S2-576774418,S3-866347068,S3-588854048
S1-12567716	S3-653185355
S1-439968574	S2-947070725,S2-748342240,S3-621556233,S3-13980171
S1-675046521	S2-947979277,S3-966222835,S3-159869473,S3-782597894
S1-565475785	S2-392497,S2-558864781,S2-193112287,S3-604949072,S3-771563909
S1-176435728	S2-467163881,S2-585378668,S3-971519033,S3-696993289,S3-100991729
S1-664387167	S2-786355281
S1-517102228	S2-692386965
S1-246976171	S2-802996304
S1-447021418	S3-849742436,S3-232833583
S1-609585834	S2-695438674,S2-177557545,S3-316888780,S3-311343713,S3-562274173,S3-268007376,S3-906557261
S1-540040275	S2-575096128,S2-240519385,S2-949607823,S2-920278789,S3-815450924,S3-178131862,S3-372454861
S1-306026142	S2-224221488,S2-859430866,S3-106188490,S3-182720772,S3-908145457
S1-991813476	S3-409884615
S1-119244642	S3-47140926
S1-105103197	
S1-22155968	S3-129506407,S3-425750802,S3-476983849
S1-769600386	S2-941243323,S2-57537113,S2-568919381,S3-851087849,S3-710420900
S1-851138664	S2-291214265,S2-703691983,S3-926479523,S3-119242411
S1-935870487	S2-263114491,S2-182041520,S3-383635772
S1-755211827	S2-159185567,S3-681078108,S3-462330355
S1-493358744	S2-417409757,S2-638783592,S2-441250579,S3-131690654
S1-920988860	S2-729025957,S3-945631679
S1-890399393	S3-589928744,S3-160079793
S1-628242537	S3-352513515
S1-40501583	S3-779246739,S3-670541218,S3-945223958,S3-662424503
S1-166424528	S2-443972889,S2-575315072,S3-620020824,S3-81645036,S3-179322168
S1-282378972	S2-866546106,S2-627733724,S3-284140809,S3-799861832,S3-553146158
S1-688339461	
S1-248478069	S2-504836586,S3-937782717,S3-424015732,S3-528719795
S1-440609918	S2-917426177,S2-912309644,S3-179059814,S3-157018315
S1-493796915	S2-631989082
S1-567898264	S2-96013069,S3-878267165,S3-124133108
S1-903588736	
S1-645392013	S2-135254582,S2-844935336,S3-556379461
S1-493136790	
S1-815427554	S2-459765723,S2-825977593,S3-42337045
S1-697560581	S2-973390170,S2-677874939,S3-184091939
S1-76068447	S2-818859977,S3-214015325,S3-459784605
S1-320217303	S2-526733842,S3-452092486,S3-511735897
S1-5651659	S2-429299172,S3-523735949,S3-645840379,S3-154581330,S3-375872613
S1-166140908	
S1-124373000	S3-373022873
S1-826562891	S2-534800001,S2-581823282,S3-851525756
S1-616678811	S3-532577199,S3-467433677,S3-740375371
S1-921830459	
S1-519127028	S2-665266355,S2-417358133
S1-692850742	S2-303815393,S2-527431686,S3-155384971,S3-313911176,S3-230320155,S3-708114855
S1-401900233	S2-524317567
S1-379195829	S2-332520290,S2-961932134,S3-492610452,S3-40004786,S3-985326021
S1-912273148	S2-256903560,S2-666691600,S3-743528946,S3-657014928
S1-151978583	S2-476303460,S3-598262810,S3-703291387,S3-865393827
S1-669968483	S3-478390360
S1-45289632	S2-661542476,S2-634508061,S2-480040954,S2-33826971,S3-475798464
S1-46221890	S2-274032250,S3-867634019
S1-531363885	S2-796051152,S2-415373661,S2-734438279,S3-964323939
S1-471904601	S2-924944292,S2-947847425,S3-837428761
S1-658887159	S3-554151984
S1-450696413	S2-870666308,S2-595689359,S3-235440100,S3-320243397
S1-890203053	S2-684316212
S1-185861630	S2-236929765,S3-178014177,S3-714685927
S1-459730252	S2-156096384,S2-62767461,S3-941138902,S3-853441536
S1-645660715	S2-192795609,S3-316518533,S3-736056535,S3-490558002
S1-314878886	
S1-930912518	
S1-108557638	
S1-80158072	S2-844052040,S3-925106995,S3-155578350,S3-331948925
S1-821389402	S2-663078507,S2-105622886,S2-908843915,S3-512153783,S3-19915735
S1-524731312	S2-841370328,S2-787590633,S3-453555878,S3-770534211
S1-835276556	S3-499191657
S1-142783554	S2-140537533,S3-711435745
S1-903035152	S2-944897028,S2-85146777,S3-55893271,S3-522568153,S3-305535465
S1-997956617	S3-101910558
S1-958804424	S2-757304530,S3-20980062
S1-807896724	S2-876880926,S3-928419410
S1-370663947	
S1-57015612	S3-312353545,S3-211503343,S3-699265501
S1-682305851	S2-674165590
S1-388759589	
S1-600852426	S2-728829269,S3-644355487,S3-876462931
S1-500246614	S2-841869616,S2-511939694,S2-14443460,S2-408721976,S3-957935117
S1-681596772	
S1-973833136	S2-590358589,S2-742572340,S3-873689635,S3-404506946
S1-813604160	S2-861210524,S2-515995895,S3-530927666,S3-549506280,S3-897502135
S1-223784656	S3-84303297,S3-385140939
S1-197879115	S2-36298312,S3-180258644
S1-982092672	S2-615402431,S3-826133561
S1-741561490	S3-331959732
S1-195283215	S2-773494057,S3-988070307,S3-247897636,S3-983276707
S1-569923777	S2-553607526,S3-778153200
S1-764237597	S2-323447130,S3-683481378
S1-626142386	S2-128724161,S3-251267279
S1-212477032	S2-610146883,S3-649539384,S3-776611762,S3-864823222
S1-680102197	S2-328351112
S1-819376014	
S1-333320878	
S1-598861891	S3-712837153
S1-376985805	S2-332546463,S2-722370747,S3-883295773,S3-625432131,S3-107557782
S1-687632935	S2-447853825,S2-679941888,S3-777082999,S3-245072131
S1-727055535	S2-477769521,S2-964336238,S3-547946912,S3-657470422,S3-263969871,S3-164452224
S1-549297407	S2-455767836,S3-368431888
S1-592283670	S2-536209588
S1-855309355	S2-277651427,S2-382250416,S2-681660231,S3-692418351,S3-216606641,S3-874671188,S3-941938084
S1-987777280	S2-601828075,S2-800315202,S3-750575126
S1-299886523	S2-348369636
S1-692520590	
S1-206172785	S2-596810474,S3-774287693
S1-23154185	S2-672180997,S2-877145329,S3-143500819,S3-991119362,S3-730067610,S3-979388180
S1-862782345	
S1-509886416	S2-988838009,S2-90154865,S3-656073064,S3-530907771
S1-818466442	S2-514484527,S2-957418182,S2-508828153,S2-529714386,S2-368476607
S1-167219474	S2-285994957,S2-363921675,S3-281058913
S1-569282690	
S1-525871243	S2-821633594
S1-947755637	S2-299391002,S3-644141314
S1-985304328	S2-132575901
S1-311347633	S2-771526292,S2-857025723,S3-96715439,S3-585159086,S3-145805160
S1-191688874	S2-387641721,S2-520191007,S3-697587740,S3-452290898,S3-599572049,S3-726222859,S3-567368842
S1-976046895	S3-356570527
S1-543575141	S2-357400575,S2-468482706,S3-111087979,S3-449288953,S3-590288404
S1-165305717	S2-185921463
S1-25516307	S2-180222356,S3-437066390,S3-329220754
S1-536322951	S2-494155173,S2-119662867,S3-144859961
S1-401668604	
S1-980338470	S2-607612568
S1-576441745	S2-815875138,S3-104589460
S1-340878112	S3-700262907
S1-432163511	S3-838424694
S1-479148347	S2-665434538,S3-91169783,S3-671900696
S1-828553694	S2-358871502,S2-629230582,S3-795910839,S3-502949155,S3-235551111
S1-646520768	S2-238826151,S2-883139601,S3-692113675,S3-777758190,S3-114877487
S1-587826469	
S1-363840622	S2-557868975,S2-468245723,S3-554202669,S3-562585162
S1-834597939	S2-271112403,S2-939890290,S3-286104111,S3-715437999
S1-753136844	S2-301034383,S2-675335760,S3-935786210,S3-131678160
S1-274368988	S2-579817777,S2-475287365,S2-797826315,S3-501545655
S1-398142826	S2-166709200,S3-604346795
S1-211600905	S2-972697977,S2-857731353,S2-902453695,S2-296017099
S1-93684585	S2-17443066,S3-934016612,S3-551896062,S3-21636589
S1-161817450	S2-57213003,S3-375963637
S1-195256432	S2-152385396,S2-885914330,S2-919435104,S2-867261636,S3-785749825,S3-919917624
S1-547813325	
S1-127488407	S2-67751096,S2-27739370,S3-330412296,S3-375773270
S1-413944539	S3-865779062
S1-712338623	S2-638875284,S2-856981501,S3-544662553
S1-152687574	S2-600797436,S2-763551779,S3-880798805,S3-9836852,S3-665417183,S3-472555141,S3-335926294,S3-885733219
S1-219365074	S2-772008077,S2-491083335,S2-414774871
S1-912820101	S3-938468988,S3-853060875,S3-82111641
S1-466507513	S2-637289045
S1-921895619	S2-301620193,S3-427900609
S1-145152624	S2-991736697,S2-121656323,S2-492647447,S2-690058075,S2-564392203,S3-557632351,S3-922225752,S3-457068239
S1-134187026	S2-839006131,S2-613511710,S3-69151709
S1-650194985	S3-657642091
S1-47004376	S2-683562857,S2-451809604,S2-601355086,S3-389255963,S3-93066040,S3-4702136,S3-474172510
S1-390928926	S2-139326523,S2-565436840,S3-36534658,S3-286986522
S1-109491094	S2-445580172,S2-720099014,S3-729302548,S3-278094243
S1-530792985	S2-969125496,S2-104112559,S2-800440852,S2-239489104,S3-677292792,S3-872658708
S1-916939227	S3-807423218
S1-872055628	
S1-47161692	S2-327327447,S3-18327273
S1-431898026	S2-166275886
S1-643944162	S3-128733668
S1-533413084	S3-338187865
S1-86461872	S2-752912280
S1-359585603	S2-958750511,S2-316150564,S3-196420034,S3-586623951,S3-598078698
S1-764100434	
S1-25117546	S2-530758638,S2-48155120,S3-233967791,S3-351663409
S1-979523625	S2-646039812
S1-336453445	S2-97958723
S1-106789144	S2-435083407,S2-170259862
S1-467737115	S2-916846972,S3-535777444
S1-143268259	S2-424564763,S3-76187376,S3-152642972,S3-948625825
S1-233412232	S3-691762595,S3-232199300
S1-66932833	S2-492204245,S2-133132935,S3-398452271,S3-690118441
S1-883531732	S2-669549606,S3-467429705
S1-547722617	S3-864397465
S1-601016742	S2-117215597,S3-39375644,S3-193243274,S3-409749690,S3-899979361,S3-387018710
S1-519465363	S2-746338024,S2-342465764,S3-797977434,S3-172142625,S3-354605916,S3-612013037,S3-935141431
S1-352206944	S2-387846404
S1-84081383	S3-70790379
S1-634413739	S2-742508632,S2-656330587
S1-550468591	
S1-336086430	S2-935201949,S3-653707578,S3-575952730
S1-941903852	S2-989888068,S3-559530286,S3-929965906
S1-20882497	S3-357856262
S1-965123342	S2-139855862,S2-253476475,S2-533990964,S2-755776575,S2-171856247,S3-823102841,S3-198272359,S3-925486361
S1-685653827	S2-685935406,S3-152289445,S3-48370388
S1-989870518	S2-607708198,S2-801703950,S2-224420333,S3-542995320,S3-826111852
S1-562441786	
S1-752923411	
S1-54657525	S2-779260662,S2-23868995,S3-357239577,S3-701910717
S1-417499494	S2-751194161
S1-996601944	S2-365508793,S2-70996902,S3-526387323
S1-646333459	S2-556084581,S3-124147981,S3-318288238,S3-946996255
S1-640477898	S2-804990136,S3-183313086,S3-693818150
S1-143137229	S3-569872292
S1-522081590	S2-220181773,S2-856474795,S2-178700782
S1-713860474	S3-159533662,S3-259443048
S1-173194133	S2-970789230,S2-428408303,S2-785281368,S2-643385900,S2-274196260,S3-955355818,S3-176933572
S1-519376742	S2-594987282,S3-25028927,S3-2631546
S1-198466688	S2-229181958
S1-255030352	S2-524035078,S3-578566526,S3-632504234,S3-391156953,S3-970157862
S1-764508538	S2-321956238,S3-308366616,S3-373445139,S3-546726611
S1-107510786	S2-37669255,S3-952775061,S3-968355461,S3-144130758
S1-566941411	S2-756016472,S3-925899802,S3-626768292,S3-33597336,S3-990331765
S1-742441288	
S1-637150549	S2-257208270,S2-951148197,S2-692889897,S3-879548578,S3-456298940
S1-96286254	S2-817194906,S2-308490277,S3-701361727,S3-169185870,S3-626137398
S1-563491823	S2-602752671,S2-336006445,S3-861713149
S1-924564477	S3-230735336
S1-208526266	S2-994285113,S3-426355268
S1-99142795	S2-770446190,S3-247130031,S3-875126261,S3-916480498
S1-928800935	S2-311987088,S2-854102401,S2-324273362,S3-902296971,S3-422650157
S1-316873922	S2-631639866,S3-994541802,S3-657761004,S3-963747170,S3-963890773
S1-419303558	S2-312897272,S3-8503338,S3-261643899
S1-186409200	S2-813964346,S2-267657462,S3-806211039
S1-524714741	S2-245803440,S2-331859027,S2-282365451,S3-525779109,S3-33856778
S1-552186166	S2-127232684,S2-716089393,S3-644760253,S3-919466007,S3-874116016
S1-841413633	S2-609827573,S2-722113388,S2-341866297,S3-52093307
S1-246181941	S2-847090006,S2-195313627,S2-62529890,S2-479320991,S2-155169676,S3-481714297,S3-49136051
S1-678874884	
S1-698295184	S2-38331374,S2-547762856,S2-602705036,S2-280731300,S3-652324024
S1-972574433	S2-425053583,S2-320329772,S2-511417941,S3-350485648,S3-747970731
S1-694979523	S2-971697439
S1-282354554	S2-519110123,S3-779374707,S3-559094208
S1-135059044	S2-340413564,S2-574207595,S3-884652240
S1-514767348	S3-550040119
S1-257855395	S2-898124746,S2-174910901,S3-809707187
S1-426801783	S3-286798794
S1-165915863	S2-517712052,S3-7033905,S3-690302474,S3-525856076,S3-872643255
S1-729712426	S2-207157749,S2-720973760,S2-665642922,S3-990533556,S3-641876912
S1-277528618	
S1-814471410	S2-913742559,S2-540558038
S1-527502248	S2-241316478,S2-498981816,S3-336229476,S3-570157048
S1-381259574	
S1-988761711	S2-877294112,S3-655056709
S1-752141216	S2-158546068
S1-447854503	S2-484063413,S2-813108789,S2-429492994,S2-459773140,S3-538469340
S1-726211428	S2-438225419,S2-996169522,S3-987779435,S3-659114222
S1-645866098	S2-534493189,S2-589838202,S3-523819030,S3-353006838
S1-513078913	S2-399049068,S3-376760175,S3-250132313
S1-697847962	S2-764949091,S3-218141886,S3-215515553,S3-592574277
S1-938771726	S2-254931099
S1-502637757	S3-430295001
S1-908467127	S2-188149070
S1-567672399	S2-181441771,S3-381019270,S3-787668276
S1-423470753	S2-46370739,S2-918679769,S3-317819553,S3-238848374
S1-109730042	S2-962952491,S2-384080398,S2-721248703,S3-795890949,S3-824023064
S1-873022884	S2-483800395,S2-835412300,S3-313846965
S1-202754118	S3-354627335
S1-847885394	S3-927961903
S1-534689051	S2-224134676,S3-998178711,S3-666050184
S1-145960808	S2-654191125,S2-308484619,S2-530841859,S3-894611810
S1-570463280	
S1-332535960	S2-33400293,S2-568938128,S3-778916268
S1-771656978	S3-143604883,S3-819233938
S1-2575170	S2-895861344,S3-378141183,S3-577026213
S1-248286894	
S1-929766722	S2-983936057,S3-888693941,S3-393358786
S1-7818407	S2-345837127
S1-300921890	S2-911125443,S2-407990569,S2-718528781,S3-704869206
S1-819467843	S2-106864437
S1-70990763	S2-463504186
S1-935508440	
S1-887035236	S2-159911230,S2-899881829,S2-481453068,S3-601206934
S1-655389906	S2-636221435,S2-860355097,S3-489433919,S3-468188842,S3-135234554
S1-482228911	S2-299943607
S1-513635472	S3-138499068
S1-816529558	S2-220056936,S2-946397658,S2-810471605,S3-716955593
S1-139544804	S2-648008922,S2-576015140,S2-909437087,S3-220336982
S1-780266880	S2-861834221,S2-258926329,S3-616196668,S3-381230337
S1-855418788	S2-300943045,S2-322496702,S2-756895732,S2-431125654,S2-187862169,S3-262462544,S3-32725274
S1-60928102	S2-720255669,S2-171747326,S3-284992705
S1-269793834	S2-831917485,S2-903960790,S2-123034932,S3-62697409,S3-604773617,S3-376763748
S1-933702843	S2-636642313,S2-640885909,S3-359110795
S1-44098092	S3-967321607
S1-107042093	S3-39186927
S1-410022689	S2-779494870
S1-562986502	S2-305435436,S2-282163876,S3-98698640,S3-732972839,S3-46019063
S1-681814857	S3-218059493
S1-989812339	S2-831865029,S2-437148898,S3-112760406
S1-67067493	S2-305235840,S2-405525497,S3-979006051,S3-195576656,S3-512802036
S1-272670219	S2-224625508,S3-676090707
S1-325606391	S2-847210112,S2-366951007,S3-947271409
S1-213845927	S2-112966104,S2-492634928,S3-809018147,S3-799043850
S1-368076974	
S1-332888359	S2-387290668,S3-831448468,S3-835489380
S1-35501165	S3-503017296
S1-324405758	S2-652325770,S2-267471598
S1-293493884	S2-406534692,S2-625406813,S3-520182489,S3-703608263,S3-448580545,S3-636921061
S1-196950383	
S1-472109301	S2-400747748,S3-68034292,S3-552026875
S1-61022679	
S1-699445525	S3-440813072
S1-930988240	S2-315055165,S2-360942885,S3-748850799
S1-134149287	S2-361724393,S3-802586241,S3-647142473,S3-464473944,S3-894228035
S1-379895428	
S1-51459469	S2-14090094,S3-101137874
S1-142214828	S2-70188666
S1-625416714	
S1-144831192	S2-555889537,S2-840640549,S2-237623250,S3-321107069,S3-983812900,S3-286619240
S1-312103890	S3-887959726,S3-338764802,S3-166003376,S3-642693055
S1-478250774	S2-474989062,S2-861489482,S3-798695247
S1-899992624	S3-198884424
S1-596650375	S2-711861813
S1-483142183	S2-823364655
S1-797191364	S2-651181597
S1-871602321	S3-216166282
S1-618395430	S3-922921698
S1-178308364	S2-358997652,S2-42492954,S3-237507325,S3-750419869,S3-438777442
S1-606016389	
S1-768955458	S2-710611075,S2-194373717,S2-855404825,S3-148167875
S1-232927695	S2-676643875,S2-831254602,S2-184256140,S3-404531478
S1-769780905	S2-5849825,S3-823627943
S1-461870674	S2-545028964,S3-450985840,S3-946940621
S1-892498993	S2-81051642,S2-175562680,S2-619339665
S1-6868392	S2-624827039,S2-96008501,S3-616063947
S1-532124517	S2-808644038,S2-759250165,S3-727855816
S1-787384921	S3-278360018
S1-800335868	
S1-72856494	S2-902886649,S3-379639767,S3-777063865
S1-958148945	S2-119151313,S3-845036443,S3-381344983
S1-675046864	S2-152088284,S3-296843266,S3-864504489
S1-688219460	S3-276793436,S3-732074132
S1-100678463	
S1-53755326	S2-57398700,S2-577789094,S2-96670171,S3-245744708,S3-255287053
S1-852373125	S2-241317591,S2-253686713,S2-305382908,S2-856302709,S3-868547788
S1-591531579	
S1-604656756	S2-932371959,S2-111433674,S3-855617126
S1-819801999	S2-840203098,S3-361438909
S1-500446144	S2-726178031,S2-784802065,S2-573049871,S3-707810665,S3-736558581
S1-752395286	S2-353392131,S2-537278026,S3-365018966
S1-430061012	S2-131427571,S2-238941615,S3-453571235,S3-606380425
S1-519899217	S2-697720265,S2-117096186,S2-221157350,S3-685898517,S3-608808228,S3-723387858
S1-215296407	
S1-928820726	S2-416771674,S3-162358459
S1-906757280	
S1-661089455	S3-23005351
S1-787418905	
S1-27528812	S2-559860160,S3-263367416
S1-189528580	S3-728087180
S1-287350591	
S1-11535729	
S1-154076653	S3-494199961,S3-747113539
S1-847613675	S2-217972653,S2-127513767,S2-294398815,S3-202850227,S3-609001816
S1-684762709	S3-702958201
S1-979799431	S3-194798446
S1-139445913	
S1-808120600	S2-991232879,S2-638172611,S2-245623852,S3-714570794,S3-545237626,S3-390736618
S1-237780891	S2-973633200
S1-463429404	S2-305031851,S2-765857552,S3-429205744
S1-490206725	S2-740628283,S2-639829276,S3-479380035
S1-13805649	
S1-647882862	S2-774008389,S2-661627006
S1-185166119	S2-772295956,S2-200198737,S3-733792772,S3-251338696
S1-859296264	S2-817100436,S3-125572546,S3-302189594
S1-592052101	S2-936313441,S2-836135745,S2-730271262,S2-420673550,S3-874483701,S3-691931429
S1-148874796	S2-306854707,S3-630945821
S1-875400486	S2-982081436,S3-313260452,S3-818941469
S1-270847242	S2-564574019,S2-263650599,S3-610398748
S1-161277691	
S1-167132004	S2-808081077,S3-963060137
S1-755759465	S2-965220750,S3-999677220,S3-375320592,S3-743039634
S1-180357952	S2-315988437,S3-911769208
S1-881778464	S2-512174391,S2-802169070,S3-306746497,S3-915243092
S1-289087551	S2-227355421,S2-46279481
S1-436590566	S2-77572962,S3-8872179
S1-80214562	
S1-201187440	S2-55908878,S2-149674712,S3-57134783,S3-274612736,S3-687542979,S3-731363669
S1-114297734	S3-799825989
S1-566131268	S2-210203442,S2-147712662,S3-724663837,S3-973165040
S1-856610847	S2-553209241,S2-739906391,S3-767261118
S1-444712413	S2-17704775,S2-166895362,S3-948057906
S1-299618586	S2-419708602,S2-2613120,S3-355137670
S1-109284685	S3-406056397
S1-899336077	S3-436211559
S1-180246097	S2-381423012,S3-860833772,S3-710770483
S1-327416812	S3-361086861
S1-572739249	S2-851216541,S3-367200791
S1-202117153	S2-973922655,S2-617647084,S2-479742934,S3-789093392
S1-676282168	S2-177650023
S1-640616779	S3-626612737
S1-625371650	S2-784247547,S3-518754294,S3-296688840
S1-962192944	
S1-260106493	S2-422348862,S2-793350156,S3-172927100,S3-989841598,S3-570854975
S1-159808066	S2-866271439,S3-331441135,S3-202565595,S3-873339278,S3-181924538,S3-940953986
S1-582372030	S2-111177002,S2-242468827,S3-451964277
S1-105124404	S2-502463482,S3-671090042
S1-653207132	S3-628683446
S1-701437529	S2-505559859,S3-424181891,S3-991537332,S3-848539973,S3-110164115
S1-216248328	
S1-299661124	S2-908421591
S1-138772730	S2-358894293,S2-915871531,S2-790502252,S2-501402076,S3-900131839,S3-89105085
S1-517805305	S3-775129175
S1-982744816	S2-579185261,S2-915592641
S1-277440667	S2-546054383
S1-121447698	S2-278898169
S1-805866935	S2-973832536,S2-344735663,S2-715706722,S3-608578475,S3-894876360
S1-582404398	S2-504535407,S3-441603265,S3-278139004,S3-489913428
S1-955566828	
S1-871860158	S3-463000169
S1-938291799	S2-318827951,S2-575268145,S2-940423362,S2-899528745,S3-795232638,S3-273652812,S3-928060596
S1-943330616	S3-806761193
S1-969331842	S2-783194903
S1-170995286	S2-205131606,S2-493709115,S3-507999563,S3-394578077
S1-83694344	S2-151747608,S2-401866687,S3-72897010,S3-559612454,S3-49125282
S1-550577251	S2-790718540,S3-658149023
S1-479890102	S3-665784397,S3-608860325
S1-760850389	S2-504078658,S2-678460492,S2-280770734,S3-178737427,S3-177055572
S1-266992643	S2-54262750,S2-190473386,S2-612903644,S2-99170429,S3-223170935,S3-182899943
S1-224185572	S2-556293383,S3-95970876,S3-821528653,S3-740071988,S3-659241168
S1-113761144	S3-783479501,S3-245129749
S1-258345205	S2-447863182,S2-974513724,S3-877815424,S3-380576638,S3-994196612,S3-817285932
S1-152462469	
S1-136293822	S2-252832453,S2-286478443,S3-706950769
S1-493416847	S2-552925665,S2-24532237,S3-965125495,S3-65526730,S3-242028544
S1-926661050	S2-235438526,S2-272550736,S3-506102904,S3-51953913
S1-710775520	S2-747417176,S2-586639235,S2-470014433,S2-713639310,S3-405722072,S3-943005798,S3-639062916
S1-242350687	S2-58406974,S2-578346934,S2-920262754,S3-594608598
S1-910980248	S2-429870484,S2-753009249,S3-692407196
S1-949894454	S2-463136647,S3-944143196
S1-537910792	
S1-827237453	S2-48077970,S2-435208601,S2-500224249,S3-222551231,S3-509454381,S3-876672873
S1-896528931	S3-995767924
S1-570099434	S2-882573726,S3-937020854
S1-772382222	
S1-915868276	S2-666077341,S2-360672203,S2-656917632,S3-247827764
S1-878029452	S2-101615629,S2-583450023,S2-288948025,S2-552741307,S3-576784570,S3-576198191
S1-873241405	S2-752672195
S1-579391335	S2-28893154,S2-858606249,S2-85868039,S3-916248830
S1-440952787	S2-432223201,S2-928436518,S3-497285901,S3-776092423
S1-951003507	S3-761694957
S1-752991913	S2-167235494,S2-341002370,S2-769692794,S3-630239087,S3-219494143,S3-571808492,S3-52471742
S1-813061827	
S1-801602666	S2-236999673,S2-895088073,S3-469586369,S3-231024558
S1-300110498	S3-459352634
S1-84068677	
S1-958376649	
S1-143630372	S2-86401321
S1-59586570	S2-555611513,S3-888188702
S1-744148491	S2-63657740,S2-519349079,S3-119181556
S1-629732342	S3-443716783,S3-878404399
S1-79931954	S3-963332757
S1-606560821	S3-319489488
S1-478149518	S2-182809137,S3-292594775
S1-10381156	S2-628957971,S3-380010710,S3-659572126
S1-490154990	S2-314598069
S1-195655517	S2-522966719,S2-60159498,S3-859173696,S3-595174462,S3-763166116,S3-846654857,S3-764324023
S1-664913747	S2-941096725,S3-679094411,S3-201894213
S1-273843470	S2-276941275
S1-384733974	
S1-512336251	S2-181556549,S3-677328681,S3-76084152
S1-492797046	S2-25856721,S2-735066733,S2-749949785,S2-115557019,S3-150235221
S1-772278967	S2-976967110,S2-827606967,S2-141971261,S3-791905400,S3-106770843
S1-23776568	S2-62160982
S1-294814816	S2-79401487
S1-768711116	S2-792336281
S1-481507367	S2-311628108,S2-384649159,S3-847493938,S3-248215899
S1-637129218	
S1-746662836	
S1-355225721	
S1-136418117	S2-404945381,S2-20212071,S3-878077557,S3-899214381
S1-875621981	S2-50476106,S2-514154587,S3-580527367
S1-816751500	
S1-931763000	S2-514980664,S3-741652759
S1-43686196	S2-879814544,S3-234345344,S3-829864185
S1-281548946	S2-543606010,S2-801591204,S2-335837850,S2-35620835,S3-527949470,S3-308020969
S1-48921917	S2-739991926
S1-285517585	S2-53714739,S2-364290587,S3-869951147,S3-606660628,S3-622476308,S3-679543414
S1-785664033	S2-558043785,S2-782956169,S2-918206619,S3-388726902
S1-759717157	S2-807564948,S2-903949177,S3-587103912,S3-865450881
S1-449421583	S2-810979048,S2-232676773,S2-370887665,S3-42092667,S3-824268103
S1-641647937	S2-500829006,S3-949746512,S3-829926782,S3-137867358,S3-817341380
S1-267812701	S2-872172785,S3-136960776
S1-62488802	
S1-368360949	S2-242338371,S2-112342771,S3-543925483,S3-116272909
S1-568586744	S2-212355267
S1-218207987	S2-113444878,S2-299258276,S3-920118360,S3-430084636,S3-197904884
S1-578954023	S2-228472528,S2-270093647,S2-447575745,S3-845729586,S3-427633918
S1-334449605	S2-529164867
S1-933010055	S2-186904281
S1-413459261	
S1-204390791	S2-926951078,S2-869713649,S2-788171531
S1-315226528	S2-906834704,S2-977186695,S3-642834056,S3-657579868,S3-889071141
S1-991506242	S2-140224914,S2-860262883,S2-981012631,S2-432836445,S3-736175964
S1-874689419	S3-639717349
S1-261120021	S2-525313908,S2-55068430,S2-19033207,S3-672017728
S1-779067340	S2-70664376,S2-377761838,S3-383030899,S3-661399555
S1-975102767	S2-290791703,S3-379581107,S3-723262024,S3-242537203
S1-952355118	S2-860981570,S2-26288829,S3-624853411
S1-460995856	S3-676814964
S1-77380912	S2-658152365,S3-955692303,S3-503655262,S3-723891909
S1-750131091	S2-299476896,S3-780686332
S1-135116027	S2-389794134,S2-301144430,S2-529916209,S3-663637806,S3-460966388
S1-135037280	S2-368943203,S2-930816373,S2-163623117,S3-424723335,S3-483530793
S1-599251905	S2-23835768,S2-758801127,S3-423170154
S1-814203425	S2-572168809,S2-673836401,S2-906499849,S2-274137190,S3-239162082,S3-323224382
S1-813575929	
S1-621361330	
S1-974907844	S2-602923188,S3-85075099,S3-579702529
S1-637676383	S2-404216086
S1-801369908	S2-899327419,S2-625855287,S2-281600670,S2-958080699,S3-174892861,S3-781220683,S3-700709080
S1-195202509	S2-742397563,S3-187902993
S1-847736086	S2-417406837,S3-784194261,S3-818269663,S3-754716126,S3-702656448
S1-15591755	S2-756535756,S2-674174493,S3-709032271,S3-240726534
S1-268799671	S2-780174455
S1-763115104	S2-387480501,S2-116861916,S2-550573914,S3-856611722,S3-51317008
S1-306301262	S2-696251923,S3-158875540
S1-935131166	S2-29326482
S1-190296012	S2-846153282
S1-516600784	S2-727137684,S3-238020923,S3-16007615,S3-154032343,S3-888505908
S1-293238208	S2-958406822,S2-878502213
S1-976001947	S2-298811732,S2-181592888,S2-297920900,S3-264655985,S3-817610482
S1-76564337	S2-31679120,S2-941298497,S3-302426780
S1-892155813	S2-864663551
S1-296877519	S2-149456415,S3-322227946
S1-435170937	S2-394485872
S1-423324096	S2-220333060,S2-452832283
S1-972105729	S2-509624572,S2-56595726,S3-279117799,S3-480380278
S1-135701004	S2-905020489,S2-7633172,S2-79925218,S3-144527934,S3-570979879
S1-983072549	S2-392728475,S2-19887299,S3-269456131
S1-787091815	S2-147587777,S2-298977881
S1-478070447	S2-19037471,S3-296760749
S1-452304394	S2-442476406
S1-979457785	S2-869964400,S3-473864303,S3-833801020
S1-358792298	S2-603032135,S3-413231441,S3-481390362
S1-187004737	
S1-764284235	S2-654260540
S1-918179351	S2-614004285,S3-584676977,S3-468356949,S3-570185901
S1-237693773	S2-432269539,S2-323306915,S3-245045730
S1-509026858	
S1-84588213	S2-30720967,S2-109473531,S3-144812695,S3-203886804,S3-902995219
S1-176607958	S2-392968604,S3-479220867
S1-70907024	S2-233623940,S2-314624744,S2-26740863,S3-107469572,S3-909503828,S3-175460705,S3-988989495
S1-108616804	S2-966487910,S3-512727735,S3-787610298
S1-977091877	S2-511987239,S3-623953190,S3-813672105
S1-741321615	S3-835246685,S3-993611022,S3-642631123,S3-327280223
S1-631305815	S2-289814812
S1-789396419	S2-206182496,S2-391944996,S3-192896030,S3-20679112,S3-249556329
S1-161705822	S3-441512830
S1-115867141	S2-458940996,S3-44694858
S1-215631630	S2-8370651,S2-929794306,S3-222719751,S3-348041774,S3-930507212
S1-15565249	S3-433677408
S1-774620207	S3-968242445
S1-768451872	S2-568321674,S2-861396512,S3-449605723,S3-755984396
S1-779212906	S2-666558809,S3-145318992,S3-308827927
S1-585428768	
S1-241565317	S2-594157005,S2-670762067,S3-841041835,S3-95244599
S1-122641207	S2-173456222,S3-400428504
S1-228327172	S2-219595036,S3-969812316
S1-920251119	S2-213008915,S3-449397690,S3-382183596
S1-611976677	S3-221055072
S1-457457135	S2-923464465,S3-345414970,S3-365016117
S1-913378086	S3-611019574
S1-279462797	S2-831649654,S2-918473671,S2-24433431,S3-279927916
S1-48171165	S2-791992535,S2-929517361,S2-294462914,S3-468965357,S3-629161144,S3-228315837
S1-388796562	S2-198874931
S1-127943382	S2-62982928,S2-385153940,S3-979662805
S1-800482986	S2-350122955,S3-10879386
S1-823905700	S2-977898028,S3-588708129,S3-225915843
S1-258746901	S2-141572330,S2-101197448,S2-518934042,S3-664765032,S3-404677133
S1-163536132	S2-287216335,S2-968855281,S2-904132605,S3-772792581,S3-288656157
S1-97693132	S3-982199944,S3-982429275
S1-322167134	S2-134714413
S1-637732507	S2-546351096,S2-771071990
S1-12928125	S2-357006668,S2-757870650,S2-706169889,S3-104467026
S1-962049242	S2-607377456,S2-863129424,S3-499703451
S1-738101205	S3-529861153,S3-615177406
S1-866775346	S2-482276149,S3-298242214,S3-999156305
S1-114508676	S2-476492156,S2-588384883,S2-560465888,S2-903247257,S3-836906588
S1-997165877	S2-547361012,S2-165472923,S2-926973818,S2-153700082
S1-618470685	S2-984327339,S3-376106772
S1-766683728	S2-761349435,S3-19470873,S3-895690520,S3-684728353
S1-249673252	S2-278868578,S2-43816457,S3-21512358,S3-788980783
S1-56735595	S2-620411990,S3-906561683,S3-389649603,S3-226196924
S1-731947088	S2-603080231,S2-56947016,S3-500303400
S1-528971520	S2-135642603,S3-46467974
S1-561603733	S2-472549533,S2-632548517,S2-211415523,S3-328937964
S1-938846364	S2-814088051,S2-86714866,S2-689638209,S3-847444777,S3-441532054
S1-138408620	S3-185762742
S1-283763677	S2-663812705,S2-254136654,S3-384490400,S3-52494900
S1-793216799	
S1-627230115	S2-407875266,S2-197779785,S3-106137657,S3-248827731
S1-554022731	
S1-109700674	S2-381183236,S2-712708854,S2-297136787
S1-142286605	
S1-782929971	
S1-243967245	
S1-424670015	S2-333173735,S3-489787399
S1-681484981	S2-34962556,S3-231078646,S3-895465057
S1-331237209	S2-699864835,S2-488571389,S2-138091087,S3-454599126
S1-59921007	S3-763761510
S1-813690148	S2-761297510,S3-867473137,S3-423452681
S1-127961780	S2-358789355,S2-49114387,S3-565560421,S3-950819164
S1-4094678	S2-687159961,S3-827436519,S3-845374214
S1-363786328	S2-550901449,S2-439637034,S2-694370797,S3-705576362
S1-378355204	S3-691521945
S1-601487637	S3-128707480
S1-415977829	S2-59786301,S2-969839764,S3-878081947
S1-665285497	S3-3656613,S3-797893935,S3-53334393
S1-639406345	S3-337565821,S3-871164499,S3-584958665,S3-266697266
S1-435456788	S2-299570382,S2-598787144,S2-886263527,S3-892568847
S1-937046933	S2-540245194
S1-651683992	S2-102174137,S2-993328106,S2-475562544,S3-795562430,S3-749814957,S3-926721684,S3-653508663
S1-210770518	S2-929396527,S2-405401396,S2-548476744,S3-236166473,S3-161765616
S1-525583783	
S1-414352671	S2-435684228,S2-642628621,S3-170908787,S3-834990696,S3-186742926
S1-194993435	S2-372542969,S3-540596870,S3-990389331,S3-339156634,S3-966886895
S1-409543108	S3-792316087
S1-62097604	S2-631860073,S3-872823448,S3-634421188,S3-70610615
S1-725260421	S2-784037995,S2-315821224,S2-516760449,S3-243235290,S3-619274893,S3-605065468
S1-870729931	
S1-754655830	S2-411703280,S2-953816695,S2-50012262,S3-946032125,S3-930721079
S1-806318335	S2-802133728,S3-332347831
S1-318904039	S2-882788188,S2-905269043,S3-306306290,S3-939844804
S1-402235090	
S1-356536754	
S1-575161907	S2-251012434,S3-40333486,S3-755114495,S3-949731650
S1-279844190	S2-383629738,S2-335302041,S3-592909538,S3-497622831
S1-91071098	S3-939439840
S1-999513475	S2-974664739,S2-181598951,S3-528338772
S1-714048148	
S1-133193073	S2-678161917,S2-218638526,S3-212532032
S1-205991431	S2-777872289,S2-343833930,S3-394970471
S1-963063068	
S1-158596193	S2-301203341,S2-849251691,S2-595796914
S1-994594720	S2-295318980,S3-388808213
S1-693486924	S2-709363854,S2-345608254,S3-100362667,S3-547233781
S1-902456830	
S1-209134278	S2-149368181,S3-29163754
S1-392788634	
S1-289944152	S2-118210594,S2-594790577,S3-276629848,S3-706543229
S1-232538271	S2-161788218,S2-392683315,S3-545385772,S3-996681669
S1-634067762	S3-444911925
S1-971104153	S2-65159113,S3-414030917
S1-171112667	S3-5357779
S1-826392842	S2-807472295
S1-4601722	S2-936576208,S3-368923841,S3-140537805,S3-409803800,S3-469917121
S1-264542254	S3-555805141
S1-540459636	S2-517161148,S2-626559304,S3-351378917
S1-430165361	S2-413289067,S2-493184997,S3-850606574,S3-52285750
S1-974684123	S3-822731897
S1-93808965	S2-40772178,S2-410377145,S3-274095109,S3-606118787
S1-479472070	S2-241956565,S2-408707794,S3-568518719
S1-706857480	S2-100532517
S1-166041917	S2-982695220,S3-505789243,S3-465559920,S3-699685756
S1-975821481	S2-311899701,S3-772387467
S1-346112615	S2-481512923,S3-877261890
S1-259690117	S2-343043252,S3-840830227,S3-133689739
S1-729556651	S2-637381609,S3-167221620,S3-887027267
S1-268597268	S2-715154458
S1-987776756	S2-408687336,S2-85310948,S3-122212436
S1-625290945	S2-925433889,S3-705700015,S3-894400960
S1-145314773	
S1-947578046	S2-225139506
S1-397769577	S2-431675589,S2-49609274,S2-180879475,S3-659020566,S3-91298569
S1-616900565	S2-140114008,S2-430621844,S3-194048212,S3-609966924
S1-438747683	S3-810164217
S1-663226094	
S1-329399191	
S1-433553394	S2-735411614,S3-555592886
S1-802332582	S2-685158766,S2-264275797,S3-987099155
S1-997428071	S3-699742600
S1-44102800	S2-117237664,S2-43683135,S3-828950027,S3-459282774
S1-553813993	S3-994622983
S1-575505454	S2-869021466,S2-589914503,S3-505815747
S1-688257200	S2-733905591,S2-101352027,S3-85578755
S1-599541224	S2-947512014,S3-360920531,S3-250408939
S1-299582374	S2-351191171,S2-781055310,S2-125823999,S2-942703974
S1-86469260	S2-410371609,S2-511782099,S2-563638625,S3-111969567
S1-34271266	S3-89711061
S1-472307758	S3-392379837
S1-847443798	S2-26930861
S1-414439944	S2-676593314,S3-673470589,S3-634538038,S3-160492412
S1-823994786	S2-18864669,S2-361659812,S3-435631593,S3-743405233,S3-527376886,S3-807126878
S1-73607895	S2-806922618,S2-824629135,S2-651885753,S3-69847159,S3-572814874
S1-929151402	S2-463590199,S2-534690334,S2-874982824,S2-606797550,S3-477229128
S1-739507180	S2-81061809,S2-359056593,S2-985287763,S2-277657047,S3-507614189,S3-415965941
S1-661545796	S2-848473964,S2-838434355,S3-720317627,S3-653563802
S1-550382252	S3-871215382
S1-205577887	S2-328376274,S3-126917952
S1-943462873	S2-296933706,S2-685772907,S2-469582663,S3-481248888,S3-692284831
S1-863231222	
S1-139837832	S2-220024484,S2-949306899,S2-32092090,S2-487848590,S3-467910240,S3-883167999
S1-817243516	S2-614119528,S3-721151223,S3-199262072,S3-995104984
S1-360224032	S3-235967060,S3-100546659,S3-5645809
S1-710709568	
S1-882853349	S3-480344354,S3-558096687
S1-869453657	
S1-167993082	S2-273004102
S1-757052696	S2-153011721,S2-460090137,S3-617281902,S3-531911262
S1-422745699	S2-975297682,S2-124353049,S2-481303856,S3-277112989,S3-439429182,S3-225489915
S1-973664342	S2-335980635,S2-963627728,S3-562653888,S3-946856332
S1-911749113	S2-360752431,S2-401153090,S2-356322527,S3-272308963,S3-307392340
S1-561670621	S2-310534860,S2-569587428,S3-501994356
S1-983146108	S2-910591165,S3-848600502
S1-610164122	
S1-655144131	S2-748973914,S3-900584653
S1-554439929	S2-398597071
S1-137209257	S2-821021607,S2-620493970,S3-941504388
S1-157664021	S3-659277625
S1-61187438	S2-33004937,S3-520592911
S1-239086845	
S1-717769423	S2-163150719,S3-848030400,S3-688394480
S1-125814972	S2-578030911,S3-955056291
S1-653752308	S2-220577288,S2-222345595,S3-654057610,S3-831068389
S1-567065408	S2-291834199,S2-61982747,S3-52810700,S3-703831914
S1-513445074	S2-608281304,S3-264355635,S3-260716081
S1-842390708	S2-318529202,S2-535377082,S3-398062208
S1-775316424	S2-323794898,S3-83551799
S1-359906127	S2-122155364,S2-364126029,S2-221977072,S2-323605379,S3-461604784,S3-285121652
S1-171586072	S3-597784037
S1-156145961	S2-358311488,S3-734303273
S1-684956024	S2-105270585
S1-261199933	S2-121982035
S1-773038990	
S1-843139289	S2-729281454,S3-323288766,S3-793030205
S1-355996183	S2-642808935,S2-214178729,S3-567875267,S3-259915601
S1-342379951	S2-65023327,S2-629134330,S2-115383120,S2-218383567,S2-337746229,S3-447667164
S1-841856060	S2-721623800,S2-727031048,S2-383685318,S2-522260031,S3-822373522
S1-328375036	S2-169258821,S2-567283587,S2-478574633,S3-689059564
S1-856503496	S2-676110677,S3-343611924
S1-995664810	S2-66455935,S2-231940222,S2-126341201,S3-669684360
S1-65309853	S3-923727374
S1-565507436	S2-805462350
S1-660049823	S2-759643012,S3-125238300,S3-27161355
S1-59658502	S2-129402980,S2-866829147,S2-394064948,S3-714709478,S3-391416457
S1-259826438	S2-97079813,S3-615583041,S3-809716439,S3-902452756
S1-387163074	S2-757997619,S3-139623733
S1-889399205	S2-466080496,S2-642986619,S2-606659013,S3-490016900,S3-779905685,S3-134698611,S3-769639777
S1-943645879	S2-918995753,S3-197414661,S3-598431353
S1-209125810	S2-879691359,S2-290915242,S2-541010989,S2-15286067,S3-697671007,S3-107455947,S3-482394747
S1-476765321	S2-573413648,S3-140700328,S3-746047161,S3-232432812,S3-310261700,S3-284939582
S1-937291262	S2-629020108,S2-634805731,S2-404195927,S3-227988540,S3-856533868,S3-145349549,S3-343858884
S1-513541584	
S1-28824899	S2-792272369,S3-476805732
S1-959745452	S2-616475888,S2-9189417,S3-509985983,S3-654115140
S1-258154687	S2-599412614,S2-557302915,S2-378738910,S3-649055696,S3-396078518
S1-64835730	S2-445101128,S3-258192637
S1-817944349	S2-585357532,S3-50661648,S3-108518784,S3-604004807
S1-127634681	S3-224106844
S1-689658626	S3-219659426
S1-314685384	S2-297952448
S1-253407534	S3-492294533
S1-803234206	S2-345775854,S3-143878659
S1-811149869	S2-655443586
S1-550416651	S2-596648973,S2-547269396,S2-295152268,S2-128376174,S3-16949072
S1-878990731	S2-163305519,S2-907956855,S3-93214481
S1-840990248	S3-166034350,S3-624754907
S1-851902288	S2-875035364
S1-189159700	S2-110868952
S1-412961091	
S1-816914007	S2-710503763,S2-283087720,S3-600106648
S1-241018093	S3-960502301
S1-99770174	S3-816907344
S1-568839488	S2-886091862,S2-917505175,S2-593452620,S3-423671410,S3-359610291,S3-329278917,S3-815346201
S1-682966210	S2-663511144,S2-248440130,S3-492147704,S3-208482521,S3-123166981,S3-650945749
S1-237971529	S2-856973892,S2-584187784,S2-940853336,S3-445037333,S3-332688528
S1-592223551	S3-179329343
S1-3900359	S2-427090621,S2-721770997,S2-713185001,S3-536696363
S1-673545205	S2-331369772,S2-276488519,S3-214276298
S1-385330911	S2-499135722,S2-221750878,S3-46665670
S1-136576661	S2-106976824,S2-258426720,S3-239785536,S3-531958714,S3-266466437,S3-927648033,S3-865771785
S1-167705757	S3-954758191
S1-232430169	S2-821477691,S3-271911618,S3-266619742
S1-150702255	S2-644963035,S2-602802839,S2-698669903,S3-55279738
S1-931890520	S2-174637546,S3-578737696,S3-337724532
S1-794381960	S2-56899542
S1-814664790	S2-626426386,S3-745893016,S3-536807079,S3-330839837,S3-490273837
S1-365181869	S2-402782449,S2-63242955,S2-739221300,S2-390129347,S3-415813734,S3-93747368
S1-294493374	S2-219368055,S3-259479078
S1-527516644	S2-879106159,S3-770407510,S3-647094811
S1-230724485	S3-408931028
S1-526548812	S2-978341758,S2-242228320
S1-338622380	S2-142153332,S3-516596898,S3-866499551
S1-690852017	S2-412205165
S1-129328793	S2-635330216,S2-388730158,S3-916667726,S3-752491285
S1-176341356	
S1-543927380	
S1-510615509	S2-663384658
S1-470138580	S2-157385738
S1-494799307	S2-632943587,S2-733853427,S2-604041211,S2-856713564,S2-270473985,S3-528605303,S3-868351011
S1-992938697	
S1-856813526	S2-30057495,S2-430930432,S2-319527555,S2-735889148,S3-878673384
S1-113854447	S2-530053708,S3-601715491,S3-926749470
S1-955008183	S3-105140046
S1-231680057	S2-298544322,S2-669100736,S2-86676621,S3-687619135
S1-149276409	
S1-634931498	S3-930743275
S1-279080601	S2-778155415,S2-392760593,S3-836417584
S1-452708106	S2-524630304,S3-178248291
S1-372742421	S2-797905701,S3-160639166,S3-967677143
S1-347263627	S2-778881870,S2-704703560,S3-154484199,S3-424651476,S3-725799680
S1-335724102	S3-769966780
S1-998261037	S2-185802194,S2-153615035,S3-100573426
S1-239923366	S2-995565281,S2-665538064,S3-644562009,S3-713293109
S1-819572663	S2-839150088,S3-477285467,S3-677406742,S3-119529523
S1-549644276	S2-819193790,S3-657324514,S3-884130471
S1-3423023	
S1-436875127	S2-599385951,S3-308858920
S1-605798030	
S1-53382992	S2-210539865,S3-957145521,S3-780200531
S1-585647572	
S1-938564725	S2-394737848,S3-193067466,S3-731536532
S1-883042748	S2-644798746,S2-732699122,S2-168041610,S3-288111197,S3-169400621
S1-337056330	S2-898290390,S2-950654379,S2-723364168,S2-745739921,S3-92858754
S1-662542754	S2-984253651,S2-50451038,S3-333821573
S1-555277356	S3-25328631
S1-875586296	S2-794745829,S2-974604198,S3-783914934,S3-201854274
S1-15979016	
S1-918058571	S2-100110480,S2-219698318,S2-376558015,S3-768720534,S3-809163603
S1-32615429	S2-839856607,S2-918564699,S3-373144
S1-80959708	S3-966512722,S3-46226449
S1-214238180	S2-59234275,S2-707452840,S2-409564949,S3-40257457,S3-217096927
S1-631121301	S2-650477020,S3-585459116,S3-141872244,S3-134249475
S1-133945395	S2-847077259,S2-164648113,S2-566971573,S3-539749079
S1-109874094	S2-6307470,S2-543241727,S3-873700244
S1-483473467	S2-209229719,S2-101557911,S2-272301690,S3-428759039,S3-952627799
S1-64242508	S2-613029120,S2-2567647,S2-44529595,S3-373065703,S3-627087515
S1-403767331	S2-894550734,S3-729237124
S1-431892628	
S1-700969093	S2-586026355,S3-592589631
S1-991786113	S2-343619765
S1-532740375	
S1-282122582	S2-314164106,S3-954462883,S3-782164619,S3-464427765,S3-514889975
S1-937510708	S2-628121208
S1-433392903	S2-760362287,S2-713424337,S3-403655821,S3-743671585,S3-373165997
S1-775598144	S2-301862686,S3-804960297
S1-891611207	S2-319109754,S3-599705297,S3-473987935
S1-941024722	S2-514532027,S3-715340263,S3-58139644,S3-664170891
S1-513111615	S2-992819033,S2-53808142,S3-223669912,S3-721916764
S1-776430611	
S1-353096648	S2-200627442,S2-795949832,S2-410344702,S3-817820682,S3-53600583
S1-571424222	S2-26801395,S2-168282547,S3-242536707,S3-702865977
S1-658630699	
S1-992832094	S2-108981136,S2-918844371,S2-18244113,S3-102231260,S3-145828530
S1-710279800	S2-516534914,S3-865692771,S3-911117442
S1-428393389	S3-424239611
S1-503729992	S2-462558525,S2-842900734,S2-193298657,S2-910848929,S3-242888374
S1-791694453	S3-783872307
S1-194490413	S2-638009767,S2-785224446,S2-943768257,S3-817876302
S1-99279412	S3-298670700
S1-104263426	S2-617771693,S3-339304565,S3-412920738
S1-220251660	S2-496140913,S2-111741937,S2-66524876,S2-736882122,S3-386601458,S3-563974185
S1-205646077	S2-280570033,S3-562977293
S1-884477323	S2-33077253,S3-735525055
S1-82058203	S3-132179650
S1-436367175	S2-190701802,S2-210818433,S2-295303000,S2-47393297,S3-520587208
S1-890993377	S2-710644144,S3-786451133,S3-250594673
S1-8210971	S2-582353299,S2-380224562,S2-468151491,S3-13039826
S1-752834962	S2-697395123,S2-484080173,S2-678411773,S3-293926361,S3-273645613,S3-913156647
S1-898403997	S3-694615605
S1-271380557	S2-291289215,S3-578482397
S1-328479157	S2-249975430,S3-689423161
S1-169208746	S2-298859511,S2-925803099,S3-600528764
S1-487421071	S2-226663606,S2-481716269,S3-906881210,S3-267560207,S3-519587696,S3-809388958
S1-753319180	S2-251558154,S2-934504533,S3-662534734,S3-469282379
S1-852817416	S2-663968121,S2-365609319,S2-415896225,S3-760778204,S3-139082496,S3-157537504
S1-610451864	S2-805134187
S1-773715949	S2-514787462
S1-267979856	S2-189635286,S3-820347754
S1-426932673	S2-987112990,S3-704281336
S1-828449651	S3-767765157
S1-964706308	S2-458262854,S2-294207490,S2-725724389,S3-186898086
S1-212565741	S2-856580191,S3-203510179,S3-654811929
S1-500958135	S2-257393312,S2-757560341,S2-678211968,S3-72494531,S3-663454633,S3-646963958
S1-295725550	S3-517092288
S1-767487722	S3-499741860
S1-978441720	S2-407186559,S2-949313347,S3-849165695,S3-842726488,S3-532158892,S3-478379367
S1-991850535	S2-459590705,S2-369727736,S3-552877486,S3-362492468,S3-341479740,S3-473284341
S1-645109748	
S1-451529700	S2-695717242,S3-53472743
S1-929413915	S2-846740199,S2-976855499,S2-61591734,S3-186465747
S1-269234238	S2-524003404,S3-96263487,S3-753367847,S3-715180353,S3-401958495
S1-802506295	S2-567647395
S1-843171803	S3-752044877
S1-349312223	S2-284253960,S3-29896424,S3-756587658,S3-401500170
S1-108712014	S2-791605059,S2-32327674,S2-475713661,S3-270949908,S3-457022046,S3-594960274
S1-789768659	S2-101336694,S2-518754182,S2-876261927,S3-270233852,S3-49062854,S3-154327066
S1-974877020	S2-493277844,S2-566531349,S3-478906187,S3-924171306
S1-264667979	S3-984346334
S1-897222340	S2-786198424,S2-587538721,S3-270480506,S3-274085997,S3-205510558,S3-618013487
S1-134168940	
S1-165925749	
S1-223907930	S2-433152988,S3-779094679
S1-326171431	S2-819259056,S2-282553170,S3-229630870,S3-154990473
S1-971518439	S2-186705132
S1-461372660	S2-308798475,S3-247665059,S3-69190679,S3-928389991
S1-461388586	
S1-307275326	S2-440011640,S2-110651184,S3-101358532,S3-342290556,S3-707483855,S3-561753290
S1-447221603	S2-624764840,S3-151568572,S3-121391267,S3-515734506
S1-495080582	
S1-498595920	S2-159657855,S3-338108921,S3-207837586,S3-793490500,S3-170375053
S1-683850551	S2-238993499,S3-685389320,S3-95545778,S3-809581564
S1-697525382	S2-821807122,S3-61497843,S3-624782174,S3-431690658
S1-870432549	S2-67184008
S1-392019050	S2-644002768,S2-288243765,S2-61027505,S3-964429740
S1-256674489	
S1-614037169	S2-889792701,S2-33923228,S3-502693341,S3-738893538
S1-923748679	S2-390306309,S2-5810021,S3-479458232
S1-207061523	S2-512698518,S2-143033803,S2-702456042,S3-156046702,S3-229650544
S1-538218782	S2-781961611
S1-756718832	S2-16012819,S3-59237168,S3-892185132,S3-818780783,S3-322950354,S3-972555644
S1-51079810	S2-952434680,S3-498616133,S3-523757899
S1-471834433	
S1-144272342	S3-66586369
S1-474634955	S3-406728289
S1-905862187	S3-140672151
S1-873732017	S2-316367230,S2-23791824,S2-30103551,S3-411474932,S3-137110932,S3-961903052
S1-929308356	S2-960126156,S3-690496922,S3-232904105
S1-975021145	S2-433136381,S3-469209240
S1-805132571	S2-669759912,S2-585420002,S2-784491002,S3-449346536
S1-533076339	
S1-58407847	S2-247096461,S3-757497444,S3-725919065
S1-657424646	S2-674518988,S3-135199947,S3-519227205
S1-719823440	S2-761435877
S1-843128419	S2-227329430,S2-923091402,S2-827651717,S2-579579697,S3-452713397,S3-41239900,S3-739367798,S3-259138007,S3-708632684
S1-652067323	S2-368267736
S1-503348522	S2-300635425,S3-414509724
S1-660413512	S2-341977289,S3-45454318
S1-165965006	S2-168899115,S2-169212322,S3-933494706
S1-81994530	S2-667842061,S3-970201120,S3-808698361,S3-545758969
S1-590672829	S3-141639223
S1-967463652	S2-114270416,S3-412308064
S1-113897026	S2-256654305,S2-974352611,S3-433879730
S1-796402653	S2-606931340,S2-816651242,S3-679577732
S1-645927560	
S1-602269215	S3-155832051,S3-248354989
S1-687029273	S2-363775279,S2-891745635,S3-216613793,S3-78912466
S1-585079733	S2-503322336,S3-542533617
S1-798274776	S2-617721524,S2-244324052,S2-691767384,S2-159663357,S3-28207266,S3-901182636,S3-412163988,S3-251221970
S1-735836287	S2-180068473,S2-403212586,S3-850358880,S3-354265860,S3-883989735
S1-107573145	S2-427011183,S3-839063597,S3-253710644
S1-384082939	S2-187974195,S3-771000900,S3-699125170,S3-510062707,S3-493791212
S1-370196209	S2-358912276,S3-454305686
S1-378487360	S2-328113488,S2-957206731,S3-425021715,S3-534435488
S1-139623562	S2-703642917,S2-683630590,S3-694660118
S1-853952276	
S1-141221011	S2-362682179,S3-53203663,S3-539028798,S3-819730604
S1-714539778	S2-951571828,S2-854689475,S3-913772778
S1-639041900	S2-562549495,S3-597331763,S3-346494808,S3-555821943
S1-642371937	
S1-262768143	S2-429309513
S1-498638093	S2-138853941,S2-828680122,S3-346200776,S3-427319266
S1-864183915	S2-360308013,S3-123161386,S3-356456980,S3-163538712,S3-189877835,S3-441449003
S1-560397088	S2-717787083,S2-570865792,S3-422697049
S1-810159836	S2-289077218,S2-30039145,S3-853106776,S3-70717617
S1-88547529	S2-891518391,S2-684523050,S2-953537373,S2-290388906,S3-92357035,S3-819445398
S1-923529174	S2-555130794,S3-437807110,S3-515762511,S3-618779553,S3-496836150
S1-259004139	
S1-24938646	S2-322832185,S2-131507647,S3-210434169
S1-71351029	S2-941965626
S1-248067124	S2-228431421,S3-130624239,S3-166172695
S1-146222269	
S1-542656746	S2-483055442,S3-700735387,S3-136108094
S1-824277341	S2-676331797,S3-947755079,S3-139270152,S3-795818028,S3-330507640
S1-860641294	S2-609324727
S1-534799872	S2-99628182,S3-479497337
S1-591287973	
S1-58555109	
S1-718597604	S2-175941411,S2-760793276,S3-370671157,S3-215092011,S3-581531924,S3-688148836
S1-237250517	S2-191915895,S3-401256782
S1-754846554	S2-826980136
S1-684351851	S3-795965668
S1-970326130	S2-710929306,S3-581339404,S3-539954460,S3-810758368,S3-370823274
S1-759424145	S2-61442863,S3-601755179,S3-860722616
S1-112478659	S2-134124733,S2-709881322,S2-217992296,S3-565348646,S3-864167476,S3-731059895,S3-662530763
S1-165086698	S2-417558088,S3-885251732
S1-108397761	S2-190242729,S3-768881389,S3-23548737,S3-304001350,S3-393392745
S1-938010711	
S1-613532559	S3-654416717
S1-170722255	S2-420372242,S2-751637234
S1-58735848	S3-468652271
S1-807482752	S2-712804916,S2-342881626,S3-927648115,S3-420920643
S1-45095199	S2-756661599,S2-352597534,S3-107638468
S1-735617206	S2-830086727,S3-210240655,S3-148036592,S3-667600906
S1-730203002	S2-440571253,S2-880116338,S3-813603607,S3-632688115,S3-861516579
S1-38563234	S2-935707550,S3-385651224
S1-865162144	S2-133928878,S3-112401572
S1-325455672	
S1-65195989	S3-25444627,S3-569681719
S1-810880610	S2-912735779,S3-954589746,S3-445027598,S3-308517315
S1-236192712	
S1-353270376	S2-823717984,S2-805587632,S3-858203235
S1-550529456	S2-608977518,S2-776902365,S3-569947491,S3-632991268
S1-373124726	S2-404884955,S3-948701755,S3-929801030
S1-574428764	S2-825246076,S3-480325873,S3-122856550
S1-808981986	S2-106183387,S2-729966231,S2-742323440,S3-724869268
S1-500825307	S2-661782703,S2-756557143,S2-441061874,S3-761977160,S3-719954219
S1-995945468	S2-365421986,S3-462619403,S3-971757685,S3-60947202
S1-939737744	
S1-80104950	S3-902584401,S3-196784074
S1-309896521	S2-140145217,S2-315537336,S3-562583565
S1-202721680	S2-295812213,S2-161055786,S3-580265449
S1-234223484	S3-16906256
S1-605080241	S2-719417593,S2-394148780,S3-729234919,S3-129309130,S3-729913948
S1-69882109	S2-307467041,S2-428415610,S3-541049628
S1-410694276	S2-33734545,S3-357161627
S1-753963642	S2-774047633,S3-68863460
S1-795172974	S2-232279773,S3-857735708,S3-493473167
S1-976885039	S3-175960356
S1-888650081	S3-100367962,S3-99069664
S1-294943760	
S1-369333848	S3-234717929
S1-817807736	S2-944231616,S2-888597281
S1-860468109	
S1-951696804	S2-13090753,S3-797925941
S1-446352144	
S1-790569073	S2-472898438,S3-602119387
S1-740985445	S2-215218170,S3-238274500,S3-897689569
S1-696399290	
S1-805016174	S2-247861128,S3-186865714
S1-133086556	S2-370974927
S1-99674831	S2-624303151,S3-934718052,S3-538571276
S1-910118748	S2-199595304,S3-615336539
S1-474893889	S2-911597195,S2-790814967,S2-667881889
S1-317731126	
S1-306838137	S3-405443739
S1-651974871	S2-387585281,S3-617533799,S3-784112329,S3-802999337
S1-896109606	S2-541270990,S2-740272390,S3-623126041
S1-838592051	S2-58157248,S3-957383737,S3-971633377,S3-468086099,S3-832394910
S1-712329258	S2-16795991,S2-647402397,S3-800902739,S3-4970882
S1-889460249	S3-294707067,S3-671831236,S3-138943531,S3-320544993,S3-415290502
S1-237390245	S3-646856060
S1-107475633	S2-695482512,S2-664465136,S3-970468138
S1-68973368	
S1-170816168	S2-676676977,S3-314243500
S1-648812556	S2-247638113,S2-735430557,S3-649920953
S1-701821033	S2-663852961,S2-212360217,S2-967202489,S2-88268062,S2-268506326,S3-204865612,S3-790999049
S1-552910207	S2-898423419,S3-620611403
S1-618187967	S2-27580551,S3-126709274,S3-541557444
S1-150533149	S2-518867558
S1-370643168	
S1-252204672	S2-283499357,S2-746336716,S2-348942480,S3-680597075
S1-406483571	S3-711504076
S1-380284567	S3-732371132
S1-817526653	S2-590386868,S2-932322515,S3-941596254,S3-624794880
S1-162851750	S3-37881099
S1-691598728	S2-628456693
S1-140787527	
S1-603743638	S2-378835005,S3-70206105,S3-876093129
S1-635171803	S2-809263359,S2-453507694,S3-247666451
S1-99773516	S2-983928132
S1-595644074	S2-972586118,S2-215358394,S2-973352628,S3-352216996
S1-868911212	S2-195442284,S2-364951437,S3-943674714,S3-435636612,S3-63907912
S1-392048433	S2-275836968,S2-47294392,S2-422890898,S3-127099357,S3-402390985
S1-12072560	S2-22693351,S2-2650166,S3-631987576,S3-507422487,S3-935679703
S1-685007952	S2-817906262,S2-923587952,S3-126759308
S1-776949709	S3-760834825
S1-110084257	S2-720202362,S2-72391673,S3-373722659,S3-360154088,S3-871974338,S3-696998314
S1-632962511	
S1-816101382	S2-667807187,S2-815159464,S2-166681369,S3-674886007
S1-141017493	S3-981947992,S3-19706290
S1-39005464	S3-314516975
S1-831781947	S2-885551436,S2-200710426,S3-454183803,S3-847691920,S3-652083659
S1-872266856	S2-409360906,S3-173058878
S1-801929597	S2-669148970,S2-781684251,S3-285420497,S3-795094838
S1-446132485	
S1-786366407	S2-26022949,S3-692274680
S1-475294601	
S1-608341038	S2-692019686
S1-312856658	S3-911370683
S1-154458112	S2-759724656,S3-760176426
S1-886327622	S2-836757576,S2-863071904,S2-871049814,S3-849270697,S3-988583965,S3-255461338
S1-292612900	S2-945842043
S1-625473408	S2-214275484,S2-342462583,S2-35039296,S3-934924069,S3-837070843
S1-935424165	S3-914937052
S1-375042209	S3-268923574
S1-819997156	S2-594340713,S2-217353321,S3-983522003
S1-256930155	S2-182692089,S2-510016936,S2-491197379
S1-235494406	
S1-447235423	S3-134131490
S1-682079408	S2-788896360,S3-282878960
S1-406744733	S2-817089548,S2-263277778,S2-493346444,S3-828246303,S3-507762756
S1-847230816	
S1-701878941	
S1-831610970	S2-799645349
S1-235759935	
S1-553540457	S2-554623044,S2-122475484
S1-387051622	S2-330136001
S1-447742924	S2-193556465,S3-78493321,S3-945216958,S3-362541868
S1-586747369	S2-754918088,S2-813170328,S3-92456920,S3-977597395,S3-209014451,S3-388410445,S3-691945955
S1-617509881	S2-389476940
S1-35557432	S2-68557991,S3-894990045,S3-180032483,S3-931619812,S3-322277654
S1-43980371	S2-786224354,S3-111844861,S3-290832380,S3-937064777
S1-749017734	S2-284244180,S3-595352433,S3-380866103,S3-835149805,S3-978002994
S1-662713468	S2-565525646,S3-976979632,S3-862563263,S3-996822349
S1-153366630	S3-844229002
S1-979970707	
S1-796600355	S2-987643793
S1-231564869	S3-598832448
S1-902552291	S2-194540012,S2-488102830,S3-139887225,S3-666307285,S3-856978123,S3-610687789
S1-665522603	S3-813562861
S1-503056102	S2-438837652,S2-198098143,S3-788848721,S3-181729843
S1-223567572	S3-170854488
S1-950207448	S2-282281960,S3-973771276,S3-374266816
S1-48375847	S2-821706260,S3-806147222
S1-662102938	S2-567938383,S3-64682505,S3-735606121
S1-99760146	S2-760718505,S2-454661097,S2-781681430,S3-126907417,S3-329731663
S1-193976262	S2-794877277,S2-777531515,S3-229418112
S1-959129606	S2-725297873,S3-850433648,S3-966371752
S1-107116349	
S1-364407812	S2-369452527,S2-577802240,S2-288030509,S2-108111202,S2-249636171,S3-235460491
S1-32049261	S2-631100622,S2-294179855,S3-513144889
S1-49940552	S2-754663584,S3-884943115,S3-758667350
S1-776317308	S2-619980739,S2-48429806,S2-635055193,S2-296295621,S3-76550117,S3-297539750,S3-759488208,S3-228229146,S3-907372378
S1-100092302	S3-342499147
S1-725678134	
S1-351902489	S2-718366440,S3-822513321
S1-436600774	S2-134829976,S3-117213651
S1-958374761	
S1-14779833	S2-454559037,S2-947150927,S3-997882915
S1-991392469	
S1-5998019	S3-13044967
S1-741873164	S2-274538187,S3-458244716
S1-641484914	
S1-298904525	S2-133373442,S3-210470478
S1-892077127	
S1-973571844	
S1-784039508	S2-157853886,S2-443524262,S3-165792587,S3-62849194
S1-778610818	S2-75696335,S2-740790891,S3-183707896,S3-856182146,S3-409381121
S1-481416672	S2-937723366,S2-189593482
S1-707953035	S2-151923027,S2-188304927,S3-758552485,S3-575946985
S1-315629401	S2-112784538,S2-449333117,S3-900789819,S3-124396128
S1-850215759	S2-500927837,S2-187395848,S3-366577916
S1-61644659	
S1-956892352	S2-483807584,S2-499272830,S3-811748796,S3-203505954,S3-583341879
S1-479631558	S2-161115280,S3-232278791,S3-570255573
S1-172157850	S2-415495312,S3-612274336,S3-876052660
S1-299424861	S2-205858250,S2-7525683,S2-38362082,S3-810075437
S1-540708667	S2-579268377,S2-193754469,S2-715478259,S2-446347129,S3-727316453,S3-899501556
S1-594945602	S2-504414564,S3-171233500
S1-834939521	S2-224340682,S2-442964685,S3-127165986,S3-741796276
S1-374201815	S3-785394979
S1-888152141	S2-383978073,S2-893940024,S3-417447907
S1-508731168	S2-688401467,S2-220499811,S2-857625661,S3-153332927
S1-930884746	S2-764513599
S1-138170877	S2-793703768,S3-265530304,S3-745471414
S1-187486235	S3-865427278
S1-16404871	S2-519282722,S2-85403504,S3-895252593
S1-749996792	S2-516775701,S2-622539630,S2-170432862
S1-166148950	S2-703727177,S2-665370152,S3-621336724
S1-846861727	
S1-192184645	S2-176418462,S2-575794988,S2-678973706,S3-424432381
S1-778071611	S2-505142353,S3-93306468,S3-280484929,S3-421505750
S1-243270869	S2-461332269
S1-450323972	S2-475072123,S3-657914124,S3-682465414,S3-480762662,S3-83122878
S1-265082788	S2-534641203,S2-488152538,S3-732652865,S3-842812393
S1-695224921	S2-679271018,S3-768023457,S3-391327087,S3-928641162
S1-219503407	S2-678081081,S2-765072258,S3-877044518,S3-898802968
S1-641486859	S2-397081895,S3-690308206,S3-107247829
S1-575097552	
S1-208680021	
S1-419814276	S2-798816390,S2-757667155,S2-723335115,S3-328716867
S1-124219063	S2-986915727,S2-949224950,S3-937404517
S1-132212836	
S1-860223048	S2-30523751
S1-948343544	S2-405188320,S2-196190894,S2-386006861,S3-908714524,S3-650442163,S3-191442299
S1-895897796	S2-612109218,S3-393933486,S3-821156661
S1-775496481	S2-180285456
S1-917742731	S2-53059421,S2-173252207,S2-937501599,S2-464223522,S2-725398492,S3-186786934,S3-951397801
S1-722070110	S2-556788205,S2-792613078,S3-375145293,S3-793502918
S1-771329325	S2-6629843,S2-399623127,S3-886743055,S3-494321437,S3-562552717
S1-245765558	S2-132462891,S2-273565704
S1-456596958	S2-375743230,S2-526901135,S3-878948824
S1-138844475	S2-161211014,S2-987347895,S2-2836222,S3-961308321,S3-119659258
S1-834541494	S2-237472876,S3-525315859,S3-849207480
S1-661641591	
S1-503088761	S3-882805550
S1-12396529	S2-313434344,S2-526477293,S2-881770141,S3-39377468,S3-533319865
S1-413086658	S2-746967424
S1-923990385	S2-320315969,S2-780670509,S3-644569237
S1-732294438	S2-275531136
S1-788374040	
S1-701376102	S2-328615255,S2-693149199,S3-571633516,S3-929539326,S3-74840514
S1-87490736	S2-383459669,S3-639749252,S3-933713696
S1-57608541	S2-758194341,S2-361839869,S3-666448593,S3-537775004
S1-876301536	
S1-102055538	
S1-170193954	S2-340004429,S2-900074339,S3-860566962
S1-164746397	S2-123043526
S1-172875954	S3-390207147
S1-401568741	S2-367914030,S3-437599709
S1-306371850	S3-645104940
S1-720864838	S2-139114686,S3-403183619
S1-74745427	
S1-744805649	S2-644681360
S1-286161113	S2-97157090,S3-201278018,S3-157436076
S1-244283508	S2-731659448,S2-967381053,S3-6435714,S3-431255185
S1-92235851	S2-71985458
S1-633521258	S2-842866661,S2-156794782,S3-345613138,S3-313440033
S1-958831759	S2-725606425,S2-873590594,S2-408137523,S3-699215332
S1-709958625	S3-17049560,S3-115439867
S1-366296744	S2-832302724,S2-945533693,S2-299486628,S3-760228105,S3-749416553,S3-568908882,S3-905633158
S1-739066971	S2-310780152,S2-856507636,S2-637715760,S3-139430765,S3-221345390
S1-126823758	S2-439612217,S2-635736076,S2-192466986,S2-810953749,S3-130849947,S3-391659031,S3-720905983
S1-705628621	
S1-189053219	S2-252432770,S2-529755200,S2-273921317,S3-213242417
S1-504295147	S2-245261582,S3-370794568
S1-292017266	
S1-173486757	S2-351287828,S3-202532519
S1-259380864	S2-348754293,S3-452664537
S1-824823733	S2-658051713,S2-98561042,S3-580972169,S3-127529151,S3-637991979
S1-373479106	S2-397531852,S2-921517501,S3-244725045
S1-342023120	S2-486933473,S2-952287028,S2-358021871,S3-946900181,S3-471874675,S3-207404608,S3-612389955
S1-133624164	S3-496467306
S1-886006159	S2-639751886,S2-818832649,S3-83155274,S3-641545070
S1-852159793	S2-952700022
S1-60760819	S2-655320202,S3-448457477,S3-175394130,S3-909112301
S1-844066886	
S1-194894153	S2-337156221,S2-150436651,S3-772450023
S1-475779833	S2-473631337
S1-609283949	S3-988256048,S3-140784517,S3-316064934,S3-633054292
S1-167235080	S2-398948567,S3-90645803,S3-684178480,S3-669671126
S1-246531965	S2-285159651,S2-908582846,S2-596456265,S3-80795199
S1-586500148	S3-242301173,S3-245152101
S1-85952257	S2-980967942,S2-982637553,S3-523364307
S1-275593862	S2-436155054,S2-102998932,S2-893605630,S3-164581826
S1-246532015	S2-886987909,S2-699052220,S3-958858591,S3-730015955
S1-920520715	S2-186089740,S2-477649263,S2-217353306,S3-780937836
S1-509907253	S2-801002420
S1-987288271	S2-144315760,S2-173424220,S2-365734485,S3-983960816,S3-757000788
S1-473413685	
S1-772969766	S2-599719500,S2-926252914,S2-400697341,S3-380113378
S1-810279136	S3-228302113,S3-553755954
S1-967560200	S3-631005917
S1-299932711	S2-460875061,S2-280100349,S2-374278255,S3-834770646,S3-141118288,S3-129899149
S1-670306284	S2-176006511,S2-652919549,S3-157005002
S1-41030742	S3-651971067,S3-361181989
S1-110561951	
S1-534710975	S3-259486578
S1-159164118	S2-449990284,S2-57134476,S3-852243830
S1-243468828	S2-807964078,S2-713135946,S3-969135680,S3-131619643,S3-907321312
S1-716236697	S3-853250833
S1-716014275	S2-521024354,S2-407149621,S3-899065996
S1-223405264	S3-480669567
S1-943595486	S2-468145753,S3-367957488,S3-818193200
S1-954521040	S2-254056137,S2-318986722,S3-730313164
S1-852447013	
S1-568483103	
S1-718352716	S2-275477984,S3-204415076,S3-70125983
S1-740424868	S2-554915104,S2-536785723,S3-683306305
S1-780538123	S2-776247999,S3-881427103,S3-597854010
S1-683835491	S2-890031953,S2-825380056,S3-478067694,S3-853005341
S1-895255830	S2-349218155
S1-591966828	S2-795841704,S2-19319384,S2-965345428,S3-983843950,S3-605667174
S1-310169291	S2-278009802
S1-925145349	S2-886645512,S2-76808233,S3-369078435,S3-631798048,S3-78126680
S1-188349037	S2-147713135,S3-851617613,S3-363958412,S3-964376549
S1-17738806	
S1-211038958	S2-845728735,S2-618476530,S2-410425647,S3-852035600,S3-177640616,S3-687729435
S1-353559782	S2-831449614,S2-352431596,S2-919789833,S3-715100641
S1-339738881	S2-636522396,S3-854870037,S3-489324
S1-870743204	S3-900137304
S1-83709951	S2-428745763
S1-427673601	S2-162641871,S2-311766966,S3-134770330,S3-792611559
S1-751172377	
S1-216921515	S2-950102238
S1-835099480	S2-681917237,S3-336494879
S1-83202046	S2-304002355,S3-610504712,S3-642134995,S3-102612408,S3-665998364
S1-726303600	S2-142616929,S2-399076986,S3-682374608
S1-642961058	S2-40673940
S1-43740158	S3-134509842
S1-547393690	S2-839099715,S3-441829521,S3-547859707
S1-59630692	S2-824377685,S2-790245624,S3-400590797
S1-602535006	S2-652263060
S1-770031526	S2-446565099,S2-420169100,S2-826724919,S3-154313934,S3-969508966
S1-534112735	S2-295609940,S2-828845600,S2-219086400,S3-890477630,S3-199864916
S1-941447863	S2-282513358,S2-967575340,S3-916950179,S3-582736640
S1-232676474	S2-193694911,S2-897666902,S3-979644524
S1-799688574	S3-119055178
S1-50961892	S2-628723139,S3-431897656,S3-598778555,S3-251736651
S1-148770821	S3-851996834
S1-889740019	S2-505999411
S1-241920419	S2-714407307,S2-36380290,S3-345224698,S3-159455463
S1-690199502	S2-683824784,S3-149622512,S3-733426818,S3-399194524
S1-269666497	S2-214515274,S2-564041534,S3-238653635,S3-149800664
S1-966621188	S2-476788626,S2-363583151,S2-649232609,S3-374447574,S3-148067948,S3-259731751
S1-863864051	S2-179653602,S2-704164853,S2-497614165,S2-427799030,S3-986959235,S3-894764095,S3-627616163,S3-143621167
S1-211966523	S2-500983517,S3-171838070,S3-513810701,S3-34808543
S1-798451786	S2-561283384,S3-329845696,S3-617402131,S3-397361339
S1-871377720	S2-698654254,S2-768791499,S3-900739429,S3-311976747
S1-167799365	S2-994552514,S2-570478566,S3-621230632
S1-176664205	
S1-901945822	S2-865126238
S1-378308641	S2-832603014,S2-571871713,S3-716234883
S1-780144637	S2-581986380,S2-248183963,S3-828172169,S3-546381820,S3-620815675
S1-344141865	S2-294485134,S3-828714880
S1-417053849	S2-566504629,S3-76051369,S3-882491041,S3-396782017
S1-839319208	S2-7915945,S3-691955148
S1-918990522	S3-37447706
S1-363985435	S2-528739200
S1-941099420	S2-421006002,S2-377569480,S3-305135657
S1-373110418	S2-674301814,S3-561164450
S1-348563241	S2-15855041,S2-372928094,S2-444515088,S3-623512903,S3-216075814
S1-726454238	S2-436189211,S2-686083420,S3-764550547
S1-130930191	
S1-967819799	S2-13471780,S3-980601257,S3-237698530,S3-170525077
S1-171799827	S2-554626649,S2-76835127,S2-373111173,S3-507878133
S1-546012004	S2-67424467
S1-333922524	S2-238760821,S2-883215266,S2-286852771,S3-271402285
S1-750080838	S2-913383207,S3-496500027,S3-446641562,S3-498701424,S3-964752096,S3-472926056
S1-163331652	S2-821367524,S2-323457136
S1-234472268	S2-640083993,S2-291011181,S3-231995815,S3-474495136,S3-7212297,S3-262094680
S1-40344979	S3-675890414
S1-65137037	S2-509329490,S2-578512485,S3-672449678
S1-860381404	S2-987763735,S3-465100279,S3-209258980,S3-700862550
S1-227718598	S2-280507402,S2-80419760,S3-66738853,S3-718732917
S1-824584219	S2-422774414
S1-492116916	
S1-34035620	
S1-549921104	S2-177306405,S2-129672215,S2-365997698,S2-749033451,S3-89508218
S1-458710105	S2-207764809,S3-810128918
S1-780952141	S2-661518126,S3-760101156
S1-592136010	S2-400583833,S2-740318199,S3-458832323
S1-225346273	S2-131466915,S3-812839738,S3-451762362,S3-427957117
S1-416755082	S2-534562178,S3-824930136,S3-505186809,S3-191771290
S1-70139170	S2-982550996,S3-864789423,S3-347425924,S3-679848053,S3-432090048
S1-65220873	S2-696377793,S3-219733710,S3-611097059,S3-857915872,S3-79544898
S1-838804554	S2-704927773,S2-518342798,S3-236376858,S3-559731878,S3-515850199
S1-718118464	S3-947900912
S1-485884339	S2-906584229,S3-203565238
S1-132646577	
S1-122127517	S2-107822131,S2-67541656,S2-821906355,S2-234043636,S3-711876584,S3-987412552,S3-550581498
S1-696987222	S2-556538471,S2-46372192,S3-982209303
S1-492526224	S2-417608270,S3-344574452,S3-101994186
S1-215992309	S2-841147729,S2-481046223,S3-404682796
S1-860027266	S2-269952200,S2-362714056,S2-853167643,S3-599987604,S3-379383053
S1-927513379	S2-883848764,S2-409220525,S3-63972769
S1-122653992	S2-302218079,S2-291996709,S3-100079873,S3-819420736
S1-892685174	S2-617645210,S2-927074233,S2-399817020,S2-888347327,S3-158170862,S3-318759985
S1-175286035	S2-499605271,S2-717538237,S3-330361228,S3-526545671
S1-38770013	S2-234503767,S2-602617990,S3-212947829,S3-710488426,S3-653952034
S1-866004084	S2-113705551,S3-781649535,S3-226584221,S3-164865700,S3-708578550,S3-369936538
S1-756200431	S3-609006529
S1-287450912	S2-496159013
S1-515891336	S2-642343776,S3-457236977,S3-221465283
S1-112304371	S2-201836269,S3-578642272
S1-191362935	S2-958318473,S2-444002706,S3-886761178,S3-9139425
S1-965111382	
S1-472766062	S3-548090659
S1-886074083	S2-750863828,S3-723952091,S3-202047017
S1-736897773	S3-476485986
S1-948103166	S2-333398856,S2-341127829,S2-286505520,S2-906973210,S2-922041427,S3-794323979,S3-580933616
S1-643953597	S2-925259795,S2-857271980,S2-855069581,S2-858933825,S3-180755989
S1-601637369	S2-504315604,S2-627491438,S2-973360320
S1-373745330	S2-243146895,S2-522308141,S3-257389736
S1-807551268	
S1-993449064	S2-92751996,S2-822379370,S3-21318972,S3-957070267
S1-398445396	
S1-839677681	S2-395807715,S2-187437727,S3-765895556,S3-682138486
S1-591470003	S2-89125262
S1-369070037	S2-221516068,S2-193645586,S2-695864835,S2-311451346,S3-473379405,S3-932137387
S1-586555939	S2-228798667,S3-618740375
S1-103378800	S2-848558522,S2-271103232,S3-582423883
S1-569990253	S2-210138524
S1-696404212	S2-745114302,S2-190945470,S2-378612381,S3-385344879
S1-438370909	S2-976598599,S3-885816770,S3-660167485
S1-386838554	S3-872531308,S3-116048051,S3-495483872
S1-921714558	S2-222440066,S3-904105477,S3-143456269
S1-254826852	S3-593342815
S1-457490674	
S1-610203571	S2-90924571,S3-703692942,S3-185145188
S1-101768858	S2-875292312
S1-265368534	S2-489891653,S2-696159525,S2-435700159,S2-77862033,S3-857954396
S1-750836360	S2-883981214
S1-48479328	
S1-126898106	S2-149164981,S2-928119844,S3-248181320,S3-631027744,S3-799995945
S1-597898841	S2-488781294,S2-613551086,S2-642701439,S2-457608000,S3-818086766,S3-683497800,S3-834007577
S1-864388235	S2-572332927,S3-663490434,S3-637678104
S1-676349283	
S1-513337780	S2-743065207
S1-87368432	S2-653801696,S3-151677806
S1-435704510	S2-438930893,S2-72425777,S2-231699043,S3-549030172
S1-629668023	S2-64994856,S3-718977425,S3-149691925
S1-596826662	S2-336924383,S3-600439697
S1-372365347	S2-946518204,S2-63402864,S3-810640966
S1-862577256	S3-6021026,S3-819392597
S1-541223447	S2-189698661,S3-85238265
S1-579995479	
S1-19338544	
S1-911076366	S3-823657350
S1-527013301	S3-679278814
S1-626620400	S2-706537922,S2-214384636,S3-440526638
S1-996413384	S2-678961431,S2-964026388,S2-138022951,S3-727113022,S3-962925003,S3-604978360
S1-263533910	S2-538314886,S2-649871131,S3-971726755
S1-564524243	S2-477170361,S2-418783726,S3-870036326,S3-654933886,S3-414180530
S1-765939422	S2-414573285,S2-951911827,S3-774386125,S3-720936299,S3-468787061
S1-722939791	S2-724335492,S2-641527836,S2-930885448,S3-456165085
S1-824601420	S2-97238646,S2-457531561,S2-260673850,S3-767152845,S3-566999618,S3-469200591,S3-2578147
S1-991081862	S2-100235784,S2-627135745,S2-606290625,S2-118178597,S3-592713524
S1-76870079	S2-332968294,S2-638127315
S1-427992807	S3-43416046,S3-775088028
S1-943507938	S2-956136827
S1-241857368	S2-165274073,S3-193603669,S3-329138827
S1-499944882	S2-551976096,S3-763220815
S1-636413991	S2-130042258,S2-419751400,S2-734085537,S2-543463279,S2-452101022,S3-164131755
S1-268677587	S2-881670297,S3-671116323
S1-430347768	S2-479264177,S2-84330163,S3-703538385,S3-291808736
S1-179155093	S2-631694489,S3-999184989,S3-7578066,S3-38593269,S3-546911381
S1-459010661	S2-513161702,S3-686836223,S3-115438975
S1-979916676	S2-632864222,S2-739142777,S2-525656765,S3-597413095,S3-276317994
S1-473272585	S2-181846531,S2-864741569,S3-136846945
S1-417492147	S3-568260764,S3-460311100,S3-481318931
S1-980933806	S2-268308709,S2-837575613,S3-926567529,S3-15800751,S3-519541941,S3-913035218
S1-607636575	S2-606963684,S2-239629534,S2-381784711,S3-758777677,S3-908914636
S1-516625391	S2-935113820,S2-866332654,S2-917446039,S3-96177494,S3-908826477,S3-575851627
S1-603422989	S2-978091876,S2-551921268,S2-192496102,S3-45540671,S3-755156614,S3-953494124
S1-856219722	S2-214098527,S2-599916867,S2-634634189,S2-934917311,S3-917098312
S1-58609544	S2-308960341,S2-514804179,S3-113201373
S1-918287237	S2-279145323
S1-361586935	S2-133932949,S3-273180718
S1-493425222	S2-107785152,S3-993761189
S1-636323287	
S1-874199116	S2-873679621
S1-958451981	S3-538014041
S1-832798143	S2-491874322
S1-391514358	S3-530137928
S1-616395064	
S1-292565290	
S1-494782896	
S1-109235181	S2-560627638,S2-748643046,S2-633418468
S1-593430097	S3-186661420,S3-897268786,S3-530379815,S3-902751218
S1-518276369	S2-629261456,S3-629036509
S1-855453577	
S1-945929338	S3-353915472
S1-637471848	S2-431134024,S3-981175891,S3-924758072,S3-954354938
S1-638662272	
S1-289948921	S2-14154802,S3-946183063,S3-682595178
S1-661765401	S2-11628298,S3-279876444
S1-804587091	S3-183986139
S1-657165229	
S1-698027388	
S1-904862453	S2-560762532,S2-483840863,S3-100204786,S3-251497479
S1-864576591	S2-522419210,S2-695638229,S2-715560752,S3-824242493,S3-652214000,S3-58837472
S1-507402952	
S1-945161667	S3-298277149
S1-728357648	S2-738476576,S2-231097867,S3-453025329
S1-51751538	
S1-358621767	S2-261034668,S2-693767083,S2-290718457,S3-162982720
S1-48049082	S2-910051530
S1-875817578	S2-996865137,S2-909318127,S3-121961921
S1-864975876	S2-52481741,S3-554087439,S3-818950214
S1-3045226	S2-437709442,S2-699888217,S2-645286338,S3-665688320,S3-203563095
S1-546434710	S2-17017490,S2-549281856,S2-282720602,S3-351389224,S3-925731443
S1-528631789	S2-857413084,S2-606404614,S2-785569464,S3-408031962,S3-709767818,S3-396197037
S1-922304075	S2-546145822,S2-141464931,S3-461060594,S3-744666188,S3-569400493
S1-474445761	S2-991804904,S3-316562831,S3-19414820
S1-443204867	S2-893401331,S2-552889069,S2-12783218,S3-841462465
S1-605057518	
S1-703657788	S3-56331466
S1-646663332	S2-863573712
S1-337248003	S2-176673418,S3-398418973
S1-69359366	S2-50816277
S1-971088957	
S1-671770331	S2-589095767,S2-260853401,S3-707729237,S3-196038822
S1-858074664	S3-207039994
S1-247484796	S2-298585733,S3-242633152,S3-905600268,S3-857729779
S1-46768311	S2-613307126,S3-237287070
S1-375227180	S2-180916171,S3-2383227,S3-793677440,S3-809711961,S3-676243607
S1-924757726	
S1-20726564	S2-127426662,S2-746373658,S3-783740886
S1-604902985	S2-818981834
S1-654394531	S2-973478389,S2-712355089,S3-894997214,S3-575289937,S3-517251839,S3-517158562
S1-360757807	S2-187042284,S3-571257875
S1-78593172	S2-657791920
S1-194778935	S2-223174513,S2-665128463,S3-274131801
S1-870803449	S2-982437899,S3-928028045
S1-444893728	S2-749649544,S2-577427158,S3-242242381,S3-528384119,S3-432608968
S1-857324724	S3-141974939,S3-34779053,S3-790208743
S1-900565872	S3-811037946,S3-786267146
S1-461567886	
S1-349113442	S2-619689393,S2-461414434,S3-662117321
S1-931049186	
S1-159956451	S2-843799915
S1-311877288	S2-246176972,S2-82611589,S3-988284780,S3-917488194,S3-647420326
S1-521538705	S2-693188178,S3-89990927
S1-308697522	S2-288796035,S2-588076775,S2-36886271,S3-3746210,S3-330979846
S1-745990908	S2-945576309,S3-857538104,S3-112859415
S1-502726892	S2-994198378,S2-344620583,S3-692610256,S3-385789290
S1-897632786	
S1-458795631	S3-921546493
S1-532931850	S2-229744280,S2-63609478,S3-304185388,S3-169237138,S3-279599731,S3-21505938,S3-328159781
S1-772640613	S2-944522166,S3-353152063,S3-159995814,S3-795273867
S1-948879459	S2-877905765,S2-787677523,S3-963115015
S1-568730567	S2-983950661,S3-7563
S1-846074338	S2-693347577,S2-503492251,S3-146779637,S3-76788537
S1-219027493	S3-956473490
S1-461852902	S2-593118575,S2-330444166,S2-188194418,S3-819811342,S3-294603699,S3-633126377
S1-392199760	S2-811723113,S2-781921023
S1-800413488	S3-429525528
S1-385882337	S3-861954549
S1-928544258	S3-100617532
S1-813825124	
S1-350317556	S3-470877082,S3-756686792
S1-209005262	S2-247294606,S3-414393023,S3-616976749
S1-526828438	S2-868382047
S1-827822939	S2-185521713,S2-698278831,S2-540764315,S3-788049746,S3-435658581
S1-248858091	S2-191612461
S1-440086190	S3-81815294
S1-493003092	S2-875439355,S2-982231696,S3-817409933,S3-712328950,S3-778270843,S3-387987247
S1-492602305	S2-190813785
S1-32092881	S2-994456344,S3-615830313,S3-917101912
S1-222356070	
S1-575019586	S2-182725821,S3-720872095,S3-220980825,S3-705408100
S1-871678711	S3-959376890
S1-426074650	
S1-956911126	
S1-433208234	S2-358100728,S3-844634154,S3-251898778
S1-272375473	S2-747825131,S3-585295798
S1-85123654	S2-806518819,S3-26421150,S3-302963187
S1-978230752	S3-980472309,S3-206204953,S3-464630771
S1-248089382	S2-286433038
S1-467444196	S2-815487396,S2-255738474,S2-473593365,S3-103311518,S3-868896807
S1-458120090	S2-993999980,S2-132225269,S3-314281859,S3-405073792,S3-593416813
S1-732353361	S2-416096882,S2-387450691,S3-280294652,S3-672633764
S1-274425345	S2-127518365,S2-390208555,S3-461601046
S1-849065046	S2-314857281,S2-527344312,S2-136706770,S3-482207232,S3-203395375
S1-869769391	S2-602883587,S2-280792226,S2-151101149,S3-686392257,S3-711118103
S1-904957054	S2-478948297,S2-901123370,S3-840874881
S1-873715381	S2-759691429,S3-55337148
S1-871207592	S2-913373950,S3-839022371
S1-902502161	S2-465524774
S1-141536569	S2-481330067,S2-821830970,S2-645509967,S3-414601367
S1-793770724	S3-400057120,S3-297854627
S1-3528500	S3-436492194,S3-792985312
S1-993682238	S2-642954347,S2-597453389,S2-405484524,S3-914762998
S1-953709963	S2-929483151,S2-892946085,S2-475072421,S3-786622260,S3-225022493
S1-101804962	S2-992691529,S2-364661174,S3-974467925,S3-800084272
S1-520329158	S2-57691559,S3-383244636
S1-980086433	S3-482548291,S3-823206229,S3-140057413
S1-338922554	
S1-87500421	
S1-258427489	S3-614001738,S3-585026465,S3-143029402,S3-556004316,S3-748178888
S1-665712465	S2-93107530,S2-563015475,S2-608621066,S3-942979443,S3-561784506
S1-227092629	S2-688803068,S2-966289742,S2-287205687,S3-883661760,S3-428811664,S3-983667890
S1-418038972	S2-268114778,S3-41678735,S3-439482891,S3-880931968
S1-318539646	S2-342860336,S3-797141885,S3-362365044,S3-155829290
S1-140017295	S2-962354171,S2-849272528,S2-416823779,S2-869964072,S3-884118650,S3-776869552,S3-290507564
S1-855157323	S2-259007007,S2-943568610,S3-593089229,S3-734236016
S1-478347574	S2-346458601,S2-959923955,S2-410084274,S2-743250310,S2-596249913
S1-80358063	S3-228387397
S1-241387316	S2-275035739,S2-360208477
S1-845725421	S2-857865575,S3-224042,S3-78434682
S1-758430901	
S1-369938876	S2-255341244,S2-910400596,S3-428136341
S1-179320017	S3-834019209
S1-41253581	
S1-99153387	S2-528714378,S2-703932204,S2-611818655
S1-496179899	S2-79432249,S2-721447283,S2-804638495,S3-552448296
S1-773234559	
S1-111127362	
S1-594448192	S2-113012473,S2-137440792,S3-94842440,S3-485882240
S1-119046932	S2-602029869,S2-247455350,S2-937533064,S2-807916287,S2-435885481,S3-140701298,S3-78755838,S3-450592380,S3-773239109
S1-303150065	S2-85399476,S3-337825878
S1-279369019	S2-643359232,S2-97719472
S1-658711119	S2-964412277,S3-749792160
S1-316475058	S2-357083657,S3-145720094,S3-378829923,S3-117560381
S1-689511545	S2-598189186,S2-38407134,S3-395421342
S1-905882782	S2-855179782,S2-782988779,S3-732334631,S3-923583359
S1-647222632	S2-504865699,S2-730694776,S3-158165704,S3-256863694,S3-623668502,S3-933562249,S3-361321795
S1-310634965	S2-922408328,S2-30942111,S3-574367032
S1-630604761	S2-133230158,S3-365534484
S1-952076480	S2-377122533,S2-646930488,S2-524133911,S2-851805333,S3-996001222,S3-689573236,S3-71220324
S1-837721134	
S1-805505871	S2-834159552
S1-493754288	
S1-721176723	S2-747042718,S2-653968992,S3-766092930
S1-297628930	S2-839177408,S2-847043326,S3-182408374,S3-519088167,S3-802955331,S3-678595084,S3-833138509,S3-169773238
S1-273218314	S2-411740182,S2-116436319
S1-615644776	S2-687893763,S2-182326416,S3-140963471,S3-992482569,S3-555148506
S1-83591583	S3-594852029
S1-541159722	S2-467046016,S2-144819647,S3-844383062,S3-285357817,S3-232773537
S1-848826400	S2-712084862,S3-362003328
S1-472467549	S2-239002464,S2-673265106,S3-396125832
S1-440637637	S2-866909516,S2-51662384,S2-245773233
S1-989011592	S2-841749599,S3-631718231,S3-93022988
S1-839898231	S2-484944621,S3-327465419,S3-961706108
S1-673593124	S2-508516918,S2-202207253,S2-627192903,S3-593338573
S1-675758719	S2-866109908,S2-238642060,S2-581936902,S3-370859331,S3-115049585
S1-353413528	S2-188198571,S2-795353344,S2-24611379,S2-330434106,S2-120855164
S1-615864563	S2-526630383,S3-225306191,S3-337728991
S1-912163330	S2-5794635,S3-778745046,S3-460492351
S1-709505570	S2-990986901,S2-964659536,S2-20690339,S3-800337336
S1-704818114	S3-727461540
S1-201261418	S3-915093013
S1-571129091	S2-380864381,S2-874147692,S2-61695206,S3-963843679,S3-55199845
S1-487451859	S2-97181588,S3-299186112,S3-644737717
S1-363938591	S2-952733697,S2-981194567,S3-48727659,S3-115230669,S3-390465887,S3-523887196
S1-151214382	
S1-959543031	S2-990775590,S2-606745145,S2-558021871,S3-778372924
S1-193799595	S2-798032463,S3-535248663
S1-129866540	S3-761455444
S1-807273445	S3-371478005
S1-913520777	S2-538535409,S3-188220702,S3-624419840,S3-120793647
S1-28582851	S3-151967801,S3-739256634,S3-876189879,S3-34948477,S3-307734612
S1-579610988	S2-686854730,S3-243912301,S3-438668230
S1-616263045	S2-206695057,S2-615065802,S2-642626389,S2-20238765,S3-908290090,S3-99414564
S1-70030141	S2-704717029,S2-941615126,S3-139094135,S3-981989377
S1-185844290	S2-326002468,S3-159022884,S3-614067721
S1-51572887	
S1-927840627	S2-37516811,S2-227241958,S3-504409224,S3-164824571,S3-153420867
S1-501053310	S2-98132454,S3-191694761,S3-506638153
S1-38613222	S2-518322401,S2-85967086,S3-959890071,S3-523894097,S3-90205459
S1-679430615	S2-191787603,S3-850937523,S3-812400315,S3-411519136,S3-184006945
S1-652130065	S2-859369286
S1-936032236	S2-798033313
S1-411736023	S2-473922596,S2-396068244,S2-754063541,S2-776837204,S3-121255036,S3-313625533
S1-400527614	S2-802398253,S3-532811642,S3-884662498
S1-269302919	S2-869957744,S2-242976407,S2-689225582,S3-437238159,S3-382366868
S1-849827882	S2-902766882,S2-375227140,S3-606996471,S3-614210172
S1-418378134	S2-881990862,S2-552993763,S2-291464347,S2-9152363,S3-91109323
S1-56488159	S2-328002485,S3-24487979,S3-488734280
S1-78816878	S2-513910656,S2-533507521,S2-18541889,S3-159489106
S1-258232700	S2-811085798
S1-365876986	S2-960742705,S2-980867039,S3-418447838
S1-347794053	S2-756779885,S3-505150422,S3-634866456
S1-993840791	S3-694629575
S1-135383301	S2-229284650,S2-280403173,S3-310507641,S3-270436803,S3-77354930
S1-346314153	S2-163388132,S2-790592000,S2-219281345,S2-18060410,S3-56086609
S1-528860564	S2-673040228
S1-601049167	S3-274609082
S1-239300612	S2-132138211,S2-212110916,S3-22206548
S1-645303868	S2-229987632,S3-47169058,S3-638451080
S1-489490245	S2-974856635,S2-629468883,S3-211936902,S3-767385869
S1-896987342	
S1-131587322	S2-243609462
S1-6662035	S2-10352518,S2-846671955,S3-895156902,S3-559237021,S3-907104331,S3-294644636
S1-91452999	S2-771155794,S3-570779062
S1-173294420	
S1-462515785	S2-352478743,S3-484684670,S3-346582610
S1-790038383	S2-904382945,S2-77062146,S3-384030038
S1-327312515	S2-372078272,S2-336470771,S3-582804787,S3-214286951,S3-484842565,S3-251493919
S1-137237605	S2-620038399
S1-419628840	S3-166350630,S3-603177086
S1-256894729	S3-703872324
S1-46877983	S2-13660715,S2-767803731,S2-184749125,S2-9419590,S3-651745640
S1-554523563	S2-309398278,S2-327683509,S2-170041911,S3-63697521,S3-536483044
S1-344770232	S2-521032210,S2-450341699,S3-59010377
S1-201304670	
S1-411136433	S2-130240950,S3-570116928
S1-805726786	S2-934899293,S2-569617030,S2-565763541,S2-799825486,S2-797699933,S3-929086975
S1-76329682	S2-695935448,S2-122169125,S2-27381711,S2-565522020
S1-506232546	
S1-365999414	S2-611769546,S2-475228578,S3-585004399
S1-51618817	S2-790012099,S2-69218789,S2-137757121,S2-616559670,S3-336323912,S3-473433246
S1-60639118	S2-166136951,S2-950131223,S2-492363983,S3-62453241,S3-238343997
S1-474049084	S2-604028666,S2-64642690,S3-578175322,S3-801182617
S1-220983239	S2-453896618,S2-613176108,S2-847999317,S2-824722619,S3-140555464
S1-707172557	S2-287317275,S3-820068515,S3-545699002
S1-639779111	S2-627269333
S1-894221085	S2-47980490,S2-710618563,S2-608795530,S2-863116940,S3-340727754
S1-838950793	
S1-184431728	S3-768751951
S1-637648926	S2-813871122,S2-251694915,S2-530902030,S3-616871044,S3-214924881,S3-290415762
S1-53722658	S2-913051141,S2-95091408,S2-654863232,S3-288944203,S3-907747506
S1-503295813	S3-96394728
S1-42542369	S2-584493318,S2-203323285,S3-576704131,S3-705751529,S3-986654988
S1-517413189	S2-677637447,S3-50960519
S1-688913434	S3-135152175,S3-283202943,S3-31372395,S3-118169863
S1-164472112	S2-982841902,S2-320038711,S2-727877543,S3-927199303,S3-350196235,S3-22330869,S3-912977595
S1-486951064	S2-463560498,S2-569935441,S3-363854498
S1-614356237	
S1-609828241	S3-233668918
S1-655393957	S3-655061540
S1-22388376	S2-544693917,S3-542432850,S3-333389336
S1-894496338	S2-445472092,S3-211519501
S1-476840996	S2-135790777,S3-461655376
S1-781155829	S2-33032367
S1-286133775	S3-609203919
S1-943644962	S2-466091230,S2-423262645,S2-600143070,S3-297955793,S3-518695042
S1-281636998	S3-372973741,S3-339455672,S3-401679176,S3-820454614
S1-920204369	
S1-725060823	S3-775136460
S1-732660483	S2-45959062,S2-726459576,S3-421749210,S3-921272922
S1-427124579	S2-41494945,S2-665310679,S3-718927213,S3-605071965
S1-549811261	S3-427778881
S1-205488459	S2-572016585,S2-900277891,S2-263708110,S3-49645759
S1-684335495	S2-328786967,S2-79303305,S2-953382992,S3-193754933,S3-37126704,S3-666431040
S1-512668849	S2-174724581,S2-178257318,S3-925457038,S3-626113276,S3-421776348
S1-603322951	S2-116105106,S2-389838935,S2-872406041,S2-883107245,S3-763086390
S1-763958959	S2-845618092,S3-276656471,S3-798916476
S1-357096593	S2-270942561
S1-197822530	S2-843804911,S3-17145952,S3-747876563
S1-482501720	S2-442882238,S2-522084489,S3-282836206
S1-510456214	S3-738801707
S1-450567401	S2-934268245,S3-565895323
S1-423494107	S2-314019940,S2-393320104,S3-519960108
S1-217812821	S2-351970048,S2-80979376,S2-183974849,S3-220675960,S3-894703683
S1-102689155	S3-53457599,S3-520999617,S3-854445781,S3-259892274
S1-512329386	S2-722317682,S2-672061050,S2-352949825,S3-289536950,S3-636314868,S3-477771624
S1-800970626	S2-73494933,S2-568514208,S2-757824500
S1-665894274	S2-151061900,S2-247457572,S2-364437261,S3-841567290
S1-338007975	S2-864201414,S3-422471574,S3-370057050
S1-192063427	S2-148116457,S2-456634662,S2-888572285,S3-954245370
S1-85605105	S3-559576431
S1-965412485	S2-775337716,S2-922659493,S3-14108540
S1-382309776	S3-320793266,S3-551499288
S1-707497230	S2-867437733
S1-51793930	S2-711423008,S2-874987710,S3-263547715,S3-739153407
S1-924970744	S2-118704849,S3-272296891
S1-403702392	S2-583928465,S3-649251766,S3-963139065,S3-702979864,S3-203125133
S1-919975654	S2-437811292
S1-232091344	
S1-807495581	S2-987051761,S3-105058805,S3-486452326
S1-509029930	S2-579337870,S3-303843937,S3-996778809
S1-284603137	S2-304543017,S3-467252881
S1-796677052	S3-956979333
S1-546440538	S2-690932759,S2-54864712,S3-243834574,S3-333068469
S1-634025988	S2-457034533,S3-402764309,S3-137919828
S1-609252951	S2-680606534,S2-375416890,S3-516641012
S1-79308911	S2-934601008,S3-304633568,S3-177665495
S1-839769910	
S1-74146373	S2-93912015,S2-951529761,S2-538048145
S1-884568172	S3-362538435
S1-758830859	
S1-503321857	
S1-772669384	S2-877294454
S1-397992481	S2-150180985
S1-513009133	S3-818351828
S1-973771616	S3-710160394
S1-963518473	S2-925264632
S1-809620750	
S1-62476215	
S1-620481285	S2-783524827,S2-883774915,S2-30746112,S3-53073338,S3-747563022
S1-824334657	S3-58090272
S1-258115422	S2-586763572
S1-618294954	S2-397427004,S2-703558038,S3-776237711,S3-564888842,S3-952845641
S1-14950172	S2-129530902,S2-706927087,S3-396478748,S3-682179387
S1-211487702	S2-94360661,S2-105415098,S3-533968230,S3-74153829,S3-508047605
S1-671658472	S2-768533243,S3-397362218,S3-232051093,S3-74908100
S1-868600621	S2-176543826,S3-173639272
S1-3447780	S2-880669640,S2-746507160,S3-117463705
S1-681891457	S2-109119422,S2-610314660,S2-993009628,S3-330421607,S3-933825964
S1-456860083	S2-65292605,S2-640155374,S3-34558102,S3-915240944
S1-827259499	S2-180176264,S3-375377155,S3-267910895,S3-909885170
S1-698271742	S2-42596902,S3-444464115
S1-792214965	S3-568992243,S3-712537464
S1-861314467	S2-380975813,S2-485832700,S3-444247405,S3-923380424
S1-840896629	S2-747929957,S2-917395231,S2-50277772,S3-962850208
S1-913112350	S3-292974825
S1-302402378	S2-9617667,S2-579550757,S3-104284891,S3-86248930,S3-948063370,S3-548338868
S1-43017144	S2-995038061,S3-40078721,S3-834909171,S3-778521811
S1-764175403	S2-799782121,S2-474913360
S1-499432208	S2-745688867,S2-352365288,S3-570729819,S3-415140875,S3-304240768
S1-249572475	
S1-409867778	S2-453274051,S3-166165203,S3-822652807
S1-321548410	S3-904118259
S1-841650712	S2-208200901,S2-470358248,S2-791481461,S2-575414983,S3-697908363
S1-780768747	S2-821426372,S3-327183043,S3-291399104
S1-908638529	S2-135193357,S2-254330351,S2-21565524,S3-670621481,S3-611069148
S1-223255433	S3-279694098
S1-613788514	S2-883212920,S2-609745528,S2-992984340,S3-104185806,S3-271912964
S1-964907346	S2-41677387,S3-46679064
S1-142150793	S2-235778176,S2-214767810,S2-797826870,S2-781324517,S3-392461484
S1-719950729	S2-527281574,S2-676989818,S2-156978207,S3-777799463
S1-51817732	S2-895813338,S2-803030162,S3-83423559
S1-222001324	S2-791894736,S2-342465697,S3-363511934,S3-238894063
S1-151742999	S2-546321488,S2-3543085,S3-819131907
S1-381871301	
S1-219776927	S2-684075085,S2-23117125,S2-25541310,S2-438596681,S3-924997388,S3-648140069,S3-130748059
S1-555381679	S2-895983859,S2-842490732,S3-470601439,S3-660362315
S1-21212362	S2-88952269,S3-61420046,S3-333103617,S3-705219763
S1-119967887	S2-583837512
S1-801956664	S3-8536450
S1-820584195	S2-803876814,S3-748698070,S3-541529468
S1-688886455	
S1-881702599	S2-389632261,S2-739137839,S3-437012731,S3-565741016
S1-63916683	S2-902261581,S2-716000350
S1-949990438	S2-161517633,S2-230821178,S2-693646994,S3-458182984,S3-10639285,S3-539933523
S1-833366103	S2-867809200,S2-176337180,S3-949527630,S3-422667664,S3-985946905
S1-15124525	S2-114635352,S2-467011934,S3-422525322,S3-407956122,S3-502777734
S1-625613680	S2-764797255,S3-992654465,S3-679962983
S1-690852527	S2-517650329,S2-398363167,S2-183496525,S3-976102881,S3-857013467
S1-379766079	
S1-240725908	S2-437327303,S3-950957858
S1-338361266	S2-919110914
S1-50491670	S2-514094492
S1-386058783	S2-763922924,S2-525586521,S3-792906629
S1-377973830	S2-946929178,S3-931998427,S3-191164817
S1-110395186	S2-526246973,S2-791868656,S3-741670003
S1-466887517	S2-641581447,S3-258404464
S1-550263350	S3-641521762
S1-794484754	S3-829624421
S1-76531232	
S1-194938774	S2-824437375,S2-734417249,S3-648118409,S3-950566944,S3-872381219
S1-368120970	S2-313238862,S3-888791814,S3-404377113
S1-804382344	S2-803199835,S2-238390128,S2-668711993
S1-303946596	
S1-189556980	S2-348390141,S2-733952827,S3-18561714
S1-659770658	S3-491935776
S1-273060028	S2-995624243,S2-475365199,S3-65947266,S3-356659244
S1-248925388	S2-712977140,S3-899955592,S3-699788075,S3-652785645
S1-996273961	S2-704333412
S1-384859756	
S1-113348557	S2-10003173,S2-828958093,S2-254925348,S3-161200260,S3-362820141,S3-245047994
S1-295287954	S3-785586421
S1-702516225	S2-561342580
S1-238965103	S2-551472605,S2-828909031,S3-949586512,S3-901259619,S3-665006300
S1-207327233	S2-160676926,S2-702588446,S3-781907006
S1-580746245	
S1-619380615	S3-546828616
S1-339321011	S2-930249194,S2-919050404,S3-833392466,S3-849263779,S3-281851184
S1-702424467	S2-852360206,S2-342338680,S3-956438969,S3-369506856,S3-579674018,S3-337459308
S1-742672694	S2-669706671,S2-686436173,S2-908451084,S2-580605096,S3-850487903,S3-24410869,S3-900830028
S1-952931408	
S1-166724306	S2-819522203
S1-473457376	S2-31609229,S3-33278326
S1-135266276	S2-924911499,S2-268343143,S2-713311292,S3-455802226,S3-986051401,S3-801209818,S3-254132054,S3-533982211
S1-839103204	S3-933758994,S3-945472767,S3-291056874,S3-768627886
S1-25962770	S2-898875704,S3-705361676,S3-455436567
S1-503884906	
S1-819688685	S2-605665450,S2-960202767,S3-327553037
S1-327436646	
S1-50874609	S2-482195750,S2-322354628,S3-924191967
S1-345383085	S2-778179744,S2-374044766,S3-932975509,S3-453575460,S3-82689391
S1-923032181	S2-689806371,S2-915826359,S3-878663066,S3-201835671,S3-962638369
S1-557435020	S3-726259651
S1-739205302	S3-910326644
S1-708229981	S2-205563935,S3-973371015,S3-414846167,S3-782157920,S3-47840497
S1-425279618	S2-942158756,S3-503678148
S1-210873698	S2-878294802,S2-45268157,S3-638987043
S1-542747018	
S1-500678677	S2-143813501
S1-254633891	S3-93495478
S1-435130590	S2-815278453,S2-14335818,S2-265150359
S1-99239191	S2-929343155,S2-319232047,S2-836725877,S3-295543754,S3-307409851
S1-866813029	S2-851632606,S2-376227983,S2-819196119,S3-714197501,S3-849939396
S1-954744269	
S1-786936259	S2-695981130,S2-999249301,S3-908624576,S3-798874024,S3-419784793,S3-311435351
S1-969364013	S2-632839410,S3-425516707,S3-164762992
S1-935862640	S2-591017726,S3-275362158,S3-216637709
S1-583855382	S2-787352352,S3-213353551,S3-376173524,S3-160471695
S1-916146648	S2-444946279,S2-620894244,S3-759349735,S3-285053442,S3-31021195
S1-13225617	
S1-745660148	S2-295419468,S2-491077575,S3-168976176,S3-382989251,S3-536458432
S1-61297481	S2-548771687,S2-54407284,S2-698385171
S1-734813720	S2-813957247,S2-921159283,S3-157386602
S1-928938905	S3-100565090,S3-117127268
S1-437953209	S3-152942283
S1-658984447	S3-256803869,S3-334350133
S1-304221702	S2-978933518
S1-299895713	S2-164081820,S2-953060880,S2-559118921,S3-122896260,S3-341137448
S1-628650029	S2-404245506,S2-316443187,S3-60451666,S3-177086244
S1-633732894	
S1-253968749	S2-599583809,S3-79395633
S1-437295087	S2-595413684,S2-699535584,S3-902561981,S3-338534621
S1-805306262	S3-237233708,S3-307935578
S1-786626565	S2-162591883,S2-14011927,S3-845453996
S1-745006497	
S1-676978229	S2-571779335,S3-573782631
S1-331103131	S2-175974156,S3-325305893,S3-466747662
S1-956201729	S2-99089403,S3-921816286,S3-360676131
S1-694062544	S2-391618551,S3-117776802,S3-686494792
S1-740159950	
S1-859237474	S2-596251004,S2-388784729,S2-427088109,S2-310999144,S3-628305623,S3-934924203,S3-609719657
S1-541183381	S2-703932314,S3-725969348,S3-688820586
S1-786456325	S3-953645376
S1-387689688	S2-818316994,S3-806717712,S3-9928960
S1-567343381	S2-318322489,S3-294622727,S3-401690553,S3-166792060
S1-218564416	
S1-699822408	S2-295346197,S2-389612211,S2-941539554,S3-924689169
S1-380933574	S2-405479242,S2-656996308,S2-81595890,S3-287346680,S3-865278818
S1-316644554	S2-827779118,S2-16387889,S2-419941506
S1-522899892	S2-543960558,S2-285821141,S2-186397989,S3-600434732,S3-145227730,S3-758576422
S1-108301724	S3-870583823
S1-844360200	S2-758578879,S3-218874793,S3-170125075
S1-724305665	S2-624253490
S1-995983075	S2-717569705,S3-778162411,S3-791805125,S3-653508172
S1-181692203	S2-412954546
S1-95106431	
S1-510576930	S2-659630924
S1-883962038	S2-397502287,S2-246361880,S2-613210556,S3-736384001
S1-478157517	S2-947935960,S3-443664745
S1-685830742	S3-390151192,S3-451754160,S3-352809540,S3-842844104
S1-803001102	S3-486075736
S1-376553261	S2-938778081
S1-82973894	S2-871285274,S2-619725756,S3-296728788,S3-160175387
S1-198743301	S2-223687911,S2-812886416,S3-362685987,S3-213427511
S1-916882979	S2-660184165,S3-658204748,S3-999655382,S3-628085801
S1-729358243	S2-93146079,S2-741757659,S3-219971560,S3-462698685,S3-619117938
S1-528655273	S2-387960421,S3-573294303,S3-482756312,S3-64387901
S1-876516678	S2-536999667,S3-191458213,S3-130727305
S1-523929194	S3-258714332
S1-760858687	S2-641337120,S2-237082558,S3-527760706,S3-292000244,S3-449144770
S1-516058634	S2-806502628,S2-243982596,S2-660508380,S2-979749035,S3-378405190,S3-231496048
S1-919353585	S3-803635545
S1-18863896	S2-828025035,S2-894065392,S3-448107138
S1-408239346	S2-90087796,S2-417915497,S2-373371637,S3-398853308
S1-663953450	S2-570539367,S2-550225069,S3-306084024,S3-574685970
S1-984577823	S3-83767592,S3-229241049
S1-767757634	S2-873409845,S2-438136954,S2-245876326,S3-711574045,S3-645572469,S3-224256717,S3-424936038,S3-566118709
S1-392517734	S2-919205053,S2-821535414,S2-409011584,S3-466653375
S1-706661379	S2-679570789,S3-481610192,S3-158109589,S3-696838374
S1-425980563	S2-100149930,S2-429401076,S3-865369084,S3-130004166,S3-805555078
S1-946912763	S2-734860877,S3-595950827,S3-937773346
S1-297962696	S2-719839761,S3-711793652,S3-157977846
S1-594569236	S2-976019908,S3-797908482,S3-863365863
S1-109687172	S2-67142104,S2-635754026,S2-380038261,S3-835945971
S1-15794863	S3-693532038,S3-968206433,S3-596281662
S1-710808951	
S1-149037301	S2-560549712,S2-814113737,S2-51160823,S3-245743342
S1-691711737	S2-478563053,S2-472098567,S2-605250724,S3-758572390,S3-519774781,S3-739603644
S1-416791664	S3-665346537
S1-165808009	S2-630210119,S3-459529141,S3-600584351
S1-491165463	S2-641387644,S2-142455594,S2-30792208
S1-941402673	S2-856833690,S2-82668321,S3-94144480,S3-549777197
S1-91005791	
S1-27106222	S2-401101982,S2-606825205,S2-334338586,S2-769433298,S2-381334961,S3-980671577,S3-531750462
S1-830270092	S2-848920028,S3-801844788
S1-780650994	S2-182417701
S1-103755710	S3-458960277
S1-336849042	S2-444332437,S2-159362131,S2-134826424,S3-164259835
S1-244632202	S2-771412079,S2-454314101,S2-846957815,S3-848567575
S1-319552639	S2-347705208,S2-539856654,S3-55879689,S3-56520446
S1-604978579	S3-209013105
S1-343865351	S2-429175173,S2-710930131,S3-479230647
S1-322145293	S2-97892164,S2-806213881,S2-446805525,S2-725702064,S3-269742532
S1-22575978	S2-547782784,S2-301000987,S3-623232554,S3-568957026,S3-815540502,S3-250529835
S1-656037019	
S1-882333179	
S1-212067289	S2-128148091,S2-218699827,S3-787137027,S3-638865069
S1-367806232	
S1-929251241	S2-333792225,S3-479620789,S3-467151281,S3-143866234,S3-650269386
S1-646681688	
S1-154264777	S2-68899410,S2-378105063,S3-715667695
S1-853204970	
S1-830905390	S3-898129494
S1-397708352	S2-347936893,S2-284489171,S2-27736237,S3-332493948,S3-975735198
S1-719914380	
S1-130823655	S2-26287267,S2-281973027,S3-16685487
S1-70993907	S2-602978768,S2-62863586,S3-869913789,S3-112484003,S3-858957048
S1-895676801	S2-911253910
S1-186236891	S2-246374149,S2-360444015,S3-738498821,S3-233196274
S1-804869465	
S1-672347037	
S1-627467142	S2-539510514,S3-295792063,S3-630591685,S3-163560470
S1-222781086	S2-390699773,S2-5776396,S2-649487381,S3-91048038,S3-887605050,S3-382727673
S1-682809104	S3-656970559,S3-190652564,S3-190776192
S1-636683018	S2-486536782,S2-682341564,S2-197357874,S3-990953829,S3-121270833
S1-897410493	S2-702815935,S2-844865212,S2-457553079
S1-746608882	S2-815267043,S3-759198293,S3-106472258
S1-829445751	S2-589242947
S1-1888160	S3-138505736,S3-333848409,S3-448435244,S3-832145464
S1-384079090	S2-676349153,S2-985897976,S3-190558179,S3-485818950
S1-932863192	S3-312130758
S1-210769444	S2-682863062,S3-884645094
S1-767894405	S2-780425935
S1-103668906	S2-560822467
S1-572802625	S2-775071977,S2-207109158,S3-212403286,S3-239319792,S3-111963508
S1-493870199	S2-785795921
S1-89901252	S2-475368526,S2-949315100,S3-767758233,S3-924195828
S1-804850093	S2-950462313,S2-890600904,S2-628837900,S3-750113700
S1-504523194	S2-563659103,S2-829137798,S3-11652487,S3-576942937
S1-415309035	S2-795206607,S3-85064846,S3-8877030
S1-409569794	S2-391652608,S3-194623884
S1-148757384	S2-6831339,S3-423381704
S1-92989781	S2-280347088,S3-647176787,S3-680010891
S1-59322938	S2-625559056,S2-239087769,S2-537912262
S1-792950260	S2-549906748,S2-934941071,S3-477183728,S3-503827567
S1-500587808	S2-762992515
S1-117839360	S2-841571196,S2-309399007,S2-21682528,S3-281600688,S3-24666580
S1-870614779	S2-937307105,S3-175334866,S3-444955010,S3-452092284
S1-365650077	S2-353205439,S2-679242784,S3-21018729
S1-832838118	S2-566209100,S2-381589500,S3-48137887
S1-30696182	S2-902021067,S2-638914117,S2-878826921,S3-863318865,S3-245814340,S3-58420086
S1-720014742	S2-62359599,S2-605530035,S3-997198520,S3-870596194,S3-852433070
S1-604061572	S2-329125344,S2-759447712,S3-761732076
S1-414424604	S2-37899300
S1-968938710	S2-530941340,S3-982034128,S3-129235769,S3-4562807
S1-200714067	S2-232837916,S2-217586856,S3-986837471,S3-157616462,S3-819458386,S3-590709323
S1-699037404	S2-671548469,S2-805093431,S2-912054527,S2-899456197,S3-432706614,S3-753439785,S3-553577001
S1-495338779	S2-822241065,S3-502394147
S1-734364615	S3-938717928,S3-900226380
S1-756106655	
S1-884071360	
S1-361302725	S2-375815475,S3-701437306,S3-585221506,S3-295968264
S1-908558975	S2-786227857
S1-448731948	S2-162421372,S2-421491892
S1-316329349	S2-723297119,S2-336769331,S3-759747237
S1-905787982	S2-580900266,S2-901715448,S2-668927122,S3-142616099,S3-435584417,S3-259279583
S1-253500992	S2-272905570,S3-436431356,S3-57406766,S3-328653597
S1-188144830	S2-835530211,S3-988825890
S1-373051371	S2-47305110,S2-863850234,S2-26442988,S2-65179728,S3-866491816,S3-149745432
S1-460197099	S2-367639118,S2-422297276,S3-465797863,S3-691006875
S1-85699366	S2-703432070,S3-736711223,S3-878201422
S1-474599854	S2-852795275,S2-671893799,S2-543940445,S3-339228414
S1-675461583	
S1-389170166	S2-4933639,S3-923884347
S1-287970893	
S1-496365149	S2-274109619,S3-109144948
S1-842296552	S2-600663304,S2-633709950,S3-389174182
S1-897823490	S2-62414798,S2-700580113,S2-470773453,S3-915430507,S3-462938896,S3-644791200,S3-86759069,S3-499421962
S1-449148817	S2-972255291,S2-453409764,S3-376602617,S3-378732404
S1-443109224	S2-76674214,S2-495524066,S2-763230649,S2-819555156
S1-187980098	S2-812507647,S3-900350765,S3-197667608,S3-315156980
S1-264899518	S2-797798924,S2-278012643,S3-715248076
S1-383506234	S2-282660988,S3-786587459,S3-916487818
S1-52153392	S2-72698927,S3-65490400
S1-216928311	
S1-604912211	S2-772063136,S2-870427948,S2-909764884,S2-913160704,S2-123304728
S1-717909897	S2-331503847,S2-944607492,S3-90408232,S3-91515142
S1-757864286	S2-751158833,S2-591374078,S3-684768842,S3-421915522,S3-667921819
S1-987407743	S2-579754181,S3-435525585
S1-944885695	S2-621107816,S3-182313817
S1-432964052	
S1-279087121	S2-460929618,S2-33821987,S2-755882443,S3-529257327,S3-854085205,S3-544003533
S1-675765509	S2-630749398,S2-117834218,S2-78021039,S3-496500024,S3-564580530
S1-449685293	S2-656301127
S1-40969065	S3-476531226
S1-566757803	S2-984513377,S2-949982532,S3-914383398,S3-577002642
S1-56431129	
S1-247222248	S2-942123578,S2-605749127
S1-596985757	S2-96661635,S3-339730950
S1-726153891	S2-826709149,S2-984857648,S3-83379095
S1-523439201	
S1-860969849	S3-564325918
S1-881251067	S2-929652911,S3-741166459,S3-114855597,S3-267725389
S1-480435928	S2-115299688,S2-400642247,S3-80479498,S3-871371377
S1-386552629	S2-140805079
S1-689184317	
S1-877132619	S3-970613743
S1-64750477	
S1-352673420	S2-46733260
S1-471329945	S2-664268463,S2-469677289,S3-291197973,S3-89622830,S3-907412653
S1-260415409	S2-479414390,S2-681696850,S2-362137039,S3-959475658,S3-478663815,S3-342284113
S1-390762161	S2-6630091,S3-346713706,S3-322061372,S3-36735214,S3-965569013,S3-715230701
S1-820002067	S2-933765189,S2-535093322,S3-347660429
S1-309169891	S2-153973994,S2-791287182,S3-669760507,S3-420398013,S3-768148386,S3-808681809,S3-598112754
S1-474955546	S2-578124982,S2-880276890,S2-756276502,S2-546856442,S3-934901493,S3-396651107,S3-752322492
S1-944127190	S2-336575765
S1-102612031	
S1-806324340	S2-580885861,S2-732880625,S3-93521126,S3-483733636,S3-596795024
S1-49967670	S2-29526921
S1-771466139	S2-686628099,S2-864780624,S3-383761773,S3-212488103,S3-61211746
S1-516131155	S2-748996605,S3-573471097,S3-227878864
S1-201173263	
S1-252121861	S3-666101983
S1-68317524	S2-187051119,S3-501086351,S3-902659784
S1-345358219	
S1-714132759	
S1-412388740	S2-451407665,S3-795132045
S1-424431209	S2-890399309
S1-454631586	
S1-709133339	S2-275047898,S2-305190031,S3-899731332
S1-779462235	S3-980721871
S1-333119185	
S1-142277229	S2-449027554,S2-647589725,S2-221939283,S3-67736745
S1-926077111	
S1-593148483	S2-441617776,S3-63972700,S3-994938942
S1-86398860	S2-324129468,S2-525068174,S2-792225486,S2-815325255,S3-382888951,S3-332575584
S1-21104895	S2-569245185,S2-329938327
S1-275194674	S2-38677580,S2-725256519,S2-61972308,S3-434493914
S1-611300173	S2-676177297,S2-457231425,S3-884470478,S3-560556378
S1-183198455	S2-484461724,S3-999687864
S1-50730216	S2-901028163,S3-394233971,S3-84109677
S1-99903818	S2-115570631,S2-512720582,S2-465808295,S3-187692913,S3-654635639
S1-744477809	S2-896339306,S2-269662342,S2-344021784,S3-866996330,S3-67500619
S1-619023990	S2-457041999,S3-991833769
S1-836615593	S2-21329572,S2-674851276,S2-823092928,S2-411229616,S3-439637476,S3-922086343
S1-854562992	S2-939493676,S3-864207766
S1-27241335	S2-698360657,S3-386520368,S3-68895426
S1-137619163	S2-704145842,S3-773119249,S3-981635576
S1-699476681	S2-82308664
S1-629415568	S2-568737012,S2-512203169,S3-648012019,S3-263545254
S1-234059918	S2-857502886,S3-330175647
S1-259898560	
S1-381105200	S2-856983384,S3-971807209
S1-926556189	S2-180512423,S3-812795629
S1-132232515	S2-50974814,S2-798246442,S2-588808633,S3-216502459,S3-833197112
S1-621689741	
S1-290656489	
S1-370831498	S2-995106450,S2-339962124,S2-883205768,S3-599420440,S3-219296936
S1-563685304	S2-979380305,S2-715386208,S2-916110169,S3-244959952,S3-519263159
S1-295169933	S2-839310174,S3-684009778,S3-70026735,S3-866757583,S3-179736149
S1-193715010	S3-915689466
S1-993910935	
S1-683717503	S2-437929761,S2-213855211,S3-236988218,S3-133922516,S3-469374169
S1-836065636	S2-526055275,S2-809660766,S2-946395436,S2-822013199,S3-837373766
S1-150046778	S2-334608116,S2-173084614,S3-832810517,S3-613626588
S1-232834669	S2-102366905,S2-863762373,S3-778647205,S3-272479330,S3-537132641,S3-47800478
S1-8624771	S3-965017631,S3-824304959,S3-748837771
S1-435281186	S2-284460054,S2-496307422,S3-628864555,S3-963697905,S3-341585289,S3-183016091,S3-343352989
S1-327381147	S2-223126166,S2-940332244,S3-130639079,S3-380179752,S3-629270575,S3-506341627
S1-991055295	S3-588653459
S1-498441303	S2-172549491,S3-103166798
S1-573159615	S2-184262554,S3-284363492,S3-570921692
S1-72608250	S2-874656563,S3-652668978,S3-124925925,S3-517824262
S1-78844500	S2-274896642,S3-253319949
S1-499887495	S2-612519038,S2-44114529,S3-218959222,S3-362266283,S3-536600040,S3-543577467,S3-702280906
S1-395704062	S2-89854778
S1-235042749	S2-310118155,S2-956566532,S3-724382794
S1-430010380	S2-647494013,S2-695885432,S3-706114003,S3-456551959,S3-206026692,S3-931219720,S3-603620670
S1-42364743	S2-637008636,S2-598635414,S2-727696393,S3-918474252
S1-889144977	S3-389250990
S1-398857179	S2-732361695,S3-276234962,S3-662530516
S1-338345004	S2-414904235,S3-801871026
S1-894488886	
S1-980310892	S2-651726674,S2-543018686,S3-43487823,S3-32121189,S3-587362662
S1-849797063	
S1-624389167	S2-21401101
S1-221881568	S3-107163903
S1-591890671	S3-905968009
S1-949313847	
S1-886743246	S3-57688026
S1-289577086	
S1-856143476	S2-124758503,S3-378683049
S1-149491559	S2-487386396,S3-758692994,S3-994434104
S1-928660790	S2-256589691,S2-949372201,S3-874435753
S1-112659163	S3-258622825
S1-14560177	S2-448607512,S3-270923199,S3-421128555
S1-445839799	S2-636663865,S3-697761495
S1-116713978	S2-791800706,S2-349505159,S2-525778208,S2-503025816,S3-944074135,S3-367760670
S1-66998691	
S1-758992309	
S1-470537359	
S1-523333051	S2-628651967,S2-941061511,S3-701571788
S1-234047942	S2-690175066,S2-453057521,S3-539734546
S1-858926312	S2-101730795,S2-471737497,S3-450925337,S3-138401357,S3-441494466
S1-200780075	S2-979334708,S2-419461379,S3-586745267
S1-307966618	S2-908934941,S3-98859848,S3-328622569
S1-49142779	S2-444405443,S2-976031268,S3-631287082
S1-210411227	S2-163941191,S2-421529304,S3-158431869,S3-800429081
S1-119810601	S2-316712527
S1-535256456	S2-248521086,S2-556770374,S2-305888327
S1-484567406	S2-44875987,S2-445063975,S2-287221035,S3-285177950
S1-29123897	S3-824608300
S1-588343110	S2-504182891,S3-332571278,S3-249072694
S1-159705393	S2-81083826,S2-260588597,S3-21516840
S1-378305402	
S1-729552921	S2-127030714,S2-454920580,S2-692375109,S3-623478117
S1-182401884	S2-457198385
S1-443612575	
S1-602757300	S2-230300725
S1-489351677	S2-688209549,S2-120687351,S3-756736120,S3-702066444,S3-583627576
S1-415617640	
S1-305240321	S2-821821025,S3-257584183
S1-293377914	
S1-181765081	S3-140016900
S1-830620306	S2-442770322,S3-438865312,S3-20900208
S1-371869408	S2-610415544,S2-28372431,S2-587037897,S2-314813638,S3-833703932
S1-187213127	S2-565652010,S2-922622470,S2-521935412,S2-61143059
S1-953247190	S3-31822069
S1-213031820	S2-406836443,S2-198120976,S2-201435704,S3-442394710,S3-5637897,S3-256492598
S1-263108198	S2-935982089,S2-906684625,S3-286618995
S1-590137685	
S1-89921245	S2-808885561,S2-788608100,S2-469722964,S3-514260198
S1-602515081	
S1-696236384	S2-817445616,S2-197064582,S2-710038738,S2-77632444,S3-526138962
S1-956836354	S2-334169164,S3-840089968,S3-227870839,S3-548687666,S3-672136212
S1-641531702	
S1-788853106	S3-406104592,S3-891448198
S1-670125440	S2-947582736,S2-251562857,S3-250691016,S3-775780042
S1-180491074	S2-564924695,S2-533360173,S3-421447243,S3-99198097
S1-935266202	
S1-111981104	S2-450845048
S1-732562452	S2-302968113,S2-280941052,S2-495461455,S3-755854995
S1-975452002	S2-14683718,S3-713138519
S1-739845763	S3-692665271
S1-116656991	S2-918341640
S1-970690023	S2-286463322,S3-344859985,S3-803962212,S3-703973229
S1-543201802	S2-95106839,S3-627965544
S1-318406268	
S1-774645299	
S1-262769475	S2-84373211,S2-185877078,S3-938468863
S1-823462505	S2-63756434,S2-273552762,S2-405089580,S3-304384219,S3-330523048
S1-937976078	S3-781332610
S1-57360205	S2-872904417,S3-707097958,S3-346564041
S1-266578598	S2-129460496,S2-504816717,S3-394720398,S3-668849185,S3-424719021,S3-405941797
S1-499792635	S3-40957694,S3-971509646
S1-177114494	S2-427792599,S3-720830995,S3-332045774
S1-264780168	S3-292393851,S3-986215427,S3-29581652
S1-426606644	S2-414630023
S1-696345041	S2-120814864,S2-819572666,S2-890113030,S3-44999319,S3-938543513,S3-179461231
S1-922804984	S2-60061633
S1-903857485	S2-795592874,S3-182283645,S3-649963772,S3-365545618
S1-761603308	S3-242474242,S3-929045676,S3-811149962,S3-447815132,S3-370126691
S1-245421902	S2-441824412,S3-96757526
S1-254366684	S2-982077880
S1-790564930	
S1-789580018	
S1-302950915	S2-424867849,S2-323075497,S2-590470576,S3-252757600,S3-335116480
S1-940639111	S2-536105024,S2-249844649,S3-70669759
S1-228265445	
S1-531469286	S3-579169995
S1-569031838	S2-827269436,S2-616832121,S2-777671655,S3-278384595,S3-31811870,S3-421276715,S3-292949692
S1-225398906	S2-45478656
S1-258235144	S3-141270546
S1-669864122	
S1-286822302	S2-913930599,S3-628646071
S1-715031547	S2-26526235,S3-406542782,S3-553645458
S1-136012621	S2-74934098,S2-390448416
S1-849149408	S2-441883431,S2-233637803,S3-943582670,S3-94350974
S1-536478855	S2-677623141,S2-855093033,S3-480425138,S3-769912703,S3-342230444
S1-234104332	S2-977799543,S2-543253323,S2-132786890,S2-124841589
S1-541967934	S2-323732500,S2-724950566,S3-882394322,S3-387352485,S3-674675411
S1-817197770	S2-38736717
S1-882478130	S2-61906880,S2-452818057,S3-980832843,S3-117492635
S1-322669336	S3-713768573
S1-263818162	S2-362436760,S2-200841133,S2-556857969,S3-749974699,S3-635252813,S3-290399562
S1-736238008	S2-987453537,S2-405164810,S3-22992872
S1-156814480	S2-855011687,S2-556216753,S2-84537758,S3-32619357,S3-224972754,S3-296370724
S1-414822734	S2-254796982,S2-262540810,S2-660847888,S2-307299912,S2-32698110,S3-826385192,S3-30695814,S3-47200349
S1-387373822	S2-7485073,S2-229062944,S3-210586976,S3-1055912,S3-582154745
S1-47196321	
S1-245033337	S2-175026216,S2-522630370,S3-454922031
S1-477535692	S2-241575229,S3-370600090,S3-271610344
S1-34153790	S2-404792945,S3-531907892,S3-880111243,S3-927816180
S1-794344220	S2-714421775,S3-265485089,S3-187101562,S3-983661801
S1-144359517	S2-197086561,S2-751212476,S2-282465113,S2-510460420,S3-185505378,S3-345967602
S1-538960236	S2-672494434
S1-207839713	S3-284067571
S1-730688254	S3-728059936
S1-203567370	
S1-93664592	S2-284854727,S2-175368394,S3-874894953
S1-300185095	S2-615924451,S2-658959967,S3-118865156
S1-975326396	S2-863015057,S3-812411432,S3-593734868,S3-106790822
S1-156371316	S2-773490208,S3-462917569,S3-232096976
S1-961274082	S2-555219600
S1-465061977	S2-57295599,S2-52671918,S3-592518960,S3-40499852,S3-295512691,S3-874515673
S1-915531958	
S1-87366476	S3-443728683
S1-754171971	S2-766799198,S3-87115837
S1-669128070	S2-358520598,S3-868546259,S3-623345499
S1-282415228	S3-559558473,S3-831503239,S3-984248051
S1-104247440	
S1-152648623	S2-927251943,S2-469540550,S3-5593542,S3-464063433,S3-474358957,S3-826146377
S1-699925804	
S1-129308267	S2-556758117,S2-855774172,S3-366002689
S1-742421814	S2-541490407,S2-507151254,S3-628753045
S1-58121701	S2-185517884,S2-878946602,S2-951960605,S3-166234762
S1-711622019	S2-305051656,S2-394037500,S3-416174271
S1-983389267	S3-526740020,S3-713069826
S1-700749845	
S1-433228222	S2-843795963,S2-618208372,S2-18727716,S3-306740955,S3-176227458
S1-601735462	S2-122820835,S3-930636384,S3-893281538,S3-115228768
S1-862190288	S3-300904207
S1-811672755	
S1-297775425	S2-819940255,S3-570323018,S3-187260982,S3-104051610,S3-652860441
S1-725086397	
S1-595539584	S2-782597640,S2-743348769,S3-707728312
S1-389408463	S2-627235922
S1-955565382	S2-588297763,S2-987806310,S3-383717450
S1-515088699	S2-140709415,S2-656966623,S3-246454776,S3-299679644
S1-889031436	S2-440291385,S3-16911871,S3-116413668
S1-615853763	S2-353633173,S2-316773168
S1-789987466	S3-353513225
S1-883872287	
S1-324468580	S3-725683817
S1-121228308	S3-439931816
S1-731340949	S2-576267747,S3-177076342,S3-484259109,S3-842540751
S1-64976456	S2-594644186,S2-377519326,S2-33552760,S3-832600419,S3-846883084
S1-903894459	S2-419504748,S2-206652745,S2-15753742,S3-909729583,S3-889763429,S3-228595048
S1-318882160	S2-694962824,S2-146672041,S2-849216984,S2-834103678,S3-671639134,S3-133055798
S1-945673787	
S1-45607063	S2-16555423
S1-402775995	
S1-681100809	S3-7434546
S1-576130819	S2-159564229,S3-501530026,S3-651041069,S3-557629931
S1-145699918	S2-116810829,S3-236819309,S3-124383535,S3-278971308,S3-141913972
S1-240028975	S2-783737408
S1-941128461	S2-225888252,S2-942167817,S2-325726950,S3-743653082,S3-886093999,S3-185571125,S3-283939601,S3-124039538
S1-933989316	S2-56371341,S2-24264859,S2-216863827,S2-803024686,S3-817433552,S3-882751250,S3-908798525
S1-490327760	S2-695324962,S2-190246239,S3-257550539,S3-80023637
S1-384902548	S2-153542143,S2-135455289,S3-130131408,S3-3372231,S3-91441371,S3-350891899
S1-810575390	S2-570220979,S2-171088917,S2-33396802,S3-91457582,S3-384329396,S3-697915602
S1-205804693	S2-27768727,S3-205720128,S3-621753244
S1-440773044	S2-68737331,S2-532459069,S2-783059720,S2-54251747
S1-925885733	S2-90999064,S2-982624314,S2-941766475,S2-522738673,S3-305640646,S3-325411997,S3-723231622
S1-430178966	S2-353433081,S2-379578412,S2-904824622,S3-600807351
S1-230847817	S2-959317142,S3-900621521,S3-29946087,S3-908505346,S3-104528327
S1-482535598	S2-783916332,S2-750814407,S3-619492183,S3-378528870
S1-434245344	
S1-319131940	S2-271731082,S2-540675047,S3-530826426,S3-17664680
S1-184073162	S3-291089815
S1-169978429	S2-481599943,S2-735741193,S2-66780949,S3-681897277,S3-696701099,S3-700599357,S3-724540379
S1-22779225	S2-940232111,S2-393977927,S2-420519226,S3-277138200,S3-468806222
S1-22385139	S2-719878313,S2-995896024,S2-111713975,S2-330893665,S2-80363004,S3-415428679,S3-265977087
S1-360089601	S2-232103552,S2-497861983,S2-180307920,S3-535575535,S3-431872303,S3-437574453,S3-518231478
S1-534203490	
S1-566143870	S3-393865801,S3-659926723,S3-283424898
S1-663771224	S3-860225788
S1-595927531	S2-510701585
S1-114975883	S3-636344572
S1-227967799	S2-568856624,S2-723599914,S3-113353070
S1-627454784	S2-136717106,S2-527786773,S3-545410049,S3-980255075
S1-401433848	S2-654311075
S1-808619261	S2-27703401,S3-821956268,S3-551454694
S1-882049042	S2-281295402,S2-151540996,S3-617783590
S1-915341975	S2-705601722,S3-418607736,S3-240101465
S1-750941093	S2-53059286,S3-290441466,S3-984057737,S3-279430448,S3-727260869
S1-13671605	S2-794155929,S3-682300853
S1-424204072	S3-151002787
S1-594505961	S3-848948091
S1-538415999	S2-921679034,S2-365837217,S2-193590488
S1-538300084	S2-936914083,S3-528084507
S1-135504359	S2-856369198,S2-371056079,S3-78039510,S3-172663117,S3-19484843,S3-910775560
S1-26335564	S2-478560883,S2-330697661,S2-41805192,S3-166296629,S3-103683141
S1-792397075	S2-258216372,S3-800781473
S1-911629592	S3-758061207
S1-360220456	
S1-230625934	
S1-47606143	S2-785839182,S2-33190512,S3-150664658
S1-750257623	S3-43764676
S1-652793889	
S1-97375041	S2-826904525,S2-586572899,S2-430397725
S1-435280715	S2-463192222,S2-330598100,S3-253191659,S3-726685441
S1-378777387	S2-432746092,S2-609409108,S2-455339213,S3-346633344
S1-824792181	S2-677714896,S2-212996988,S2-553960729,S3-192663509,S3-681284542
S1-267974255	S2-266177277,S3-32171386,S3-513421526,S3-48546987
S1-116270878	S2-689148214,S2-594452968,S2-571660976,S3-552536898,S3-643907043,S3-197768583
S1-686606677	
S1-996696343	S2-254134662
S1-36608665	S2-758496262,S3-866289315,S3-397874891,S3-920972073
S1-885300917	S2-669897427
S1-922920839	S2-996364471,S3-923573675
S1-107627637	S2-790158701,S2-8759356,S2-279680517,S2-927448636,S3-779219189
S1-498083042	S2-249477066,S2-911029883,S2-496098320,S3-294680358,S3-20446339,S3-991212010
S1-677676116	S2-956329538,S2-64901680,S3-266302058,S3-287617877,S3-962456070
S1-830107198	S2-968999844,S2-69958934
S1-305384043	S2-369043606,S2-684104157
S1-946656026	S2-902548044,S3-489480099
S1-10365817	S2-601813685,S2-811455593,S3-277000832,S3-636989833
S1-80364037	S2-60798387,S3-863604772,S3-493052341,S3-685902955
S1-450191154	S2-24715991,S3-158058051
S1-764814035	S2-220619592,S2-298134042,S2-13363084,S3-733291034
S1-400115317	S2-726933251,S2-917599897,S2-596918577,S3-952847703,S3-411509060
S1-216435928	S2-524805407,S2-953380320,S3-190862161
S1-539337898	S2-582785940,S2-495145627,S3-102670806,S3-882387316,S3-196742360
S1-361781582	S2-576434053,S2-991331165,S3-417883272
S1-19786714	S2-984059553
S1-95020134	S3-404682087
S1-359743105	
S1-957452036	S3-880354752
S1-241787351	S3-971833045,S3-168535765,S3-956045056
S1-869367976	S2-910922166,S2-98625753,S3-476815736,S3-383518124,S3-510081329,S3-486043757,S3-279813781
S1-64678112	S2-145602281,S2-290661402,S3-476249499
S1-736568583	S2-146226771,S3-496091612
S1-542594748	S2-245933429,S3-60354382,S3-283888113,S3-944402994
S1-960035009	S2-637933871,S3-756982843
S1-889219928	S2-487668348,S2-177707960
S1-495817402	S2-632912555,S3-715557272
S1-673859004	S2-132394069,S2-526497177,S3-57648637
S1-481064053	S2-777952536,S2-433936401,S3-31675271,S3-193231110
S1-602432407	S2-577167048,S3-231639871,S3-577133022
S1-351554107	S2-813055376
S1-279246477	
S1-894868651	S2-389660546,S2-677953532,S3-554177802,S3-791184814,S3-210340373
S1-576794481	S2-74964890
S1-747383030	S3-783246414
S1-643578655	S2-863426284,S2-403087708,S2-234904445,S3-762259985
S1-822974123	
S1-436747217	
S1-426999781	
S1-64576907	S2-939225179,S2-739879420,S2-685478379,S3-969766994
S1-907027015	S2-518160707,S2-237963555,S3-580450328,S3-587362909,S3-479549624,S3-959890288
S1-586056529	S2-862244687,S2-791252450,S3-895289574,S3-453527439,S3-768319076
S1-395051242	
S1-564103715	S2-403572145,S3-746440243,S3-276196490
S1-97645978	S2-780094692,S2-437048461,S3-789850374,S3-557377886
S1-631621013	S2-869737272,S2-194434937,S3-418443526,S3-359143386,S3-433241808,S3-665795961
S1-707841921	S2-559520236
S1-580698724	S2-306470281,S3-512904954,S3-332121260,S3-673319198,S3-152907137
S1-247769736	S2-508854395,S2-373498027,S2-262822879,S3-824040668,S3-92623665
S1-352939352	S2-877726089,S3-507633002
S1-528141822	S3-741577876
S1-895851855	S2-226169300,S2-738389811,S3-70243727,S3-191699297,S3-955894632
S1-25021100	S2-408133333,S2-259821088,S2-445330216,S3-343012747
S1-289761483	S2-689946114,S2-443971475,S2-198529120,S3-900079651
S1-402353764	
S1-207254120	S2-889273648,S3-978500923,S3-172499673
S1-113462626	S2-621851964,S3-856402613,S3-363966359,S3-784201203,S3-809048043
S1-134835906	S2-207358020,S3-275330783,S3-283164777
S1-576724787	S2-280278458
S1-915264721	S2-779532546,S3-933142907,S3-638362908,S3-635545224
S1-850655427	S2-493261924,S2-339886327
S1-241770257	S2-939901237,S2-607214021,S3-910352754,S3-142496944,S3-757461433
S1-219653265	S2-172218534,S3-68465701,S3-59360073
S1-430020791	S3-671503089
S1-884359456	S3-110635956
S1-970876847	S2-944913305
S1-659509457	S2-223943562,S2-449667996,S2-260448696,S3-156337433,S3-782144263
S1-486137011	S2-69920392,S3-179720474,S3-688894617,S3-394973576
S1-711701144	S2-894138222
S1-461371452	S3-681282590
S1-820649363	
S1-511379656	S3-166649845
S1-809526672	S2-703019437,S2-702344218,S2-817682698,S3-614216271
S1-634039036	S2-252982934,S2-225606941
S1-715793897	
S1-820935401	S2-200378294,S2-458884710,S2-890315797,S2-362611633,S3-723520276
S1-163540095	S3-606423372
S1-574752767	S2-892809028,S2-50281083,S2-653660312,S3-335408128,S3-223945424,S3-109184034,S3-162913815,S3-911254528
S1-674220654	
S1-341689135	S2-437436552,S2-441588596,S3-940590059
S1-830837393	
S1-4149789	S2-293217875,S3-493411855,S3-260461206
S1-852912610	S2-565972509,S2-105654272,S2-536782164,S3-773432635,S3-906267983
S1-717439238	S2-704343260,S3-262284131,S3-766104733,S3-664002389
S1-407546396	S2-726563678,S3-484814536,S3-385748906
S1-847206152	S2-254777230,S3-177773338,S3-80521956,S3-729578388
S1-282916903	S2-413315526,S3-506123902
S1-684234999	S2-729596255,S3-334974009,S3-586174973,S3-817273863
S1-692024966	S2-652846611,S2-659990047,S2-373169281,S3-898318876
S1-802514503	S2-594915832,S2-470617788,S3-198532240
S1-895171878	S2-450536857,S2-747978779,S2-726792978,S2-631436272,S3-984758041
S1-368373651	S3-569007716
S1-390880731	S3-213330432,S3-316826113
S1-28996058	S2-700797341
S1-625829301	S3-332130258
S1-993420075	S2-336904775,S2-739003892,S3-166691183
S1-1716678	S2-88921642,S3-672750497,S3-299003734,S3-177852669,S3-158545679,S3-483497977
S1-16902927	
S1-617303820	S2-468435926
S1-621194637	S2-418056029,S3-663254870,S3-599465510
S1-105493885	S2-849325649,S2-591327714,S3-52987663,S3-332611861,S3-247854431
S1-778081601	S2-161674442,S3-292797911
S1-300561352	S2-345616053,S2-975699113,S2-485280528,S3-85888635
S1-812699175	S2-366564007,S3-865324736,S3-494556258,S3-375043888
S1-567298344	S2-688460926,S3-421437770
S1-269927541	S2-941318268,S2-245308004,S3-279578277
S1-845414358	
S1-912274346	S2-930587691,S3-354180198
S1-848743660	S2-43288290,S2-347849280,S3-559310398
S1-926638810	S2-935620503,S3-598223005
S1-458265435	S2-725504283
S1-11193688	S2-7398642,S2-593574208,S3-17474746
S1-87228673	S2-932790302,S3-119964060,S3-151155973
S1-414319338	S2-645795198,S3-967293318,S3-669324049
S1-294377060	S2-489249849,S2-970353364,S2-753201496,S3-204567858,S3-191564844,S3-61262693
S1-356053537	S2-273130235,S2-658226277,S2-609614785,S2-939964106,S3-679109783,S3-219159869,S3-684458596,S3-66626973
S1-474650589	S2-574348563,S3-674692075,S3-457576352
S1-222505926	S3-937065292
S1-209305723	S2-463665702,S2-485506388,S3-686367971,S3-893201784
S1-374177112	S2-139584896,S2-4076107,S2-292396566,S3-259941442,S3-779777832,S3-47824107,S3-423458212
S1-317462103	S2-742642418,S2-613457039,S3-240293498,S3-537680997,S3-158587415
S1-339497199	S2-713026412,S2-361907731,S3-316743380
S1-991377744	S2-388616584,S2-794058186,S2-953742246,S3-390710886,S3-799436903
S1-795780282	S2-325123166
S1-773605260	S2-2815464,S3-208533991,S3-527532792,S3-824291916
S1-648706946	
S1-742722239	S2-716665424,S2-953947486,S3-450594252,S3-27762812
S1-876777849	S2-30381283
S1-334913266	S2-786859185,S2-873919567,S3-451389557,S3-309918921
S1-60422910	S2-292729826
S1-275279490	S2-591787513,S3-462057480,S3-659866412
S1-30317761	S2-281234273
S1-247142933	S2-281134571
S1-468029276	S3-498610110
S1-359002455	S3-16513527,S3-886967572,S3-415182448
S1-887386407	S2-750953662,S2-742448791,S3-451870937,S3-251648120,S3-382517691,S3-711081855,S3-310133267
S1-444107176	S2-123208048
S1-581928095	S3-894952268
S1-763905701	S2-923499911,S2-155856679,S3-108377511
S1-507609469	S2-273137566,S3-785962300,S3-738499648,S3-997372553
S1-941436798	S2-54830607,S3-723701818,S3-36622089
S1-351284671	S2-668199505,S3-63008338,S3-970117869
S1-480217070	S2-465555315,S2-871554544,S3-335954806,S3-232718464
S1-652253357	S2-419733136,S2-59992717,S3-348679530,S3-351015186
S1-199010460	
S1-670958334	S2-682755283
S1-273540365	S2-412165360,S3-399014878,S3-442702436,S3-635045101
S1-519934887	S2-683053598,S2-437292607,S2-686993362,S2-931114720,S3-820108235,S3-486722363
S1-51766427	S2-11790343,S3-266951439,S3-809063440
S1-911807398	S2-100783590,S2-133261080,S2-659262190,S2-102941273,S3-595315621,S3-687922467
S1-553609124	S3-566758602
S1-166278119	
S1-980485071	S2-226968541
S1-188574551	S3-134720009,S3-647682625
S1-42003481	S2-643906637,S3-920958497,S3-888016512
S1-559701984	S2-547561714,S2-826238939,S2-352546318,S3-979275375
S1-998941107	S3-331605567
S1-899539960	
S1-662399764	
S1-801603317	
S1-625508492	S2-956865995
S1-740461801	S2-599880947
S1-347297147	S2-882562262
S1-747473993	S2-934036791,S2-854040901,S3-705124668,S3-89463263,S3-530440345
S1-911199025	S2-616377586,S2-842101398,S3-569487908
S1-288186667	
S1-266604532	S2-137324179,S3-456313648
S1-267788171	S2-644415572,S2-502514003,S3-671769453
S1-697179780	S2-134859850,S3-237903880,S3-977891261,S3-56796894
S1-104940850	S2-738700691,S2-984406461,S3-294223988,S3-830194709,S3-995144517,S3-80249866
S1-436403929	S3-750517553
S1-58056377	S2-511198064
S1-298716378	S2-732268639,S2-16028464,S2-5795532,S3-964693955,S3-193995299,S3-585452380
S1-470622906	S2-360117366,S2-76807581,S2-143391707,S3-256303553,S3-853456354
S1-492878827	S2-9028774,S2-694627690,S2-954191045,S2-242801802,S3-28066362
S1-840290270	S2-783173818,S2-607958704,S3-158159745
S1-693396566	S2-630840265,S2-925151328,S3-499967233,S3-583032023
S1-648537214	S3-396271701
S1-201231118	
S1-915112778	S2-789244726
S1-12886186	S2-214846657,S2-30000064,S2-882882725,S3-969687536,S3-200269800,S3-59692722,S3-917646376
S1-576854427	S2-617330352,S2-798067650,S3-852523373,S3-794730529
S1-688797333	S3-763867774
S1-794612982	S2-940576130,S2-376583823,S3-609214923
S1-166880026	S2-152137902,S3-429038376
S1-444380230	S2-797162839,S2-166507659,S2-695707576,S3-748653512,S3-955361240,S3-988816334
S1-253624773	S2-191047117,S2-397032468,S2-719386127,S2-770031198,S3-984165539,S3-263823603
S1-361589172	S3-408782795
S1-336853624	
S1-223300438	S2-273018386,S3-182341027,S3-92770150,S3-809300400,S3-503302975
S1-182514220	S2-664717220,S2-922064151,S3-634526827
S1-598658348	
S1-941867100	S3-975030233
S1-597118020	
S1-9365948	S2-360938646,S2-911121396,S2-25808286,S2-849774151,S3-622090081,S3-160434361
S1-4496889	S3-280458629
S1-710267864	S2-520550458,S2-284084954,S2-677020068
S1-781183366	S3-183587866
S1-795613178	S2-69469341,S2-697167949,S3-250020821,S3-980247751
S1-339731413	S2-521977073,S3-298269939
S1-731547782	S2-122882060
S1-537762509	S2-670536924,S3-615187821,S3-93909195
S1-397881891	S2-621055481,S2-388885627,S2-567968547
S1-999237985	
S1-619397675	S2-313388975
S1-926713840	S2-437013359,S3-808067929,S3-540291945
S1-952731180	S2-869755790,S2-35476495,S3-946988217
S1-24957772	
S1-554674401	S2-344792184,S2-86507654,S3-2424643
S1-76794079	S2-864229942
S1-66329311	S2-738357108,S3-458014998,S3-491620719
S1-258087259	S2-104223069,S2-610958998,S2-630328609,S2-362112403
S1-520421007	S2-365639223
S1-597604926	S2-95562786,S3-619190118,S3-760286449,S3-330845928
S1-308216936	S2-118566773,S2-808820107,S3-788809573
S1-82843794	S2-60529058,S2-220301599,S3-188445047
S1-880324079	S2-448640136,S3-378223083,S3-981377817
S1-348250542	
S1-672122406	S2-980676184,S2-434338736,S2-56332366,S2-539518381,S3-775475382
S1-148633186	S2-207444027,S2-996993116,S3-143358689,S3-775533938,S3-56362275
S1-720361636	S2-874823153
S1-815121227	S2-789075363,S3-628543828,S3-28883465,S3-771316043,S3-827690619
S1-146084088	
S1-795519992	S2-276048494,S2-891297863,S2-567980712,S3-29851825,S3-168163135
S1-513440237	S2-448104134
S1-52160816	S2-807860534
S1-397770510	S3-500775158
S1-879032286	
S1-256896327	
S1-347683695	S2-214415137,S2-388574277
S1-491197753	S2-281946692,S2-522265557,S2-742772431,S3-746902133
S1-514342661	S2-817319648,S2-44711005,S3-10913120
S1-315645980	S2-598582470,S2-418705149,S3-912866118,S3-415381194,S3-261582070
S1-340116420	S2-581420502,S2-338297448,S3-756030754,S3-544089599
S1-32135936	S2-135268104,S3-444899741,S3-725801049
S1-731351313	S2-722225650,S2-9483374,S3-167983869
S1-558139024	S2-459838798,S2-256818014,S3-456840719
S1-172344515	S2-187446885,S3-411688651,S3-493965724,S3-151705892
S1-231235126	S2-455246584,S3-121265723,S3-659745013
S1-848416950	
S1-350288229	S2-688318378,S2-441186268,S3-962606361
S1-602661660	S3-274586686
S1-161231844	S3-589035857
S1-372910629	S2-593433385,S3-436225511
S1-644052669	S2-327311280,S2-166925344,S3-518550329,S3-190580239,S3-937863348,S3-403936090
S1-943901456	S2-772863075,S2-362875222,S3-827813839,S3-966164352
S1-975858582	S2-548731898
S1-599616230	S2-533745738,S3-228546268,S3-47853891,S3-55363532
S1-441697913	S2-944095695
S1-772536415	
S1-917358227	S2-43190864,S3-528462835
S1-400575910	S2-178585131,S2-537118671,S2-789347319,S3-789669249
S1-350743245	S2-426807680,S2-729451777,S3-921550160
S1-573785872	S2-274599324,S2-63740832,S2-453326436,S2-12629323,S3-866210425,S3-699848423,S3-813773398
S1-186281585	S2-783881345,S3-61231941,S3-478447614
S1-662008827	S2-292785963,S2-921820198,S2-934019174,S3-193449252,S3-661013728
S1-958019551	S2-310329359,S2-296341076,S3-468828115
S1-481477863	S2-952198883,S3-118030855,S3-437646045
S1-945010810	S3-130696594
S1-895299412	S3-551397960
S1-972559053	S2-459537051,S2-769645801
S1-4897246	S3-795828363
S1-73696316	S2-643867139,S2-398277729,S3-14693594,S3-715171235
S1-16659143	S2-54932244,S2-125345449,S3-536067778,S3-589614629
S1-46264549	S2-389123969,S2-472961294,S2-146148659,S2-154933098,S3-733851544
S1-288530369	S2-244782652,S2-76611712,S2-213445931,S2-885599641,S3-343033480,S3-253767905,S3-483603003
S1-655719168	S2-47152258,S2-598812629,S2-487430190,S3-937676405
S1-593876369	S2-931427778,S2-175980860,S3-568668254
S1-578182082	S2-801750874,S2-162769724,S2-83559893,S3-815784262,S3-821985231,S3-890332922
S1-467087017	S2-637860156,S2-55136704,S2-503266593,S3-296798864,S3-407735495
S1-732613051	S2-977653038,S2-367807296,S3-947623119,S3-828485555
S1-207477678	S2-747376852,S2-189692407,S2-870659648,S3-828904648,S3-511642707
S1-795128899	
S1-82763020	S2-200280018,S3-851330496,S3-430655979
S1-418107219	S2-831474391
S1-647434668	S2-78431785,S2-238691009
S1-101123676	S2-466789068
S1-250011021	S2-827772753,S2-466790745,S3-334242921
S1-839960503	S2-890988591,S3-829389830,S3-819605377,S3-468407404
S1-534413480	S2-958726653,S2-501314044,S3-140340811,S3-142331103
S1-147228858	
S1-681401932	S2-345418636,S2-185035845,S2-244296251,S2-204029082,S3-211939980,S3-923257232,S3-196450428
S1-525126944	S2-411760509,S2-945504644,S3-426250493,S3-611681185,S3-613851408
S1-369383841	
S1-602396990	
S1-229974088	S2-781756354,S3-924542678,S3-819431042,S3-97112176,S3-97697751
S1-924157250	S2-236069626,S2-798539357,S3-258967414,S3-2406578,S3-706135614
S1-822732234	S2-915046099,S2-266051001,S3-511486726,S3-313428413
S1-554499937	S3-190663753
S1-179052769	S3-350282290
S1-951863580	S2-484633183,S2-420811363,S2-252861327,S2-85383623,S2-895098008
S1-45426554	S2-998141393,S3-759524534
S1-8980201	S2-25948909,S2-981926392,S2-462212209,S3-562370658
S1-219754944	S3-468071974
S1-950339967	S2-159717090,S2-294599297,S2-149169876,S3-388461140,S3-940199501
S1-401083145	S2-680391965,S2-329944668,S3-702947674,S3-67925606
S1-931626725	S2-412881432,S2-672529101,S3-230402673
S1-155922430	S2-509645535,S2-69001291,S3-330852430,S3-661100566
S1-484506151	S3-944753750,S3-316742541
S1-676915171	S3-222702431
S1-973655194	S3-855396313,S3-118494305,S3-256675983
S1-333792123	S2-622191480,S2-140233952
S1-151439136	S2-382398943,S2-773343189,S3-647564452,S3-588179441
S1-623307548	S2-52676999
S1-811761908	S2-126924864,S2-123853081,S3-957315432
S1-744665873	S3-169229785
S1-133331464	S2-180272555,S2-432526344,S2-586920349,S3-739801203,S3-983020919,S3-515793916,S3-139045336
S1-281029112	S2-835283632,S2-738811391,S2-594332532,S3-101418813,S3-450169668,S3-512578789,S3-545938094
S1-573526755	S2-405746352,S3-735960179
S1-278845792	
S1-813339192	S2-90628553,S2-899534962,S2-299762193,S3-97607607
S1-407195046	S2-387762150,S2-323063913,S3-938555771,S3-849805997
S1-603552558	S2-713767730,S3-867333156
S1-212485849	S2-188451309,S2-889597478,S3-825441201,S3-929165287,S3-590949722
S1-826553139	S2-70770161,S3-704557297,S3-247802965,S3-985429817,S3-516689354,S3-72409318
S1-637412963	S2-860590902,S2-684905858,S2-631760340,S3-473263112,S3-315902396
S1-786795859	S3-470854772
S1-603365531	S2-738457236,S2-910721788,S3-318539175,S3-44426194
S1-540365187	S2-275535513,S2-382927932,S2-690005691,S3-214367574,S3-528343075,S3-396886882
S1-864629383	S2-620459234,S2-288105481,S3-611659031,S3-406343580
S1-995738147	S2-409527573,S3-398823643
S1-628401568	S3-597217562
S1-593206679	S2-104768353,S3-953891946,S3-726044852
S1-91899186	S2-204062671,S3-132195964,S3-619288893
S1-452570117	
S1-318545131	S2-795645851,S2-987618837,S3-559819187
S1-164831261	S2-454392233,S3-675960605,S3-688904823
S1-202629082	S2-182730443,S2-132649852,S3-685166059
S1-625126652	S2-65116781,S2-388916764,S3-648367863,S3-37348531
S1-27407549	S2-913467833,S2-688705247,S3-575733581
S1-842229121	S3-914724559
S1-58330875	S2-490628182,S2-84916116,S3-52843767,S3-794378910,S3-363856333
S1-426816942	S2-378346543,S2-25570348,S3-911509980
S1-335933340	
S1-778556600	S2-18730584,S3-229413704
S1-237042509	S2-714289019
S1-925732479	S2-759923622,S3-373981960,S3-855006752,S3-856208297
S1-493885142	S2-496435898,S3-171757688
S1-364895142	
S1-885905810	S2-743137510,S3-269112663,S3-716379787
S1-873597824	
S1-659846633	S3-907705965
S1-994431408	S2-78663308
S1-959177398	
S1-762405238	
S1-417665210	S2-236563334
S1-976185490	S2-569368923,S3-936455897
S1-627028672	S2-582088467,S2-602303606,S2-269230898,S2-127458749,S3-621132668
S1-82470036	S2-721293543,S2-860433323,S2-64941952,S2-966769135,S3-215437252,S3-988189904,S3-383771638,S3-74037205
S1-113586690	S2-204080827,S2-823432403,S3-604774864,S3-956761926,S3-310072849
S1-546986563	S2-801536008,S3-632759250,S3-10168426
S1-378088551	S2-471771426,S2-554143311,S3-693181019
S1-333040002	S2-893110381,S3-703915491,S3-772826906,S3-559928031
S1-325632427	S2-901297196,S2-617433226
S1-954056626	S2-856450061,S2-562967263,S2-751753729,S3-563409824
S1-703468919	S2-814830032,S2-148889867,S3-953043670,S3-449219249,S3-955324343
S1-239894075	S2-377796515,S2-203852352,S2-162611719,S2-24997322,S3-688932496,S3-144530387
S1-335996196	S3-445919874
S1-948681301	S2-763809607,S3-525191790,S3-949193996
S1-685623451	S2-551964074,S3-438688031,S3-12715629
S1-152294710	S3-301507584
S1-310547813	
S1-631899019	S2-806198628,S2-77642821,S2-996772519,S2-768234406,S2-200999783,S3-267271866,S3-650034664,S3-569338131
S1-403078376	S3-362365885
S1-926879876	S2-958837247,S3-898496296,S3-891087548,S3-148313384
S1-333203433	S2-384805260,S3-384830992,S3-555927974
S1-189727662	S2-243593626,S2-867240610,S3-812983879,S3-550726753
S1-465186209	S2-680203948,S3-83361469,S3-674431828
S1-663216916	S2-230150652,S2-364435410,S3-765318261
S1-648684290	S3-824172410,S3-859105681
S1-221710113	S2-483315291,S3-986686820
S1-491062012	S2-236705276,S2-838630546,S3-70114946
S1-570019322	S2-701510942,S3-860419385,S3-970209707
S1-714818259	S2-506819864,S2-544416996,S3-322518010,S3-517196599
S1-162854474	S2-166789158
S1-220052584	S3-57290119
S1-884069236	S2-468120534,S2-201596704,S2-595623924,S3-732183036
S1-323327692	
S1-10933219	S2-744037975
S1-830910930	S2-717171450,S2-232174014
S1-154197604	S2-561965294,S3-654275427,S3-540344883
S1-291431236	S3-713508942
S1-430450106	S2-815086584,S3-361075655,S3-296733531,S3-938668474
S1-77427577	S2-720241237,S2-201526641,S2-619816756,S3-570653246,S3-178917578
S1-282162278	S2-440475059
S1-642844576	S2-608115751,S2-640766395,S3-644565690,S3-752218665
S1-683076080	S2-823513976,S2-852309228,S2-828810369,S2-530526956,S3-775953665,S3-624001254
S1-374686461	S2-188429413,S3-994784376
S1-176761319	S2-517193679,S3-404843130,S3-471879895,S3-341307929
S1-665530225	S2-715269727,S2-702005240,S3-452972713,S3-288850919,S3-431552929
S1-889592527	S2-611857389,S2-540677388,S2-502685584,S2-162254332,S3-439982778
S1-648042205	S2-906278010,S2-913194546,S2-54168716,S3-125127593
S1-829387830	S2-747222601,S3-737361237
S1-209312981	S2-76072791,S2-813238997,S3-381218955
S1-194743564	S2-506297969,S2-218453130,S2-931282335,S2-676138657,S3-337807458,S3-197972252,S3-736824106
S1-157812690	S2-785212689,S2-484267632,S3-966590900
S1-360164712	S2-334370815,S2-674334975,S2-439773430,S2-352365098,S3-261452353,S3-824521762
S1-535781023	S2-155617645,S2-270153488,S3-994453288,S3-639862292,S3-519151444
S1-922296379	S2-763236166,S3-441411419
S1-639597302	S2-348455866,S3-696731659,S3-283603606
S1-755232237	S3-111069795
S1-126315591	S2-968696369,S2-201772032,S2-250447536,S3-177827314,S3-722172692,S3-690477705
S1-566268124	S2-942512593,S2-386860209,S2-531139687,S2-959352369,S3-964294085,S3-461483373,S3-546006522,S3-154042350
S1-641970669	S2-117248671,S2-972281261,S3-817208396,S3-249778402
S1-926774901	S2-27674414,S2-910865613,S2-729803410,S3-361110978,S3-419339032,S3-521218740
S1-803076397	S2-924610776,S3-27393654,S3-372463716,S3-241596666,S3-791160215
S1-506442056	S2-625404138,S3-451925320,S3-110435119,S3-314075166
S1-465996888	S2-723964432,S3-550651265
S1-634766847	S2-693725770,S2-841539623,S2-845617503,S3-613801192,S3-249794401,S3-809475740,S3-687472
S1-835453859	S2-713518620,S2-402293288,S2-539205800,S3-257028876,S3-175231095,S3-451959337,S3-807593000
S1-809656726	S2-250285360,S2-825769098,S3-274822352,S3-718049743
S1-151066268	S2-652630371
S1-486662948	S2-305961449,S2-984825011,S3-241492240,S3-209951092
S1-322239315	S2-10977006,S3-77451339
S1-443977455	S2-725311697,S3-866677701
S1-576976445	S2-868544703,S2-74869576,S3-29619862,S3-184418783,S3-734608606,S3-665701569,S3-5227783
S1-112671556	S2-421407287,S2-181278458,S3-294429901,S3-119439691,S3-892720048,S3-174014845,S3-862960270
S1-532958154	S2-160536675,S2-46271723,S2-434831984,S3-91009531
S1-433242372	
S1-542984708	S2-970693348,S3-380717787,S3-679222493
S1-193913597	S2-772223650
S1-841764261	S2-68164135,S2-806071165
S1-868800616	S3-451195536
S1-616855575	S2-69235349,S3-707495956
S1-140420342	S2-333737945,S2-486722004,S2-352403850,S3-99674304,S3-411743918
S1-388294833	S2-835407417,S3-484853820,S3-812799667,S3-140623338
S1-29269312	
S1-461153356	
S1-521938978	S3-444011780,S3-355882403
S1-409412137	S3-150702182
S1-796636786	
S1-771391409	S2-344082495,S2-896590713,S2-435556886
S1-584001237	S2-471898501,S3-644048125,S3-41645399
S1-982365693	S2-746817726,S2-364151169,S3-754363491
S1-427721023	S2-179985934,S2-904437359,S2-236079879,S2-599442628,S3-759549535
S1-164433887	S2-966891026,S3-46070364
S1-610113167	S2-212063936,S2-26570026,S3-949839497,S3-412620735,S3-227073215
S1-707268212	S3-287665295
S1-649650101	S2-173383149,S2-402227680,S3-302029305
S1-816147000	S2-237320051,S2-660709023,S2-838670764,S3-593813750
S1-211130056	S2-701753528,S3-311915926,S3-136672854,S3-989149244
S1-211312625	S2-197277871,S2-718807938,S2-20462421,S2-189471169,S3-537105824,S3-229597006
S1-121568150	S2-202965877,S2-685148866,S2-952150040,S3-266900049
S1-316125744	S2-64629142
S1-535861252	S2-893579547,S2-831496791,S3-188629396,S3-993123991
S1-734215668	S2-238611200,S2-259122712,S2-536882127,S2-690007529
S1-121807802	S2-157472749
S1-792086668	S2-609358948
S1-368046858	S2-603572862,S2-447890544,S3-352116494
S1-96498475	
S1-619781044	S2-645224306,S2-69496550,S3-732186216
S1-780675732	S2-326211198,S2-5849477,S2-767443567,S3-485592321
S1-111672314	S2-297160699,S2-743566173,S2-935847533,S3-535959784
S1-356064590	S2-210289226,S2-680712911,S2-777446762,S3-480503467,S3-70628803,S3-90791413
S1-730766955	
S1-270534551	S2-524895760,S3-87253115
S1-322224367	S3-35514576
S1-552041852	S2-784575123,S2-205004147,S3-411814686
S1-175602726	
S1-177789072	S2-93510575,S2-192565570,S2-595956714,S2-887760324,S3-446299140
S1-80745901	S2-461565781,S2-594354885,S2-802824355,S3-150400418
S1-673630773	S2-123445234,S3-492919319,S3-703779940
S1-611134190	S2-474806803,S2-237793518,S2-581080837,S3-997512419
S1-396360019	S2-974901590,S3-114345537,S3-406330977
S1-124230142	S2-822476740,S3-531758981
S1-450820423	S2-179262281,S3-784089766,S3-294650062
S1-790129057	S2-948136533,S2-479126097,S2-592151135,S3-721891302,S3-482458224
S1-726021984	S2-816228783,S2-555890867,S3-513876007
S1-121062188	
S1-227417435	S2-789788581,S3-506351103
S1-155978074	S2-452981390,S3-180677090
S1-594062748	S3-194065890
S1-466198091	
S1-179442864	S2-57663209,S3-417855808,S3-27478211
S1-674603664	S3-828137950
S1-906924721	S2-478202851,S3-200478825,S3-960910350,S3-156407104
S1-748557948	S3-824794666
S1-390988790	S2-50373716,S2-373065701,S3-905411851,S3-771751223,S3-867133719
S1-422964050	S2-898156332
S1-800782776	
S1-53816928	S3-849552649,S3-492290465,S3-322183851,S3-778714723
S1-615640902	S3-22272001,S3-753858727
S1-467656445	S2-890771296,S2-171208898,S3-257037483,S3-503665207
S1-269575307	S2-878331102,S2-152701499,S3-5320827,S3-428610345
S1-910597523	S3-239760412
S1-515168786	S3-982850528
S1-26469692	S2-972963977,S2-832726751,S3-626564831,S3-661705593,S3-439029656,S3-448099500
S1-932198582	S3-222774492
S1-946097482	S2-702022933,S3-641154520,S3-820356440,S3-189653448,S3-245813487
S1-165027139	
S1-176823315	
S1-25011145	S2-505361883,S3-99514549,S3-26355029,S3-255583006,S3-535273391
S1-688677090	S2-934740466,S2-77038319,S3-202107414
S1-945915025	S2-291885223,S3-373654389
S1-175057578	S2-445976870
S1-715861982	S2-236816546,S3-233269099
S1-439421505	S2-514464744,S3-239513422
S1-601302503	S2-582193792,S2-997903141,S2-635549663,S3-55339773
S1-332088012	S2-29055957,S3-367076371,S3-601581474
S1-385579765	S2-791592517,S2-980688705,S2-483349037,S3-317182079
S1-71890763	S2-882822003,S2-342897176,S3-975081866
S1-882748986	S2-975538728,S3-324671473,S3-27926484
S1-879096669	
S1-567460548	S2-514218390
S1-350432613	S2-610315370,S3-535500951,S3-138349649,S3-705909836
S1-340889184	S2-481562750,S2-447645793,S3-698419036,S3-283891499,S3-41863738,S3-213352371
S1-290604050	S2-913271634,S2-673364691,S3-413232490,S3-871971198
S1-456232879	S2-919057764,S3-257759163,S3-476602749
S1-901576924	S2-383796916,S2-112031579,S2-165546698,S3-818327842,S3-738005941
S1-309138974	S3-597197828,S3-351757727
S1-887434604	S2-502692736,S2-518597406,S3-878451661,S3-462675421
S1-93524098	S2-823565190,S2-492664717,S3-576108616,S3-342810297
S1-838085024	
S1-600974020	S2-377029834,S2-191456955,S2-582347085,S2-902757325,S3-634682220
S1-351874710	S2-691779254,S2-720920830,S2-603754048,S3-250315232,S3-53942881,S3-706182994,S3-356714108
S1-287420380	S3-315714499
S1-690347424	S2-259450464,S2-658565629,S3-53529556,S3-588925963
S1-583642646	S2-500083156,S3-44102043,S3-949012518
S1-345051891	S2-346286670,S2-405656887,S2-554725052,S2-292344793,S3-915344020,S3-673110375,S3-650605681
S1-174871552	S2-16125425,S2-557202049,S3-450606751,S3-825972145,S3-227299488,S3-711225269,S3-646167268
S1-227518648	S2-665237217,S3-849713903,S3-112613581,S3-143458255
S1-632834399	S2-640012294
S1-875066575	S2-706373549,S3-985679320,S3-157899422,S3-671389907
S1-258294402	S2-573263208,S3-252848602,S3-521245250,S3-748369059
S1-569430215	S3-762533988,S3-558476312
S1-640454617	S2-16444781,S2-663170369,S2-652394157,S3-283971925,S3-242143064
S1-773490794	S2-385890674
S1-117631568	S2-792720746,S2-869070843,S3-270835065,S3-549288300,S3-820167697
S1-409448250	
S1-396408919	S2-750582546,S3-786254990,S3-831882561
S1-319968189	S3-601856988
S1-642163341	S2-477403113,S3-406563547,S3-603207634
S1-130415967	S2-193535987,S2-643690325,S3-70940444,S3-262372748,S3-556815806
S1-58717192	S2-407479880,S3-758864727
S1-813804590	S2-814485907,S2-147919401,S3-167361341,S3-2143205
S1-271759853	S3-325272848
S1-339453587	S3-221346502,S3-710837863,S3-635971928
S1-514870973	S3-453791159
S1-928831474	S2-811631684,S3-652984493,S3-347908888
S1-690282030	
S1-811042356	S3-312145121
S1-952785161	S2-105552466,S3-228488929,S3-680755856
S1-917060480	S2-434486076,S3-382171090
S1-762300546	S2-371433511
S1-890586336	S2-699074978,S3-586992095
S1-721024454	S2-703208767,S3-430613585,S3-679711804
S1-651766951	S2-303454417,S2-170313073,S3-48091949,S3-936262596
S1-184350488	S2-656849067,S2-408136991,S2-704871468,S2-378985224,S3-279681954,S3-478800244,S3-819539914,S3-725741956
S1-994706943	S2-499850741,S2-933480120,S2-229614226,S2-715646853,S3-348119456,S3-289319417
S1-562477454	S2-149404384
S1-181021056	S2-123465851,S2-918753015,S2-111687181,S3-307350036,S3-770627433,S3-572942074
S1-969592637	
S1-297071689	S2-796015146,S2-766598652,S2-161000410,S2-141274887,S3-804749928
S1-574022707	S2-629942571,S2-549188150,S2-601009538,S3-993259782,S3-324544955
S1-858587900	S2-206334327,S2-659181585,S2-778984756,S2-221492565,S2-743443949,S3-264661077,S3-725259611,S3-275049163
S1-51144239	
S1-337590203	S2-711679,S2-926344415,S2-164788282,S3-646779067,S3-885280540
S1-632337330	S2-457259101
S1-464628975	S2-129256518,S2-590868726,S3-286643445,S3-184369897
S1-720202040	S2-245574081,S3-711346294
S1-659600148	S2-627734518,S3-528138726,S3-8914409,S3-825783252
S1-332668891	S2-718726109,S2-6519253,S3-734474637,S3-13000213
S1-534441415	S2-962043112,S2-396190243,S2-110453384,S3-953247384,S3-405162335
S1-343786205	S2-763648036
