entity_id	business_name	business_address	country
S1-820935401	Research (India) Bengal Private Limited	G-244, Vikas Nagar Colony, Near Ketan Hospital Barga, Gorakhpur Sadar, Gorakhpur, Uttar Pradesh	India
S1-562441786	Appleby and Salgado Suma	11657 Breyman Avenue, Portland, OR	US
S1-902552291	Varshita Food Pvt Ltd	F-501, Park View City-2 Sector 49, Sohna Road, Gurgaon, Haryana	India
S1-186281585	Perfect (India) Tours Pvt Ltd	G-47, Raj Nagar Part-Ii Palam Colony, New Delhi, Delhi	India
S1-622257785	International Nexa Secure Private Limited	41, Sarang Marg, Opposite Jmb Surajpole, Udaipur, Rajasthan	India
S1-234223484	Bright Seafood	12718 Hilden Road, Durham, NC	US
S1-664387167	American Pediatrics	16125 Leitchfield Road, KY, Big Clifty	US
S1-850215759	Cozy Pizza PLLC	719 Ashford Court, Cincinnati, OH	US
S1-603743638	Pune Media Company	S No. 372 A, F Pl 299, S Pl 6, North Main Rd Koregaon Park, Pune, Maharashtra	India
S1-971104153	National Alliance	1112 Towne Street, Cincinnati, OH	US
S1-358621767	JU Asson Private Limited	Vill Badhanu, Uttar Pradesh, Aligarh	India
S1-873022884	Black Global Private Limited	26/2, Armenian Street 4Th Floor, Kolkata, Kolkata, Howrah, West Bengal	India
S1-718597604	Economic Development Program Corporation	1410 La Paz Drive, Ojai, CA	US
S1-432979447	Siruvani Traders	634, S.F. Basement Right Side, Gali No. 7, Govindpuri, Kalkaji, New Delhi, Delhi	India
S1-899992624	Integrated Metro Hydro P.C.	5035 Matador Lane, Rosharon, TX	US
S1-413086658	Connor Creative Onfolio	7316 Lehigh Drive, Dallas, TX	US
S1-762300546	Prudential & Sons Private Limited	C/O Mahendrabhai Naginbhai Ashramfalia At Po Vahela Ta Vansda Tal Mahuva, Vaheval, Surat, Gujarat	India
S1-498595920	1523 First Plaza Associates	6367 Tradition Circle, TX, Brownsville	US
S1-975452002	Complete Payment Laboratories	NY, 249 Foreman Road, Decatur	US
S1-847206152	Chicky Costa Better Tire Shop	3824 Gazola Street, Texarkana, TX	US
S1-689511545	Antonio Homes	5924 Stanhope-kelloggsville Road, Andover, OH	US
S1-187980098	Rajrani Natural Limited	14/ First Floor, Plot - 289/293, Sopariwala House, Shamaldas Gandhi Marg, Marine Line, Mumbai, Mumbai City, Maharashtra	India
S1-701376102	Teak Distributors Private Limited	53, Satra Plaza, Ground Floor, Plot No.19 & 20, Sector-19D, Vashi, Navi Mumbai, Thane, Maharashtra	India
S1-510615509	Heng Innovative Consulting LLC	3205 Eastfield Station Drive, Charlotte, NC	US
S1-601049167	Multi Research LLP	H.No 2-56/30/P, Sy No 11/25 & 11/26 Khanamet, Serilingampally, Hyderabad, Rangareddy, Telangana	India
S1-74146373	Transcontinental Industrial Consultants LLC	4109 Moscato Drive, Amarillo, TX	US
S1-209005262	Royal Consumer Studios	3135 Whip-poor-will, Unit 0, Belvidere, IL	US
S1-860641294	Hotel Healthcare Private Limited	No 19/138A Karimpanapalam, Vatakara, Kozhikode, Kerala	India
S1-632337330	Sonet Prime Textiles LLC	205 829, Nacogdoches, TX	US
S1-379766079	Urology Gulf Physicians, Inc.	2948 6th Avenue, Port Arthur, TX	US
S1-718118464	Lotus Builders Private Limited	6061/7, 3Rd Floor, Santushi Apartment, D-6 Vasant Kunj, New Delhi, South Delhi, Delhi	India
S1-392199760	Sree Foundation Private Limited	12/3 Ground Floor, Nehru Enclave East, Near Kalkaji Police Station, Delhi	India
S1-109700674	Intense Suppliers Limited	47, Rukmani Vihar, Mathura Bangar Krishna Nagar, Mathura, Uttar Pradesh	India
S1-30696182	Cook Allied Terra	225 Selby Ranch Road, Unit APT 3, Sacramento, CA	US
S1-146222269	Shiva Builders Private Limited	C-72, Block-C, East Delhi, Delhi	India
S1-291431236	Roelofs Good LLC	929 Contessa Drive, Cary, NC	US
S1-578182082	Zaor, LLC	1660 Wilton Road, Unit #1, Tacoma, WA	US
S1-169208746	Rizzo Heartland Opportunities	504 Hansbarger, TX, Fort Worth	US
S1-686606677	Denet, L.L.C.	732 Gurten Street, New Bern, NC	US
S1-473457376	Harbor Innovation Inc	6409 Egypt Pike, Chillicothe, OH	US
S1-841856060	Urology Green Associates LLC	8472 Sierra Sunset Drive, Sacramento, CA	US
S1-540365187	Shivam Foods Private Limited	1St Fl Chankya Complex, Hiro Honda Show Room, Nizampura, Vadodara, Gujarat	India
S1-645303868	Better Strategy Corporation	5521 Front Point Court, Indianapolis, IN	US
S1-506442056	Bombay Services	P No 2045I Opp Gelmandir, Chitaliya Road, Jasdan, Rajkot, Gujarat	India
S1-498441303	Technologies Hale Durga Pvt. Ltd.	Plot No.15, Kh.No.126, Abs Palace Village Nangloi Mundka Near Najafgarh Ro, Ad, New Delhi, West Delhi, Delhi	India
S1-965111382	Great Builders Limited	No.164, Bbmp Katha No. 185/164 At Sector Vi, Hsr Layout, Bangalore, Karnataka	India
S1-916939227	Prairie Project, Inc.	327 Lindley Lane, Unit Apt 1, Newport, AR	US
S1-599541224	Vanguard Empire, Corp	231 Philadelphia Pike, Wilmington, DE	US
S1-353270376	Shivani Chits (India) Pvt Ltd	B-16Second Floor Sector-64, Noida, Gautam Buddha Nagar, Uttar Pradesh	India
S1-321548410	Lawless's Tattoo of Lynwood	19655 Lake Shore Dr Court, Lynwood, IL	US
S1-637471848	LRD Homecare Pvt Ltd	Flat No. 501, Satguru Solitaire Building, Near Jain Temple, Kasar Vadvil Naka, G., B. Road, Thane, Maharashtra	India
S1-554439929	Sai Construction Pvt Ltd	Plot No-2333, New Industrial Estate Jagatpur, Cuttack, Orissa	India
S1-574752767	Capital Ministries	2923 Masters Drive, Dallas, TX	US
S1-216435928	Urology Supreme Center	14318 Palladium Drive, Unit APT 301, Chesterfield County, VA	US
S1-169978429	City Traders Private Limited	No.513/1, Honna Enclave K.N.Agrahara, K.R.Mohalla, Mysore, Karnataka	India
S1-378355204	Mcdonough Chemical LLC	IL, 26 Prairie Street, Batavia	US
S1-142277229	Farwell & Arrigo Microelectronics	301 Hammond Drive, Hot Springs, AR	US
S1-16902927	Better Delta Ramaco Corporation	9370 Clay County Highway, Moss, TN	US
S1-999513475	Colonial Committee	166 Cedro Drive, Green Valley, AZ	US
S1-579995479	YR Management Pvt Ltd	Surakshay House, Pune, Maharashtra, Pune, Sr. No. 57/2/22, Opp. Colori Building Society, Undri	India
S1-259690117	Metropolitan Dynamic Data LLC	454 150, Morgan, UT	US
S1-73607895	Timeless Charitable Trust	Drno:1/341 Chinnappampatty, Pappampady, Salem, Tamil Nadu	India
S1-599932550	Elliott Choice Translational	245 Farragut Avenue, Hastings-on-hudson, NY	US
S1-113761144	OV Ventures Limited	No 1289, 7Th Cross 17Th Main, Btm Layout 2Nd Stage, Bangalore, Karnataka	India
S1-849065046	Bohrer Ridge International LLC	1046 Dorsey Drive, Unit 107, Burlington, NC	US
S1-795128899	Natraj Welfare Society	C-26, Ameya Arcade, Near Mahatma Society Kothrud, Pune, Maharashtra	India
S1-924157250	Coastal Veterinary Clinic Group	110 1st Street, Unit Apartment 303, Chaska, MN	US
S1-319131940	Solutions Rajani Connect Corporation	Fl-603, Ashiyanaoldtophkhana, S.No107/1, Maharashtra, Pune, Shivajinagar	India
S1-943644962	Pena Praetorian	2100 Pinkerton Road, Zanesville, OH	US
S1-30317761	Barnes, Malcolm & Pelham Scuti	5012 55th Avenue, Amarillo, TX	US
S1-414439944	Samridhi Storage Corp	5/4, B.T Road, Titagarh, Kolkata, Kolkata, Howrah, West Bengal	India
S1-430020791	Peridium Currencyshares LLC	318 Jennifer Street, Germantown, IL	US
S1-470138580	Rahman Chemical Associates	43485 D, Perry, MO	US
S1-357096593	Bright Tech Private Limited	Gopala Krishna Complex No, 45/3 Residency Rd, Mg Rd, Bangalore North, Bangalore, Karnataka	India
S1-493358744	Jarlic Airport L.L.C.	209 Jessica Way, Unit B, Stanford, KY	US
S1-492797046	Saint Traders Private Limited	Bhiwani, C/O Balwan Singh Po- Behal, Bhiwani, Haryana	India
S1-292017266	Heritage Initiative IV PC	Huntsville, AL, 15802 Trey Hughes Drive	US
S1-662713468	Datha Rodriguez, Esq.	1711 Bartlett Way, Chandler, AZ, Fl 1	US
S1-769600386	Spm Automation Pvt. Ltd.	Door No 80/52 Vadakekkara House Cheralparambu, Wadakanchery, Thrissur, Kerala	India
S1-28824899	Vion Heartland Presidio	703 Ahrens Street, Houston, TX	US
S1-140787527	Synia Enterprises	10267 Kingston Pike, Knoxville, TN	US
S1-885905810	Galaxy Infrastructure Private Limited	C-108, 5Th Cross East, Fort Station Road Thillai Nagar, Tiruchirappalli, Tamil Nadu	India
S1-361589172	Ngk Sangh Corp	Eternity Society, Telco Compound, Teen Hath Naka, Naupada, Thane, Maharashtra, Thane, F/504	India
S1-258087259	Bava P.C.	1027 Arbor Court, Mount Prospect, IL	US
S1-789987466	Lumberton Historical First Committee	4100 Nelson Way, Lumberton, NC	US
S1-41030742	Best Rice Inc	14516 Shooter Mc Gavin Drive, Manor, TX	US
S1-279369019	Metropolitan Legacy Midcap Inc	3 Village Green, Plymouth, MA	US
S1-239300612	Hinton Blue Boa	Eugene, OR, 34024 Van Duyn Road	US
S1-381105200	Brownlee Superior Strategy LLC	AR, 2 Lawrence 229 Road, Powhatan	US
S1-830107198	Tejavi Planners Ltd	4Th Floor, Prabhavee Techno Park, Baner, Pune, Maharashtra	India
S1-813575929	Goodnight Home Care LLC	10463 Decatur Avenue, Bloomington, MN	US
S1-193715010	Great Agro Private Limited	Plot No.47, Ramkrishna Nagar Near Nirbhay Society, Makhamalabad Road, Nashik, Maharashtra	India
S1-860468109	QJ Consultants Corp	Royal Diam, Fl No.2, Rs-433/1, Sub Plâ3 Tpsâ3 Fpâ300 Nandu Doshi Ni Wadi, Vasta Devdi Road, K, Atargam, Surat, Gujarat	India
S1-316329349	Jay Law Chambers Pvt Ltd	Block A D.No.40-15/1-9/1Siris Rajustreet Brundavan Colony, Labbipet, Vijayawada, Krishna, Andhra Pradesh	India
S1-989812339	Menard Spdr Inc.	135 Russell Street, Barrington, IL	US
S1-452304394	Clarksville Family Fellowship LLC	900 76, Clarksville, TN	US
S1-676915171	Anand Media Private Limited	B-3A/55B Janakpuri, New Delhi, West Delhi, Delhi	India
S1-609283949	Desiri Hancock Online L.L.C.	125 New Ludlow Road, Chicopee, MA	US
S1-234102858	Star Analytics Worldwide Inc	226 Lawrence Street, Bellevue, OH	US
S1-279844190	Royal Investment Inc	529 121 Street, New York, NY	US
S1-864183915	Vijayawada Automation Private Limited	D.No:40-7-12A, Flat No.1, Lord Datta Complex Labbipet, Mogalrajpuram, Vijayawada, Srikakulam, Andhra Pradesh	India
S1-336086430	Griffin Modern Chemical	IN, 1531 600, Sullivan	US
S1-806318335	Elite Industries Private Limited	Delhi, Vikas House, 3, Arihant Nagar, Rohtak Road, Punjabi Bagh West, New Delhi, West Delhi, Second Floor	India
S1-259898560	Blue It Private Limited	Office No. 102, V-79, 52 A First Floor, Vijay Block Laxmi Nagar, Shahdara, Delhi	India
S1-361781582	Cordova Preferred Information Inc.	409 Lawson Street, Hurricane, WV	US
S1-51766427	Reliable Design Ventures	Altus, OK, 1105 Benson Street	US
S1-478347574	FTQ Better Fitness Partners	142 Putnam Circle, Unit LEFT, Springfield, MA	US
S1-869367976	American Veterinary Clinic	479 Massachusetts Avenue, Unit 3, Boston, MA	US
S1-450191154	Multi Advisory Private Limited	Telangana, Hyderabad, P.N.163, Jaya Prakash Nagar Miyapur	India
S1-681100809	Golden Public School Private Limited	404, Khajurwala Chambers, 313/315 N N St, Mumbai, Mumbai City, Maharashtra	India
S1-979970707	One Infra LLP	15, Vaikuntha Vathyar Street Sowcarpet, Chennai, Tamil Nadu	India
S1-571424222	Pitts Packaging	Charlotte, 10506 Paxton Run Road, NC	US
S1-870614779	Surgical Medicine LLC	28441 57th Street, Cave Creek, AZ	US
S1-932863192	All Jab LLC	247 Broken Spur Court, Rocky Point, NC	US
S1-515168786	Garofalo Veterinary Clinic	804 Pedretti Avenue, Cincinnati, OH	US
S1-363985435	SIH Urja Private Limited	C/O.Smt.Lalmuni Devi, W/O Sri Ram Prasad Mundar Sah Lane-2, Akashwani Rd, Khajpura, Patna, Bihar	India
S1-886743246	Innovative Apparel Global	WA, Unit 316, 1211 Walnut Street, Ellensburg	US
S1-601016742	Chennai Industries Private Limited	Pugalendhi (Cauvery) Street Sam Avenue, Sembakkam, Tamil Nadu, No.19, Chennai	India
S1-450567401	Energy Garib Commercial Private Limited	Shop No 4, Anandkunj Co Op Hsg Society Old Gangapur Naka, Nashik, Nashik, Maharashtra	India
S1-148633186	Stevenson Project	MA, Boston, Unit 56, 1383 Boylston Street	US
S1-171799827	Creel and Torres Genetics Inc	5982 Orchard Drive, Cincinnati, OH	US
S1-693396566	Awantika Management Pvt Ltd	H-10/7, 2Nd Floor, Malviya Nagar, Delhi, South Delhi, Delhi	India
S1-16404871	Great Exports Private Limited	2Nd Floor, No.10, Bannerghatta Road, Bangalore, Karnataka	India
S1-486662948	Boliex Co	127 Twin Lakes Circle, Martinsburg, WV	US
S1-254633891	Cortez American Mercator	1156 51, Hamilton, AL	US
S1-17738806	Shuchi & Sons Pvt Ltd	F-17(Gm-17), Ground Floor, Keerthi Royale Apt, Banaswadi Outer Ring Road, Ramamurthy Nagar, Bangalore North, Bangalore, Karnataka	India
S1-731351313	Developers Tropical Shubham Pvt. Ltd.	Hig Madhavpuram, Iit Society, Near Brahmeshwar Temple, Kalyanpur, Kanpur, 103, Uttar Pradesh	India
S1-591890671	Sea Trading LLP	Wz-429 A/4, Opp B-195, Naraina Vihar, New Delhi, Delhi	India
S1-922304075	Miller United Printing	135 Pleasant Street, Cambridge, MA	US
S1-670306284	Complete American Rising LLC	255 4th Avenue, Ontario, OR	US
S1-179442864	Royal Engineering Limited	1287, Laskarhat, Ground Floor Dakhinpara, Madhyapara, Kolkata, Kolkata, Howrah, West Bengal	India
S1-114975883	Big Cafe!	6800 Sheep Hollow Lane, Dittmer, MO	US
S1-574428764	Davis Rush LLC	735 Park Street, Middleport, OH	US
S1-2575170	Galaxy Tech Private Limited	C-67Shivaji Park, New Delhi, West Delhi, Delhi	India
S1-840990248	Anand Software Private Limited	21/B Parshottam Nagar Harmiroad, Baroda-22, Vadodara, Gujarat	India
S1-637732507	Dunn, Freeman & Olson Standard LLC	2202 Commerce Parkway, Unit A, La Grange, KY	US
S1-368120970	Regional Summit Brand LLC	IN, 30468 Tower Road, Elkhart	US
S1-794484754	Ace Developers Pvt Ltd	F No 1007, M K Gold Coast, Near Vivekananda Nagar, Sagarnagar, Visakhapatnam (Rural), Visakhapatnam, Vishakhapatnam, Andhra Pradesh	India
S1-829445751	Bison Inc.	Cincinnati, 195 Green Hills Road, OH	US
S1-444380230	Ines Liu Colonial Fact LLC	4755 Rolling Meadows Lane, Signal Mountain, TN	US
S1-739066971	Mahadhan (India) Care Private Limited	243 Kuber Complex New Link Road Andheri West, Mumbai, Maharashtra	India
S1-894221085	Rocky Trust	30 Auna Drive, Unit 8, Brockton, MA	US
S1-646333459	Krishna One Technologies Private Limited	Shop N.O 192, New Grain Market, Gharunda, Karnal, Haryana	India
S1-211487702	Chapman's Diagnostics Associates	21 Intervale Road, Dedham, MA	US
S1-941128461	Pediatric Specialists L.L.C.	138 Dogwood Lane, Mocksville, NC	US
S1-500678677	Hindon Nursing Home	C/O Madansingh Chouhan Ra, P.N.28 Sec.1 Sudarsan Com, Dhar, Madhya Pradesh	India
S1-110395186	Sweet Book Store LLC	101 Canal Street, Unit 226, Boston, MA	US
S1-244283508	DB Polestar LLC	162 Maple Avenue, Fl Floor 1, Altamont, NY	US
S1-45095199	J 2 N Lake LLC	603 2nd Street, Hull, IA	US
S1-673630773	Imagine Trading Private Limited	N-12/304 J-12, Shiv Raj Nagar Colony, Mahmoorganj, Varanasi, Uttar Pradesh	India
S1-531363885	Advanced Security Innovations LLC	808 Fife Avenue, Sapulpa, OK	US
S1-546434710	Pacific League	310 Cass Street, City Of Chilton, WI	US
S1-946912763	Taylor, Hernandez & Cathey Inc.	1434 Longacre Drive, Cincinnati, OH	US
S1-474650589	Shaw Controls Inc	2 Pinetree Road, North Hempstead, NY	US
S1-890203053	Trusted Digital	Marlborough, 11 Apple Blossom Lane, NY	US
S1-239894075	Burke Copper Inc	213 St Marys Avenue, Staten Island, NY	US
S1-585428768	Gonzalez Housing	16505 75th Avenue, Maple Grove, MN	US
S1-379195829	Small & Mckenna Care	2635 Wicker Avenue, Farmers Branch, TX	US
S1-80358063	Best Inc	6274 Feldspar Lane, Unit 308, Chattanooga, TN	US
S1-928800935	Digipro Sevalal	B-701/702, 7Th Floor, Flexcel Park, 184-87, S. V. Road, Jogeshwari West, Jogeshwari West, Mumbai, Maharashtra	India
S1-467444196	Suellen Mendoza Clean Development LLC	Unit 2, Haverhill, 11 Cross Road, MA	US
S1-904323931	Krishna & Sons Corporation	D - 101, Archi Peace Park New Vidhya Nagar, Sec 4, Udaipur, Rajasthan	India
S1-625613680	Board of Health	6708 Peoria Avenue, Unit APARTMENT  1422, Tulsa, OK	US
S1-881778464	SG Mata Pvt. Ltd.	1137/11 Parag Opp Policeground Off F C Road Shivajinagar, Pune, Maharashtra	India
S1-119967887	Unique Naturals Ltd	16, India Exchange Place, Ground Floor, Calcutta-1 Ground Floor, Calcutta, West Bengal	India
S1-834939521	Martinez Crown LLC	208 Wichita Lane, York County, VA	US
S1-648706946	Loknath Group of Companies	F 34/3New Okhla Industrial Area Phase-Ii, New Delhi, South Delhi, Delhi	India
S1-853204970	United Foods Private Limited	7 Aravali Shopping, And Office Complex, New Delhi, South Delhi, Delhi	India
S1-190296012	Peridial Online Corp	1815 Richard Lane, Knoxville, TN	US
S1-771656978	Arihant Technology Pvt Ltd	E-3206 Rajajipuram, Lucknow, Uttar Pradesh	India
S1-991850535	Surya Technology Private Limited	212/213, Bussa Industrial Estate Century Bazar Lane, Prabhadevi, Mumbai, Maharashtra	India
S1-943507938	Kalli's Premier Development Inc	1902 26th Street, Topeka, KS	US
S1-268597268	Certified Cargo Technologies Inc	2916 Angelina Drive, Round Rock, TX	US
S1-287350591	Ram Solutions	B 506 Ganesh Glory, Nr Bsnl Office, Ahmedabad, Gujarat	India
S1-50961892	Best Freight Holdings	14413 Sedgwick Drive, Granger, IN	US
S1-234472268	Beum	26908 17th Avenue, Phoenix, AZ	US
S1-795780282	Sree Properties Private Limited	301, Maya Mention, 581- M.G. Road, Indore, Madhya Pradesh	India
S1-176341356	Urgent Care Clinic of Gold Canyon	6601 60, Unit 562, Gold Canyon, AZ	US
S1-513635472	Hitech Estate Private Limited	S No 201, Orient Garden Orient Garden Sade Satara Nali, Pune, Maharashtra	India
S1-807551268	Guru Real Trading Private Limited	E-3/46, Prime Plaza Complex 10-No Bus Stop, Bhopal, Madhya Pradesh	India
S1-574022707	Swarna Vidyalaya Limited	Shop No. 8, Khandha Commercial Center. Opp. Railway Station. Kevda Wadi, Junagadh, Gujarat	India
S1-741561490	Illa Curry, D.O., M.D., P.C.	6803 136th Avenue, Newcastle, WA	US
S1-444107176	G & I Farms, L.L.C.	5616 Independence Avenue, Waterloo, IA	US
S1-987407743	Hanson Capital	19824 Snake River Avenue, Liberty Lake, WA	US
S1-609252951	Jkc Ias Private Limited	E-306, Devam Appartment, B/H. Balaji Residency, Ahmadabad City, Ahmedabad, Gujarat	India
S1-211312625	Layney Finley Custom Neurosciences LLC	14 Ledyard Street, Springfield, MA	US
S1-300561352	Diagnostics LLC	435 Mulberry Drive, Bonnie, IL	US
S1-152687574	E 5 K Greenfire	6801 Preinkert Drive, Unit 7505, College Park, MD	US
S1-503295813	Classic Projects Private Limited	Golden Jublee Apts, D Block D9, Anna Main Road, Kk Nagar, Chennai City Corporation, Chennai, Tamil Nadu	India
S1-963518473	4665 Lake Street Realty PC	30236 97, Chiloquin, OR	US
S1-570099434	Exports Mn Realty Pvt Ltd	8/615 C, Nida Kanjikkode, Palakkad, Kerala	India
S1-437953209	Yingling Corporation	8810 Claiborne Drive, Evansville, IN	US
S1-489351677	Coimbatore Kapoor Private Limited	D.No.6, Gopal Samy Kovil Street, Ganapathy, Coimbatore, Tamil Nadu	India
S1-658790831	Mcmahon Source Clinic	4032 Osborn Road, Unit 161, Phoenix, AZ	US
S1-418107219	Pinnacle Desert Eqv	601 Nevada Drive, Sellersburg, IN	US
S1-325606391	Solis Capital Pembina	1635 Colgate Avenue, Springfield, MO	US
S1-222156	Kaverita Services Pvt Ltd	D-4 Ansa Ind Estatesaki Vihar Raod Sakinaka Andheri (E), Mumbai, Maharashtra	India
S1-385330911	Pacific Greenland Inc	244 Gaston Mclean Road, Rockingham, NC	US
S1-675046864	QK Bancorporation LLC	3410 Cordell Road, New Palestine, IN	US
S1-167799365	Nguyen Freedom	2531 W View Acres Avenue Extension, Hickory, NC	US
S1-234047942	5-Star	106 Olive Street, Snow Shoe, PA	US
S1-726303600	Ram Agro Private Limited	C-11 Balaji Indl Estatenavghar Cross Road Bhayandar, Thane, Maharashtra	India
S1-247769736	Premier Developers	No.22 N.B.Road, Chennai, Tamil Nadu	India
S1-860381404	Sangeeta Brothers Limited	No 6 Udaynagar Bengeri Road, Hubli, Dharwad, Dharwar, Karnataka	India
S1-525871243	Innocent & Sons Corporation	Krishna, Vijayawada, Door No.1-3-51/A, Andhra Pradesh, 4 Pillar Centre Vidyadharapuram	India
S1-38770013	Dixon Starlink Care	Nelson County, 1002 Mayo Creek Lane, VA	US
S1-378305402	Duke Webster Inc.	128 Oak Brook Circle, Madison, AL	US
S1-542984708	Hilaire & Howard	MA, 75 Block Street, Abington	US
S1-967463652	Endaum LLC	2426 346th Street, Federal Way, WA	US
S1-450323972	Brown's Reliable Cosmetics	6 Adams Lane, Sherborn, MA	US
S1-164746397	Behavioral Health Unified Partners L.L.C.	13518 Slate Ridge Court, Fort Wayne, IN	US
S1-552186166	Superfast Healthcare Pvt Ltd	No. 3/200C 1, Nallichettipalayam (Post) Annur (Via), Coimbatore, Tamil Nadu	India
S1-855418788	Said Assets Inc	5337 Galapagos, Tucson, AZ	US
S1-10381156	Creative Athena	4914 New Hope Road, Raleigh, NC	US
S1-928831474	Blue Auto Body PC	613 Shady Lane, Charleston, WV	US
S1-729556651	Surya Logistics Private Limited	Shradhanandpeth South Ambazari Road, Nagpur, Maharashtra	India
S1-802514503	Bay Council	2501 Fernwood Drive, Greensboro, NC	US
S1-582372030	Youth Enterprises	S. No. 21 Near Pmc School Dhanori Road Dhanori, Pune, Maharashtra	India
S1-605798030	Vasquez Tokyo LLC	AL, 818 Daphmont Drive, Daphne	US
S1-973833136	Children's Network Center	1309 Hembre Court, Suisun City, CA	US
S1-324468580	Best Engineering Private Limited	House No. 114, Kesurdi, Near Janu Bai Temple, Khandala, Satara, Maharashtra	India
S1-935266202	CSR Cascade Intercontinental, Inc	168-48 Powells Cove Boulevard, Whitestone, NY	US
S1-145152624	Colonial Association	NY, Buffalo, 649 Delavan Avenue	US
S1-282162278	Snyder Beyond Inc.	4032 Brighton Road, Montgomery, AL	US
S1-42542369	Allen Legato	Plattsburgh, 12 Edgewater Estates, NY	US
S1-447021418	Marquette & Young Inc	237 Chandler Street, Unit 2, Worcester, MA	US
S1-413459261	Evert Keystone Tribeca Care	136 Boswell Street, Lexington, TN	US
S1-516131155	Protea (india) Pvt. Ltd.	B-Block-503 V S R Celestialtowers, Gajularamaram, Rangareddy, Telangana	India
S1-533413084	Best Food	Fairfax County, VA, 2844 Meadow View Road	US
S1-528631789	Govind Nagar P.O. Udyog Nagar Buildtech Private Limited	4, Industrial Area, Govind Nagar P.O. Udyog Nagar, Kanpur, Uttar Pradesh	India
S1-847885394	Chheda Charitable Trust	56 Metcalfe Street 1St Floor Room No 1A, Kolkat, Kolkata, Howrah, West Bengal	India
S1-741873164	Versatile Facility Private Limited	No. 4, Kambar Street, Voc Nagar Pammal, Chennai, Tamil Nadu	India
S1-888650081	Tribble Ridge Wells LLC	South Richmond Hill, 112-20 103 Avenue, NY	US
S1-53755326	Taylor Beacon Greenfire Inc	1253 Panorama Drive, Big Bear City, CA	US
S1-375227180	Twisted Deli LLC	194 Charlotte Street, Unit Unit 1, Rochester, NY	US
S1-895897796	Parth & Co	A 223, Somdatt Chambers I 5 Bhikaji Cama Place, New Delhi, South Delhi, Delhi	India
S1-744477809	Travers Pacific Cms Inc	501 I Street, CA, Unit UNIT B, Ontario	US
S1-261199933	Creative Light Limited	Vaisyanazhikathu Veedu, Adichanalloor Village, Thazhuthala, Kollam, Kerala	India
S1-85781879	Vanguard Medical Solutions, LLC	Prince George County, VA, 7111 Straccioni Lane	US
S1-161277691	Life Products Private Limited	No 79 Hiremath Hospital Ghbs L/O Nagarabhavi Mn Rd, Vijayanagar, Bangalore, Karnataka	India
S1-749017734	Super Industries Private Limited	Kumarakom Po, Kottayam, Kerala, Ground Floor L-Complex Building, Kottayam	India
S1-438370909	Sheela Lone Tri-State Star, Inc	14 Main Street, Medford, MA	US
S1-700969093	Guru Tech Private Limited	Building-46, Village-Nagla Fatela, Sansi, Post Tatarpur, Hathras, Uttar Pradesh	India
S1-974684123	Shivam Impex Limited	Chennai, Kancheepuram, Valliyammai Street Medavakkam, 8/569, Tamil Nadu	India
S1-449421583	Reid, Turner & Lemon Alliancebernstein LLC	144 Hidalgo Lane, Elgin, TX	US
S1-525583783	Otisfield Education Heritage Coalition	121 Coon Road, Otisfield, ME	US
S1-993840791	Eastern Impex Private Limited	Plot 5-1 A/P Sanaswadi Bhandari Estate Tal Shirur, Pune, Maharashtra	India
S1-673545205	Sterling & Co	Near Swami Narayan Vada Savasar Naka Anjar, Kachchh, Gujarat	India
S1-48479328	1694 Park Street Management PLLC	4796 Bowfield Drive, Nashville, TN	US
S1-201304670	NN Internet Limited	C/Omunni Devi, Vishavkarma, Colony, Shiv Mandir, Farrukh Nagar, Gurgaon, Haryana	India
S1-726021984	Unique Foods Limited	Dsc267, First Floor, Dlf South Court Mall, Saket, Delhi, South Delhi, Delhi	India
S1-201231118	Unique Constructions Private Limited	Shop-18, Wing-A, Shree Vallabh Apt, Borasapada Rd, Near Kamala Vihar, Kandivali West, Mumbai, Maharashtra	India
S1-471329945	Renteria Black LLC	45 Central Avenue, Unit Suite 7A, Albany, NY	US
S1-347794053	Robinson, Austine, L.C.S.W., M.D., P.C.	6968 Star Road, Ellenburg, NY	US
S1-599251905	Roon LLC	Avondale, AZ, 3105 Meadow Drive	US
S1-205804693	3038 Commerce Ave Owners Corp Inc	2006 4th Avenue, Quincy, WA	US
S1-517413189	Star Defense Systems	1308 Dorchester Drive, Mundelein, IL	US
S1-979523625	Spears, Philippe, L.C.S.W.	Fowler, IN, 602 7th Street	US
S1-70030141	Golden Ameren PC	200 Skidmore Road, Unit 10, Sutton, WV	US
S1-629415568	Greater Noida Grand Private Limited	Gf-4, Omaxe Arcade, Near Omaxe Nri City Pari Chowk, Greater Noida, Gautam Buddha Nagar, Uttar Pradesh	India
S1-753319180	Enclave Holdings	527-C, Dariyabad, Allahabad, Uttar Pradesh	India
S1-202721680	Tellez Gss LLC	16872 Ave Of The Fountains, Fountain Hills, AZ	US
S1-571129091	Domeniga Ingraham Harbor Center	212 Gloria Street, Unit C, Thibodaux, LA	US
S1-143630372	Cox Medical Center	2417 Robertson Avenue, Cincinnati, OH	US
S1-390762161	Sunrise Red Systems Private Limited	House No. 402 Block -A3 Sector-13 Printer Apartments Rohini, New Delhi, North Delhi, Delhi	India
S1-474955546	Burnett and Osborne, LLC	502 Belden Street, Sherman, TX	US
S1-857324724	Spiegel, Lau and Kincade	NY, Williamsville, 1520 Wehrle Drive	US
S1-901945822	Starla S. Nguyen, L.C.S.W.	3380 7702, Troy, AL	US
S1-53277453	White Baba International	11-33A, Near Assi Asramam, Pampanvilai, Anananthan Nagar, Nagercoil, Kanyakumari, Tamil Nadu	India
S1-10365817	Shivam Systems Limited	Ghaziabad, Sector-23, Raj Nagar, G-273, Uttar Pradesh	India
S1-814203425	Aarvraj Transport LLP	A5 Sevadham Shripal, Ngr Rajaji Cross Rd, Kalyan, Thane, Maharashtra	India
S1-683850551	GH Grand Ares	1023 Monroe Street, Elkhart, IN	US
S1-580698724	Quantelle Starry LLC	New Castle, 300 Minquadale Boulevard, DE	US
S1-492878827	Marwadi Hospital	159 Indra Puri Colony, Indore, Madhya Pradesh	India
S1-402353764	United Rio LLC	1781 7th Lane, Grimes, IA	US
S1-435456788	Laxmi Construction Private Limited	C/O Sunil Kr Jindal, Flat No B3, Ashish Apt, Siliguri, Darjiling, Darjeeling, West Bengal	India
S1-754171971	Eastern Great Industries Private Limited	Hyderabad, H No 2-26/1 F 401 Baghameer Kukatpally, Telangana, Rangareddy	India
S1-998261037	New Life Baptist Church LP	24902 Haverford Road, Spring, TX	US
S1-339321011	Gold Hospitality Private Limited	Shed No 754 2, Gidc Makarpura, Vadodara, Gujarat	India
S1-25516307	Gevue Grand Electricity, Inc	966 Winslows Mills Road, Waldoboro, ME	US
S1-710279800	Hyderabad Sustainable Private Limited	C 1401 My Home Abhra Opp Inorbitmall Madhapur, Hyderabad, Telangana	India
S1-132232515	Elite Steels (India) Private Limited	Mundka, Delhi, House No S-2/52 Street 3, Swarn Park Extension	India
S1-95106431	Bay Alliance VI	71 Market Street, Carroll, OH	US
S1-849149408	Harbor Ridge Inc	South Salt Lake City, 1080 3300, UT, Unit 2065	US
S1-336853624	Hayes, Burgos & Barnes Inc	4708 New Town Boulevard, Owings Mills, MD	US
S1-895299412	Clark, Ross and Young Inc	Town Of Bloomfield, N7092 33rd Drive, WI	US
S1-925885733	Federal Association	605 Millbury Street, Unit 5, Worcester, MA	US
S1-648684290	Junio, Sagar & Verma Inc	310 Blauvelt Road, Orangetown, NY	US
S1-816529558	Roverque Chemical Ltd	290 Champion Avenue, Unit F, Columbus, OH	US
S1-682079408	Family Piedmont Specialists Inc.	141 Chambord Drive, Maumelle, AR	US
S1-967819799	Harbor Smart Morgan Partners	11615 Valley Road, Fairfax County, VA	US
S1-435281186	Fancie's Seafood	MO, Osage Beach, 1144 Shinstock Way	US
S1-993682238	A Choice British Inc	1281 Hacienda Pines Drive, Show Low, AZ	US
S1-409543108	Leclarnet Inc	2447 Oak Tree Lane, Joliet, IL	US
S1-687632935	Williams Desert Ofs LLC	Stantonsburg, NC, 303 Applewhite Avenue	US
S1-764284235	900-901 East Owners Corp	Irondequoit, 7 Brentfield Circle, NY	US
S1-372365347	Strategic Better Oncology Corp	60-34 251 Street, Little Neck, NY	US
S1-102612031	Surgical Group	1525 1000, Clearfield, UT	US
S1-114297734	Verla Davis Heritage Money Inc	1244 Dalemont Way, Dyer, IN	US
S1-426816942	Kusum Sport Center	No.362, 19Th Street Lotus Colony Anna Nagar East, Chennai, Tamil Nadu	India
S1-365181869	Shakti Media Limited	Vill & Post Itiyathok Market Kharagpur Road, Gonda, Uttar Pradesh	India
S1-444893728	Suraj Earth Private Limited	Maharashtra, Mumbai, 201 Saidham P K Road Mulund West, Mumbai	India
S1-384082939	R+ Sui	35 Cummings Drive, Unit UNIT 403, Stafford County, VA	US
S1-331237209	India Ic Security Private Limited	Fn206, Hno2-22-263/2/26Nr, Secondfloorbankerchambers, Tirumalagiri, Hyderabad, Telangana	India
S1-929413915	Chittoor Distribution Private Limited	Door No1-349, Kommireddygaripalli, Puricherla Mandal Devalampeta Panchayath, Vankayalapativri, Palli Post, Chittoor, Cuddapah, Andhra Pradesh	India
S1-440773044	Yoder Cable	1408 Fairway Drive, Gulf Shores, AL	US
S1-967920587	Julietta Legrand Sunshine LLC	423 Wishon Street, Newport, AR	US
S1-243422578	Valley Initiative	3839 Murray Place, Lynchburg City, VA	US
S1-786795859	Idukki Impex Pvt Ltd	Plot No.4, Dabwali Road, Sri Jiwan Nagar Tehsil Rania, Disrict Sirsa, Sirsa, Haryana	India
S1-461567886	Supreme Consultants Private Limited	Magazine Road By Lane, Near Rabindra Bhaban Behind Mahila College, P.S. - Kotwali, Cooch Behar, West Bengal	India
S1-605080241	Redstone Education Private Limited	No.26, Tamil Nadu, Vandalur Kelambakkam Main Road, Chennai, Keelakottaiyur	India
S1-566143870	Pediatric Care	8610 Shadow Lakes Street, Fl 0, Wichita, KS	US
S1-706661379	HW Broadband	266 Sweetman Road, Charlton, NY	US
S1-151742999	Ridge Quality Charles LLC	546 Chicopee Street, Unit 301A, Chicopee, MA	US
S1-710267864	Vision Trusted Specialists Inc	9142 Junewood Lane, Fair Oaks, CA	US
S1-205724513	QM Telecommunication	738 Dry Hollow Road, Vanleer, TN	US
S1-627454784	Services Bhavani Tech Pvt. Ltd.	D-234, Ug, Sushant Arcade Sushant Lok-1, Gurgaon, Haryana	India
S1-699925804	Big Surya Engineering Pvt Ltd	H. No.-R.H. 21, Khasra No 214 Arjun Enclave Phase-1, Lucknow, Uttar Pradesh	India
S1-491026953	Family Partners PLLC	1178 Hayward Loop, Foley, AL	US
S1-281636998	Prism Retail Private Limited	C/O-Puspanjali Routray, Wo, Tusar Jena, Aradichhaka, Bhadrak, Orissa	India
S1-32049261	Aditya Brothers Private Limited	Ranayal Kalan, 38, Sonkutch, Dewas, Madhya Pradesh	India
S1-950207448	Cascade Insurance, LLC	AR, Russellville, 2511 Bradley Lane	US
S1-374686461	Dynamic Security Innovations Inc.	302 Tyler Drive, Holcomb, KS	US
S1-201187440	NKN Energy Private Limited	C/O Shri Kusan Karu Kore At Amgaon Tq Amgaon Dt Gondia At Amgaon, Gondia, Gondiya, Maharashtra	India
S1-175286035	Beneex Worldwide Inc	3119 Autumn Leaf Drive, Friendswood, TX	US
S1-848416950	Perla Cooper Tpg LLC	1009 Main Street, Lexington, TX	US
S1-13327177	Young, Byrne and Zachry	Washingtonville, 17 Franklin Place, NY	US
S1-223255433	Craver and Askin Communications, Inc	30 Stout Cove, Covington, TN	US
S1-227967799	Rapid Piedmont Allegro	820 Foxworth Boulevard, Unit 210, Lombard, IL	US
S1-993910935	Vanguard Asset Corporation LP	Ofallon, 1151 Cypress Point Drive, MO	US
S1-232091344	Lotus Ai Private Limited	No. 55, 1St Main Road, 1St Floor Neharu Nagar, Bangalore, Karnataka	India
S1-876516678	Labelle Fresh Otg	608 G Avenue, Temple, TX	US
S1-248858091	Allene Syed Precision Arrived, Inc	379 Lincoln Avenue, Umatilla, OR	US
S1-449685293	Franken Marshall	1815 N Bay Drive, Warsaw, IN	US
S1-351874710	Prime Infrastructure Pvt Ltd	97, Floor-00, Sankalp Row House, Near Prabhu Darshan Society, Ugat Bhesan Road, Surat, Gujarat	India
S1-885300917	City Consulting Private Limited	No. 1411/1 K15, 6Th Cross Thyagaraja Road, K R Mohalla, Mysuru, Mysore, Karnataka	India
S1-381259574	Silver Energy Pvt Ltd	Jamnagar, Gujarat, Navkar Appartment, Panchvati Gaushala, Dangarvad, Jamnagar, 301	India
S1-447742924	Pediatric Dentistry Optimal Center Inc	31 Loveland Road, Webster, MA	US
S1-329399191	Laia LLC	2807 Park Avenue, Huntington, WV	US
S1-559701984	South Foods Private Limited	No.35, 1St Main, 4Th Cross, Nanjappa Layout Above Srinivasa General Store, Adugodi, Bangalore, Karnataka	India
S1-340878112	Gregory's Deli	3325 Lexington Road, Montgomery, AL	US
S1-771391409	Apex Construction	30/2, 1St Floor, Lbs Building, Opposite To Ganesh Departmental Store, Palladam Road, Pollachi, Coimbatore, Tamil Nadu	India
S1-696345041	#1 Management LLC	249 Middletown Road, Unit Unit 3D, Clarkstown, NY	US
S1-922920839	Indian Estate Private Limited	A3/605, Ekta Gardens, Plot No. 9, I.P Extension, Patparganj, Delhi, New Delhi, Delhi	India
S1-870729931	Swara Hotel (India) LLP	A/502, Floor 5Th, Plot 11, Siddheshwar Bldg, Lt Dilip Gupte Marg, Mahim, Mumbai, Mumbai City, Maharashtra	India
S1-29269312	Sweet Ice Cream Center	1424 Lincoln Avenue, Evansville, IN	US
S1-721024454	Rahel Richardson Pacific Inc	22 Riverlands Drive, Unit A, Newport News City, VA	US
S1-193913597	Mumbai (kerala) Ltd	B - 702, Kandivali Kesar Ashish Chs Ltd Mahavir Nagar, Kandiwali West, Mumbai, Mumbai City, Maharashtra	India
S1-669128070	Hernandez Certified Wholesale, Inc	33 Purchase Street, NY, Rye	US
S1-701878941	Puma Academy	Plot No 41 Tilak Nagar, Bharatpur, Rajasthan	India
S1-702516225	Guru Unique Infrastructure Private Limited	Khasra No. 462, Min Ground Floor Village Alipur Garhi Near Oxygen Factory, New Delhi, Delhi, North West	India
S1-999237985	Urban Consultants Private Limited	Hyderabad, Pt No 4 And 5, 303 Jg S, Aishwarya Khanamet, Telangana, Serilingampally	India
S1-931890520	Clear Verde Inc	22148 Santa Monica Drive, Hempstead, TX	US
S1-782929971	Sky Builders Private Limited	No. 341/1, New Colony Road, 15 Velampalayam, Tirupur Tn, Chennai, Tamil Nadu	India
S1-817944349	Ace It Limited	407 4Th Flr Safal Arise, Deep Chamber, Vadodara, Gujarat	India
S1-943901456	Pediatric Superior Physicians LLC	3170 State Rte 13, Crooksville, OH	US
S1-526828438	Watson, Garnette C., CPA, PC	4900 -5000 Arrowhead Street, Baton Rouge City, LA	US
S1-956892352	Physical Therapy Custom Health Inc	Richland, NY, 781 5	US
S1-212067289	Frontier Charities P.C.	Fl 0, Saint Louis, MO, 8500 Grantshire Lane	US
S1-397708352	Delta National Bce	38628 Birch Street, Scio, OR	US
S1-481416672	Pentagon Institute of Technology	F-24/G1, East Jyoti Nagar, Loni Road, Shahdara, North East Delhi, Delhi	India
S1-230847817	Holmes Group	5010 Queensbury Circle, Spotsylvania County, VA	US
S1-750257623	Lofloex PLLC	2795 Market Street, Unit 106, Gilbert, AZ	US
S1-380284567	Legacy Nippon	105 1st Street, Melcher Dallas, IA	US
S1-773605260	Preferred Innovative Eagle L.L.C.	TX, 424 Rock Prairie Lane, Fort Worth	US
S1-426074650	Mount Synagogue	305 Rocklyn Place, Charlotte, NC	US
S1-91071098	Taraora By Private Limited	41, Livaspur, New Delhi, Delhi	India
S1-133624164	Kolkata Developers Limited	India House, 6Th Floor, Block-A, 69, Ganesh Chandra Avenue, Kolkata, Kolkata, Howrah, West Bengal	India
S1-847230816	Lakshmi Infrastructure Pvt Ltd	Plot No 28, First Floor, Sri Srinivasa Rangapuram, Rangareddy, K.V.Rangareddy, Telangana	India
S1-166724306	Vijay Infra Private Limited	Plot No.317, Sarojani Naidu Nagar, Kakatiya Hills, Guttalabegumpet, Madhapur, Shaikpet, Hyderabad, Telangana	India
S1-392019050	Hasan Trust	2114 Tull Avenue, Unit Apt 10, Fayetteville, AR	US
S1-144359517	Hari Healthcare	H.No.18/1 Ground Floor, 1, Anjana Colony, Narsinghpur, Gurgaon, Haryana	India
S1-392517734	Richards Coastal Resilience	UT, 345 400, Payson	US
S1-927840627	Exim Barter Limited	Office No 203, Sr 110/1A, Orient Plaza, 98/1, Pune City, Pune, Maharashtra	India
S1-61187438	Oils Marine Private Limited	4 Ravidarshan Apartment, Edulji Road, Tembhi Naka, Thane, Maharashtra	India
S1-567460548	St. Fellowship LLC	40682 Co Hwy 128, Battle Lake, MN	US
S1-704818114	Quality Asset Solutions, LLC	2488 Pierce Court, Simi Valley, CA	US
S1-345051891	Xiao Group	239 Whaley Street, Freeport, NY	US
S1-975858582	Nedda Silva Patriot Electrical PC	1707 11th Street, City Of Superior, WI	US
S1-256896327	Shakti Hospitality Limited	Plot No 3A Mac Nagar Goparasnallur, Poonamallee, Chennai, Thiruvallur, Tamil Nadu	India
S1-241018093	North Parts	10101 Twenty Mile Road, Adel, OR	US
S1-287420380	Satyam Welfare Society	1St Flr, Sun Heights Gandhi Nagar, Off A S Road, Powai, Office No 107, Mumbai City, Maharashtra, Mumbai	India
S1-699445525	Thane Homes LLP	Thane, M/T, Sanpada, Thane, Maharashtra, A-7/7/3 Sector-9	India
S1-592223551	Sterling Medical Partners LLC	4548 Flintville Road, Whiteford, MD	US
S1-732353361	Primary Care Elite Clinic	5527 Classics Court, Dublin, OH	US
S1-720361636	West Precision Block LP	7911 Shore Road, Sparrows Point, MD	US
S1-938291799	Filip Telecom of Little Rock LLC	6415 Juniper Road, Little Rock, AR	US
S1-166148950	South Management Private Limited	Makne Mande, Rambag, Palghar Dist. Thane, Palghar, Thane, Maharashtra	India
S1-104247440	Nandlal Polytechnic	E-363 T/F Greater Kailash Part-2, Delhi, New Delhi, Delhi	India
S1-308216936	Cognitive Ventures (India)	Pune City, Pl 12 B Nr Premdeep Bldg Lulla Nagar, Maharashtra, Pune, Sn 593 Hindu Co -Op Hsg	India
S1-590672829	Smith Hills	508 Reed Avenue, Unit 5, Bowling Green, OH	US
S1-518276369	Mbg & Associates	South Delhi, 35Th Floor Scope Complex, Delhi, New Delhi	India
S1-813825124	Bester and Durham LLC	38204 431st St, Perham, MN	US
S1-479631558	Hitech Shyam Consultancy Private Limited	Jhargram, West Bengal, 477/726, Midnapore, Near Paban Mandi House, Jamda, Jhargram	India
S1-436590566	Molina Value Security Inc	Unit I207, 1250 1200, UT, Logan City	US
S1-849797063	Human Rights Guild	30246 Thorogoods Road, Dagsboro, DE	US
S1-564103715	Baba It Private Limited	Kancheepuram, Mr-1401(Matira), Kancheepuram, 14Th Floor, Pbel City Kelambakkam, Tamil Nadu	India
S1-569990253	A Optimal Therapeutics	845 Fitchland Drive, Vandalia, OH	US
S1-431892628	Asher and Atwell LLC	6904 5th Place, Sioux Falls, SD	US
S1-997165877	Sai & Brothers Private Limited	No. 624/3, Bm Complex, Ombr Layout, Banaswadi, Channasandra, Bengaluru, Bangalore, Karnataka	India
S1-76794079	Mcclain Medical Center P.C.	Buckeye, IA, 406 Berlin Avenue	US
S1-844066886	Metcalf Systems	901 7th Avenue, Walla Walla, WA	US
S1-661765401	Tri-State Capital	TX, Cypress, 18315 Lodgepole Pine Street	US
S1-509907253	Aras Trust	Flat No- 201, 2Nd Floor, N-3/273, Irc Village, Bhubaneswar, Khordha, Orissa	India
S1-292612900	Memorial Society Clinic	500 Oak Creek Meadows Court, MO, Chesterfield	US
S1-997956617	Ellis Choice LLC	3003 Westbrook Lane, Bowie, MD	US
S1-137209257	Baba Infotech Private Limited	C/O- Mina Devi, W/O-Ramesh Malik, Vill-Mansur Chak Tola-Mansurchak, Panch-Mansurchak, Block-M, Ansurchak, Begusarai, Bihar	India
S1-719823440	Square Group of Companies	Bhubaneswar, Orissa, Bhoi Nagar Sahid Nagar, Unit-9, Khordha, Plot No-217	India
S1-794381960	Kolkata World Private Limited	Howrah, 5Th Floor, Room No- 556, Kolkata, 18 Rabindra Sarani Poddar Court Gate No-2, West Bengal, Kolkata	India
S1-249282487	Galore Pavers Private Limited	1 37-B, Azad Ngr Welf Comm Indira Nagar Jarimari Galli-2, Kurla, Mumbai City, Maharashtra	India
S1-439421505	Shiv Software Limited	B-301, Sarthak Garima Apt, B Wing, Shrikrishna Nagar, Nashik, Maharashtra	India
S1-187004737	Supreme Defense Brands Inc	929 4th St SW, Cedar Rapids, IA	US
S1-714818259	Serna, Gokey & Munn Vertical LLC	22 Elm Street, Oyster Bay, NY	US
S1-531469286	Best Estate Private Limited	Ee 131 Imperial Ppress Building New Railway Road Jalandhar City, Punjab, Jalandhar, Punjab	India
S1-333320878	16/29 Agricultural	114 Flinn Street, Hutto, TX	US
S1-935870487	Balotra Solutions	S/O Poonam Singh Mannavas, Circle By Pass Majiwala, Balotra, Barmer, Rajasthan	India
S1-417053849	Sebrion LLC	Amenia, NY, 511 Smithfield Valley Road	US
S1-192184645	Chere Vela Smart Aldel	201 Mary Lane, Cary, IL	US
S1-54657525	KZW Consultants Private Limited	E-2/138 Arera Colony, Bhopal, Madhya Pradesh	India
S1-392048433	Wallace, Valdes & Rasmussen Seas	8881 Country View Lane, Prince George County, VA	US
S1-456860083	Bright Apna Private Limited	H.N.64, Nangli Abdulla Machhra, Meerut, Uttar Pradesh	India
S1-898403997	Preferred Freight Alliance	5725 Wilkins Street, Unit APT A, Indianapolis, IN	US
S1-103668906	Lucknow Enterprise Private Limited	C/O Durga Prasad, Bhatthi Barkat Nagar, Mohanlal Ganj, Lucknow, Uttar Pradesh	India
S1-209312981	A+ Token	1879 Melanzana Drive, Hilliard, OH	US
S1-811869807	Gcg India Company	C/O Birendra Kumar, L.I.G.H-6/216 Housing Colony, Kankarbagh, Patna, Bihar	India
S1-351554107	United Complete Total LLC	14 Lake Shore Drive, Lewes, DE	US
S1-818466442	Miller Purecycle Inc	1051 Dirksen Street, Fairfax County, VA	US
S1-918990522	Heart Society	6041 52nd Street Court, NE, Lincoln	US
S1-151066268	Eugine Jacobs, DO LP	1844 Black Gold Road, Albuquerque, NM	US
S1-155978074	Kanyaka India Limited	Office 5, Floor 1, Plot 93, Engineers Premises, Mumbai Samachar Marg, Bombay Stock Exchange, Fort, Mumbai, Maharashtra	India
S1-418378134	AM India Limited	Chamber 1 A 257, Sarita Vihar, Delhi	India
S1-180023676	Ashoka Realty Private Limited	Karnataka, Shankarmutt Main Road, Shankarpuram, Bangalore, No.20 3Rd Floor	India
S1-219365074	ZBV Textiles Corp	Mumbai, Samarth Vaibhav Bldg, Oshiwara, Andheri (West), Maharashtra, Mumbai, 605	India
S1-878990731	Prime Regions PLLC	216 Rameytown Road, Church Hill, TN	US
S1-613532559	Olympie Wallace Heartland Can LLC	602 Eagle Point Road, Graford, TX	US
S1-673593124	Legacy Scientific LLC	Galveston, IN, 221 Washington Street	US
S1-912820101	Textile Polytechnic	Erode, 10/6 Atchaya Apartment Thindal, Tamil Nadu, Erode	India
S1-530792985	Dermatology Care Associates of Holly Springs	7281 42, Holly Springs, NC	US
S1-65137037	Udaipur Agency Private Limited	Athani, 9/256 Sidco Building, Trichur, Sidco Industrial Estate Perigandoor Post, Kerala	India
S1-211038958	New Delhi Security Private Limited	209, Nilgiri Apartments, Alaknanda, New Delhi, South Delhi, Delhi	India
S1-817197770	Shree Tradex Private Limited	1 F, 2Nd Floor R K Avenue, Denkanikottai Road, Dinnur, Hosur, Krishnagiri, Dharmapuri, Tamil Nadu	India
S1-27241335	Shaman Technologies Private Limited	H.No. 6/V-256, Sector-6, Gomti Nagar Vistar, Lucknow, Uttar Pradesh	India
S1-452570117	Sunrise Ss Power Private Limited	Block No. 408/2/1, Near Samir Industries, Pipodra, Mangrol, Surat, Gujarat	India
S1-583642646	Baroda Chits Pvt. Ltd.	Old Police Lines Nr Makarpurabus Stand Makarpura, Baroda, Vadodara, Gujarat	India
S1-790569073	Firefighters Local 923 Center	Wethersfield, 52 Meadowgate, CT	US
S1-513337780	Hyderabad Realty Pvt Ltd	1177, Road No. 56, Jubilee Hills, Hyderabad, Telangana	India
S1-938564725	Suvira Solutions Pvt Ltd	V01, Level 4, Prabhavee Tech Park, Baner, Pune, Maharashtra	India
S1-576794481	Raus Holdings Group	400 Market Industrial Park, Unit Suite 50, Wappingers Falls, NY	US
S1-962049242	Smalley & Segovia Inc	114 126th Avenue, Avondale, AZ	US
S1-652130065	Morley, Drake and Damato LLC	TX, 209 Yellow Rose Trail, Georgetown	US
S1-698295184	James's Associates	8609 Leonard Street, Portland, OR	US
S1-500246614	Premier Energy Limited	95, Angappan Naicken Street Parrys, Chennai, Tamil Nadu	India
S1-930988240	Vk Group	Howrah, 1E, West Bengal, Kolkata, Burman Street, 2Nd Floor, Near Sarswat Khatri Vidyalaya, Kolkata	India
S1-655719168	Cain Blue Pmv LLC	5412 Fm 1486, Montgomery, TX	US
S1-212485849	Kritavi Centre Corporation	38 Thanikachalam Road, T.Nagar, Madras-17, Tamil Nadu	India
S1-553540457	Secure Telecom Labs LLC	2124 Autumn Court, Village Of Sister Bay, WI	US
S1-616855575	Properties Ss Family Co	482 & 433, 25Th Main, 2Nd Cross, Btm Layout 2Nd Stage, Bangalore, Karnataka	India
S1-805866935	Global Automobiles Private Limited	Pno63, Sapthagiri Enclave, Balapur, Hyderabad, Telangana	India
S1-625508492	Piedmont Society III	6992 Fm 21, Mount Vernon, TX	US
S1-95020134	Watterson & Garduno LLC	227 Lodges Lane, SC, Unit APT B04, Clover	US
S1-824823733	American Blue Newbury LLC	75 Forest Park Avenue, Springfield, MA	US
S1-796636786	Martinez All Health, LLC	636 Carl Drive, Laurinburg, NC	US
S1-520421007	Global Printing Digital Inc	4662 Miami Road, Cincinnati, OH	US
S1-93684585	Royal Trading Pvt Ltd	38 Paschim Marg Vasant Vihar, New Delhi, South West, Delhi	India
S1-689184317	MJ Colonial Superior	831 Cloverview Avenue, Cincinnati, OH	US
S1-260106493	Classic Living	296 250, Millville, UT	US
S1-135059044	Mumbai Botanicals Pvt. Ltd.	K-603, Vista Raheja Vihar, Chandivali, Mumbai, Mumbai City, Maharashtra	India
S1-503056102	Excellence Consulting Private Limited	Flat No-C/11 Shriji Complex, Nr Saraswatinagar Soc Opp Ongc Bldg & Kabir Resturant, Chandkh, Eda Road, Sabarmati, Ahmedabad, Gujarat	India
S1-610943169	Sankatharan Entertainment Pvt. Ltd.	Office No.225, Plot No.51 Sector-15, Cbd Belapur, Navi Mumbai, Thane, Maharashtra	India
S1-913112350	Trivikram Academy	Post-Kargahar, P.S.-Kargahar, Sasaram, Bihar, Sasaram, Rohtas, Sirisia	India
S1-800782776	Olanola Metro LLC	WI, 226 Allard Avenue, City Of Green Bay	US
S1-248089382	Metro Horizon	626 Briar Ridge Circle, Warsaw, IN	US
S1-824277341	Rieck Hawk Inc	Unit UNIT 1E, Saint Louis, MO, 6440 Alamo Avenue	US
S1-593430097	Delhi Nutrition Pvt Ltd	G-7, First Floor Gali No-6, Brahmpuri, Delhi, North East, Delhi	India
S1-658984447	Bibby B. Mccarthy, D.D.S., P.C.	IL, Woodridge, 2845 Everglade Avenue	US
S1-644052669	Pioneer Rate Inc	8334 71st Avenue E, Tulsa, OK	US
S1-541223447	Leap, Tildy N., D.O.	282 Crescentwood Drive, Sandy City, UT	US
S1-965123342	Northwind LLC	7844 Culloden Crest Lane, Prince William County, VA	US
S1-185844290	Southern Ventures Pvt Ltd	1603, Lotus Link Square, K3 K4 Cts 195, Near Apna, Mumbai, Maharashtra	India
S1-459010661	Lucknow Chandra Limited	253/139 Nadan Mahal, Kundre Rakab Ganj, Lucknow, Uttar Pradesh	India
S1-324405758	Summit Pediatrics	66 George Home Road, Augusta County, VA	US
S1-931049186	Deegan Blue Ramaco LP	5150 Jack Byrnes Drive, Unit 3103, Murfreesboro, TN	US
S1-720864838	Infinito Organics	1-4-649, New Bus Stand, Bodhan, Nizamabad, Telangana	India
S1-88547529	Vique Inc	NC, 6514 Doc Corbett Road, Cedar Grove	US
S1-139544804	Shruti & Sons LLP	B-62 Jalvayu Vihar Panampilly Nagar, Ernakulam, Kerala	India
S1-756106655	Hanna Uranium Center	5333 Quarry Side Drive, Sylvania, OH	US
S1-191688874	Vps Builders Corp	H No- 150/A, Tili Ward Sagar Sagar, Sagar, Madhya Pradesh	India
S1-760850389	Pugh & Marshall, LLC	Greenville, NC, 202 Baytree Drive	US
S1-780768747	Super Food Limited	Nagpur, C/O Liladhar Gopichand Barve, Nagpur, Maharashtra, Patil Nagar Ward No. 5, Kandri	India
S1-669864122	Urban Exports Private Limited	Maharashtra, Atharva Plaza, Kawala Naka, Kolhapur, 202/3	India
S1-363786328	Core Consultants	66/D K.N.C Road, West Bengal, Parganas North, Barasat, Barendra Para	India
S1-376553261	Gulf Spa LLC	650 1000, Clearfield, UT	US
S1-24957772	Drayium Can Care	217 Isabella Lane, Springtown, TX	US
S1-384733974	Grey (india) (India) Ltd	No 30/A1, Parakoottam Road, Near Kinfra Park Koratty, Mukundapuram, Thrissur, Kerala	India
S1-810159836	Guru Services Limited	Kamudhi Kalanjia Magalir Vattarasangam Kottai Medu, Kamudhiramanathapuram, Kamudi, Ramanathapuram, Tamil Nadu	India
S1-14560177	Mukta Law Chambers	41 Sea Breeze Bldgjuhu Tara Road, Mumbai, Mumbai City, Maharashtra	India
S1-553813993	Alpha Tradelink Limited	No.71, 1St Main, Ist Phase Girinagar, Bangalore, Karnataka	India
S1-614037169	Eastern Solutions Limited	1St Floor, Acharya Niketan, Delhi, D-37, Opp Pkt 1 Mayur Vihar-1, Delhi	India
S1-929766722	Behavioral Health Partners of Virginia Beach City	1769 Box Elder Arch, Virginia Beach City, VA	US
S1-891611207	Internal Medicine Quality Care	210 Carroll Street, Lexington, NC	US
S1-99903818	Office of Parks and Recreation	OH, 1409 Madison Avenue, Toronto	US
S1-44098092	Universal & Associates Private Limited	6/216; Soami Nagar Dayal Bagh, Agra, Uttar Pradesh	India
S1-346314153	Nahata Services (India) Center	108, New Cloth Market, Pur Road, Bhilwara, Rajasthan	India
S1-279087121	One Ventures Private Limited	Block 1, B16 Green Vistas Prakriti, Edachira, Kakkanad, Ernakulam, Kerala	India
S1-134149287	Caldos Aviation, LLC	21833 Cragon Road, Harlingen, TX	US
S1-332088012	Hernandez Apex Chemical Partners	10280 Park Street, Isle Of Wight County, VA	US
S1-227092629	Urban Builders Private Limited	2-067, E-22, Mahadevapuram Colony, Tirumalagiri, Hyderabad, Telangana	India
S1-805132571	Behavioral Health Group Corp	247 40th Street, Moline, IL	US
S1-940639111	Sheila Porter, D.O., M.D., P.C.	1812 Younger Avenue, Statesville, NC	US
S1-578954023	Parashuram Wireless	F-502 Prince Apartmentspatparganj, New Delhi, East Delhi, Delhi	India
S1-709958625	Shree Logistics LLP	A 231 Defence Enclave Kankerhera, Meerut Cant, Meerut, Uttar Pradesh	India
S1-633521258	Urology Partners LLC	222 Main Street, Star, NC	US
S1-910980248	Bond, Petrick & Tuttle Plains LLC	140 Canon Drive, Paducah, KY	US
S1-115867141	Karly Mcmahon Pacific Home Care	404 Slayton Street, Signal Mountain, TN	US
S1-563491823	4096 Park Court Partners Inc	King And Queen County, 478 Guthries Green, VA	US
S1-408239346	Lotus Consulting Limited	Step, Thapar Institute Of, Engineering & Technology, Patiala, Punjab	India
S1-165305717	Arc Food Private Limited	C/O Puspa Devi Vill Paighambarpur Kolhua Tola/Panch Paighamarpur, Block Kanti, Muzaffarpur, Bihar	India
S1-273218314	Diamond Chemical Studios LLC	6625 Heritage Woods Court, Mobile, AL	US
S1-375630265	Smart Bright Food Private Limited	D.No.16-2-108, S.S.Colony, Opp:Bhramaramba Theatre Hydernagar, Kukatpally, Hyderabad, Telangana	India
S1-332668891	DQH Thayer	618 Nugent Avenue, Johnson City, TX	US
S1-752991913	Educational Business Pvt. Ltd.	Orissa, Puri, Khurda, At; Begunia	India
S1-107627637	PV Ridge Meshflow LLC	28538 Lake Shore Boulevard, Willowick, OH	US
S1-631899019	Seven Ventures Limited	55, Near Pole No 534, Mundhela Khurd, New Delhi, South West Delhi, Delhi	India
S1-588343110	1 800 Got Junk of Sacramento	Sacramento, 2775 Cottage Way, Unit STE 36, CA	US
S1-918179351	Ma Spv (India) Private Limited	B-23/6878/27, Main Road, Mohar Singh Na, Ludhiana, Punjab	India
S1-21104895	Subhvani Infra Pvt Ltd	920/1, 3Rd Floor, Office No. 301, Nai Wala, Karol Bagh, New Delhi, Central Delhi, Delhi	India
S1-241787351	Aurea Romero Gulf Infrastructure, LLC	602 Scuttle Court, Joppa, MD	US
S1-579610988	Watson Costamare Inc	4102 Osborn Road, Unit 222, Phoenix, AZ	US
S1-49967670	567 Fourth Apartments	912 Mansell Avenue, Austin, TX	US
S1-38563234	All Care Private Limited	Sai Sadan Complex Ist Flooropp Petrol Bunk Vijayawad Highway L.B Nagar Hyderabad, Telangana	India
S1-959745452	Premier Industrial Technologies Inc.	16 Spruce Street, Unit Apartment 2, Lockport, NY	US
S1-182514220	West Cornerstone Good Inc.	632 Saint Anns Avenue, Baltimore, MD	US
S1-625416714	Dermatology Center LLC	7523 Pleasant Run, Fl 1, Scottsdale, AZ	US
S1-3045226	Yao & Thomas Technology Care	8647 Shoe Tree Mcfelea Lane, Milltown, IN	US
S1-554022731	Global Charities of Cooperstown	702 Rollin Avenue, ND, Cooperstown	US
S1-308697522	Sapiens Infradevelopers	Maharashtra, 401, Rushiraj Regency, Opp.Mama Mungi, Gangapur Road, Nashik	India
S1-803234206	Pathak Farms Private Limited	Citi Mall, 2Nd Floor, Andheri Link Road Andheri - West, Mumbai, Mumbai City, Maharashtra	India
S1-119244642	Super 55 Yoga LLC	1300 110th Street, Vancouver, WA	US
S1-550416651	All Financial Consultants LLC	Hurst, TX, 1345 Yates Drive	US
S1-239923366	Choice Grand Jena PC	AZ, 6706 77th Drive, Glendale	US
S1-773715949	Cryan Secure Staffing Inc.	958 500, Price, UT	US
S1-575505454	West Monroe Children's Certified Association	32 Camic Road, West Monroe, NY	US
S1-333203433	Nandan Consultants Private Limited	Visakhapatnam, D.No.9-40/19 Visalakshinagar, Andhra Pradesh, Vishakhapatnam	India
S1-931626725	Ivenova Alpex Inc	130 Rapin Place, NY, Buffalo	US
S1-5998019	Technologies Sun Health Pvt. Ltd.	1201/G-230, Spark Divine, Block G, Beta Ii, Greater Noida, Gautam Buddha Nagar, Uttar Pradesh	India
S1-416755082	Associated Engineering Labs LLC	35 Standing Pond Road, Sharon, VT	US
S1-690199502	Devpujan Allied LLP	Nagar Nigam Colony Near Ashoka Garden Thana.Bhopal Station Road, Madhya Pradesh, Bhopal, 234 Ashok Vihar	India
S1-956201729	Sarasesh Strategies Private Limited	C P - 175, Prakash Tower, Viraj Khand, Gomti Nagar, Lucknow, Uttar Pradesh	India
S1-546440538	Krishi Impex Private Limited	101, Delhi, Gujarat Vihar, 2Nd Floor, Vikas Marg	India
S1-189159700	Siddhakala Services Private Limited	Sector No.27, Plot No.464, Pradhikaran, Nigdi, Pune, Maharashtra	India
S1-847613675	C/O Hospitality LLC	Salina, NY, 604 Hill Avenue	US
S1-658887159	Vargas Crystal Freight LLC	209 Donnell Court, Lexington, NC	US
S1-871602321	Gold Exports Private Limited	Plot No. E-4, Chakan Industrial Area, Phase-Iii, Village-Kuruli, Tal-Khed, Khed, Pune, Maharashtra	India
S1-377973830	Sukh Clinic Private Limited	C0504, Ats Bouquet, Jaypee Kosmos Road, A-2/2, Sector 132, Noida, Gautam Buddha Nagar, Uttar Pradesh, Dadri	India
S1-400115317	PFK Roman LLC	8249 15th Street, Howard Lake, MN	US
S1-786936259	Ruby Hayden Royal Vertical LLC	105 Lake Street, Chisholm, MN	US
S1-170324291	Gipson Family Practice	1377 Bedford Avenue, Brooklyn, NY	US
S1-427721023	Roberts Direct Property	South Elgin, 444 Comstock Road, IL	US
S1-76068447	Thrissur Infratel Private Limited	28/105B Pm Ibrahim Vellur Colony Line, Patturaikal-22, Thrissur, Kerala	India
S1-210863997	Myrtie L. Dawley, CPA, PC	Summerdale, 302 Jackson Avenue, AL	US
S1-619023990	Rocky Adamas Clinic	8580 Hummer Drive, Tucson, AZ	US
S1-804850093	LE Construct Private Limited	H. No L-115 Ridgewood, Estate, Galleria Dlf-Iv, Gurgaon, Haryana	India
S1-660049823	Modern Investments Private Limited	12-5-11/6, Beside Town Hall, Narasaraopet, Guntur, Andhra Pradesh	India
S1-97645978	Technologies Rajlaxmi Works Ltd	Gandhinagar, Prime Industrial Park, Santej, Taluka Kalol, Kalol, Plot No. 36, Gandhi Nagar, Gujarat	India
S1-427992807	Engineering Vision Realtors Private Limited	138 Desh Bandhu Apartmentskalkaji, New Delhi, South Delhi, Delhi	India
S1-339738881	Office of Public Works	Indianapolis, 8048 Jeff Road, IN	US
S1-472307758	Ganesh Institute Private Limited	Plot No-528 Pkt-C G/F ., Ifc Gazipur Delhi, East Delhi, Delhi	India
S1-478250774	A Modern Aspen, Inc	211 Chestnut Creek, Dardenne Prairie, MO	US
S1-32135936	Franco Interstate Montreal LP	11 Washington Street, Pana, IL	US
S1-904957054	Anand Products Private Limited	322, Delhi, Ashram Chowk, Delhi, Sf, Hari Nagar	India
S1-995738147	Fort and Richardson LLC	5795 Tidd Road, Williamsfield, OH	US
S1-786366407	Green Analytics Advisors Inc.	23509 Marion Road, North Olmsted, OH	US
S1-895676801	Super Foods Private Limited	Plot No. 422, Atharve Classic Society, Cts 170, Erandawana, Kothrud, Pune, Maharashtra	India
S1-219503407	Bay Holdings LP	309 Mulberry Road, Grover, NC	US
S1-720202040	Perfect Industries Limited	Fl/No-B/1B 52/6 V.I.P. Road, Rajarhat Gopalpur, Parvati Vihar P-1, D B Nagar, North 24 Parganas, West Bengal	India
S1-402235090	Jay Business Private Limited	Shastri Nagar, Nayabazar, Cuttack, Orissa	India
S1-754655830	Technologies Jyoti Infotech Private Limited	25-2-20Jayakrishnapura Rajahmundry., East Godavari, Andhra Pradesh	India
S1-912163330	Mazur Transportation of Sidney LLC	14344 Runor Drive, Sidney, OH	US
S1-703468919	Cure Bakery!	Unit Apartment 3C, Yonkers, 163 Radford Street, NY	US
S1-852817416	Regional Environmental International LLC	1117 Gregg Street, Raleigh, NC	US
S1-875586296	Apex Commercial LLC	725 Moull Street, Unit C, Newark, OH	US
S1-677676116	Reliable Wealth International LLC	413 Ivory Lane, Newark, DE	US
S1-927513379	Historical Network, LLC	CA, Victorville, 15112 Brown Lane	US
S1-493754288	Nb Infra Private Limited	Gc-15F, G/Floor, Pul Prahlad Pur, New Delhi, South Delhi, Delhi	India
S1-967560200	Donelle Bruemmer Hills	1706 Seddon Road, Richmond City, VA	US
S1-596650375	Six Law Chambers	Northern Industries Shop No. 1, New Anaj Mandi, Dhuri, Sangrur, Punjab	India
S1-385579765	Lavanya Lifescapes Limited	Unit No. 249, Nahar & Seth Indl Estate L B S Marg, B Wing, 2Nd Floor, Bhandup, Mumbai, Mumbai City, Maharashtra	India
S1-991055295	Mcduffie Global	67 Leicester Street, Port Chester, NY	US
S1-522899892	India Santosh Services Associates	House No. 4/38/8 Sanchali Bazar, Banga, Nawan Shehar, Punjab	India
S1-735836287	North Care Pvt Ltd	E-3/157, Plot No.E-157, First Floor Shiv Ram Park, Near Sani Bazar Road, Nangloi, New Delhi, West Delhi, Delhi	India
S1-465061977	Lakshmi Builders Private Limited	Flat No.-39-A-4, Cis Officer Co Op Society, New Delhi, West Delhi, Delhi	India
S1-824334657	Electricians Local 525	3775 Agate Meadows Court, Fl 1, White City, OR	US
S1-538415999	Bhubaneswar Trading Care	Tegachi, Mamudpur, P.O.- South Garia Dist-South 24 Parganas, Baruipur, Parganas South, West Bengal	India
S1-695224921	Perideon Epr, Inc	Unit B, Marion, IL, 8316 Express Drive	US
S1-319552639	Sandoval, Porter and Johnson Resources LLC	1820 Robin Court, Lusby, MD	US
S1-639041900	Products Dream Enterprises Private Limited	A-8, Ramnagar Colony Mohaddipur, Gorakhpur, Uttar Pradesh	India
S1-43017144	Atlantic Prairie Mitsui Co	Unit 115, Sedro-woolley, 638 Sunset Park Drive, WA	US
S1-130823655	Yahweh Engineering Private Limited	869/2 Jori Kawadewasti, Jambut Pune, Shirur, Jambut, Pune, Maharashtra	India
S1-569282690	Innova Chits Limited	Kh. No 118, Sarkari Barat, Ghar K Paas, Shahberi, Ghaziabad, Uttar Pradesh	India
S1-917358227	Continental Infrastructure Limited	Hosur, Dharmapuri, No 7 C 3Teachers Colony Bagalur Road, Tamil Nadu	India
S1-801602666	Prime Investment	Shop No.3, Krishna Niwas, Lokamanya Tilak Nagar, Sakinaka, Mumbai, Maharashtra	India
S1-365650077	Forte and Pyle Inc	6614 London Drive, Kansas City, MO	US
S1-767487722	Calcutta Mental Private Limited	East Sk. Para, Nr- I.B.P.Mogra, Hooghly, Chinsurah - Magra, Hooghly, West Bengal	India
S1-450820423	Midwest Property Solutions Inc	4428 Copper Glen Court, West Jordan City, UT	US
S1-618294954	Sai Estate Pvt Ltd	2, Firozabad, Uttar Pradesh, Firozabad, Near Srk College, Roshan Ganj, Opposite Srk Pg College, Gandhi Nagar	India
S1-771329325	Trendz Enterprises Pvt. Ltd.	Ga-216, 1St Floor Niladri Vihar, Bhubaneswar, Khordha, Orissa	India
S1-316873922	Cephas & Associates Private Limited	C-44, Greater Kailash Colony, Lalkothi, Jaipur, Rajasthan	India
S1-818360330	Mountain College	NC, Salisbury, 3305 St Peters Church Road	US
S1-355225721	Williams, Beasley & Meng, LLC	2106 Happiness Drive, Taylorsville City, UT	US
S1-745660148	Bureau of Motor Vehicles	1412 Annie Lane, Libertyville, IL	US
S1-369938876	Prabha Research Private Limited	10Vidyashnkar Gruhanirmna, Sahakara Sanga Sathagalli, Mysore, Karnataka	India
S1-46264549	Skinner, Palacios & Puryear Clinic	3617 Westchester Circle, Mountain Brook, AL	US
S1-684335495	Caloex LLC	10950 Marr Road, Columbus, IN	US
S1-663216916	Lindstrom Youth Blue Chiropractic	31242 Orton Drive, Lindstrom, MN	US
S1-159956451	Sunrise Arihant Finance LLP	142 Ghaswala Estates V Road Jogeshwari (W), Mumbai, Mumbai City, Maharashtra	India
S1-964706308	Moore Legacy Yorkville Inc	115 Davenport Road, Spruce Pine, NC	US
S1-626620400	Palco Cardamom Private Limited	Durgapur Industrial Estate Nasser Avenue, Durgapur, Bardhaman, West Bengal	India
S1-108301724	Delta Family Practice	4120 Main Street, Houston, TX	US
S1-955565382	Packaging	49 Mckinnish Cove Drive, Asheville, NC	US
S1-474893889	Route Tracom Private Limited	Sobo Center, Nr S. P. Ring Road, South Bopal, Gujarat, C-359, Ahmedabad	India
S1-823905700	Services Premio Producer Private Limited	75 Tarun Sengupta Sarani, Kolkata, South 24 Parganas, West Bengal	India
S1-600974020	MOC Global Pvt Ltd	Gurgaon, Haryana, Flat No. 804 Urban Greens Plot No. Gh 6A, Gurgaon, Sector 39	India
S1-540459636	Marquis Clearthink Inc	1 Rogers Road, Portland, CT	US
S1-887035236	Eisen Foundation Pvt. Ltd.	Falt No.207, B-Block, Sri Lakshmi Krishna Paradise, Widia Colony, Opp. St.Ritaschool, Miyapur, Hyderabad, Telangana	India
S1-426932673	West Health Center	11563 135th Avenue, Unit #57, Tigard, OR	US
S1-499944882	Sweet Deli	1410 Whitpain Hills, Whitpain Township, PA	US
S1-989011592	Advanced Staffing Innovations, Inc	3446 1201, Rusk, TX	US
S1-170722255	City Estate Private Limited	8Th Floor, Tower 1, Vasavi Sky City, Seri Lingampally, K.V.Rangareddy, Telangana	India
S1-299886523	United Ministries II	AZ, Tucson, 9584 Crowley Brothers Drive	US
S1-768451872	Black Trading Limited	12 Fl-4 Plot 68 Sai Sadan, Janmabhoomi Marg Hutatma, Mumbai, Maharashtra	India
S1-653752308	Behavioral Health Clinic, LLC	5518 Wichita Avenue, Cleveland, OH	US
S1-952785161	Shiv Public School	Kashr Block Bhagwanpur, Bihar, Adhaura, Kaimur (Bhabua), Vill Tola Kaser Panch	India
S1-347297147	Veum LLC	4533 Fairlawn Court, Clayton, OH	US
S1-917742731	Primary Care Clinic Corp	1011 Stan Schlueter Loop, Killeen, TX	US
S1-729358243	Buss Medical Center	411 Grant Street, Salt Lake City, UT	US
S1-373479106	Vijay International Limited	401, Ashish Apartment, Ramdaspeth, Nagpur, Maharashtra	India
S1-205991431	Guthrie Committee	8500 Old Lemay Ferry Road, Hillsboro, MO	US
S1-58407847	New Delhi Clothing Private Limited	B-45 Greater Kailash-I, New Delhi, South Delhi, Delhi	India
S1-247222248	Lang Coca Inc.	14335 41st Street, Alexander, ND	US
S1-467087017	Bay Montessori School LLC	6135 Tecate Drive, Brownsville, TX	US
S1-148874796	Perez and Gartman LP	2022 Westwood Avenue, CA, Redding	US
S1-64576907	Coble, Hobson and Hussain North Inc	2375 Burns Road, Dongola, IL	US
S1-252999455	Rey Pimco LLC	TN, 483 Amon Road, Cookeville	US
S1-84068677	Premier Steers, Inc	1000 1st Street, Unit 408, Washington, DC	US
S1-617509881	Al Services LLP	H.No. 635, Sector-17, Faridabad, Haryana	India
S1-318539646	South Btc LP	155 Brattle Street, Cambridge, MA	US
S1-995945468	Summit Institute	5495 A Street, Unit Apartment 76, Springfield, OR	US
S1-681484981	Alliance Services Center	757/8, Dhanasree Motors, Dhanasree Plazza, Nanniyo, Nedumangad, Thiruvananthapuram, Trivandrum, Kerala	India
S1-210411227	Stevens Canadian	MA, 52 Juniper Drive, Saugus	US
S1-188144830	Relive (India) Technologies Private Limited	Flat No.12, Block-G1, Pocket-3 Sector-G-8, Narela, Delhi, North Delhi, Delhi	India
S1-945915025	American India Private Limited	Kh No. 569, Green Enclave, Chipyana, Buzurg, Ghaziabad, Uttar Pradesh	India
S1-941903852	#Doex Pet Care Clinic	14557 Ridge Road, Brookwood, AL	US
S1-484506151	Vicinity Technologies (India) Private Limited	33, Biplabi Trailakya Maharaj Sarani Brabourne Road, Kolkata, Kolkata, Howrah, West Bengal	India
S1-538960236	Tiva LLC	105 Belair Street, Unit 425, Brockton, MA	US
S1-800482986	Custom Better Cayman	Chicago, 1624 Winona Street, IL	US
S1-996601944	West Palace Ltd	Room No. 2, Ground Floor, Plot No. 13/15, 1 And 3 Shyam Bhavan, Gazdar Street, Chi, Ra Bazar, Mumbai, Mumbai City, Maharashtra	India
S1-496365149	Jain Energy Private Limited	7, Grant Lane, 2Nd Floor, Room-208, P.S-Bowbazar, Kolkata, Kolkata, Howrah, West Bengal	India
S1-121447698	Air Advisors Corporation	705 7Th Sky Lark Building, 60, Nehru Place, New Delhi, South Delhi, Delhi	India
S1-856143476	St Ispat Limited	3/345 M.K.Nagars Salem Seelanaickenpatty, Salem, Tamil Nadu	India
S1-127943382	My Constructions Private Limited	620, Janta Tower-Ii District Center, Janak Puri, New Delhi, West Delhi, Delhi	India
S1-881251067	North Tge LLC	Guadalupe, 8015 Sahuaro, AZ	US
S1-995983075	Gem Farming (India) Company	No. 27, Synergy House, 17Th Cross, Service Road M C Layout, Vijayanagar, Bangalore, Karnataka	India
S1-550382252	Bischoff Best Kimco, LLC	5777 Ridgeview Dr SW, Unit 731, Cedar Rapids, IA	US
S1-991081862	Trinity Israel	313 Dewey Road, Pangburn, AR	US
S1-414352671	Civil Educational Society	Hno B6 462, Gali Jain, School Wali Bhadra Bazar, Sirsa, Haryana	India
S1-567517779	Gujarat Tech Private Limited	4 Kulada Ray Lane, Khagra, Berhampore, Murshidabad, West Bengal	India
S1-476765321	Petersheim, Edithe A., DPM, DDS PC	4331 Lake Shore Drive, Wishek, ND	US
S1-619781044	Eye Center of Geneva On The Lake	4710 Lake Road, Unit C18, Geneva On The Lake, OH	US
S1-884359456	Lotava LLC	12589 Brooklyn Road, Andalusia, AL	US
S1-826392842	Sullivan, Johnson and Spinella LLC	1613 229th Avenue, Sammamish, WA	US
S1-175057578	Mysore Clinical Center	Karnataka, 18Th Cross, Roopanagar, No. 1465, Mysore	India
S1-282916903	Minor, Sheri, M.D.	TN, Shelbyville, 117 Warner Bridge Road	US
S1-176435728	DHP Scientific LLC	53 Dean Road, Parma, NY	US
S1-646663332	Mady's Catering, LLC	177 Trail 86, Perryville, AR	US
S1-629732342	Baptista, Hinze and Kim Truist P.C.	NC, 19 Rabbit Ridge Drive, Weaverville	US
S1-353096648	Pediatric Physicians	11805 32nd Street, Santa Fe, TX	US
S1-624389167	Shiva Construction	Plot No 28, Dr.Ambedkar Soc Mankapur Soc, Koradi Road, Nagpur, Maharashtra	India
S1-406744733	Urgent Care United Partners	2600 Bluefield Avenue, Nashville, TN	US
S1-337590203	Rapid Classic Lease, Inc	2353 209, Olive Hill, KY	US
S1-189053219	Cottrell Rocky Annaly	2900 Jackson Avenue, City Of El Paso, TX	US
S1-642371937	Willow D. Wilson, Ph.D., M.D., P.C.	221 Hanger Road, Amherst County, VA	US
S1-786456325	Youth Delta Association LLC	MA, West Brookfield, 24 Winter Street	US
S1-250982466	#7 Hotel Inc.	Asheville, Unit D, NC, 800 Kensington Place	US
S1-481064053	Kordula Tuma Agricultural	1406 Hadwick Drive, Unit APARTMENT B, Essex, MD	US
S1-490206725	Vindhyachal Seva Samiti	1302, Maharashtra, Mumbai, Floor-13, Plot -17/17A, Hill View Chs, Hutatma Dattaram Bhau Koyande Marg, Wadibunder, Mazgaon, Mumbai City	India
S1-938010711	Nexex	230 Coffin Avenue, Unit 2, New Bedford, MA	US
S1-747123242	Vania Cardenas Market PC	3805 340, Unit LOT 3, Brazil, IN	US
S1-934093038	Richardson Innovative Bitwise	619 Federal Road, Livermore, ME	US
S1-781183366	Guru Systems Limited	Prop. No. C-116, G/F, Sector-2, Noida, Gautam Buddha Nagar, Uttar Pradesh	India
S1-46221890	Johnson and Thomas Inc	1591 Bangor Road, Linneus, ME	US
S1-164472112	Snider, Fratto & Peck Short	Conroe, TX, 2202 Strong Horse Drive	US
S1-757864286	Family Coastal Group	9731 65, Bldg Building 8, Foley, AL	US
S1-340116420	Bright Stock PLLC	205 High Valley Drive, Liberty Hill, TX	US
S1-443109224	Bharat Systems Private Limited	A-112, Basement Shivalik Colony, New Delhi, East Delhi, Delhi	India
S1-543201802	Gujarat Media Pvt Ltd	H.N. 80, Hanumanpur, Chamrauti Bhag-1, Hanumanpur, Chandauli, Uttar Pradesh	India
S1-826553139	Star Biotherapeutics Inc	1 Pineridge Street, Huntington, NY	US
S1-599616230	Colonial Council LLC	110 10th Avenue, Winterset, IA	US
S1-870743204	Lukens, Fagan & Stone Johnson Care	7306 Lattice Drive, Unit CONDO, Indianapolis, IN	US
S1-58735848	Hayslip Brookfield, LLC	2520 Wilson Street, City Of Menomonie, WI	US
S1-835276556	Bombay Care Private Limited	New Delhi, South Delhi, Delhi, 242-243, Tribhuvan Complex, Ishwar Nagar, Friends Colony West	India
S1-191995380	Borges & Matthiesen Inc	1008 Lake Shore Drive, Marble Falls, TX	US
S1-409448250	Family Partners Inc	4300 Lynn Road, Unit 110, Ravenna, OH	US
S1-149491559	Perez, Atkins and Nathanson Inc	880 Turner Way, Mansfield, TX	US
S1-417665210	Knowledge Producer Private Limited	Plot No 12 Opp. Water Tank, Transport Nagar, Narol, Ahmedabad, Gujarat	India
S1-222001324	Cascade James	429 Fourth Street, Flatonia, TX	US
S1-710775520	Ross Plum LLC	670 Waterworks Road, Williamstown, KY	US
S1-468029276	Rivers Montessori School Inc	413 Eighth Street, Mills, WY	US
S1-681814857	Universal It Private Limited	Grd-Fr; Fl-G-1, 319 Bhattacharjee Para Road, Kolkata, Kolkata, Howrah, West Bengal	India
S1-807495581	A Apex Pipeline Inc	6138 Vance Circle, Chattanooga, TN	US
S1-239086845	Baker Leapfrog	1910 Glendale Drive, City Of Wilson, NC	US
S1-527516644	Surgical Royal Group	TN, 10548 Latting Road, Cordova	US
S1-907027015	Maitilde Reiss Select Mortgage LLC	Somerton, 807 Columbia Avenue, AZ	US
S1-256894729	Intent Seva Samiti	A-1502, Triveni Bldg, Ratnamohan Chs Ltd Rajendra Ngr, Borivali E Nr Fci Office, Mumbai, Mumbai City, Maharashtra	India
S1-944127190	Wildlife Heartland Project	5400 Stewart Street, Lowville, NY	US
S1-765939422	Mathieu Total Inflection Inc	3401 Cleveland Avenue, Village Of Plover, WI	US
S1-796600355	Lawlor Nova Inc	37 Cedar Oak Way, Mammoth Spring, AR	US
S1-601735462	Urology Partners LLC	2501 Slayton Drive, Bloomington, IL	US
S1-207061523	Trading Maa Solutions Pvt Ltd	98-B Lig Flats, Maya Puri, New Delhi, Delhi	India
S1-207477678	Uluberia - Ii Export	4, Ahmed Mamooji Street, Liluah, Uluberia - Ii, Howrah, West Bengal	India
S1-348250542	Melendez Oceanhawk Clinic	314 Golden Road, Wilmington, NC	US
S1-277440667	Nion Interests LP	2168 Splitwood Place, Tucson, AZ	US
S1-507609469	Red Technologies Pvt Ltd	151, Madhuban Vikas Marg, New Delhi, Delhi	India
S1-142783554	Sunshine Vidyalaya	10/2, Gadital, Hadapsar, Pune, Maharashtra	India
S1-309169891	Back Alley Massage Inc	670 Saint Charles Road, Unit 103, Carol Stream, IL	US
S1-676978229	Vantyx Rexford LLC	2505 Castlewood Lane, Bluefield, WV	US
S1-930884746	Arts Network PLLC	2805 Timber Cove, Tyler, TX	US
S1-368076974	Romero, Wilhelmine A., DO	1508 Kensington Avenue, Kansas City, MO	US
S1-64242508	Capital Spdr Group	78 Hidden Valley Farm Road, Republic, WA	US
S1-888152141	Jay Healthcare Private Limited	105 Sakar -Iii Opp Oldhighcourt Nr Income Tax Circle, Ahmedabad, Gujarat	India
S1-511379656	Faus Inc	3715 Huntington Avenue, Saint Louis Park, MN	US
S1-250011021	Ish Valves Corp	702, 7Th Floor Uniqe Premisies, Co-Perative Society Near To Kamat Club. Off S.V Road, Goregaon West, Mumbai City, Maharashtra	India
S1-303396463	Indo Super Impex Private Limited	242 - Ground Floor, Mumbai, Geeta Nagar, Dr Homi Bhabha Road, Navy Nagar, Colaba, Mumbai City, Maharashtra	India
S1-375042209	Arihant Enterprises Limited	2-3-3/267, Silver Oak Bungalow, Phase-2, Modi And Mehhta Properties, Cherlapally, U, Ppal, Hyderabad, Rangareddy, Telangana	India
S1-848826400	James Elite Otg LLC	2061 Connelly Springs Road, Cajah's Mountain, NC	US
S1-474445761	Patriot League	19403 Ridge Drive, East Dubuque, IL	US
S1-827948922	Avika (India) Residences Limited	521, Kheradi Basti, Sangwa Teh. Mavli, Udaipur, Rajasthan	India
S1-694062544	Global Engineering Pvt Ltd	Sr No. 53/8 Siddhivinayak, Sankalp-2 Undri, Pune City, Pune, Maharashtra	India
S1-53382992	Pediatric Rapid Partners, LLC	11033 222, Middlesex, NC	US
S1-27528812	Direct Dynamic Graf Care	415 Spring Valley Drive, Burlington, NC	US
S1-142214828	Sanskruti Technologiesprivate Pvt Ltd	29, Coonoor Road, Ootacamund, Tamil Nadu	India
S1-479890102	Samvit India Ltd	Mukta Market Complex At- Gopabandhu Chhak, Po-Jajpur Road, Jajpur, Orissa	India
S1-345383085	Vision Health Holdings	7854 Alexander Promenade Place, Raleigh, NC	US
S1-710808951	Patterson Strategic Aerospace, Inc	Chesterfield County, VA, 5807 Stanbrook Drive	US
S1-616263045	Sai Enterprises	401, Empress Tower, The Botanika Jayabheri Enclave, Gachibowli, Hyderabad, Rangareddy, Telangana	India
S1-464628975	Herrin Corporation	13929 Poelstra Street, Vail, AZ	US
S1-175602726	Stubbs Supreme Aldabra LLC	195 4th Street, Beaumont, TX	US
S1-253500992	Foster, Torres & Schmitz LLC	6112 Mc Vicker Avenue, Chicago, IL	US
S1-849827882	Brook Traders Limited	317-A Shah And Nahar Industrial Estate, Lower Parel (W), Mumbai, Maharashtra	India
S1-336453445	Cardiology Care Associates of Mebane	625 Casey Lane, Mebane, NC	US
S1-259380864	Dst Memorial Trust Partners	Office No. 13, Shree Siddhivinayak Co- Op. Society Plot-26, Sector-10, Airoli, Navi Mumbai, Thane, Maharashtra	India
S1-884071360	Youth Signature Services	1155 Fanshawe Drive, Mebane, NC	US
S1-79931954	Aurora LLC	3474 Gemini Place, Fl 1, Chandler, AZ	US
S1-12886186	Oncology Golden Partners Inc	1420 Harmon Avenue, Bismarck, ND	US
S1-517805305	Rogers's Medical LLC	2060 Bearwallow Road, Ashland City, TN	US
S1-939737744	Coastal Project	13065 F, Ephrata, WA	US
S1-99674831	Mlk Copier	Nagar Nigam Compound Pragati Nagar, Burhanpur, East Nimar, Burhanpur, Shop No-3, Madhya Pradesh	India
S1-472109301	Desert Family Practice	OH, Urbana, 2462 Short Cut Road	US
S1-972574433	Fetetech Inc	1632 Chicago Avenue, Minneapolis, MN	US
S1-536322951	Consultancy Balasai Services Private Limited	Fl No 02, S No 66, M No 56/1, Ritika Complex, Pune City, Pune, Maharashtra	India
S1-173486757	Coastal Garden Clinic	15 Caversham Woods, Pittsford, NY	US
S1-269666497	Hester's Development	125 Parkview Drive, Bldg BUILDING, Park City, UT	US
S1-763437937	Tech Logistics	Plot No.2/679, Bhagirathpura Industrial Area, Madhya Pradesh, Indore	India
S1-576724787	Engineering Alfa Realtors Private Limited	Flat No 129 First Floor A Block Mahaveer Seasons Apartment Hsr L, Ayout, Bangalore, Karnataka	India
S1-941024722	Ramirez and Kulow Inc	25 Sugar Hill Drive, Moscow, TN	US
S1-195283215	Barragan, Davis and Martinez	8812 Munson Avenue, Niagara Falls, NY	US
S1-688257200	Children's Center	3265 Falls Parkway, Unit Unit R, Branson, MO	US
S1-337248003	Twisted Deli	2433 Grand Avenue, Waverly, IA	US
S1-563685304	Hoekstra & Nieto LLC	1039 Oak Meadows Road, Birmingham, AL	US
S1-339731413	Little Cafe	25 Garden Street, Nashville, TN	US
S1-560397088	Gujarat International Private Limited	208, V3 Landmark Building, Nr. Gopinathji Showroom Atladara Padara Road, Atladara, Vadodara, Gujarat	India
S1-621194637	Edwards Association Inc	7714 Chorus Way, Dallas, TX	US
S1-297071689	Avril Albanese Institutions	1059 Boston Post Road, Mamaroneck, NY	US
S1-29123897	Unique Constructions	2-5-67/244, Chintalmet Upperpally, Rajendranagar, Rangareddy, Hyderabad, Telangana	India
S1-788374040	International Solutions Pvt Ltd	Dn-51, Merline Infinity, Room No.1307, 13Th. Floor Salt Lake, Sector -V, Kolkata, Kolkata, Howrah, West Bengal	India
S1-282415228	Technologies Associate Concept Private Limited	T.C. 10/24-1, Parapatt Anrac-11A Kottamugal, Nalanchira P.O., Thiruvananthapuram, Thiruvananthapuram, Trivandrum, Kerala	India
S1-661089455	Urgent Care Empire Clinic	16461 Briarwood Drive, Effingham, IL	US
S1-380933574	Halceus Insurance LLC	VA, 15117 Bernadette Court, Fairfax County	US
S1-808120600	North Best Computing Inc.	17728 Riverside Drive, Patriot, IN	US
S1-345358219	Commission on Labor	7628 291 Highway, Ford, WA	US
S1-580746245	Ujjaraj Infratech Private Limited	19F/3 Jahangirabad Ganjiya Naini, Allahabad, Uttar Pradesh	India
S1-267788171	Pediatric Dentistry Value Clinic	925 Dove Street, City Of Oshkosh, WI	US
S1-388796562	Lakshmi It Pvt Ltd	Flat No.10, Siddhi Park, Near Bapu Bunglow, Nashik, Maharashtra	India
S1-718352716	Shepherd and Webster Clinic	1714 28th Street, Lubbock, TX	US
S1-186409200	Lettie Butler Diversified Inc	149 Las Brisas Drive, Fl 0, Decatur, TX	US
S1-508731168	Hubbard and Allen LLC	VA, 7329 Hooking Road, Fairfax County	US
S1-294814816	Bury, Thomas and Cooks Inc	979 27 Street, Brooklyn, NY	US
S1-996273961	Laxmi Properties Limited	Building No. 424 A.K.G Road, North Kidangoor, Angamaly, Ernakulam, Kerala	India
S1-615853763	Reindeer Memorial Trust	Kerala, Malappuram, Tp 3/424 A, Malapuram, Res No: B3, 125/3 Poovathodi, Chelari	India
S1-411136433	Shakti Ventures Private Limited	Andhra Pradesh, # 1-16881-168/1, Chivatamundrajavaram Mandal, Tanuku West Godavari	India
S1-696399290	White Street LLP	Purba Dhurra Ramganj Islampur, Uttar Dinajpur, West Bengal	India
S1-145314773	Pulido, Heaney & Hubbard	5789 Cambridge Drive, UT, Morgan	US
S1-388759589	South Animal Hospital	WI, City Of Mayville, 1010 River Knoll Drive, Unit Unit C	US
S1-126315591	Oncology Clinic Columbus	Columbus, 2005 Franklin Street, IN	US
S1-70907024	Diamond Agro (India) Pvt Ltd	Palakkad, Edayar Street, Mankavu, Kerala, 21/305/6	India
S1-730203002	Platinum Enbridge	1405 Salida Del Sol, Chino Valley, AZ	US
S1-3423023	Lenette Guynes Optimal Schwab	1293 Melrose Avenue, Columbus, OH	US
S1-398445396	Roopansh Ventures Pvt Ltd	Shop No.1, Vpo Sikanderpur, Badha, Tehsil Manesar, Narsinghpur, Gurgaon, Haryana	India
S1-318406268	Veterans Coalition LLC	3793 President Drive, Cincinnati, OH	US
S1-258235144	Star Secure Can Inc	2909 Midland Avenue, Memphis, TN	US
S1-678874884	Jay Ideas Pvt Ltd	Smt Seema Prasad, W/O, Sri R. Prasad, Gulvi Ghat, Mahendru-6, Gaighat, Patna, Bihar	India
S1-263108198	Fortune Management Private Limited	No.5, Mabif, Agricultural College And Research Institute, Melur Road, Madurai, Tamil Nadu	India
S1-215631630	Ironclad Inc.	2316 Birchwood Drive, Asbury, IA	US
S1-928938905	Worden, Beasley & Smith	OH, Dalton, 130 Main Street	US
S1-232538271	Zeex LLC	11 Tubac Road, Tubac, AZ	US
S1-139623562	Premier Agro Private Limited	Lalbagh, Darbhanga, Sureka Agencies Near Marwari School, Bihar	India
S1-322239315	2387 Lincoln Street Realty Inc	11470 15-501, Unit 106, Chapel Hill, NC	US
S1-634067762	All Developers Private Limited	103, Pratham Corner, Lal Park-B, Dhebar Road, Rajkot, Gujarat	India
S1-926077111	Shasta Personnel Limited	47- Govind Nagar Sector 13, Hiran Magri, Udaipur, Rajasthan	India
S1-82843794	Udaygiri Solutions Private Limited	Tc 28/1574 Kannettumukku Junction Thycaud, Thiruvananthapuram, Trivandrum, Kerala	India
S1-513111615	Atlas LP	306 Walnut Street, Castalia, OH	US
S1-763905701	Best Foundation Private Limited	No 4 Hosakerehalli Main Road Opp.Agromore Factory Byatarayanapura, Bangalore, Karnataka	India
S1-245421902	Silver Tattoo Center	539 Inman Street, Cleveland, TN	US
S1-690282030	Unique Agro Private Limited	D.No.14-5/A, Sukhsagar Chs, Akurli Cross Rd No.1, Kandivali Nr Railwaystation, Mumbai, Mumbai City, Maharashtra	India
S1-846074338	Sterling Fields	532 Chimney Rock Road, Fort Worth, TX	US
S1-976885039	Plunkett and Fischer Cleaning LLC	TX, 5543 Spur Lane, Mckinney	US
S1-921714558	Super Estate Private Limited	Kamla Complex Power House Road, Rourkela, Sundargarh, Orissa	India
S1-840896629	Martino and Andrade LLC	Fl 0, Annapolis, 765 Sonne Drive, MD	US
S1-726153891	Universal Industries Private Limited	Flat No 505, Uttar Pradesh, Raghunath Enclave, Block A, Gt Road, Gandhi Gram, Kanpur Nagar, Rama Devi Chauraha	India
S1-653207132	Foundation Oriental Tax Private Limited	C/O Prashant Yadav H-17 Vikas Nagar Rajgarh Police Station Premnagar, Post- 33 A (Vahini) Block - Babina Tehsil - Jhansi, Jhansi, Uttar Pradesh	India
S1-220983239	Pranita Services Private Limited	19/C - 3, Model Town, Bal Rajeshwar Road Mulund - West, Mumbai, Maharashtra	India
S1-248478069	Sargent Legacy Oriental LLC	7760 Pintail Drive, Fayetteville, NC	US
S1-279246477	Williams Signature Huntington, Inc	471 E Brandeis Ave, Unit 201, Louisville, KY	US
S1-288530369	Surya Tech Private Limited	168, Farwain Kalan, Sirsa, Haryana	India
S1-716014275	Mumbai Learning Pvt Ltd	3-B, Matru Mandir, 278 Tardeo Road, Mumbai, Mumbai City, Maharashtra	India
S1-770031526	Gandara Kochav Inc	1234 Girard Street, DC, Washington, Unit BSMT	US
S1-641484914	Heart Council LLC	600 4512, Fl 0, Decatur, TX	US
S1-309138974	Salli Purvis Gulf Nexus LLC	407 Pine Street, Village Of Pepin, WI	US
S1-912274346	East Delta Pharmaceuticals	6214 Paloma Circle, Needville, TX	US
S1-365999414	Loque	1636 1153, Seymour, TX	US
S1-185861630	Tetech Guggenheim LLC	VA, 3020 Princess Anne Road, Norfolk City	US
S1-730766955	Prairie Fund	95 Maple Road, Brookhaven, NY	US
S1-483473467	Best Investments Private Limited	Upper Ground Floor B-1/455, Janak Puri, New Delhi, West Delhi, Delhi	India
S1-135116027	Sr & Co	Space No 302, Gurgaon, Haryana, Imt Manesar, 3Rd Floor Eros Corporate Park	India
S1-638662272	Lotus Hospitality Limited	No 3, Cart Track Road Nehru Nagar, Velachery, Chennai, Tamil Nadu	India
S1-707268212	Uptown Bistro	13145 Robert Alvarez Drive, Town Of Clint, TX	US
S1-4897246	Balianta Infoservices Private Limited	Hig- 33, Kalinga Vihar, K-5, Tamando, Balianta, Khordha, Orissa	India
S1-637129218	Golden Impex Private Limited	Flat No 303 M3M Latitude, Sec 65 Golf Estate, Badshahpur, Gurgaon, Haryana	India
S1-167219474	Modern Projects Private Limited	811-812, Aalap - B, Limda Chowk, Rajkot, Gujarat	India
S1-847736086	Federal Semiconductor Systems Inc	NY, Lake Pleasant, 259 Shore Road	US
S1-854562992	Creative Materials Inc	35537 Groth Drive, Houston, MN	US
S1-855157323	Physical Therapy Desert Medicine LLC	1009 Hunleyhill Court, Stallings, NC	US
S1-527013301	Vaishnavi & Sons Private Limited	C/O. Ground Floor, Mumbai, Maharashtra, Piramal Towers Peninsula Corporate Park, Lower Parel	India
S1-262769475	North Hill Inc	9451 Kleinman Road, Highland, IN	US
S1-712338623	Vijay Media Private Limited	Hno96 Kachnar Barshana, Pass Ekta Nagar Road, Jabalpur, Madhya Pradesh	India
S1-828553694	Lumic Staked	3812 Shire Valley Drive, Missouri City, TX	US
S1-274368988	North Keystone Hamilton	11904 Kingsbury Court, Henrico County, VA	US
S1-156814480	Roleor Kogyo LLC	2780 16th Road, Village Of Kronenwetter, WI	US
S1-652067323	My Products Private Limited	C/O T.M. Kanniyaappan No.70A Krishnan Street Pillaiyarpalayam Kanchipuram, Kanchipuram, Kancheepuram, Tamil Nadu	India
S1-397769577	Adwin Group of Companies	D-596, Jj Colony, Tigri South Delhi, New Delhi, South Delhi, Delhi	India
S1-884069236	Ry Traders-Bangalore North	A-2/512, Ground Floor, Tu, Bangalore North, Bangalore, Karnataka	India
S1-809656726	Jay Medical Private Limited	75-C, Ii Main Road, Gandhi Nagar, Adyar, Chennai, Tamil Nadu	India
S1-489490245	Juli's Family Practice	IN, Middlebury, 11851 20	US
S1-144272342	Main Street Coffee	88 Kermits Way, Granville, NY	US
S1-440086190	Temple Synagogue	4780 136th Street, NE, Omaha, Unit 8	US
S1-456596958	WZ Services LLC	30 Alexander Drive, Wallingford, CT	US
S1-269575307	Globe Laboratories Pvt Ltd	14D 14Th Flooratma Ram House1 Tolstory Marg, New Delhi, South Delhi, Delhi	India
S1-696987222	Harbor Committee	1617 E High St, Davenport, IA	US
S1-24938646	Continental Foundation LLC	Warrenville, 30W 179 Attleboro Court, IL	US
S1-662542754	Nectar Surfactants Private Limited	Sarenga, Bankura, West Bengal	India
S1-159164118	Wilson Reliable Elm LLC	CA, 390 Anjou Circle, Sacramento	US
S1-913378086	Duda Better Wealth PC	114 Hobbs Street, Greensboro, MD	US
S1-263818162	Ofelia Braley, DMD, DDS PC	430 Shore Road, Unit Apartment 9J, Long Beach, NY	US
S1-165915863	First Business	B-188, Nihal Vihar, Nangloi, New Delhi, West Delhi, Delhi	India
S1-943595486	Urology Clinic	2026 Sandy Drive, Ferguson Twp, PA	US
S1-572739249	Jai Solutions LLP	A -403, River Retreat, Casa Rio Kalyan Shil Road, Kalyan, Thane, Maharashtra	India
S1-502637757	National Metropolitan Energy	5901 Fairington Dr, Unit 115, Louisville, KY	US
S1-815121227	Vilinis	5421 Lavender Drive, Princeton, TX	US
S1-241565317	Mcrae and Jain Dogecoin	155 Blair Place, VA, Danville City	US
S1-532931850	HK Pee Pvt. Ltd.	A-606 Blue Pearl Link, Road Chincholi Bunder, Malad West, Mumbai, Maharashtra	India
S1-894488886	Germaine Purcell Pioneer Holding LLC	3417 Briardale Road, Massillon, OH	US
S1-639779111	Willabella Toliver Value Rre Corp	Van Buren, Unit Unit B, 1005 28th Street, AR	US
S1-728357648	Hillary's Hair Studio	605 Central Avenue, Laurel, DE	US
S1-923529174	Sigma Services Private Limited	Unit No. 2901, 29Th Floor, Plan S Business Park, D108/1, Opposit D.Y.Patil Stadium, Midc Industrial Area, Nerul, Navi Mumbai, Thane, Maharashtra	India
S1-507266315	Nandadeep Brothers Private Limited	Jagdeo Saraswati Apartment Shyampal Path, Jagdeo Path, Patna, Bihar	India
S1-919353585	1305 Lincoln Road Apartments	2122 Wolfe Street, Baltimore, MD	US
S1-27106222	Munoz & Cantillo, Inc	1460 Golf Club Lane, Crossville, TN	US
S1-171112667	Benfield Colonial Ingredients	1868 Sunkist Street, Upland, CA	US
S1-902456830	Electricians Local 645	7990 Old Town Road, Fultonham, OH	US
S1-519899217	Value Custom Earth	1017 Belmont Street, Charleston, WV	US
S1-853952276	Garrett Street LLC	7402 Netherfield Lane, Katy, TX	US
S1-977091877	Digital Products Pvt Ltd	Hameediya Shopping Complexbuilding No Kc Xlii/649 Big Bazaar Near Stone Bridge, Kollam, Kerala	India
S1-431898026	Jain Producer Private Limited	Ts No.G/8/9, Redhills, Kangeyam Road, Tirupur, Coimbatore, Tamil Nadu	India
S1-520329158	Peters Wintergreen LLC	3368 Dickens Road, Hamburg, NY	US
S1-889031436	Taylor Association	2512 Wilson Boulevard, Unit 1 APT 101, Winchester City, VA	US
S1-419814276	Great Diamond Resilience Inc	8300 Hawkins Creamery Road, Gaithersburg, MD	US
S1-136576661	Safar Constructions Private Limited	Vill Mahasunda, P.O. Bhupalpur, Raiganj, North Dinajpur, West Bengal	India
S1-322669336	Thrissur Solution Company	Room No:26/501-16/6, First Floor, Jos Alukkas Shopping Complex, Mariyapura, M, Anchery, Thrissur, Kerala	India
S1-172875954	Ghosh (india) Private Limited	1/4769 Street No.8 Balbir Nagar Extention, Shahdara, New Delhi, Delhi	India
S1-625371650	S/Z Capital Corp	16 School Street, Falmouth, MA	US
S1-351284671	Kartikeya & Co	1, Upper Wood Street, Calcutta, West Bengal	India
S1-200714067	Total Trading Pvt Ltd	P.No.76 Panchwati Colony Kamta, Chinhat, Lucknow, Uttar Pradesh	India
S1-596826662	Modern Technologies	Vill- Fulhara, Panch-Ajna, Block-Kalyan, Samastipur, Bihar	India
S1-7818407	Ena Management Clinic	2085 Ebony Drive, Fl 1, Chandler, AZ	US
S1-841764261	Lrp Testing Private Limited	Mathura Bhawan, Saraogi Mohalla, Ajmer, Rajasthan	India
S1-690852017	Raja International School	M-49, Iind Floor, M Block, Market, Greater Kailash-I., Delhi	India
S1-796402653	Alpha Management Limited	Iind Floorjaz House Pullepady Jn Chittoor Road, Ernakulam, Idukki, Kerala	India
S1-51751538	Diamond Industrial Labs Corporation	505 Kalispell Avenue, Whitefish, MT	US
S1-819376014	Varshika Fire	R 9/06, 13Th Add. Shm N-2, Cidco, Aurangabad, Maharashtra	India
S1-279462797	Complete Analytics Corporation	6356 Wingate Street, Fairfax County, VA	US
S1-744665873	Surgical Care LLC	10 Aldrin Drive, Huntsville, AL	US
S1-595927531	Industries Dynamic Tools Pvt. Ltd.	Mumbai City, Maharashtra, Mumbai, 202, Vedant Enclave Kamla Nehru Cross Road No. 3, Kandivali, West	India
S1-318882160	Midwest Program Corp	157515 Monroe Avenue, Riverton, WY	US
S1-361586935	Arena & Dean PLLC	4850 Corey Hunt Road, Bristolville, OH	US
S1-105124404	Red Producer Pvt Ltd	3/4, 75C, 3Rd Floor, Kamdhenu Building, Kolkata, Kolkata, Howrah, West Bengal	India
S1-343177879	Services Trading Limited	H.No. 39, U/G/F, Back Side Portion, East Punjabi Bagh Chhannamal Park, New Delhi, New Delhi, West Delhi, Delhi	India
S1-78844500	Wiseman Creative Mortgage P.C.	10600 Muirfield Drive, Potomac, MD	US
S1-911076366	Olaniq Home Care Inc.	MA, 22 County Road, Oak Bluffs	US
S1-911749113	Seven Marketing Private Limited	Amar Manor Shop No.10, Sno.80/3, 32/3, Wanawadi, Pune City, Pune, Maharashtra	India
S1-165965006	Utl Impex Limited	S/O Kalu Ram Saini Ward No. 5 Chirawa Chirawa (M), Jhunjhunu, Jhunjhunun, Rajasthan	India
S1-824792181	Cornerstone Logistics Union	241 Overdale Drive, Tallmadge, OH	US
S1-117631568	One Ss Constructions Limited	7/406, Paramban House, Iringallur, Tirurangadi, Malappuram, Malapuram, Kerala	India
S1-433242372	Parthasarathy Global Private Limited	Kamal Kunj, First Floor, Central Avenue Road, Chembur, Mumbai, Mumbai City, Maharashtra	India
S1-40501583	Bright Nippon	5258 Chillum Place, Washington, DC	US
S1-258746901	Clyis Deutsche, LLC	150 Riverside Drive, Clanton, AL	US
S1-640454617	Star Keystone Star LLC	3701 Mckinley Street, Omaha, NE	US
S1-149037301	Brooks Empire Community	1801 Palm Village Boulevard, Unit 153, Bay City, TX	US
S1-86461872	Technical Trust	Flat No. 8428, 8Th Block, 2Nd Wing Janapriya, Metropolis, Erragadda, Hyderabad, Telangana	India
S1-509026858	Creative Plutonian Care	Portsmouth City, 306 Plover Drive, VA	US
S1-494799307	Jp & Brothers Private Limited	Shop No.3, S.No364/5, 366/26 Miral Apts. Chs Ltd. Mira Bhayander Road(E) Govind Nagar Nr P, Etrol Pump, Thane, Maharashtra	India
S1-663953450	Clean Purpose	5148 Stable Drive, Lafayette, IN	US
S1-972559053	LH Churchill Inc.	3646 79th Street, Unit 2101, Mesa, AZ	US
S1-767894405	Jarlay Environmental Clinic	6711 45th Street, Indianapolis, IN	US
S1-350288229	Bennett Silver Royce, LLC	4514 Kingview Avenue, Dayton, OH	US
S1-376985805	Coastal Jena Inc	722 Oak Grove Road, Kings Mountain, NC	US
S1-533076339	Indian International Private Limited	12, Madhab Ghosh Road Salkia, Howrah, West Bengal	India
S1-647434668	4105 Jefferson Avenue Associates LLC	NC, 306 Greenlea Circle, Taylorsville	US
S1-597604926	North Aldel PLLC	Indianapolis, IN, Unit APT C, 8862 Lake Nora Drive	US
S1-567065408	H 3 X Clean	316 Branciforte Avenue, Santa Cruz, CA	US
S1-585647572	Aycock Mexico LLC	4134 Front Street, Kansas City, MO	US
S1-871678711	August Golden Myers LLC	267 Mill Street, Unit 2, Lancaster, MA	US
S1-590137685	Anand Ventures Private Limited	H/O Prashant Kumar, Patna, New Capital, Bihar, H.No. A/402 Baily Kunj Apartment, Mazar Gali, Raja Bazar	India
S1-856813526	Supreme Frontier Era	7305 Mint Clover Lane, Knoxville, TN	US
S1-412388740	Nosevue LLC	4039 Village Park Court, Winston-salem, NC	US
S1-637648926	Rocky Regional Starry	116 Shaw Road, Tellico Plains, TN	US
S1-709133339	Marketing Ans Beverage Pvt. Ltd.	B-83 Third Floor, Behind Murlipura Police Station, Murlipura, Jaipur, Rajasthan	India
S1-991813476	Ram Construction Pvt Ltd	B-20-1033, Dyal Nagar, Ghumar Mandi, Ludhiana, Punjab	India
S1-897632786	ME Green Catering LLC	215 County Road 2423, Como, TX	US
S1-959543031	Lura Sanchez, MD, P.C.	2172 Salem Street, Unit 102, Apex, NC	US
S1-731547782	Indo International Private Limited	F-6, 2Nd Floor, Vijay Chowk, Laxmi Nagr, Delhi, East Delhi, Delhi	India
S1-395704062	EZ Fortress	423 Barnfield Way, Mclendon Chisholm, TX	US
S1-950339967	Ceus Premier Group	3477 Loop Road, Steele, AL	US
S1-108397761	Shubham & Brothers Pvt Ltd	H.No 40-808-C-2 Srinivasa Nagar, Kurnool, Andhra Pradesh	India
S1-707841921	Allied League	894 Ray Crawford Drive, Winterville, NC	US
S1-711701144	Magma Retail Clinic	8/201/A, Casa De Dios, Pazhavanchala, Pozhiyoor P O, Thiruvananthapuram, Neyyattinkara, Neyyattinkara, Thiruvananthapuram, Trivandrum, Kerala	India
S1-360164712	Harton Veterinary Clinic	4889 76th Street, Unit A401, Mukilteo, WA	US
S1-691711737	Grand Infrastructure Products PLLC	5220 Walnut Valley Drive, WV, Charleston	US
S1-209125810	Innovative It	Unit No. 309 3Rd Floor Ashish Indl Est Gokhale Road South Dadar, Mumbai, Mumbai City, Maharashtra	India
S1-626142386	Ables & Alexander Block LP	24621 Oxen Road, Florence, AZ	US
S1-550529456	(india) Navraj Fund Pvt Ltd	512/513 Janki Center Off. Veera Desai Road, Andheri (W), Mumbai, Mumbai City, Maharashtra	India
S1-955566828	Continental Project	1809 Filbert Highway, York, SC	US
S1-391514358	Rajnagar Consultants	Pl 42 New Mangalwar Peth, Nr Ladka T Pump, Pune City, Pune, Maharashtra	India
S1-894496338	Meenansh Digital Private Limited	Batchuvari Street Ganjam, Berhanpur, Ganjam, Orissa	India
S1-932198582	Brighton Behavioral Health Center	12082 Big Cottonwood Canyon Road, Unit 307, Brighton, UT	US
S1-26335564	Vodafone Holdings	D.No.12-1-23, Jawahar Street, Near Pindal Cheruvu, Kakinada, East Godavari, Andhra Pradesh	India
S1-343786205	The Dent Hair Studio	264 Bexar Avenue, Hamilton, AL	US
S1-610451864	Petecque Total Templeton P.C.	1463 Birch Creek Road, Shandaken, NY	US
S1-76531232	Houck Advantage	1824 Hillcrest Avenue, Springfield, MO	US
S1-80364037	Strategic Asset Dynamics, LLC	Yakima, WA, 1206 C3 15th Avenue	US
S1-76900998	Maid Yoga!	445 Carr Lane, Fall Branch, TN	US
S1-896109606	Sohi & Co	Plot No.76, 7Th Road, Tps Iii Near Khar Subway, Santacruz East, Mumbai, Mumbai City, Maharashtra	India
S1-162851750	Value Detailing LLC	17035 Adler Lane, Noblesville, IN	US
S1-333040002	Day Learning Center-Eugene	2800 Applewood Lane, OR, Unit Apartment 63, Eugene	US
S1-13805649	Weissman Creative Currencyshares	2107 Brickhaven Drive, Greensboro, NC	US
S1-645109748	Nichole Townsend Newhold	1722 Blakeley Road, Aurora, NY	US
S1-564524243	Asset Building Ministries	6716 289th Street, Valley, NE	US
S1-889144977	Rapid Business Systems Inc	8415 Drexel Avenue, Chicago, IL	US
S1-331103131	Clear Patriot Trading Inc	6518 Roseland Court, Bldg 24, Reynoldsburg, OH	US
S1-53722658	Byers Premier Tree LLC	53 Alan Loop, Staten Island, NY	US
S1-905787982	Rolex Trading of Nashik Pvt Ltd	Nand Nagar Gangapur Road, Govinda Apt Flat 4 Viveka, Nashik, Maharashtra	India
S1-643953597	Zack Fortis Inc	8425 Estes Street, Ken Caryl, CO	US
S1-945929338	Resonex American Inc.	45 Vineyard Lane, Greenwich, CT	US
S1-111127362	Johnson, Gutierrez & Long Inc	745 Willie Varnum Road, Dothan, AL	US
S1-300921890	Ingrid Miranda Continental Cms	1303 Spring Valley Drive, Nacogdoches, TX	US
S1-235042749	Cotton Complex15 Residency Road Bangalore Singh Limited	No.5, Cotton Complex15 Residency Road Bangalore, Karnataka	India
S1-495817402	Sakhi Trading Private Limited	No. 5/3, Ground Floor, Venkateshwara Complex, 5Th Cross, Kalasipalyam New, Extn, Bangalore., Karnataka	India
S1-805016174	Narmada Abode Limited	Door No.9-19-20/A C.B.M Compound, Visakhapatnam, Vishakhapatnam, Andhra Pradesh	India
S1-71347088	Eye Pinnacle Specialists, LLC	2293 Stonehenge Drive, Raleigh, NC	US
S1-111981104	Shyam Hospitality Private Limited	# 2-40/3/A, Kamala Arcade, 2Nd Floor, Besides Harsha Toyota Showroom, Kothaguda, Konda, Pur, Hyderabad, Telangana	India
S1-887386407	Ear Nose & Throat Silver Care	20 C Ks Way, Brevard, NC	US
S1-883531732	JR Anchor Bumrungrad Inc.	117 Essex Circle, Unit Apartment F, Guilderland, NY	US
S1-868800616	Great Green Securities P.C.	231 Parkway Avenue, Unit Unit B, City Of Oshkosh, WI	US
S1-198743301	Industrial Complex Dundahera Labels Pvt Ltd	Nasscom Coe Iot & Ai, Hartron Innovation Hub, First Floor, Plot 1, Udyog Vihar Phase 1, Dundahera Village, Old Delhi Gurgoan Road, Industrial Complex Dundahera, Gurgaon, Haryana	India
S1-58609544	Mag Jones, CPA	1420 St Charles Street, Fort Benton, MT	US
S1-843139289	Indu Institute	X111/488, Meempara.P.O Puthencruz, Cochin, Ernakulam, Kerala	India
S1-871377720	Lainez House Inc	57 Florida Street, Buffalo, NY	US
S1-823462505	Willow LLC	244 Antler Avenue, Redmond, OR	US
S1-294493374	Foot & Ankle Prairie Associates LLC	228 53rd Street, Ashtabula, OH	US
S1-593148483	Minor Pioneer Concord Inc.	3551 Kenwood Avenue, Kansas City, MO	US
S1-615640902	Prairie Cambridge	1709 Fountain Rock Way, Unit C, Edgewood, MD	US
S1-594062748	Urology Specialists LLC	10097 Dorrel Road, Brookville, IN	US
S1-163536132	Thanjai Gold Private Limited	12Th Chopsani Road, Choraya, Jodhpur, Rajasthan	India
S1-603552558	Internal Medicine Anchor Health LLC	WA, Seattle, 8519 12th Avenue	US
S1-592052101	Institute Memorial Trust	Ug 06, Ground Floor, Mgf Metropolis Mall, Mg Road, Dlf Qe, Gurgaon, Haryana	India
S1-327416812	Classic Wireless Advisors	7796 Wellbaum Road, Unit 254, Brookville, OH	US
S1-843171803	Bombay Investment Private Limited	301-304, 3Rd Floor, Campus 31, Rmz Ecoworld, Sarjapur Marathahalli Orr, Devarabeesanahalli Village, Varthur Hobli, Bangalore South, Bangalore, Karnataka	India
S1-430178966	Toshniwal Architectural Limited	Newno. 16, Ponniammaan Koil Stkottur Chennai 600 085, Chennai 600 085, Chennai, Tamil Nadu	India
S1-259826438	WT Human Private Limited	363-A, Gali No.1, Raja Park, Jaipur, Rajasthan	India
S1-436403929	Ahmedabad Technologies Private Limited	4, Karnavati Society, Bhairavanath Road Kankaria, Ahmedabad, Mahesana, Gujarat	India
S1-568483103	Brightyn Roofing P.C.	5859 Gateway Boulevard, Mesa, AZ	US
S1-189528580	Niva, Inc	2275 Moix Boulevard, Unit Apt 33310, Conway, AR	US
S1-64976456	Kesar Agrotech Pvt Ltd	Shed-22 Keshav Industrial Park, Opp. Jay Radhe Residency, Kathwada Singarva Road, Daskroi, Ahmedabad, Gujarat	India
S1-921830459	Meredith Biracilik LLC	DE, 26 Deerfield Lane, Rehoboth Beach	US
S1-9365948	B/O Amplify LLC	Lafollette, 116 Sugar Ridge Lane, TN	US
S1-99239191	Waltman Dome of Washougal	1246 G Street, Washougal, WA	US
S1-780952141	Golden Educational Society	Maharashtra, M.I.D.C, Supa Taluka Parner, Ahmednagar, C-12, Ahmednagar	India
S1-196950383	Pace Foundation (India) Private Limited	12, M.M Feeder Road Flat-4B, Block-16, Kolkata, Kolkata, Howrah, West Bengal	India
S1-774620207	Desert Interests LLC	1441 Rock Spring Road, Bel Air, MD	US
S1-68317524	Yuva Trade Private Limited	No D104, Ponni Delta, Kallanai Road, Srirangam, Tiruchirappalli, Tamil Nadu	India
S1-135037280	Frontier Automobile, LLC	24225 170th Avenue, Illinois City, IL	US
S1-112304371	Sterling Sports LLC	7264 Lilac Hill Drive, Bldg 24099, Plain City, OH	US
S1-739507180	Martino and Hendrix	6720 Corsair Avenue, Prescott, AZ	US
S1-214238180	Womens Health Clinic LLC	570 Turtle Neck Road, Alexander City, AL	US
S1-218564416	Thiruvananthapuram Beverages Ltd	T.C86/1189/3, Auravista, Aksharaveedhi Lane, Pettah, Thiruvananthapuram, Thiruvananthapuram, Trivandrum, Kerala	India
S1-830620306	Secure Electronics Company	5871 6th Street, Fridley, MN	US
S1-856503496	Premier Quality Texas	726 Downington Avenue, Salt Lake City, UT	US
S1-311877288	Pushkaraj Smart (India) Private Limited	Plot No:27, Sy No: 251/1C2, Phase:2, Sancharpuri Colony, New Bowenpally, Secunderabad, Hyderabad, Telangana	India
S1-176607958	Allums, Huseby and Edgington General	2826 Massachusetts Avenue, Topeka, KS	US
S1-138772730	OZB Trading of Burari	G No. 127 Kh No. 104/13 B Block, Phase-9, Sant Nagar, Burari, New Delhi, Delhi	India
S1-100092302	Orbola Street Corp	1320 Gibbons Street, Houma, LA	US
S1-586747369	Clear Bright Atlanta	115 Forest Lane, Pinehurst, NC	US
S1-918287237	Sree Food Private Limited	C-99, Sector-34, Suncity Rtk, Rohtak, Haryana, Rohtak, Haryana	India
S1-958831759	Foot & Ankle Center Inc	121 Swan Street, Unit Apartment 2, Batavia, NY	US
S1-575480130	Prompt Securities Clinic	201, Makhija Chambers, Turner Road, Bandra (West), Mumbai, Mumbai City, Maharashtra	India
S1-135701004	Mears, Rodriguez and Johnson	City Of Monona, WI, 709 Dean Avenue	US
S1-113897026	Cure Tavern	1831 6th Street, Owensboro, KY	US
S1-427673601	Heart Network Partners	234 Sapling Lane, Knoxville, TN	US
S1-447854503	Bureau of Aging	1106 Tamarack Way, City Of Verona, WI	US
S1-166880026	Lucas Optimal Bce	648 Grimes Road, Hampton City, VA	US
S1-59630692	Balaji Management Private Limited	Ernakulam, Kerala, Xl/96Indian Guest House Palace Durbar Hall Road	India
S1-772669384	Exports Nova Entrepreneurs Private Limited	E 110 Nirman Nagar E West, Ajmer Road, Jaipur, Rajasthan	India
S1-637412963	Softline Developers Limited	B 204 2Nd Floor, Block-B, Bestech Business Tower, S.A.S.Nagar (Mohali), Rupnagar, Punjab	India
S1-933010055	Grey Surgical Private Limited	Delta Arcade, No.184/A/1, 5Th Floor, 22Nd Cross, 18Th Main, Sector 3, Hsr Layout, Bangalore South, Bangalore, Karnataka	India
S1-457457135	Creative Food Private Limited	Sno 142/1 Flno 401 Lavish Green, Pune, Pune Manjari Bk, Maharashtra, Haveli	India
S1-492602305	Templeman Legacy Bleichroeder	6104 Jilson Road, Knoxville, TN	US
S1-937291262	FZ Rothschild LLC	732 Tanasi Trail, Townsend, TN	US
S1-305384043	Neel Realcon LLP	No.221, Ward 2, Mel Alingikulam Devasthanam Post Vaniyambadi Taluk, Velloore, Vellore, Tamil Nadu	India
S1-176664205	Jackson Nuveen P.C.	7821 22, Chazy, NY	US
S1-134168940	Valley Guild	1712 Media Drive, Bowling Green, KY	US
S1-509886416	Shiva It Private Limited	204, Vikas Deep Building, District Center, Laxmi Nagar, East Delhi, Delhi	India
S1-156371316	Miramontes Capital	4938 Teeter Road, Bellville, OH	US
S1-237390245	Department of Public Works	2023 Joann Street, Fl 0, Wichita, KS	US
S1-633732894	Gkr Consulting Co	Maharashtra, Mumbai, 118-B Sindhi Societyroad No 5 Chembur	India
S1-576441745	Precision Chemical Innovations	233 Crater Road, Petersburg City, VA	US
S1-387051622	Tejiya Homes Private Limited	Flat No: F-B508, Vasavi, Shanthinikethan Whitefiel, Serilingampally, K.V.Rangareddy, Telangana	India
S1-249572475	Jrb Technologies Pvt Ltd	Maharashtra, D 901, Mumbai City, Mumbai, Lake Lucerne, Powai	India
S1-231564869	Cardenas Companies of Everett	61 Bucknam Street, Unit 2, Everett, MA	US
S1-476840996	Casique Delta Scuti LLC	7805 Caballo Road, Tucson, AZ	US
S1-460995856	Urology Advanced Care LLC	101 Main Street, Elliott, IA	US
S1-62488802	Summit Charter School LLC	3762 Chickadee Court, Cincinnati, OH	US
S1-957452036	Flying Brothers Private Limited	42 Rani Jhansi Road M M Road, New Delhi, Central Delhi, Delhi	India
S1-273843470	Orthopedic Specialists Inc	4002 Center Street, Unit 202, Hickory, NC	US
S1-541159722	Pediatric Dentistry Care LLC	3554 Santa Cruz Way, Sacramento, CA	US
S1-101768858	Heart Project II	VT, 674 Brownell Road, Williston	US
S1-12567716	Benavides Apex Australian Inc	4 Freeman Avenue, Sandwich, MA	US
S1-601302503	Christine's Interstate Recruiting	6620 287th Street, Auburn, WA	US
S1-70993907	Secure Grand Invesco Center	20507 Clay Stone Court, Spring, TX	US
S1-515088699	Transcendent Entertainment Private Limited	Bl-A, Howrah, West Bengal, Kolkata, 398 Ho Chi Minh Sarani, Kolkata	India
S1-222781086	Elsi Fuentes Better Fashion LLC	123 Delta Street, Lexington, NC	US
S1-823994786	Bhagirath & Co	127, Bassti Hazrat, Nizamuddin, New Delhi, Delhi	India
S1-435280715	Jacklin Armendariz Tailwind	MA, 40 Charles Street, Boston	US
S1-597898841	Horizon Fusion Inc	2476 Skyland Place, Washington, DC	US
S1-452708106	American Optimal Kongsberg LLC	114 Road 5914-35, TX, Cleveland	US
S1-567343381	Delhi Gas Pvt Ltd	9, Block A, Wazirpur Industrial Area, Delhi, North West, Delhi	India
S1-882748986	Alpha Business Private Limited	702, Jeevandeep Complex, Opp. J. K. Tower Ring Road, Surat, Gujarat	India
S1-370831498	Essential Agro Limited	Plot No. 9 Ganga Sagar Park Nana Mauva Road, Gujarat, Rajkot	India
S1-557031944	My Food Private Limited	Shanti Nagar, Sarojini Nagar, Lucknow, Uttar Pradesh	India
S1-424670015	Golden Yoga	5849 Winland Drive, Gillette, WY	US
S1-254826852	CHH Fashion Private Limited	54 - Silvar 2 Nr. Nova Petrocam, Moraiya, Sanand, Ahmedabad, Gujarat	India
S1-816101382	Creative Health Enterprises LLC	1108 Clover Drive, Moses Lake, WA	US
S1-211600905	J/G United	2745 Colter Street, Unit 22, Phoenix, AZ	US
S1-631121301	Guru Business Pvt Ltd	Gurgaon, Plot No. 12, Opposite Pooja Marble Pg Sheetla Mata Road, Haryana, Gurgaon	India
S1-93664592	Sun Trading Private Limited	C-7 First Floor Sinder Dump Yojna Sardari Khera Alambagh, Lucknow, Uttar Pradesh	India
S1-450696413	East Superior Solana	82 Neponset Street, Unit A, Canton, MA	US
S1-80214562	Out Consulting Public Limited	New Delhi, House No. 587 A Gali No. 6, Opposite Nathu Sweets, Govin, Dpuri, South Delhi, Delhi	India
S1-25021100	Harmon Grand Printing LLC	1136 Kinzie Avenue, Akron, OH	US
S1-731340949	2511 First Road Company	2124 Seventh Street, Unit A4, Lumberton, NC	US
S1-440637637	Red Services Private Limited	10/333, Swarna Path, Mansarovar, Jaipur, Rajasthan	India
S1-264667979	Good Care Private Limited	Ba-46 Sukhsagar Villasalt Lake City, West Bengal, North 24 Parganas, Kolkata	India
S1-261120021	LB Santander LLC	5 Elizabeth Circle, Mashpee, MA	US
S1-475294601	Balaji Premier It Private Limited	H1-832, Chopanki, Tijara (M), Bhiwadi, Chopanki, Alwar, Tijara, Chopanki, Alwar, Rajasthan	India
S1-708229981	Multiplex Paints Private Limited	8-A, Connaught Place, Delhi	India
S1-685830742	Monaco Mobile Inc	OR, 9909 97, Terrebonne	US
S1-193976262	Sanchez Xii LLC	9220 Flying Butte, Fountain Hills, AZ	US
S1-803001102	Combs, Le & Bradford LLC	OH, 740 17th Avenue, Columbus	US
S1-975302036	Supreme Enterprises Private Limited	143 Karnani Mansions27A Park Street, Kolkata, Calcutta, West Bengal	India
S1-65309853	Hari Exports LLP	46, Raghunath Colony, Jagadhri, Yamuna Nagar, Haryana	India
S1-976046895	True India Pvt Ltd	Sujeet Ram, S/O Bali Ram, Panch-Badhi Khurd, Village-Bardih Khurd, Tola-Bardih, Aurangabad, Bihar	India
S1-423494107	Vadakara Meter Pvt Ltd	Key Cee Building 10/83-F, Nadapuram Road, Vadakara, Kozhikode, Kerala	India
S1-361302725	Direct Payroll Digital	5081 Lyndon Drive, Fort Worth, TX	US
S1-332888359	Harvey Silver Public LLC	6724 Cool Meadow Drive, Fort Worth, TX	US
S1-136012621	CZ International Private Limited	Sco No 7 Lgf Riverdale Business Centre Hm, Bhabat Road Zirakpur Sas Nagar, Rajpura, Mohali, Punjab	India
S1-442428986	Perident Transportation	8816 Melvina Avenue, Oak Lawn, IL	US
S1-161705822	Ursula Dinges Pony L.L.C.	212 Westport Drive, Houma, LA	US
S1-631621013	Atlas Square	3144 Maple Drive, Reedsport, OR	US
S1-965412485	Primary Care Specialists LLC	195 Sewall Road, Farmington, ME	US
S1-356053537	Bryant Reliable Factory	2124 Renard Court, Fl 0, Annapolis, MD	US
S1-315629401	Garcia Meshflow	595 Main Street, Booneville, AR	US
S1-852447013	Guru Energy Private Limited	Nsl Icon, 4Th Floor, #8-2-684/2/A, Plot.No. 1 To 4 Opp: Icici Bank, Road.No.12, Banjara Hil, Ls, Hyderabad, Telangana	India
S1-772382222	Yeager and Oates LLC	2504 Lakecrest Drive, Moore, OK	US
S1-344141865	Bilyeu, Shaylyn, DPM	MA, Wellfleet, 116 Catboat Road	US
S1-876301536	Black Ventures Private Limited	E-419, Floral Deck Plaza, Central M.I.D.C Road, Andheri (East), Mumbai, Mumbai City, Maharashtra	India
S1-980338470	Swastik India Private Limited	C2-12 0 3 Sector-16, Vashi, Navimumbai, Thane, Maharashtra	India
S1-813339192	Nerissa Vera Reliable Return	165 Arrowhead Lane, Bolingbrook, IL	US
S1-591531579	Littlewood United Opportunities LLC	1015 Splatter Creek Road, Limestone, TN	US
S1-699822408	Aiello and Gerlach Crumrine LLC	4636 Arrowridge Drive, Evansville, IN	US
S1-645660715	Premier Kongsberg	14849 Glen Crest Lane, Homer Glen, IL	US
S1-916146648	Omex Group of Companies Pvt Ltd	C/O Phanindra Nath Pal, Sankrail, Champatala, Howrah, West Bengal	India
S1-652253357	Sarthak Services Private Limited	Plot No.12, Ground Floor & 4Th Floor, Perfect Tower City Park, Egattur Village, Muttukadu Pa, Nchayat, Chengalpattu, Chennai, Tamil Nadu	India
S1-194743564	Surgical Frontier Care LLC	5825 Rockport Lane, Fort Worth, TX	US
S1-307275326	Mira's Couriers	11231 27th Avenue, Village Of Lake Hallie, WI	US
S1-976185490	Holmgren Oyj PC	CA, Fontana, 16365 Magnolia Way	US
S1-398142826	Advani, Johnson and Jones LLC	1537 Bear Branch Trace, Columbia, TN	US
S1-269927541	Zephova Peoples Inc	6748 Sutherlin Street, Spokane, WA	US
S1-316125744	Federal Global, Inc	18715 Summer Oak Court, Germantown, MD	US
S1-61644659	Aspen Cartesian LLC	7787 Mountain Estates Drive, Cottonwood Heights, UT	US
S1-641970669	Hyderabad Soft Private Limited	203, Snow Drop Apts Near Keerthilal Jewellers, Somajiguda, #6-3-1112/7, Telangana, Hyderabad	India
S1-790129057	Motecus Cross Corp	8754 Cth C, Town Of Gardner, WI	US
S1-925732479	Technologies Saw Infrastructures Limited	C/O Lekh Ram, Kathoowas, Neemrana, Alwar, Rajasthan	India
S1-752834962	Tetecque	517 De Pere Street, City Of Menasha, WI	US
S1-586555939	Moore Enterprise	107 Hall Street, Newbern, TN	US
S1-512336251	WWB Automobile	25(15), S. M. P. Sarani, Barrackpur, Kolkata, Kolkata, Howrah, West Bengal	India
S1-980933806	Southern Healthcare Pvt Ltd	Block Road Lathikata, Sundargarh, Orissa	India
S1-923990385	Natalya Harder, DDS	6816 Cottage Grove Lane, Unit UNIT C, Saint Louis, MO	US
S1-742672694	Hines Mountain Publishing Inc.	5 Gorsline Drive, Halfmoon, NY	US
S1-625473408	International Finance LLP	Cp-3 Vikalp Khand, Gomti Nagar, Lucknow, Uttar Pradesh	India
S1-86054989	Pioneer Consultancy Private Limited	C-20 /2 1Sector 16 Nerul, Maharashtra, Navi Mumbai	India
S1-512329386	Solstice Tax Inc	AK, Goldstream, 2335 Black Spruce Court	US
S1-562986502	Graham's Appliance	414 Tyler Avenue, Groton, CT	US
S1-840290270	Hyderabad Cloths Private Limited	Plot No.97, Road No.3, Banjara Hills, Hyderabad, Andhra Pradesh, Telangana	India
S1-104940850	Kesteon Supply	164 1/2 Water Street, Fredonia, NY	US
S1-388294833	Ace Imaging	1328 3rd Street, East Pennsboro Township, PA	US
S1-202754118	Lakey, Harvey & Robertson Alpex LP	Summer Lake, OR, 52998 31	US
S1-750080838	High Ventures	Narsingarh House, 23, Pragati Vihar, Bicholi Mardana, Indore, Madhya Pradesh	India
S1-757052696	Embee Logistics Private Limited	No. 677, First Floor, Desk # 10, 27Th Main, 13Th Cross, Hsr Layout, Sec 1, Bangalore, Karnataka	India
S1-915341975	Minta Thomas Big L.L.C.	374 Herron Drive, Unit 7, Nashville, TN	US
S1-289944152	Surya It	Plot No 142/3098, Ekamra Vihar, Ebaranga, Sundarpada, Bhubaneswar, Khordha, Orissa	India
S1-870803449	Prater and Hutson	4350 Shisler Road, Clarence, NY	US
S1-379631639	Hamdan, Coon and Boyden Select LLC	765 Moore Street, Kankakee, IL	US
S1-127634681	Primary Care Specialists of Fort Davis PLLC	601 State Street, Fort Davis, TX	US
S1-60422910	Llanes Virginia Inc.	6034 Main Street, Columbus, OH	US
S1-645927560	Marbles It LLP	108 Transport Centre, New Delhi, West Delhi, Delhi	India
S1-714048148	Leseum Better Paloma	1701 D Street, Unit UNIT 805, Ontario, CA	US
S1-748209738	Kpl (india) Private Limited	180, Swetayan Industrial Park, Nr Bahuchar Party Plot, Kathwada, Ahmedabad, Gujarat	India
S1-378777387	Enigma Metals Private Limited	Hno 1004/8 Rameshwarpuri Gandhi Nagar, Basti, Uttar Pradesh	India
S1-735557552	Liberty Grid	12547 41st Street, Unit APARTMENT  704, Tulsa, OK	US
S1-659846633	Sybyl Buck Clear Equipment	21119 Maybrook Manor Lane, Richmond, TX	US
S1-76870079	Barr & Mccorkle Inc	3 River Street, Winchester, MA	US
S1-83709951	VC Star Odyssey PLLC	2110 Tracy Avenue, Kansas City, MO	US
S1-732294438	Cosmic Dyestuff Pvt Ltd	A-303, Ankleen Chs Ltd, Golden Nest, Thane, Maharashtra	India
S1-486951064	Express Distribution	OH, 4927 Market Avenue, Canton	US
S1-70139170	Danville Cornerstone Tidewater	1020 Campbell Lane, Danville, IL	US
S1-165925749	BRK Dotcom Pvt Ltd	No 33, Kbk Towers, West Raja Street Big Kanchipuram, Kanchipuram, Kancheepuram, Tamil Nadu	India
S1-516058634	Terrye's Keystone Biotech P.C.	139 Watering Trough Road, Statesville, NC	US
S1-478070447	Freeman and King Black LLC	1102 Norton Street, Rochester, NY	US
S1-381871301	Auriq Athene Inc.	9 St Charles Street, Florissant, MO	US
S1-973571844	Continental Prairie Solid Corp	349 Williams Street, Ronceverte, WV	US
S1-941447863	Shree Eastern Consulting Private Limited	Shop No. 5, Ground Floor, Sneha Sadan, Plot No. 15, Sector-21, Nerul (East), Navi Mumbai, Mumbai City, Maharashtra	India
S1-247142933	Cultural Modern Association	1787 Heavenly Court, Flagstaff, AZ	US
S1-987288271	Pediatric Dental Medicine Inc	1011 Spring Creek Road, Collinsville, TX	US
S1-15979016	Clyova Core LLC	6244 Ocean Road, Mckinney, TX	US
S1-697560581	Atlantic Crystal Gaming	1111 Coffey Lane, Unit 303, Newberg, OR	US
S1-602269215	Bharat Products Private Limited	Survey No 43A, Lotus, Vrundavan, Vikas Nagar, Haveli, Pune, Maharashtra	India
S1-127683567	Lakshmi Gold Systems Private Limited	1St Floor, Mayur Nagar, Above Umiya Hardware, Kamrej Char Rasta, Surat, Gujarat, 580	India
S1-28582851	Richardson Peak Archimedes Inc	127 Riverside Drive, Chester, MD	US
S1-449148817	Hygienic Traders Limited	No.470, Anna Salai, Chennai City Corporation, Chennai, Tamil Nadu	India
S1-819997156	Hydro Holdings	Plot No.32, No.12/174, Block -A, Vgn Avenue, Chennai, Poonamallee, Tiruvallur, Tamil Nadu	India
S1-27407549	Apex Infra Private Limited	Block - M - 35 Baishnabghata Patuli Township, Kolkata, Howrah, West Bengal	India
S1-889399205	Borough Of PLLC	5240 Sarah Jane Circle, Kearns, UT	US
S1-744805649	Carmona, Lasseigne & Kean Dragon LLC	30 Oriole Avenue, Sand Lake, NY	US
S1-926661050	Tirupati Software Private Limited	Gilgal Building 2Nd Floor, 77/33 3Rd Cross Kacharaka, Bangalore North, Bangalore, Karnataka	India
S1-875817578	Life Consultancy Pvt Ltd	No.149, Vichoor Road, Vellivoyal Village, Ambattur, Tiruvallur, Tamil Nadu	India
S1-342023120	Aarohi & Co	Uttar Pradesh, Meerut, Lohiya Nagar, 388 Buddha Enclave D Block, Meerut	India
S1-322224367	Southern It Private Limited	F-19, Shopping Centre Mansarover Garden, New Delhi, Delhi	India
S1-150702255	Aarvin India Corp	1-9-123 & 124 3Rd Floor, Ramnagar, Musheerabad, Hyderabad, Telangana	India
S1-72856494	Lennon Enterprises	176 Beech Tree Lane, Becket, MA	US
S1-363840622	Indranth Association Pvt Ltd	R.C. Girls Inter College, Chawargate, Hathras, Uttar Pradesh	India
S1-360089601	Star Freight Dynamics, LLC	416 Burroughs Drive, Amherst, NY	US
S1-295725550	Kirstein and Vargas	256 Fulton Road, Caroga, NY	US
S1-858926312	Dadri Resources Pvt. Ltd.	K-002, Site-5, Kasna, Ind Area, Gr.Noida, Dadri, Gautam Buddha Nagar, Uttar Pradesh	India
S1-684351851	Sripati Group	D No 6-3-1111/B005 & 006, Babukhan Mall, Greenlands Road, Somajiguda, Hyderabad, Khairatabad, Hyderabad, Telangana	India
S1-722070110	Patriot Endocrinology Associates	36 Speridakis Terrace, Cambridge, MA	US
S1-949894454	Indo Marketing	Kalyan, Shop B1, Thane, Maharashtra, Prabhat View Chs, Prabhat Darshan, Opp. Shirik, Dombivali	India
S1-634039036	FY Platinum Ethereum Inc	1871 Henry Sievers Road, Vincennes, IN	US
S1-534799872	Life Investments Private Limited	17, Netaji Subhash Marg, Darya Ganj, New Delhi, Delhi	India
S1-208680021	Jai & Co	L- 130/1A, Ground Floor, Gautam Nagar, New Delhi, South Delhi, Delhi	India
S1-860027266	Kalinga India Public Limited	C/O Mukesh Singhal, Agrasen Colony, Bari, Dholpur, Rajasthan	India
S1-109687172	Aventure Consultancy	C/O Balram Yadav, Kakri Indaso Nagra Ballia, Rasra, Ballia, Uttar Pradesh	India
S1-682809104	Solutions Elite Alloys Pvt. Ltd.	10/A, Hira Shiva Colony, Khote Nagar, Jalgaon, Maharashtra	India
S1-514342661	Elite Energy Enterprises	134 Fenley Ave, Louisville, KY	US
S1-170193954	Sanchita Steels Clinic	803, A-Wing, Building No.2, Silicon Park, Jankalyan Nagar Malad-West, Mumbai, Mumbai City, Maharashtra	India
S1-619397675	Health Alliance	1024 111th Avenue, Coon Rapids, MN	US
S1-661545796	Blue Hypnosis!	350 Oakwood Drive, Shepherdstown, WV	US
S1-688219460	Prabhuji Nursing Home	Building No. 9/5, Ammianickal, Moonnilavu P.O, Meenachil, Kottayam, Kerala	India
S1-941867100	Highland Pacific Technologies L.L.C.	1108 Limestone Court, Chesapeake City, VA	US
S1-51817732	Spectra Institute	188 Swayam Sawa Society Triveni Apppt Jhilmil Colony, Delhi, East Delhi, Delhi	India
S1-472874511	Sree Finance LLP	Pirmuhani, Patna, Bihar	India
S1-467656445	Gng Holdings	G-9 Rabindra Pally Po Jyangra, D B Nagr, North 24 Parganas, West Bengal	India
S1-717439238	Platinum Tower Inc.	1549 Moss Creek Avenue, Unit COND 101, Anchorage, AK	US
S1-341689135	#4 Banking	4413 Russell Avenue, Peoria, IL	US
S1-32615429	Om Marketing Private Limited	I-79 First Floor Ashok Vihar Ashok Vihar Phase I, New Delhi, North Delhi, Delhi	India
S1-4601722	A & Z Equity Inc.	100 Colt Loop, Kyle, TX	US
S1-859237474	Chiropractic Specialists of Arcade	50 Douglas Drive, Unit Apartment 101, Arcade, NY	US
S1-902502161	Harbor Kongsberg, Inc	MN, 6040 Upper 47th Street, Oakdale	US
S1-658711119	Smart Environmental Studios Corporation	9143 Mulvaney Road, Kinmundy, IL	US
S1-62097604	1155 Lexington Avenue Partners Inc.	603 Wisteria Street, Mansfield, TX	US
S1-807482752	Global Global Private Limited	H.No. 11627, Street No. 1 Sahibjada Ajit Singh Nagar, Behind Sange, Et Cinema, Ludhiana, Punjab	India
S1-795519992	Marilin Sylvestre Continental Winvest of Fort Wayne	10335 Bayless Lane, Fort Wayne, IN	US
S1-252204672	Cultural Guild	Hurst, TX, 1009 Black Street	US
S1-537910792	Dataex Delta Eagle	18 Millwood Court, Pittsford, NY	US
S1-165027139	98/80 Spa PC	13032 Miller Church Road, Bentonville, AR	US
S1-281548946	Behavioral Health Silver Partners LLC	100 Sunmar Court, Unit APARTMENT 4C, Gwynn Oak, MD	US
S1-286822302	Value Wireless Corporation	226 143, Unit 9C, Brian Head City, UT	US
S1-189727662	Nagar Foundation Private Limited	Vishakhapatnam, Visakhapatnam, 15-21, Andhra Pradesh, Block No.F, Nr Uma Sankara Vigneswara Temple Baji Junction, Gopalapatnam	India
S1-334449605	Neify	2121 Wrocklage Ave, Louisville, KY	US
S1-463429404	Summit Payment LLC	4529 Burgstaller Court, Grove City, OH	US
S1-750131091	Tri-State Integrated Processing	16 Pond Street, New Haven, CT	US
S1-995664810	Bansgaon Agro Private Limited	House No. 4, Dharam Pura, Bansgaon, Gorakhpur, Uttar Pradesh	India
S1-87228673	Powell Cola LLC	5411 17, Rochester, IN	US
S1-941402673	Arc Constructions Private Limited	Maharashtra, Swapnalok Layout Pimripada Rd, 2003 Swapnalok Bldg No 2 Wing B Malad East, Malad East, Mumbai	India
S1-338361266	Aditya Ventures Private Limited	C/O Sukumar Ghosh Sadhan Para Ghosh Para Po-Bahirgachhi Nadia West Bengal, Nadia, West Bengal	India
S1-873715381	Signature Interstate Lithium, LLC	11 Boylston Street, MA, Easthampton	US
S1-461371452	Heart Fund PC	1902 Orchard Road, Evansville, IN	US
S1-238965103	Beacon Elite Lake	4802 Palestine Road, Springfield, TN	US
S1-127961780	Nussbaum Token	54 Locke Street, Chelsea, MA	US
S1-991377744	Louisa Rockwell Restaurant LLC	1605 Sheepshead Bay Road, Brooklyn, NY	US
S1-107475633	Innovative Unified Environmental Services LLC	19 Washington Street, Unit 404, Malden, MA	US
S1-498083042	I 8 W Tpg Inc.	5 140th Street, Unit 301E, Ocean City, MD	US
S1-63916683	Complete Consumer Innovations	148 Joyce Terrace, Whitman, MA	US
S1-91899186	Silver Sai Projects Private Limited	2-16-137/1/201, Prasanth Nagar Uppal, Hyderabad, Rangareddy, Telangana	India
S1-787091815	Kalindi Services Private Limited	1St Floor, 7/24, Subzi Mandi, Delhi, North Delhi, Delhi	India
S1-768711116	Surgical Specialists LLC	344 University Lane, Elk Grove Village, IL	US
S1-637676383	Slate Premier Inc	3068 Crystal Ridge Lane, Colton, CA	US
S1-107510786	Shree Investments Private Limited	Plot No.240, Sy.No.1098/Aa To 110, Senthan Green Park, Ramachandrapuram, Medak, Telangana	India
S1-693486924	North Media Private Limited	House No. Ga -1, Block B, Atharved Iii, Pt No 235, Kamthi, Nagpur, Maharashtra	India
S1-45426554	Ss Producer Limited	Plot No.47/2 &3, Flat No.306, Priyanka Apartment, Bushareddyguda, West Maredpally, Hyderabad, Telangana	India
S1-312103890	Premier Vision Global Private Limited	H No 206 Kumbhephal, Aurangabad, Maharashtra	India
S1-663771224	Rajasthan Fragrances Private Limited	2/165, Near Ol Convent, Choudlu Village Somvarpet Tq, Kodagu, Kodagu, Karnataka	India
S1-390880731	1753 Church Ave Owners Corp LLC	3432 116th Street, Chicago, IL	US
S1-205488459	Krishna Consultants Private Limited	E-16, Bhilwara Textile Market Pur Road, Bhilwara, Rajasthan	India
S1-535781023	Advanced Cargo Partners Inc	4275 Borderlands Drive, Rancho Cordova, CA	US
S1-566941411	Hotline Design Private Limited	H No 1-11-38/90 Near Sri Basaweshwara Co-Operative Basaweshwara Colony, Raichur, Karnataka	India
S1-350432613	Great Guild LLC	335 Creekside Lane, Pelham, AL	US
S1-338922554	Pebley, Gandy and Candelas Digitalbridge Inc.	404 10th Street, Mazon, IL	US
S1-101804962	Biddy T. Torres, O.D.	2555 Erickson Street, Sacramento, CA	US
S1-477535692	Behavioral Health Medicine Inc	180 Main Street, Unit 515, Amesbury, MA	US
S1-270847242	Cricket Brothers Private Limited	Ft No B801, Pt No 33, 34, 42, 43, 33 A, Sec- 30, Kharghar, Panvel, Raigarh(Mh), Maharashtra	India
S1-84588213	Hanssen & Kolar	309 Spruce Street, Charlottesville City, VA	US
S1-56488159	Harrison Signature Triton Center	9880 Travertine Trail, Kannapolis, NC	US
S1-674603664	Gustafson and Wissler	8203 Hidden Point Drive, Glasford, IL	US
S1-85123654	Empire Foundation	34676 Wesley Road, Wilmington, IL	US
S1-64835730	Premier Investments Private Limited	At Marul Tal - Yawal; Dist - Jalgaon, Jalgaon, Maharashtra	India
S1-688797333	Lulu Industries LLP	Rangareddy, Telangana, Hyderabad, 1-76/4/12 To 14, Shr Apex Apartment Gangaii, Petbasheerbad, Qutubullapur, G 2	India
S1-4094678	Big Nails	49 Essex Square, Loudoun County, VA	US
S1-492526224	Samrudhi Traders	773, Budheswari Colony, Bhubaneswar, Khordha, Orissa	India
S1-538218782	Universal Software Technologies P.C.	510 Monterey Drive, Northport, AL	US
S1-82470036	Prathmesh Services Private Limited	Office No 60-61, 1St Floor, Princess Plaza, Sardar Chowk, Minio Bazar, Varachha Road, Surat, Gujarat	India
S1-806324340	Geor Partners	TX, Millsap, Unit 1, 6276 113	US
S1-173294420	Capital Cable	170 Jersey Street, Unit APT 305, Westfield, IN	US
S1-647222632	Ragland Medical Center	7823 Del Rey Lane, Houston, TX	US
S1-439968574	Gujarat Surya Technology Private Limited	Building No. 74, 2D, Rajeshwari Paradise Ideal Homes Township, Rajarajeshwarinagar, Bangalore, Karnataka	India
S1-724305665	Digital Engineering Private Limited	H No 1-3/5 Surya Nagar, Medchal, Rangareddy, K.V.Rangareddy, Telangana	India
S1-756200431	Dixon, Marketa S., Ph.D.	7020 Joseph Street, Anchorage, AK	US
S1-976001947	Sunrise Engineering Private Limited	No 2 4Th Cross Muniswamy Reddy Layout, Ramamurthy Nagar, Bangalore North, Bangalore, Karnataka	India
S1-581928095	Direct Research Concepts	922 Petras Way, TX, Kyle	US
S1-528141822	Abc Machineries Ltd	C/O Hemant Naniwadekar, Jayanti, Abhayankar Marg, Nagpur, Maharashtra	India
S1-822974123	South Business Private Limited	Icon Rio Shop No 703, B/H Icon Business Center, Nizar, Surat, Gujarat	India
S1-652793889	Jain Business	Delhi, F/F Katra Shanshai, Chandni Chowk, North Delhi, 1946-B, Delhi	India
S1-856219722	Beth Church	3580 High Street, Columbus, OH	US
S1-283763677	Florella Curtis Green Technical	402 Jamesville Road, De Witt, NY	US
S1-641486859	Jay Solutions Private Limited	Flat No 101, Khalatkar, Tower, Plot No R-96, Nagpur, Maharashtra	India
S1-570019322	Interstate Star Materials	8213 Hirsch Drive, Charlotte, NC	US
S1-519127028	Thompson Capital Partners Care	9709 Perimeter Station Drive, Unit 102, Charlotte, NC	US
S1-491165463	Lakshmi Enterprises Private Limited	Tcl, No.102 F2, 3Rd Street, V G P Selvanagar Velachery, Chennai, Tamil Nadu	India
S1-32131758	WOZ Solutions Private Limited	C/O Bebamma W/O Mahadevappa 22/248, 3Rd Cross, Bramarambha Extension, Chamrajanagar, Chamrajnagar, Karnataka	India
S1-269793834	Star Star Foods Limited	D-87, F/F Block-D, East Of Kailash, Mcd Park, Delhi, South Delhi, Delhi	India
S1-621361330	Vka Ventures Pvt Ltd	C/O- Ajay Spinners Limited, Khasra No.1875-1876 Khari Ka Lamba, Tehsil-Hurda, Gulabpura, Bhilwara, Rajasthan	India
S1-586056529	Singh & Brothers Pvt Ltd	#151C Third Floor Impe, Rial Garden Peermuchalla, Derabassi, Mohali, Punjab	India
S1-717769423	Boring Enterprises	11100 Andenwood Drive, Austin, TX	US
S1-418038972	Satya Hospitality of Andheri (West) Pvt Ltd	A/20, Gypsy Rose Shahtri Nagar, Mumbai, Andheri (West), Maharashtra, 502	India
S1-167235080	Petronia Persinger Enterprise	Davidson, NC, 534 Ashby Drive	US
S1-295169933	YB Golden Ltd	New Delhi, 3 Shivji Marg Westend Greens Rangpuri, Delhi, South Delhi	India
S1-514767348	Kupka Clean Cloud	Seattle, WA, 1538 16th Avenue	US
S1-584001237	Gaman & Co	First Floor, Opp.Bk 1038, Section 24, Kalyan, Thane, Maharashtra	India
S1-156145961	Bay Fellowship	TN, 356 Thompson Springs Road, Cleveland	US
S1-306026142	Pediatric Dentistry Atlantic Clinic LLC	321 Council Avenue, Hobson City, AL	US
S1-923776897	The Dent Bike Shop	Shelton, WA, 1631 Agate Loop Road	US
S1-875400486	Abraham Krakacquisition, Inc	4930 College Oak Drive, Unit APT 60, Sacramento, CA	US
S1-861314467	Cornerstone Velos, LLC	6613 Loch Raven Boulevard, Unit APARTMENT B, Northwood, MD	US
S1-164831261	Family Medicine LLC	1401 61, Grand Marais, MN	US
S1-423324096	Berlin Pediatric Care Associates	110 Ann Court, Berlin, MD	US
S1-472467549	Wood, Schoen & Smith LLC	512 Liberty Drive, Wheaton, IL	US
S1-547393690	Washington & Mercer Associates LLC	21143 267th Drive, Buckeye, AZ	US
S1-935424165	Select Digital Worldwide LLC	2751 New Scotland Road, New Scotland, NY	US
S1-176761319	Garuda Services Private Limited	230 Raja Park Sindhi Colony Adarsh Nagar, Jaipur, Rajasthan	India
S1-895255830	EE Legal Limited	D 1 25 Iind Floorjanak Puri, New Delhi, West Delhi, Delhi	India
S1-8624771	Rocky Corporation Inc.	55 Napier Road, Bledsoe, KY	US
S1-776430611	Duby Long LLC	3059 Mallory Loop, Kingman, AZ	US
S1-804587091	Aarvita Distribution Private Limited	Celina Society, S. No. 270/1 Pallod Farm - 1, Baner Road, B-1/504, Maharashtra, Pune	India
S1-603365531	AA Builders Private Limited	4Th Floor, Room No. 420 21, Hemant Basu Sarani, Kolkata, Kolkata, Howrah, West Bengal	India
S1-481477863	TIA Plus Inc	700 Hall Street, Bangs, TX	US
S1-171586072	Helios Heritage LLC	8634 8th Avenue, Portland, OR	US
S1-747383030	Rohrbaugh's Insurance L.L.C.	1501 Sandy Glen Place, Sandy Spring, MD	US
S1-773490794	J X & Q Wen LLC	132 Marseille Drive, Hurst, TX	US
S1-594103250	Jay Global Limited	Survey No.109, Nanded-Latur Road Khupserwadi, Post.Vadepuri, Nanded, Maharashtra	India
S1-237780891	2863 Lexington Street Realty	920 Granville Drive, Houston, TX	US
S1-788853106	Noque Cafe Group	2327 San Lucki Way, Knoxville, TN	US
S1-680102197	Innovative Engineering Private Limited	30, Ground Floor, Devika Tower, 6, Nehru Place, New Delhi, South Delhi, Delhi	India
S1-569031838	Lucas Gesher	OR, 2133 Bard Road, Lincoln City	US
S1-831781947	Lotus Ram Hospitality Private Limited	1004, 10 Flr, Windfall, Sahar Plaza, Nxt To Kohinoor Hotel, Jb Nagar, Andheri East, Mumbai, Mumbai City, Maharashtra	India
S1-165086698	Liberty Program	VA, Brunswick County, 5280 Boydton Plank Road	US
S1-924564477	Snider, Howard & Perdue Super LLC	45 Glory Drive, Highland, IL	US
S1-975821481	Adar Studio Pvt Ltd	Maharashtra, Tagore Nagar, Vikhroli (East), 2/254/3386, Mumbai City, Mumbai	India
S1-327436646	Xeno & Brothers	7, Udyog Gala No -104, S.V.Road, Goregaon (W), Mumbai, Maharashtra	India
S1-952355118	Blue Tech Private Limited	Near Vijay Iti, Maharana Pratap Colony, Dausa, Rajasthan	India
S1-352939352	Rapid Medical Industries Inc	NC, Reidsville, 2382 Holiday Loop	US
S1-814471410	Nexdique Silver Keycorp LLC	Albuquerque, 9216 Palomas Avenue, NM	US
S1-648042205	FVX (india) Private Limited	U-161, Top Floor, Krishna Appartments, Shakarpur, Delhi, East Delhi, Delhi	India
S1-311347633	HAL Services Private Limited	8-2-293/82/A/1259, Road No 36, Jubilee Hills, Shaikpet, Hyderabad, Telangana	India
S1-830270092	Kestify Dollar Inc	UT, 7641 Casa Morena Circle, Midvale	US
S1-194778935	Bureau of Aging Corp	6015 Shedd Road, Eloy, AZ	US
S1-297553445	Innovative Marketing Brands LLC	Watertown, MN, 211 Westminster Avenue	US
S1-130415967	A Cure 3 All	Sultan, 36010 2, WA, Unit 19	US
S1-800413488	Services Aeon Technologies Private Limited	Ag-572 Shalimar Bagh, Delhi, North Delhi, Delhi	India
S1-20726564	Sea (India) Cutting Private Limited	55-56, Vairam Street, Opposite To Vasavi Vidyalay, Coimbatore, Tamil Nadu	India
S1-256930155	Solari Royce Inc.	Unit 252, Whitsett, 1337 Village Road, NC	US
S1-384859756	Berry Trust Corp	Parackal House Valayanchirangara P O, Kerala, Ernakulam, Perumbavoor	India
S1-855309355	Maa Estate Private Limited	Gwalior, Madhya Pradesh, Jhavar Estate, Thatipur, 401	India
S1-275279490	P+ Works Inc	2120 Park Avenue, Buffalo, NY	US
S1-866775346	Keller Value Grill LLC	219 Pamlico Drive, Washington, NC	US
S1-760858687	Rowland & Cortez LLC	MA, Plymouth, 6 Lombard Street	US
S1-145960808	Cochran & West Advisors	609 Rankin Street, Atlanta, GA	US
S1-298716378	Si Trading Private Limited	Sno 2/1/1 Shop No.2 Bld A, Divineaundh Nrcosmos Bank, Pune City, Pune, Maharashtra	India
S1-430165361	International Marketing Alliance LLC	4520 29th Street, Little Rock, AR	US
S1-601487637	Animal Welfare Federation VI PC	71 Walters Way, Stoughton, MA	US
S1-813804590	Gnk Smart (India) Private Limited	A-3/221 Iind Floorsector-17 Rohini, New Delhi, North Delhi, Delhi	India
S1-179052769	Paseus, LLC	36284 437th Lane, Aitkin, MN	US
S1-535256456	Teor LLC	318 Biddle Street, Baltimore, MD	US
S1-866004084	Diva Investment Private Limited	820/2, Runanubandh Apartments, Manas Lane, Off Bhandarkar Road, Pune, Maharashtra	India
S1-500825307	Merl Swenson Legacy Sports Inc	422 Crown Hill Road, Orrville, OH	US
S1-697525382	Swart Automotive	513 7th Avenue, Rio Rancho, NM	US
S1-322145293	Dermatology Care Associates	1602 Parsons Avenue, Unit APT C, East Saint Louis, IL	US
S1-778556600	Thompson Cargo Inc	2600 Forest View Drive, TN, Nashville	US
S1-195655517	Devika Asia-Pune	S No 46 6 Plot No 1Apaud Road, Pune, Maharashtra	India
S1-610203571	Properties Marmo Estates Private Limited	10-1-29, Dharmarao Street, Municipal Revenue, Ward 13, Amalapuram, East Godavari, Andhra Pradesh	India
S1-906924721	Qualcon Safety Private Limited	No.41 Jayalakshmi Nagark K Nagar Tliruchirapalli, 620 001, Tiruchirappalli, Tamil Nadu	India
S1-243270869	Western Innovative Machine Works Inc	1944 200, Unit 14, Spanish Fork, UT	US
S1-472766062	Elora's Bistro, LLC	108 Heritage Ridge Court, Knightdale, NC	US
S1-819467843	Thanesar Foods Private Limited	Sco No 218, Sector 10, Urban Estate, Thanesar, Kurukshetra, Haryana	India
S1-786626565	Lucky Tattoo	36 Margo Drive, Perinton, NY	US
S1-951696804	Dode's Chemical	116 Sunnydale Drive, Springdale, AR	US
S1-847443798	Enterprises Unity Ventures Pvt Ltd	C-5A/240 Janak Puri, New Delhi, West Delhi, Delhi	India
S1-504295147	Pioneer Genomic Ventures Group	1221 Raymond Avenue, La Grange Park, IL	US
S1-713860474	Pediatric Dentistry Metro Specialists Inc.	3609 Simpsons Trace, Maineville, OH	US
S1-566131268	Mejia, Bond and Hummel Industrial Associates	2018 Dean Road, Hutchinson, KS	US
S1-789580018	Olanan Latin LLC	12155 Davis Avenue, Brazil, IN	US
S1-337056330	Hammerschmidt, Reyes & Dietrich Fitness	WA, Farmington, 601 Main Street	US
S1-258232700	Southern Jain Hospitality Pvt Ltd	405, Floor 4Th, Popatlal Chambers, Clive 4Th X Lane, Dana Bunder, Chinch Bunder, Mumbai, Maharashtra	India
S1-845409377	Apex Star Foundation Private Limited	Plot No 16 Raghunath Puri, Tejli Road Near Ramsarnam, Yamuna Nagar, Haryana	India
S1-692915353	Temple Ministries	32 Main Street, East Hartford, CT	US
S1-890399393	Southern Equities Private Limited	Hyderabad, 1St Floor, Road No. 1 Patigadda, Begumpet, Secunderabad, # 1-8-308/2 & 1-8-308/2/1, Telangana	India
S1-654394531	Mecham Pineapple LLC	304 Sandy Lane, Chandler, OK	US
S1-108616804	Desert Learning Center	St George City, 761 Enterprise Drive, UT	US
S1-10933219	Transcontinental Design Alliance Inc	8 St George Drive, Bourbonnais, IL	US
S1-99279412	Ardelis T. Rivera, DO	949 Longmore, Unit 202, Mesa, AZ	US
S1-134835906	Bangalore North French Private Limited	289/A 4Th Main 7Th Cross, Ams Layout, Bangalore North, Bangalore, Karnataka	India
S1-140017295	Green Corporation	7 Hunting Lane, Lynnfield, MA	US
S1-874689419	Khetri Mill Private Limited	Jato Ka Mohalla, Lamba, Gothra, Chirawa Gothari, Khetri, Jhujhunu, Rajasthan	India
S1-193799595	Kaverita Business Private Limited	Flat Gr-1, 24 (P-10), Kendua (Main) Road, Kolkata, Howrah, West Bengal	India
S1-838887616	Quis Allied Health LLC	760 Walnut Avenue, Islip, NY	US
S1-681401932	204 Park Street Associates LLC	20700 Cordill Lane, Spicewood, TX	US
S1-982092672	Creative Exports Private Limited	5Th Cross, Mahadwar Road, Cts No. 4161/3 And 4161/4, Belgaum, Karnataka	India
S1-440952787	Orthopedic Physicians of Incorporated LLC	897 Clearcreek Road, Incorporated, ID	US
S1-81994530	MC Trading Private Limited	F-205, Greenspace Fortune Plot No.95, Survey No. 168/A Puppalaguda, Hyderabad, Telangana	India
S1-946097482	Chatura Herbs Limited	B/804, Nancy Brahma Residency, S. No. 6 H No. 10/15, Nda Parshan Road, Bavdhan, Pune, Maharashtra	India
S1-93808965	Mountain Highland Sea	3160 Ching Dairy Road, Mobile, AL	US
S1-764100434	Fernandez Management	142 Oxbow Drive, Windham, CT	US
S1-275194674	Stylish Tieup Co	6, Adarsh Industrial Estate, Sahar Road, Andheri (East), Mumbai, Maharashtra	India
S1-639597302	Bevodyne Care	745 Broadway Street, Coal City, IL	US
S1-112671556	Hittle, Tillman & Askew	2827 52, Albemarle, NC	US
S1-573526755	Isahella Ferraro, DO	7615 Sparkling Light Drive, Del Valle, TX	US
S1-463857040	Value Urban PLLC	1004 7th Street, Minneapolis, MN	US
S1-732660483	Kimberlee Waters Oncology	OH, 915 Flag Pole Hill, Marion	US
S1-45289632	Karunamoyee India Pvt. Ltd.	Shop Nmo-24, Grd Floor, B-42-43 Shanti Nagar Sector-1, Mira Road (E), Mira Road (E), Thane, Maharashtra	India
S1-460197099	Painters Union Local No 901	5700 Crossings Boulevard, Unit 8313, Nashville, TN	US
S1-185166119	Federal Huntington Inc	7315 Old Dickersons Road, Spotsylvania County, VA	US
S1-700703701	Empire Trust LLC	6003 Trenholm Village Drive, Powhatan County, VA	US
S1-684762709	Baba Enterprises Private Limited	Ff/Sf Panigate Main Road, Nr Relief Colony Ayurvedic Village Vadodara, Vadodara, Gujarat	India
S1-457490674	Solutions Shree Distributors Clinic	Madhya Pradesh, Jabalpur, Shivarth Elanza, Tilhari, C/16	India
S1-11193688	Balaji Jain Projects Pvt Ltd	#687, Vajra, 1St Floor, 15Th Cross, 100 Ft Road, Jp Nagar 2Nd Ph, Ase, Bangalore, Karnataka	India
S1-538300084	Bridhi Research Private Limited	C103 Sonal Link Residency, Chs Ltd, Link Road, Malad West, Mumbai, Maharashtra	India
S1-436875127	Federal Biosciences, LLC	Pine Bluff, 5412 Rogers Road, AR	US
S1-356064590	Thompson Tri-State Southern Care	Fort Worth, 2225 Simmental Road, TX	US
S1-49142779	Lokhandwala Trust	No. 22, Second Floor, Anwer Manzil, 10Th Cross, 6Th Main, Vinayaka Nagar, Annasandrapaly, A, Bangalore, Karnataka	India
S1-271380557	Margarito and Hice LLC	150 Lamancha Drive, Unit H, Asheville, NC	US
S1-113854447	South Lending Inc	456 Morning Star Road, NC, Pantego	US
S1-954744269	Sweet Pizza LP	IL, 2754 Wilshire Lane, Northbrook	US
S1-523333051	Alpha Trading Private Limited	Opp. Nirmal Nagar, Lbs Marg, Mulund West, Mumbai, Maharashtra	India
S1-130930191	Rev It Up Cafe	5215 Lavender Drive, Princeton, TX	US
S1-293377914	Tech Consultants Private Limited	Kmc 3/761 B, 1St Floor, Kanhangad, Hosdurg Village, Kasargod, Kerala, Kasargod, Kerala	India
S1-294943760	Hamlet Airport of Chicago	2746 85th Place, Chicago, IL	US
S1-312856658	Payne Endocrinology	16 R Prindle Avenue, Ansonia, CT	US
S1-582404398	Rosenblum Veterinary Clinic PLLC	1424 1200, Layton, UT	US
S1-114508676	Abhishek Trading Private Limited	Shop No. 34, Ground Floor, Tower-C, Sector-62, Noida, Gautam Buddha Nagar, Uttar Pradesh	India
S1-22385139	Interfaith League	254 47, Harrietstown, NY	US
S1-223907930	Jk (india) Pvt. Ltd.	191B Pocket-C2 Mayur Vihar Phase-3, East Delhi, Delhi	India
S1-915531958	Verene Lemke Prime Data LLC	12 Newtown Lane, NY, Huntington	US
S1-314878886	Professional Industrial Digital LLC	16264 Sunnydale Drive, IL, Charleston	US
S1-811672755	Sibilla Pittman Wen Inc	625 Main Street, Unit 71, Concord, NC	US
S1-871207592	The Dent Nails LLC	1018 Mary Street, Emporia, KS	US
S1-435170937	Hira Trading Private Limited	695, Hmt Layout, Tpv Layout, Ganganagar, Near No.6 95, Bangalore North, Bangalore, Karnataka	India
S1-980086433	Dreamkraft Gee Private Limited	302 Indra Residency, 37 Shivansu Nr Axis Bank, Vadodara, Gujarat	India
S1-984577823	Mccullough Corporation Clinic	6506 Meadow Road, Dallas, TX	US
S1-676282168	Martinez Plumbing LLC	715 Irving Street, Washington, DC	US
S1-351902489	Family Specialists	12306 Main Campus Drive, Bldg NORTH BUILDING, Lexington, MA	US
S1-897823490	Lizbeth's Pinnacle Productions	704 Jefferson Street, Mendota, IL	US
S1-767980500	Ashlen Zucker Bold L.L.C.	3703 Mountain Park Circle, AL, Mountain Brook	US
S1-855453577	Pradhan Classic Cms PLLC	Pittsfield, MA, 15 May Terrace	US
S1-335724102	UQ Fine Private Limited	Flat No. 224A, 2Nd Floor Devika Tower, 6, Nehru Place, New Delhi, South Delhi, Delhi	India
S1-734364615	Davis Pharmaceutical	NC, 47 Dannon Court, Wake Forest	US
S1-423470753	Charlotte Housing Association Inc.	6335 Elgywood Lane, Charlotte, NC	US
S1-141221011	Liberty Academy	3925 Harbor View Drive, Morristown, TN	US
S1-202629082	Life It Private Limited	Fl-602, H-Wing, Marvel Ritz (E), Sn-171(P), Pune City, Pune, Maharashtra	India
S1-651683992	Vision Complete Medicine, Inc	35 Coleman Circle, Hampstead, NC	US
S1-641647937	ZE Bay Entertainment LLC	10162 Powers Lake Point, Woodbury, MN	US
S1-480217070	Avadh Academy	Cts No1972 Airport Side Service Rd Nr Laxminarayan Temple Western Express Highway, Vile Parl, E East, Mumbai, Mumbai City, Maharashtra	India
S1-174871552	Big Infra	Flat No. 307, Bapna House, Mb Hosp. Seth Ji Ki Badi, Girwa, Udaipur, Rajasthan	India
S1-687029273	Devon's Property Solutions	232 State Farm Road, New Scotland, NY	US
S1-72608250	All Printing Enterprises, LLC	3075 Chestnut Bluff Maury City Road, Maury City, TN	US
S1-474049084	Optimal Agricultural Products of Shelby Inc	711 Dekalb Street, Shelby, NC	US
S1-228265445	Blake Xflh	10091 Ely Drive, Indianapolis, IN	US
S1-212565741	Martinez, Lewis and Lanuza Hair Studio	Bismarck, 209 Kavaney Drive, ND	US
S1-179320017	Select Consulting Care	211 Madison Park Drive, Huntsville, AL	US
S1-562477454	Carbo Tech Private Limited	C/O Amarpreet Bajwa, Ludhiana, Punjab	India
S1-791694453	Platinum Talent Group	19 Mill Street, East Bethlehem Township, PA	US
S1-856504302	Emerald Technologies Private Limited	62, Modren Colony, Jalandhar, Punjab	India
S1-406483571	Zaon Restaurant LLC	404 Tunnel Boulevard, Unit 05F, Chattanooga, TN	US
S1-224185572	Halcent Solutions	Mentmore, NM, 346 C 118	US
S1-48375847	White and Ramos Flex Inc	459 Airline Road, Morganfield, KY	US
S1-89921245	Harbor Unified Bioscience LLC	9723 Candace Terrace, Henrico County, VA	US
S1-742722239	Future Foundation Limited	07, Floorâ5, 2, Marathon Icon, Ganpatrao Kadam Marg Opp Peninsula Corporate Park, Lower Parel, (W), Mumbai, Mumbai City, Maharashtra	India
S1-966621188	2251 Madison Lane Holdings	3311 Benjamin Street, Minneapolis, MN	US
S1-774645299	Devpriya Innovation Private Limited	Behind Jaslok Hospital, Maharashtra, Mumbai, Flat No. 2S Ghia Mansion, Mumbai	India
S1-482535598	Gold Infra Private Limited	Jaipur, 85 Gopal Nagar-A Gopal Pura Bye Pass, Rajasthan	India
S1-119046932	South Lightwave	2111 Coddington Road, Caroline, NY	US
S1-40969065	Pediatric Dental Allied Clinic LLC	1116 Alice Circle, Temple, TX	US
S1-402775995	GS Trustees Private Limited	163, Kh No. 38/10 Gali No. 3 Ranholla Vihar, Nangloi, New Delhi, West Delhi, Delhi	India
S1-486137011	Shiv Chit Private Limited	E-223, V.K.I. Area, Rajasthan, Road No.10, Jaipur	India
S1-122127517	Person Medical Center LLC	1920 A Street, Lincoln, NE	US
S1-546986563	Capital Apex Inc.	2854 Stewart Way, Tyler, TX	US
S1-926556189	Golden Myers LLC	900 Austin Avenue, Unit 410, Georgetown, TX	US
S1-610113167	Carroll Choice Melar LLC	1144 Hewitt Avenue, Canton Township, PA	US
S1-258427489	Edwards Secure Energy Inc.	18627 Rolling Shores Court, Humble, TX	US
S1-167993082	Surya Lotus Infra Private Limited	Olympus Apartment Ground Floor, Altamount Rd, Mumbai, Mumbai, Mumbai City, Maharashtra	India
S1-886074083	Niral Fund Associates	15/16, Rameshwar Malia Lane, Ground Floor, Howrah, West Bengal	India
S1-4149789	GY Village LLC	920 Dartmouth Avenue, Canton, OH	US
S1-662008827	Davine Crabtree Horizon Dome LLC	117 Park Drive, Unit 35, Boston, MA	US
S1-109874094	IAQ Midwest Airlines LP	385 Fred Drive, Buda, TX	US
S1-690347424	Micro Developers Private Limited	Hoechst House, Ground Floor Vinayak Kumar Shah Marg, Ncpa, Nariman P, Oint, Mumbai, Mumbai City, Maharashtra	India
S1-50874609	YL Prime Inc	652 600, Westville, IN	US
S1-675461583	Adams Triumph LLC	Greene, IA, 513 2nd Street	US
S1-176823315	Networth Memorial Trust	26, Lic Office Ke Samne, Rojha Road, Bikaner, Rajasthan	India
S1-672347037	FGW Consulting Private Limited	#822 Sector 11, Panchkula, Haryana	India
S1-414822734	2010 Broadway Place Realty Inc	501 321, York, SC	US
S1-768955458	Beacon Great Stonebridge LLC	5209 30th Street, Unit Unit B, Fort Smith, AR	US
S1-34153790	Igm Movies Private Limited	339/36, Tank Bund Road, 17Th Cross Malleswaram West, Bangalore-55, Bangalore, Karnataka	India
S1-159808066	Bennett and Flynn Inc	53 Tripp Lake Camp Road, Poland, ME	US
S1-83202046	Outlaw Capital LP	132 7th Street, Mulberry, AR	US
S1-66329311	Yo Media Ltd	M-306, 3Rd Floor Tower M, Exp Parkview, Sector Chi-5, Noida, Gautam Buddha Nagar, Uttar Pradesh	India
S1-688677090	QM Delicacies Private Limited	Maharashtra, Mumbai City, Shop No. 21 S. M. Residency Plot-89/90 Sec 13 Kharghar, Kharghar	India
S1-258294402	Strategic Retail Innovations LLC	1964 Adams Avenue, Abington Township, PA	US
S1-805306262	Rossi, Schlosser and Mistretta Inc	1781 J E Woody Road, Springtown, TX	US
S1-903588736	Vijay Software Private Limited	First Floor, New No.23, Old No.12 Tanjore Road T. Nagar, Chennai, Tamil Nadu	India
S1-22575978	Meentech Services Private Limited	6Th Floor, Unit 601, Spaze I T Tech Park Sohna Road, Sector - 49 Gurgaon, Gurgaon, Haryana	India
S1-286133775	Raj International Private Limited	C/O Nirmla Pandey, Gali No 1, Shyam Kunj, Bhondsi, Gurugram, Gurgaon, Haryana	India
S1-803076397	Cardiology Group	450 Siskiyou Boulevard, Ashland, OR	US
S1-479472070	Daex Investments Inc	VA, Newport News City, 15600 Warwick Boulevard	US
S1-265368534	Siddhanath Mauli Private Limited	161/1 Mahatma Gandhi Roadroom No. 34, Kolkata, Calcutta, West Bengal	India
S1-746662836	Tri-State Platinum Ramaco, LLC	244 Jerome Avenue, Staten Island, NY	US
S1-503088761	Stag	17161 70, Andalusia, AL	US
S1-42003481	Jain Care Private Limited	Pl 29/30, Bld Fd 02, Sec 06, Surya Kiran Apt, Pune, Maharashtra	India
S1-602515081	Urgent Care Partners of Rosedale	5800 Hamilton Avenue, Unit APARTMENT 1, Rosedale, MD	US
S1-446352144	Perfect Shakti Engineering Private Limited	205, Masjid Moth, New Delhi, New Delhi, South Delhi, Delhi	India
S1-705628621	Cozy Bistro	804 Werner Avenue, Evansville, IN	US
S1-884568172	Coa	519 Mt Vernon Street, Lansdale Borough, PA	US
S1-299424861	Valencia Corporation	853 Hanna Leigh Trail, London, KY	US
S1-108557638	Jyoti Beeman Lightwave, LLC	Wooster, OH, 1523 Barnard Road	US
S1-127488407	Trusted Cargo Studios	11713 Spring Cypress Road, Tomball, TX	US
S1-172344515	Pink Engineering Private Limited	Ps Srijan Tech Park, Dn-52, 12Th Floor, Sector-V, Saltlake, North 24 Parganas, West Bengal	India
S1-459730252	Ridge Committee LLC	243 Community Drive, Madisonville, TN	US
S1-692850742	Star Software Worldwide LLC	2948 Russell Minor Lane, Spotsylvania County, VA	US
S1-872266856	Mckean Utilities of Prescott Valley	6407 Copper Hill Drive, AZ, Prescott Valley	US
S1-983389267	Giles, Lutton & Rosado LLC	201 Gillespie Drive, Unit 10103, Franklin, TN	US
S1-370196209	Chennai 40 Cold Private Limited	Block-D - 113, Anna Nagar Est Chennai 40, Chennai 40, Chennai, Tamil Nadu	India
S1-15591755	Bautista and Williams	22 Cove Way, Long Lake, NY	US
S1-209134278	Tri-State Center	30952 Shortcut Road, Dakota, MN	US
S1-473272585	Roth Creative Hovnanian	99 Central Street, Unit 2, Natick, MA	US
S1-976782476	Pioneer Developers Limited	37/2200-8, M C Tower, C Achutha Menon Road, Thrissur, Kerala	India
S1-441697913	Greatway (India) Chemicals Limited	Sco 96, Second Floor, Swastik Vihar, Mdc, Sector 5, Panchkula, Haryana	India
S1-51572887	Sunrise Foundation Private Limited	29/1899, 2Nd Floor, Lpone Offices Llp, Kozhikode, V06, Kerala	India
S1-643944162	Universal Aerospace Concepts	9020 Sunview Trail, Grovertown, IN	US
S1-228327172	Direct Frequency	2972 Casa Linda, Kingman, AZ	US
S1-139837832	Devpujan India (India) Corp	Attar Galli, Near Central Library, Guledgudda, Bagalkot, Karnataka	India
S1-223300438	Dynamic Property Labs LLC	2038 Hillside Drive, Fairfax County, VA	US
S1-66932833	Jai Trading Private Limited	Delhi, Sanjeevtower, A-3/4, Local Shopping Centre, West Delhi, B-7, New Delhi	India
S1-655389906	Mumbai Bricks Private Limited	401-D, Fourth Floor, Opp. Asian Paints L.B.S. Marg, Bhandup (W), Mumbai, Mumbai City, Maharashtra	India
S1-630604761	Munoth Sangh	House Of Raj Kishor Sah Hospital Road, D M C, Darbhanga, Bihar	India
S1-595644074	Lauer, Coney & Hendrickson Illinois LLC	111-39 Lefferts Boulevard, South Ozone Park, NY	US
S1-821389402	Christenson Choice Boutique	69 Timberwilde Drive, Trinity, TX	US
S1-671658472	Maybelle F. Culver, D.C.	582 Gampp Lane, Portsmouth, OH	US
S1-956836354	Caque Global, Corp	14040 Wimbleton Drive, Victorville, CA	US
S1-565475785	Keque Blue Manufacturing Inc	610 Dogwood Creek Lane, Indian Trail, NC	US
S1-436747217	Trusted Sterling Jewelers PLLC	100 Kate Corner, Leitchfield, KY	US
S1-487421071	Mcdaniel Popular Inc.	38 Central Park Drive, Scituate, MA	US
S1-433228222	Nolana Oneill Innovative Purpose	16060 Lower Cattle Drive, Sisters, OR	US
S1-60760819	Minarva & Co Corp	Bangalore, Karnataka, C.K.Garden, Moonshine Apart St.Thomas Town Post, Cooke Town, # 43/8	India
S1-936032236	Needham and Miltenberger	3440 Funston Street, Fl 0, Wichita, KS	US
S1-108712014	Precision Art LLC	1010 Old Main Street, Hartford, KY	US
S1-958374761	Corner Pilates LLC	300 High Plain Street, Walpole, MA	US
S1-246976171	Advincula Physical Therapy Clinic	518 Melrose Lane, Beecher, IL	US
S1-19786714	Anderson Ace Odyssey LLC	1172 Portview Drive, City Of Port Washington, WI	US
S1-911199025	Primary Care Specialists	2137 Greenway Avenue, Shakopee, MN	US
S1-736568583	Star Hospitality Pvt Ltd	K-89 Sarita Vihar, Delhi, South Delhi, Delhi	India
S1-281029112	Brk (India) Producer Private Limited	29, 48 Chambers Jhokan Bagh Civil Lines, Jhansi, Uttar Pradesh	India
S1-734215668	Coreen Collins Quality Cargo LLC	21112 Cold Spring Lane, Cornelius, NC	US
S1-926713840	Raven	213 Wards Lane, Nottoway County, VA	US
S1-411736023	Physical Therapy Green Associates Inc	11203 216th Avenue Court, Bonney Lake, WA	US
S1-414319338	Galaxy Food Pvt Ltd	27 Main Marketlodhi Colony, New Delhi, South Delhi, Delhi	India
S1-426606644	Bethina Hodge Bay Colombier LLC	2756 Greeley Street, Schenectady, NY	US
S1-616678811	Laksh Brothers Limited	B-357A, Kh No 389/263/1, Gf, Main Road, New Ashok Nagar, New Delhi, East Delhi, Delhi	India
S1-565507436	2910 Ocean Ave Partners	11611 Woodbuck Trail, Houston, TX	US
S1-833366103	Chavez and Miller LLC	6000 Kushla Mcleod Road, Eight Mile, AL	US
S1-856610847	Bengaluru Organ Private Limited	No. 16, St. Marks Road, Bengaluru, Bangalore, Karnataka	India
S1-504523194	Hawks & Parish Xcel	781 9th Avenue, Salt Lake City, UT	US
S1-287970893	Aguilar Steers Inc	516 Anna Avenue, Machesney Park, IL	US
S1-82763020	Augustine Developments	16419 Eldridge Parkway, Tomball, TX	US
S1-698271742	Seattle Family Integrated Clinic	5034 9th Avenue, Seattle, WA	US
S1-933702843	@ Care 9 All LLC	87 Meadow Street, Naugatuck, CT	US
S1-748557948	Merchant Vanguard Atlanticus LLC	190 Orchard Avenue, Unit STE A215, Vacaville, CA	US
S1-288186667	Milissent Maske Fargo	6110 Norwich Street, TX, Houston	US
S1-892685174	Shradha Clinic Limited	Shop No.72/10 Nr, Santoshimata Mandir, Old Bus Stand, Jhansi, Uttar Pradesh	India
S1-920520715	Restaurant	3532 Aberdeen Avenue, Alton, IL	US
S1-99142795	Bison Sciences, LLC	5434 Hunter Road, Ooltewah, TN	US
S1-549811261	Mahadev Drink (India) Private Limited	24-D, Flat No. N-101 Connaught Circus Nd, Delhi, Central Delhi, Delhi	India
S1-443204867	Crystal Anchor Annuities LLC	3865 Highway 295, Elkins, AR	US
S1-509029930	Davis Invesco	6307 Trailview Drive, Houston, TX	US
S1-323327692	Krishna India Private Limited	Bangalore, No.105, Karnataka, Bull Temple Road	India
S1-107573145	Heritage Supreme Dominion Corp	3107 Cashwell Drive, Unit A, Goldsboro, NC	US
S1-389170166	Piedmont Arrived Corporation	50541 Trammell Drive, South Bend, IN	US
S1-506232546	Reliable Hospitality Corporation	11 Holmes Street, Easton, MA	US
S1-435130590	Puerta & Mckinney Metal	3330 Pennsylvania Avenue, Unit APT J, Charleston, WV	US
S1-99773516	Raj Properties Private Limited	Room No.9, 2Nd Floor, Metro Building Vazhakkad Road, Areekode, Malappuram, Malapuram, Kerala	India
S1-969364013	Shiva Infra Limited	A-601, Exclusive Apartments, Bhargava Nursing Home, Tagore Road, Santacruz (W), Mumbai, Mumbai City, Maharashtra	India
S1-935131166	Laxmi Trading	00, Jalaun, Orai, Ram Nagar Ram Nagar, Jalaun Orai, Uttar Pradesh	India
S1-889592527	Piedmont Trust VI LLC	19893 Emmerson Drive, Maricopa, AZ	US
S1-789396419	Mastek Research Private Limited	No.21, 5Th Main, 6Th Cross, Krishnappa Block, 1St Main (Now), Ganganagar, Bangalore, Karnataka	India
S1-929308356	Quality Broadcast Corporation	Unit 425, AZ, 6601 60, Gold Canyon	US
S1-808619261	Vantis Arrived LLC	406 C Elm Street, Pittsburg, KS	US
S1-969592637	Alika Wolf, Esq.	148 Confederate Circle, Mountain Home, AR	US
S1-594448192	Pipefitters Local Union 85	2733 Cryodon Boulevard, Columbus, OH	US
S1-938655252	Care Brothers Private Limited	No.1A, Sargunar Salai, Nagalkeni, Chrompetchennai, Sriperumbudur, Kanchipuram, Tamil Nadu	India
S1-751172377	Wordlaw's Solutions	3806 Woodrail On The Green, Fl 1, Columbia, MO	US
S1-542747018	St. Church	460 Southern Cross Drive, Austin, TX	US
S1-938771726	Fox Fact LLC	2813 Saratoga Trail, Billings, MT	US
S1-742441288	Gonzalez, Aracena and Christensen Charlton LLC	342 Foordmore Road, Wawarsing, NY	US
S1-991506242	Prime Supply Holdings	11937 Yardarm Drive, Berlin, MD	US
S1-586500148	New Investment Private Limited	Bangalore North, Bangalore, Karnataka, Metromingle, No. 59, West Of Chord Road, 2Nd Stage, 2Nd Main, Basaveshwaranagar	India
S1-927506068	Beth Chapel	1552 Grove Street, City Of Cumberland, WI	US
S1-446132485	Shreshta Digital Private Limited	Sharda Nagar Bhatta Bazar, Purnea, Purnia, Bihar	India
S1-683717503	First Talent Group	19055 River Road, Leavenworth, WA	US
S1-838804554	Platinum Automation Collective Corp	1300 Coconino Rd, Unit 104W, Ames, IA	US
S1-845725421	Twisted Pizza Inc	11625 Airport Road, Everett, WA	US
S1-929251241	Freeman, Anderson & Williams	AZ, 4204 Wescott Drive, Phoenix	US
S1-923032181	Delta Karman Inc	134 Green Drive, Unit SUITE A, Avilla, IN	US
S1-157664021	Economic Development Federation	Thomasville, NC, 4319 Old Greensboro Road	US
S1-203567370	New Delhi Health Ltd	New Delhi, Indra Park Uttam Nagar, New Delhi, Rz-27, Delhi	India
S1-879096669	American Trusted Tree	WA, 37223 Vernon Road, Washougal	US
S1-920251119	Cure Hair Studio	Byron, 6608 Byron Road, NY	US
S1-852373125	Perfect Global Healthcare Limited	6/220 D V P Complex Mannampatta Po Katampazhipuram, Palakkad, Kerala	India
S1-968938710	WO Tracom Limited	Vi/758, First Floor, Andalat Building Mookambi Road, North Paravoor, Kerala	India
S1-96498475	Pediatric Dentistry All Center PLLC	TN, Mercer, 135 Midyett Avenue	US
S1-980310892	Krishna Enterprises Pvt. Ltd.	Pune, Dsk Road Dhayari, Fl 301 Shreyash Garden, Maharashtra	India
S1-592136010	Shelton Technical Holdings	2904 Elliott Street, Baltimore, MD	US
S1-859296264	Main Street Pub!	80 Christie Court, Fletcher, NC	US
S1-219653265	HKD Defi Inc	985 10600, UT, White City	US
S1-537762509	Laden Global Lifesciences Inc.	14 Adriatic Avenue, Hampton City, VA	US
S1-787418905	Best Products Limited	Flat No. 3832, Vijayanta Apartment, Plot No. 117 Neharu Nagar, Kurla (East), Mumbai, Mumbai City, Maharashtra	India
S1-97375041	Shyam Tech LLP	C/Opravin Prabhuappa Dama, Vidyakunj Colony, Ambejogai, Beed, Maharashtra	India
S1-47196321	Red Logistics Private Limited	131 Krishna Parisar Mahananda, Ujjain, Madhya Pradesh	India
S1-47004376	Internal Medicine Care Associates of Webster	149 Wishing View Drive, Unit Apartment D, Webster, NY	US
S1-778071611	Jai Finance Pvt Ltd	37 B Ashoka Avenue, Sainik Farms, New Delhi, South Delhi, Delhi	India
S1-272670219	High Products	Samod House, Gangapole, Jaipur, Rajasthan	India
S1-368046858	Desert Network	9 Elizabeth Circle, Longmeadow, MA	US
S1-926879876	Fields Bread Group	57 Brandywine Lane, Suffield, CT	US
S1-299895713	Nakoder Textile Ltd	Opposite Setia Resort, Jalandhar, Punjab, Nakoder, C/O Sukhwant Singh	India
S1-656037019	Finais Interests	Westfield, MA, 38 Springdale Street	US
S1-61022679	Bharat Marketing Pvt Ltd	169-B Gf, Cariappa Marg, Khirki Extn. Colony, Delhi, New Delhi, Delhi	India
S1-248286894	Weber Open, Inc	WA, Unit #408, Puyallup, 333 Meridian	US
S1-461372660	Stylish Salt Limited	#10 & 11 Inside Pinnacle, Enclave, Anagalpuram, Bangalore North, Bangalore, Karnataka	India
S1-696404212	Sarasaksh Trading Limited	P No 532/8 Imt Manes, G31- Manesar, Gurugram, Gurugram, Gurgaon, Haryana	India
S1-979799431	Blevins Classic Royalty LLC	3107 Kingshighway, Unit LOT 19, Fairmont City, IL	US
S1-116183575	Loren Mcneil Federal Living	7618 Folk Avenue, Fl 0, Saint Louis, MO	US
S1-353413528	Allied Network	120 Weakley Lane, Unit 331, Smyrna, TN	US
S1-270534551	Elana B. Wasserman, O.D., PC	2892 Sedalia Loop, Bend, OR	US
S1-79308911	Applegate and Watson Center	1826 Sterling Drive, OR, Monmouth	US
S1-740424868	Gebhart and Bivens Two Inc.	629 Erin Lane, Chesapeake City, VA	US
S1-522081590	Royal Engineering Private Limited	C-3, Krishna Park, B/H Suraj Wadi, Navagadh-Jetpur, Navagadh, Rajkot, Gujarat	India
S1-28996058	Laxmi It	Qrts-46, Parda Bagh, Darya Ganj, New Delhi, Central Delhi, Delhi	India
S1-615644776	Veque Harmony	1804 Pine Street, Tulsa, OK	US
S1-458710105	Economic Development Ministries LLC	10410 Cobalt Falls Drive, Houston, TX	US
S1-138170877	Adan Leon Optimal Blackstone Group	Hartsville, TN, 200 Meadow Lane	US
S1-207254120	Randall Innovative Dte Inc	2203 Paradise Drive, Town Of Trenton, WI	US
S1-675046521	Mayhew and Powell Inc.	1249 Nicholas Ln, Bldg 11, North Liberty, IA	US
S1-681891457	Yeary Cascade Corporate	4521 Charles Drive, West Valley City, UT	US
S1-982744816	South Nuveen LLC	2011 Niagara Street, Buffalo, NY	US
S1-949313847	Olanus Crescent Inc	7040 Stony Island Avenue, IL, Chicago	US
S1-992832094	Prime Logistics Limited	Plot No 2, 12Th Main Road Kubera Nagar Extn, Madipakkam, Chennai, Tamil Nadu	India
S1-568839488	Metropolitan Network	5281 Soldiers Home Miamisburg Road, Miamisburg, OH	US
S1-48171165	Supreme Mobility Innovations-Concord	Concord, TN, 1035 Nod Street	US
S1-187486235	Agra Infracon Private Limited	Shamshabad Road, Lodhai Shyamo, Agra, Agra, Uttar Pradesh, Agra	India
S1-430347768	Auray Telecom Inc	37032 Montserrat Street, Maricopa, AZ	US
S1-415309035	Urban Investment Private Limited	9-101 Ftb2, 2 Flr, Balaji, Nilayam, Venkatesh Nagar, Tirumalagiri, Hyderabad, Telangana	India
S1-346112615	Schutz Wen PLLC	605 Pheasant Kno, Mckinney, TX	US
S1-802506295	Ram Ace Technologies Private Limited	327, Vill. Karkardooma, Near Karkardooma, Delhi, North Delhi, Delhi	India
S1-843128419	Crowder Pharma LLC	716 Fairway Drive, Unit APT E, Evansville, IN	US
S1-740159950	Paolina Moran Soulpower, LLC	71 Congress Street, Amesbury, MA	US
S1-215296407	Pd (India) Infra Private Limited	4-1-77/2 Flat No.502 B Block Surya Towers Snehapuri Colony Nacharam, Uppal, Hyderabad, Telangana	India
S1-671770331	Apex Ventures Private Limited	#21, 7Th Main, 13Th Cross, Agrahara Dasarahalli, Bangalore, Karnataka	India
S1-758430901	West Piedmont Pearl	12821 Vermillion Crossing Court, Huntersville, NC	US
S1-279080601	Dermatology Group LLC	110 Tim Court, Oak City, NC	US
S1-602396990	Gardner Signature Home Care Co	2512 Laurel Valley Lane, Arlington, TX	US
S1-550577251	South Systems Private Limited	4-797, Anupama Residency Kolluru Vari Street Devarapalli, Visakhapatnam, Vishakhapatnam, Andhra Pradesh	India
S1-76329682	Anchor Solarius LLC	6435 Danville Avenue, Baltimore, MD	US
S1-222505926	Vatavue Inc	1202 Sevier Terrace Drive, Kingsport, TN	US
S1-801929597	New Properties Private Limited	Shiv Shakti Intl School, Narayan Vihar Mode Asarpura Village, Gopalpura Byepass, Jaipur, Rajasthan	India
S1-958148945	Womens Health Medicine	2109 Brown Street, Fort Wayne, IN	US
S1-45607063	Maheshwari Paper LLP	No 54/5A2, Salem Main Road, Panruti, Cuddalore, Tamil Nadu	India
S1-60639118	Everest Foods Limited	C/O Mandeep Singh Gill, Makdoompur Jaithi Khera, Mohanlalganj, Lucknow, Uttar Pradesh	India
S1-576976445	Nio Holdings	1800 Lower Bloomfield Road, New Concord, OH	US
S1-519934887	Future Constructions Private Limited	Ground Floor, N-73, Shyam Nagar, New Delhi, West Delhi, Delhi	India
S1-435704510	Atlantic Mining, Inc	391 Pleasant Street, Unit 102, Melrose, MA	US
S1-444712413	Puri Essentials Company	Mahendra Satsang Roadswargadwar, Puri, Orissa	India
S1-296877519	Whitcomb Medical	860 Allen Drive, Wooster, OH	US
S1-359906127	Gurunanak Academy	Shiv Park Colony, 2, Udaipur, Rajasthan	India
S1-827259499	Ivenan Hotels, Inc	3603 Cadillac Court, Rockford, IL	US
S1-327312515	Coimbatore South Trade Limited	42 A, Senguptha Street, Coimbatore South, Coimbatore, Tamil Nadu	India
S1-831610970	Sterling Biotech LLC	5341 39th Avenue, Minneapolis, MN	US
S1-863231222	Angelica M. Mobley, D.O.	2147 Mason Avenue, Chicago, IL	US
S1-215992309	Southern Fresh Vertical Inc	1335 Guilford Road, Unit APT E2107, Carmel, IN	US
S1-868911212	Foot & Ankle Specialists LP	2306 Canyon Meadows Drive, Missouri City, TX	US
S1-153366630	Ford Institute of Technology	793 Ripley Island Road, Afton, TN	US
S1-109235181	Varanasi Chits Private Limited	D 57/56-A, Sidhgiri Bagh, Sigra, Varanasi, Uttar Pradesh	India
S1-726454238	Legacy Mobility Union, Inc	1981 12, Lincklaen, NY	US
S1-43686196	United Infrastructure Private Limited	Sant Nagar, East Of Kailash, Delhi, H No 30/113-Mcd-142 Ground Floor, New Delhi, South Delhi	India
S1-792397075	Eastern Technologies Private Limited	123, Arya Nagar S.K. Road, Meerut, Uttar Pradesh	India
S1-516600784	New Delhi India Pvt Ltd	28 Second Floor, Right Side . Okhla Indust, New Delhi, South Delhi, Delhi	India
S1-290604050	Hopkins Bay Biopharma	5839 Beacon Falls Drive, Kingwood, TX	US
S1-474634955	Quadrant Infrastructures Limited	Plot No-69, Shakti Khand-Ii, Indirapuram, Ghaziabad, Uttar Pradesh	India
S1-58121701	Ace Logistics Private Limited	No. 6, Vinir Tower, Starttopia Hub International 100Ft Main Road, Btm 1St Stage, Bangalore, Karnataka	India
S1-636323287	Beene Illinois	NM, Albuquerque, 2712 Florida Street	US
S1-991392469	Allied Muniholdings, L.L.C.	Sapulpa, Unit APARTMENT 611, OK, 9304 Freedom Road	US
S1-972105729	Amalia N. Ellison, DDS, DDS PC	2145 Enterprise Street, Grandview, IL	US
S1-715861982	KT Lab, LLC	354 6th Avenue, Guin, AL	US
S1-771466139	Iconic Memorial Trust Company	N.17, Heroor, Udupi, Udupi, Karnataka	India
S1-338622380	Tirupati Energy Private Limited	#1405, Maharashtra, Mumbai, 14Th Floor, B-Wing, Manav Kalyan Chs Ltd., Link Road, Bangur Nagar, Goregaon West, Mumbai City	India
S1-456232879	Pioneer Industries Private Limited	Maharashtra, Milkat No 1757/2 Vasagade, Hatkanangale, Kolhapur, C/O Bhimrao Katkar	India
S1-491197753	Raj It Pvt Ltd	Office-7, Upper Ground Floor, Mercantile House 15, K.G Marg Connaught Place, New Delhi, Delhi	India
S1-710709568	Sai Shivam Infra Pvt Ltd	Khasra No.281/2/2, Katni Deorihatai Road, Deori Hatai, Murwara, Murwara, Katni, Madhya Pradesh	India
S1-575426864	Interstate Credit	WA, 11628 199th Avenue Court, Bonney Lake	US
S1-602535006	Frieda Ferrill, Esq.	WI, 6508 W Aspen Tree Court, City Of Mequon	US
S1-601637369	Wilson and Walters Encore LLC	Weslaco, 11302 Mile 6, TX	US
S1-951863580	Ahmedabad Sales Private Limited	445, 4Th Floor, Yash Arian, Near Swami Vivekanand Chowk, Memnagar, Ahmedabad, Gujarat	India
S1-684234999	Galaxy Investment	Telangana, D No. 8-9-39, Khila Bazar, Inside Fort, Khammam	India
S1-651766951	Gutierrez Interests Inc	18051 Fairville Avenue, Cleveland, OH	US
S1-87500421	Brady Wisekey	2307 Homewood Avenue, Ashtabula, OH	US
S1-690852527	Dk (India) Foundation Private Limited	No 63 B, 13Th Cross, 2Nd Main, Jp Nagar, 3Rd Phase, Bangalore, Karnataka	India
S1-466198091	Metropolitan Media Concepts Inc	2399 Coral Avenue, Salem, OR, Unit B	US
S1-929151402	Complete Equity Systems	1004 Meadow Crest Drive, Pella, IA	US
S1-415617640	Vega Spdr	51 Columbia Avenue, Rehoboth Beach, DE	US
S1-242350687	Ram Technology Private Limited	No:4, Marshall Road, Egmore' Madras-8, Madras-8, Chennai, Tamil Nadu	India
S1-290656489	DRZ Siddhi Inc	32 Shore Walk Road, Fl 0, Riva, MD	US
S1-133086556	Secure Technical Digital Inc	5 Duxbury Road, Newton, MA	US
S1-938846364	Mejia, Devon T., DO, PC	Oxnard, CA, 2145 Joyce Place	US
S1-219776927	Leavitt Monte Inc.	1370 Murray Road, Portland, OR	US
S1-373124726	VT Cold Private Limited	58/16 - Abirhana Road Kanpur, Uttar Pradesh, Kanpur, Uttar Pradesh	India
S1-282122582	Naqvi & Gao Goldman Partners	830 Drexel Avenue, Fort Wayne, IN	US
S1-51793930	The Dent Cafe LLC	1900 New Haven Court, Moore, OK	US
S1-700749845	Obsidian Xsolla Inc	1509 Salem Court, Kendallville, IN	US
S1-954056626	Helms Preparatory Academy	589 White Road, Bowdoinham, ME	US
S1-8210971	Oriana G. Heaton, DDS, PC	1907 Kalorama Place, Unit 18, Washington, DC	US
S1-360757807	DV Moti	1-11-219/1, Flat No.501, Samala Royale Apartments, Gurumurthy Lane, Begumpet, Hyderabad, Telangana	India
S1-113348557	Firefighters Union Local No 424	Anderson, 155 600, IN	US
S1-547813325	Seetha Aquatech	78, N.S.C.Bose Road 2Nd Floor, Kolkata, Kolkata, Howrah, West Bengal	India
S1-745006497	Foundry PLLC	5555 Lush Vista View, Florence, AZ	US
S1-493796915	Advanced Office	2008 258, Tarboro, NC	US
S1-566757803	Ace Consultants Private Limited	703, Kanjurvinayak, Chsl Datar Colony Bhandup, Mumbai, Maharashtra	India
S1-18863896	Atlantic Industries LLC	513 Freeman Avenue, Topeka, KS	US
S1-1716678	Marketing Snr (india) Private Limited	Punpun Station Mahavir Colony, Nh-83, Bihar, Patna, Allauddinchak, Patna	India
S1-257855395	Kolkata Infrastructure	48 Jayasreenagar, Kolkata, South 24 Parganas, West Bengal	India
S1-525126944	CV Constructions	Ahmedabad, A-5, Gujarat, Jaymangal House, Opp. Gandhidham Station, Ellisbridge, Ahmedabad	India
S1-503729992	Maid Deli LLP	1549 Clabo Hollow Road, Pigeon Forge, TN	US
S1-515891336	Maa Foods	D.No.661, J.C.S.T.M Block, Kuvempunagara, Mysore, Karnataka	India
S1-882853349	Tiruvallur Electronics Pvt. Ltd.	No. 94, 3Rd Street, Saraswathi Nagar, Lakshmipuram, Puthagaram, Kolathur, Tiruvallur, Thiruvallur, Tamil Nadu	India
S1-20882497	Ace Smart Giant Inc	Louisville, KY, 7316 Candy Ln	US
S1-896987342	Summit Modern Rio Inc	11412 238, Fl 1, Jacksonville, OR	US
S1-454631586	Ruiz Evo	1608 Marcella Avenue, Unit 1N, Joliet, IL	US
S1-937046933	Atlantic Fund LLC	8254 111th Lane, Peoria, AZ	US
S1-980485071	Seven Consulting Private Limited	B Shop 365, Pimpri Colony, Pune City, Pune, Maharashtra	India
S1-71351029	Reed Ubs LLC	410 Trimble Fields Drive, Edgewood, MD	US
S1-143137229	Alaknanda Inventions (India) Private Limited	81, Tiruvallur, Mohanram Nagar, Mog.East, Tamil Nadu, Ambattur	India
S1-265082788	Tonie's Motors LLC	South Windsor, CT, 173 Candlewood Drive	US
S1-121062188	Pediatric Dental Empire Care LLC	3919 Waterwheel Drive, Chesterfield County, VA	US
S1-64750477	Oncology Atlantic Associates LLC	109352 4290 Road, Checotah, OK	US
S1-235759935	SJ Soft Private Limited	1St Floor, Saheed Nagar, Bhubaneswar, Orissa, Plot No -733, Khordha	India
S1-674220654	Shree Engineering Private Limited	Plot No.-64 Khaspa, Sheragada, Ganjam, Orissa	India
S1-606016389	3131 Fifth Street Management LLC	1043 84 Street, Brooklyn, NY	US
S1-102689155	Laor LLC	79-20 149 Street, Flushing, NY	US
S1-951003507	Superior Creative Digital LLC	2035 Medicine Bow Drive, Ballwin, MO	US
S1-299618586	Innovative Green Ventures Private Limited	D- 76, P. C. Colony, Kakkarbagh, Sampatchak, Patna, Bihar	India
S1-401433848	Tracey Nichols United Graf LLC	111 C Street, Unit 2, Salt Lake City, UT	US
S1-338345004	Pediatric Dental Desert Medicine, LLC	10908 Austrian Pine Way, Unit 1622, Concord, TN	US
S1-730688254	Solutions Al Spaces Center	41, Plaza Centre, 129, G.N.Chetty Road, Chennai, Tamil Nadu	India
S1-201261418	Tri-State Summit Laboratories Inc	3314 Milton Street, Muncie, IN	US
S1-89901252	Kang Managers Inc	Unit 16, AZ, Payson, 903 Granite Dells Road	US
S1-135266276	Bharat Services Private Limited	4 Sadanand Road, Ground Fl, Kolkata, Howrah, West Bengal	India
S1-256674489	Surgical Piedmont Care LLC	23 Reservoir Lane, Stafford, CT	US
S1-184431728	Chetna Hospital	405, Vishal Bhawan, Nehru Place, New Delhi, Delhi	India
S1-310547813	Maxwell's Digital	4105 123rd Lane, Avondale, AZ	US
S1-928660790	Tri-State Institute IV	OH, 15373 Us 127, Cecil	US
S1-923748679	Maid Cleaning Service Group	1440 Veterans Parkway Court, Clarksville, IN	US
S1-401083145	Nelson Montessori School	295 Fowler Street, Roseburg, OR	US
S1-12928125	Credit & Co	B-209, First Floor, Ashok Vihar, Phase-I, Delhi, North West, Delhi	India
S1-889740019	Board of Environmental Protection	6609 Flintlock Road, Houston, TX	US
S1-316644554	Titech Atlantic Btc L.L.C.	24250 Asher Hollow Lane, Katy, TX	US
S1-979916676	Red Infra Private Limited	C/O Bhaussaheb Godase, Babhulgaon Bk, Sillod, Aurangabad, Maharashtra	India
S1-575019586	Lotus Shiva Media Private Limited	Plot No. 579, Lewis Road, Bhubaneswar, Khordha, Orissa	India
S1-216928311	Chauhan Aegon Co	2930 Inez Street, Redding, CA	US
S1-744148491	Cure Hypnosis Inc	2235 Baltimore Road, Council, NC	US
S1-616900565	Technologies Pani Labs Pvt Ltd	Tamil Nadu, No 12/595 Biula Street Thirumullaivoyal Avadi, Chenani, Chennai	India
S1-135504359	Radiant Travels Private Limited	Flat No-14, Landmark Society, College Road, Nasik, Nashik, Maharashtra	India
S1-634413739	GYN Hire Private Limited	2240 Mie Bahadurgarh, Bahadurgarh, Jhajjar, Haryana	India
S1-21212362	Jarlance Miluna Co	107 Madison Mill Drive, Nolensville, TN	US
S1-109491094	Bloom Pyrophyte Inc	927 Northwestern Avenue, Fairview Heights, IL	US
S1-926638810	Betul Clinic	101, Terminal 9, Plot Cts 2092-A/1 To 375 Vile Parle (East), Mumbai, Mumbai City, Maharashtra	India
S1-731947088	Maa International Company	15/2, Old Palasia, Second Floor Near Ambedkar Bridge, Indore, Madhya Pradesh	India
S1-212995512	Leverex Center	260 Cheney Way, Boulder Creek, CA	US
S1-304221702	Khatau Star Private Limited	New Delhi, Delhi, South Delhi, 3Rd Floor, Dda Flats, Masjid Moth Phase Ii, 58D	India
S1-65195989	Lorette Arnold, D.O. Center	Albemarle County, 8001 Old Dominion Road, VA	US
S1-534689051	Anant Academy Corp	B-15, Saket Colony, Adarsh Nagar, Jaipur, Rajasthan	India
S1-722939791	Sassi, Kingston & Cunningham Grifols	AZ, Gold Canyon, 8696 Aloe Drive	US
S1-436600774	Deeanne Bailey Superior Robotics PLLC	7355 Perrydale Road, Polk County, OR	US
S1-549297407	Metro Metal	292 Sweat Hill Road, Clemmons, NC	US
S1-839677681	Express Commodity	149 Woodburn Drive, Swannanoa, NC	US
S1-154076653	Family Pinnacle Medicine LLC	233 Maybrook Road, Hamptonburgh, NY	US
S1-307966618	Proctor Legato Inc.	5340 Hargrove Road, Williamson County, TN	US
S1-780144637	Plumeria Display Private Limited	Maharashtra, Thane, Mercury Towers Pk Lane, Mira-Bhayandar Road, Mira Road, East, D 503	India
S1-663226094	Green Welfare	No.20, Chennai, Crescent Park Street T Nagar, Tamil Nadu	India
S1-231980687	Pacific Select	11919 Greene Street, Mead, WA	US
S1-107042093	Real Tech Private Limited	No.E-1020 Brigade Apart., Brookfield Itpl Main Road, Bangalore North, Bangalore, Karnataka	India
S1-140420342	Sree Infotech Private Limited	F-91 Sector 8, Noida, Gautam Buddha Nagar, Uttar Pradesh	India
S1-772969766	Suryaksh Corporate Corporation	C/O Tej Pratap Singh, Village Madnapur Post Madnapur, Rae Bareli, Raibareilly, Uttar Pradesh	India
S1-758992309	Global Arora Corrugation Pvt Ltd	345, Ashish Nagar, Bamroli Road, Surat City, Surat, Gujarat	India
S1-596985757	Halterman, Farmer & Baker Rmg L.L.C.	Fletcher, 928 Appalachian Ridge Road, NC	US
S1-985304328	Properties Cumbum Merchants Pvt Ltd	483B/12, Naduvelaparampil Arpookara, Gandhi Nagar, Vaikom, Kottayam, Kerala	India
S1-126823758	Houston, Town Of	14450 T C Jester Boulevard, Houston, TX	US
S1-339497199	Lishe Mcvey Grading Associates	10011 Queens Oak Court, Charlotte, NC	US
S1-819688685	Magic Traders Private Limited	311 A Block Shastripuram, Agra, Uttar Pradesh	India
S1-151978583	Thomas's American Partners LLC	234 Espy Street, Kenton, OH	US
S1-122641207	Cibrian Industries	109 7th Avenue, Minot, ND	US
S1-111672314	Coastal Highland Suma Company	35-18 43 Street, Long Island City, NY	US
S1-842390708	Pediatric Anchor Medicine	4208 162nd Street, Urbandale, IA	US
S1-258115422	Ocean Agro Private Limited	Andhra Pradesh, Guntur, Sy 284-B Vykuntapuram, C/O B Anjali Devi, Amaravathi	India
S1-813061827	Boat Services Private Limited	160/2, Ahilya Puri Mina Bhawan, Indore, Madhya Pradesh	India
S1-863864051	Build System	Shahdara, Gali No.-6, Jyoti Colony, C-3, Delhi, Shahdara	India
S1-266578598	Liberty Trg	7843 Huber Court, Indianapolis, IN	US
S1-664913747	Mutual Freight Studios LLC	20 N2326, Alpine, AZ	US
S1-801603317	Division of Education	9 I Maple Street, Chester, CT	US
S1-725260421	India Aiswarya Securities Private Limited	P.N.5, S.N.561/1A, Nr.Water Tank, Dhatrak Fata, Adgaon, Nashik, Maharashtra	India
S1-241857368	Delhi Infra Private Limited	F No-35, Plot No28/2Jamuna, Bazar Aprt, Sec-9, Rohini, Delhi, North West Delhi, Delhi	India
S1-353559782	Oncology Heartland Medicine	TX, Weatherford, 7333 Wilderness W	US
S1-82058203	Patrick Tri-State Controls LLC	TX, Fort Worth, 1108 Donnington Trail	US
S1-22155968	KIC National Art	158 24, Beulaville, NC	US
S1-227417435	Caldial Soulpower LLC	250 Seaver Street, Boston, MA	US
S1-113462626	Flint	680 Sierra Trail, Chanhassen, MN	US
S1-328479157	3405 Broadway Avenue Apartments LLC	Lansdale Borough, PA, 210 Main Street, Unit Unit 100	US
S1-241039593	Hettie Burkhalter, P.A.	329 Falcon Run, Morgantown, WV	US
S1-293493884	UIV Labs Private Limited	Radha Kishan Cold Stoage, N. H. No. 8, Nadiad, Kheda, Gujarat	India
S1-500958135	Carlson and Heckman	16 Larkspur Drive, Unit Apt D, Colstrip, MT	US
S1-299932711	Integrated Security Consultants, LLC	Babylon, 79 Nassau Avenue, NY	US
S1-625126652	Guadarrama Yhn	Porter, OK, 32166 181st Street	US
S1-952404167	Bureau of Sanitation	201 Broadway, Unit 1B, Columbia, MO	US
S1-159705393	Pansie's Best Group LLC	1411 Amarias Drive, IL, Round Lake	US
S1-772278967	Indian Properties Private Limited	B-201, Okhla Industrial Area Phase-1, New Delhi, Delhi	India
S1-659600148	Literacy Initiative	6424 Hillside Lane, Fairfax County, VA	US
S1-419711865	Solutions Amatya Infotech Ltd	Supreme Forest Avenue Tower, 6Th Floor Katol Road, Nagpur, Maharashtra	India
S1-948681301	Ram Global LLP	#23, Indumati Building, Sai Basava Badavane Near Saibaba Temple, Kelgeri Road, Dharwad, Dharwad, Dharwar, Karnataka	India
S1-99770174	Baba Trust	1176, Above Shop No. 48, 49, Chandpole Bazar, Jaipur, Rajasthan	India
S1-382309776	Silver Cornerstone Cafe	35 Yale Place, Buffalo, NY	US
S1-543575141	Alma Maynard Better Nuclear	717 Bridle Creek Drive, Georgetown, TX	US
S1-839769910	Shree Investments Clinic	Shop No 16 Amrut Commercialcentre Sardarnagar Main Road, Rajkot, Gujarat	India
S1-956911126	Lavue LLC	7936 Foxwood Drive, Raleigh, NC	US
S1-933989316	Metro Fortune LLC	604 Edgerton Avenue, Trumann, AR	US
S1-779212906	Innovative Impex LLP	Thiruvananthapuram, Kerala, 2Nd Floor, Trivandrum, Cheenkayil Tower Paruthipara Junction, Thiruvananthapuram	India
S1-360361893	Rion Interests Co	827 Cedar Springs Road, Athens, TN	US
S1-150046778	Vale Corrado, DPM	464 Breccia Trail, Liberty Hill, TX	US
S1-205646077	Wildlife Committee	Newbury, 14476 Bass Lake Road, OH	US
S1-300110498	Porras, Noah & Miller	18134 Brookes Bend, Houston, TX	US
S1-820584195	Premia Designs Private Limited	C/O Shri Vasantrao, Govindro, Rui, Tq Hadgaon, Hadgaon, Nanded, Maharashtra	India
S1-30422653	Nova & Brothers Private Limited	E 402, 4Th Floor Casa Bella Gold Spectra Chs, Palava Dombivali E, Thane, Maharashtra	India
S1-742421814	Rycca Mansfield Cornerstone Oaktree	6 Little Shadow Catcher Road, Unit 120, Big Sky, MT	US
S1-46768311	Keystone Australian	146 Hillcrest Road, Needham, MA	US
S1-474599854	Beus Coastal Amplify PC	11595 Iowa Avenue, Alliance, OH	US
S1-959129606	Lovett Trust LLC	33532 Bluff Road, Boring, OR	US
S1-403078376	Cecile Stewart News LLC	204 Wayside Court, Bedford, TX	US
S1-234104332	Oncology Medicine LLC	TX, La Vernia, 117 Westfield Landing	US
S1-220481116	V 9 Quality Grading Inc.	12245 261st Street, Kent, WA	US
S1-763115104	XQZ United Tire Shop PC	2358 Burdett Avenue, Unit Apartment C108, Troy, NY	US
S1-848743660	PJ Studios LLC	782 Brent Court, Merced, CA	US
S1-778081601	Haun, Sullivan & Timmons Transportation Co	203 Road 7002, Cleveland, TX	US
S1-540040275	Precision Financial Partners	1508 Camino Lago, Irving, TX	US
S1-762405238	DIA Storageprivate LLP	97 Dhan Mandi, Agrawal Khaad Beej K Paas, Ratlam, Madhya Pradesh	India
S1-198466688	Universal Products Private Limited	Sai Samuthira, First Floor(Right Wing) Flat No 41B & 41C, North Phase Sidco Industrial Esta, Te, Ekkattuthangal, Chennai, Tamil Nadu	India
S1-829901777	Seerat Service Private Limited	Property No A-6/24, Gali No- 3, Main Main Brahampuri Chauhan Banger, New Delhi, East Delhi, Delhi	India
S1-426999781	Saumya Capital Private Limited	Office No-114, First Floor, Plot No-41 Sector No 8, Gandhidham, Kachchh, Gujarat	India
S1-237971529	Greener Association Pvt Ltd	C/O Vedprakash Palariya, Nalla Pushkar Pushkar, Ajmer, Rajasthan	India
S1-264899518	Campaign Clinic Co	Jamnagar, Vishnukumari Chhetri Residence, Near Radhe Krishna Temple, Meghpur, Gujarat, Jamnagar	India
S1-237042509	Sisile Garnett Rithm LLC	3009 Clubway Drive, Unit 77, Greenville, NC	US
S1-56431129	American Alliance VI	219 Salem Street, Unit 3, Lowell, MA	US
S1-51618817	Premier Business Pvt Ltd	170/A, Patna, Bihar, 1St Floor, Road No. 2, Jd Mishra Path Near Pani Tanki, New Patliputra Colony	India
S1-839319208	Vertex PLLC	1216 -202 Waterfront Drive, Virginia Beach City, VA	US
S1-290996084	Cure Cafe Inc	1308 Pickwick Park Court, Franklin, TN	US
S1-868600621	Arpita College	Vijaya Bunglow No. 5153, Behindkurlappolicestation, Valva, Sangli, Maharashtra	India
S1-919975654	Rosales, Gina R., DO	2156 9th Street, Springfield, IL	US
S1-58056377	Continental Hospitality Limited	Delhi, C-56 Ground Floorsouth Extension Part-I, New Delhi, South Delhi	India
S1-92235851	Bobbi Kratzer Studios LLC	Black Forest, 18185 Woodhaven Drive, CO	US
S1-438747683	Om Premier Infra Private Limited	Block-K, Ff Shop No-17 To 20, Sur No 47/1, Al - Burooj Nr.Empire Party Plot, 132 Ft Makarba Road, Ahmadabad City, Ahmedabad, Gujarat	India
S1-303150065	Strategic Waste	8213 Rock Elm Road, Fort Worth, TX	US
S1-249673252	Arunima (India) Realtech Private Limited	Hennur Road Bangalore, A Block, 2Nd Floor, Shell North Gate, Sy.No.39/2, Kothnur Vill, Off, Bangalore, Flat No. 201, Karnataka	India
S1-920204369	Innovative Packaging Holdings	11106 Shoreline Drive, Leo-cedarville, IN	US
S1-620481285	Patriot Fresh Hill L.L.C.	9508 Greyson Heights Drive, Charlotte, NC	US
S1-493003092	Indiabulls & Brothers Limited	Vill Bramhaulli Dhyan, Post Harriya Tehsil Sagari, Azamgarh, Uttar Pradesh	India
S1-975021145	Geoghegan, Schwab & Torres Vernal Inc	TX, Seymour, 601 East Street	US
S1-207839713	Pippa T. Patel, L.C.S.W.	500 Blake Street, New Haven, CT	US
S1-794612982	Lotus Industries Private Limited	12/1, Netaji Subhas Road, Kolkata, Howrah, West Bengal	India
S1-872055628	Maheshwari Boards Private Limited	No.392, Raghavendra Nilaya, 9Th Main, 6Th Cross Avalahalli, Girinagar, B.S.K-3Rd Stage, Bengaluru, Bangalore, Karnataka	India
S1-992938697	Novic Rice Inc	200 Stone Fox Drive, Summerfield, NC	US
S1-647882862	Charisse's Skin Care	40009 Millingport Road, Richfield, NC	US
S1-937510708	Torque Academy Private Limited	Flat No: 07, Sr No: 33/2, Plot No 28 Sanskruti Shilp, Tingare Nagar, Road No:, 14, Pune, Maharashtra	India
S1-557435020	Red Systems Private Limited	Plot No.212B, Road No.10C Mla & Mp Colony, Near Gayatri Hills, Jub, Ilee Hills, Hyderabad, Telangana	India
S1-225398906	Epic Investments (India) Private Limited	P. No. 21B, F No.-4A Maruti Enclave, Natraj Colony, Misrod, Bhopal, Madhya Pradesh	India
S1-8980201	Jain Consultants Private Limited	103 Jai Shree Ganesh Bhuv, Vinayak Nagar Road, Thane, Maharashtra	India
S1-99153387	Eyes Energy Private Limited	Silver Spring Block 2 Flat 10A, 5 J B S Halden Avenue Kolkata, Dhapa, South 24 Parganas, West Bengal	India
S1-266992643	EZ Usa LLC	9506 Clocktower Lane, Columbia, MD	US
S1-874199116	Glyphara Paceline	165 Orchard Street, Ellington, CT	US
S1-231680057	JU Lease	5473 Tr 63, Unit 514, Fostoria, OH	US
S1-883962038	Yelena Heise Prime Chile P.C.	24000 2nd Street, Fairhope, AL	US
S1-426801783	Great Engineering Limited	P. No. 17, Vijay Nagar Kartarpura Phatak Ke Pass, 22- Godam, Jaipur, Rajasthan	India
S1-899539960	Colonial Cascade Assets	Indian Head, MD, 43 Circle Avenue	US
S1-277757991	Paulus Value Hartford	1500 Country Club Road, Unit 8, Georgetown, TX	US
S1-673859004	Juliana Atwater Runway	TX, 492 Country Place, Longview	US
S1-801369908	NM Roman LLC	6909 Woodhaven Place Dr, Louisville, KY	US
S1-945010810	Heritage Coalition	WA, 1427 Joseph Avenue, Spokane	US
S1-809620750	Abigael Doiron Strategic Universal	7033 Starvalley Drive, Charlotte, NC	US
S1-734813720	Guru Infotech Private Limited	First Floor House No 29/23 Ward No 22 Laxmi Garden, Gurgaon, Haryana	India
S1-865162144	Eastern Animal Hospital	17191 192 Road, Laverne, OK	US
S1-151214382	Zhao, Lincoln and Giles LLC	2629 140th Avenue, Douglas County, NE	US
S1-817526653	Al Infrastructure Private Limited	Rajasthan, Dhadha, Bikaner, Ranjeet Kumar Kothari S/O Kanhaiya Lal Kothari Oswal Kothari Mohalla	India
S1-349312223	Red Marketing	286, Kalbadevi Road, Mumbai, Maharashtra	India
S1-274425345	Strategic Vanguard Mustang Inc	215 Rivers Edge, James City County, VA	US
S1-989870518	Jones Polska, LLC	104 Franklin Street, Ithaca, NY	US
S1-166424528	India Orbit Consultancyprivate Private Limited	No.37, Karpagavinayagar Koil Street, Alandur, Chennai-16., Chennai, Tamil Nadu	India
S1-819801999	Golden Industries	E-61 Sector No. 1, Dwarka, New Delhi, Delhi	India
S1-685623451	Smith Express Harbors	13512 800, Jasonville, IN	US
S1-890586336	Innovative Vanguard Suisse	2715 Veltre Place, Atlanta, GA	US
S1-318545131	All Retail Studios	9090 Hunters Creek Street, Highlands Ranch, CO	US
S1-232834669	Monami Brothers Private Limited	Core-3 Scope Complex7 Institutional Area Lodi Road, South Delhi, New Delhi, Delhi	India
S1-835453859	Prime Care Limited	Flat No C5, Jana Jeeva Nest, 29Th C Cross, Balaji Layout, Kaggadasa Pura, Cv Rama, N Nager, Bangalore, Karnataka	India
S1-220052584	One Consultants Private Limited	House No. 33 Guru Hargobind Nagar, Ropar, Rupnagar, Punjab	India
S1-310169291	Varanasi Sciences Ltd	B31/27, Lanka, Varanasi, Uttar Pradesh	India
S1-364407812	Carter Capital Partners	100 Memorial Drive, MN, International Falls	US
S1-549644276	Safe Diagnostic Services	7935 Trinity Circle, Unit UNIT 4NW, Tinley Park, IL	US
S1-878029452	Bierly News Inc.	6954 Jackson Court, Merrillville, IN	US
S1-799688574	Oncology Care Associates LLC	24438 142nd Avenue, Surprise, AZ	US
S1-780650994	Hyderabad Hospitalities Private Limited	Hno.8-3-965/A/1, Fno. 404, Kbr Manicom Residency Srinagar Colony, Hyderabad, Telangana	India
S1-922804984	Guntur Commercial Private Limited	D. No. 4-3-90, 1/2 Ramannapet, Koretipadu, Guntur, Andhra Pradesh	India
S1-873732017	Ideal & Sons Private Limited	226, 4Th Cross, 35Th Main Btm Layout 2Nd Stage, Bangalore, Karnataka	India
S1-838085024	Pacific Trust Corp	1455 Lascassas Pike, Unit B19, Murfreesboro, TN	US
S1-659509457	Silver Power Private Limited	3/12 Podar Building No 2Dr Maisuri Road Samdalar Street Road, Mumbai, Mumbai City, Maharashtra	India
S1-267979856	Shashi Constructions Private Limited	Plot No 4, Mandhar Nagar, 3Rd Street, Tambaram, Kanchipuram, Tamil Nadu	India
S1-36608665	Indore Enterprises Pvt Ltd	F No. G 1 164, Saket Nagar, Indore, Madhya Pradesh	India
S1-569923777	Best Marine Group	Unit 3G, OH, 8000 Flatstar Drive, Sunbury	US
S1-717909897	Carpenter and Hitchcock	450 Little Creek Drive, Delaware, OH	US
S1-877132619	Hiranandani Properties Private Limited	33/1, Netaji Subhash Road, Marshall House, 3Rd Floor, R. No. 309/10, Kolkata, Howrah, West Bengal	India
S1-642961058	Pinnacle Integrated Rent Inc	1073 Mound Street, Cincinnati, OH	US
S1-440609918	Hamilton School of Medicine	1107 3rd Street, San Bernardino, CA	US
S1-642844576	Dermatology Complete Partners, LLC	2631 Greenview Avenue, Chicago, IL	US
S1-789768659	Haubrich and Showalter Corp	1400 Florida Avenue, Unit 509, Washington, DC	US
S1-443977455	Frasca Data LLC	1063 Quilliams Road, Cleveland Heights, OH	US
S1-197879115	Kamakhya Retail	Plat # 176, Lakshmi Vihar, Phase 1, Serilingampally, Hyderabad, Telangana	India
S1-161231844	General Plywood Private Limited	Gala No 3, Shree Krishna Udyog, Veer Hanuman Nagar Kandarpada, Dahisar West, Dahisar East, Mumbai, Maharashtra	India
S1-725086397	Neely Perez, O.D.	6782 Finchdale Court, Florissant, MO	US
S1-481507367	Maxi Ligons Smart Waste Inc	10288 56th Street, Clear Lake, MN	US
S1-370643168	Anand Business Private Limited	No 1773, 15Th Main Road Banashankari 2Nd Stage, Bengaluru, Bangalore, Karnataka	India
S1-47161692	Berri Pierce Capital Beyond LLC	18215 Hinkel Road, Cat Spring, TX	US
S1-424431209	Leda Jessup Epr L.L.C.	1975 B Frontage Road, Tumacacori, AZ	US
S1-133331464	Johnson Painting Inc	2262 Holiday Rd, Unit 101, Coralville, IA	US
S1-864975876	XY Software Pvt. Ltd.	C/O Sarkar Enterprise, Golf Nagar More Opp-Puja Math, Durgapur, Bardhaman, West Bengal	India
S1-43980371	Precision Realty Company	20870 Co Rd Hj, OH, Archbold	US
S1-135383301	Timber LLC	143 Sunnyside Street, Forest City, NC	US
S1-816751500	Unique Food	Plot No 63, Sy No 41, Kavuri Hills, Gb Pet, Shaikpet, Hyderabad, Telangana	India
S1-503884906	Elka K. Sutter, D.C. P.C.	3902 Boyer Ridge Drive, Canal Winchester, OH	US
S1-953247190	Harbor Fitness Inc	9533 River Breeze Lane, Wise County, VA	US
S1-800335868	Mgd College Private Limited	Road No 1, Shed No 247, Gidc Kathwada, Gujarat, Ahmedabad	India
S1-100678463	Niranjana Healthcare Limited	T-5, Subha Residential, Rly New Colony, Visakhapatnam, Vishakhapatnam, Andhra Pradesh	India
S1-470622906	Manipal Seva Samiti	Nazeempura Bhoor, Opp. Hindustan Cold Storage, Bulandshahr, Uttar Pradesh	India
S1-260415409	Beard, Esposito and Iniguez LLC	550 Palm Drive, Unit T9, Wickenburg, AZ	US
S1-555277356	Eilert Blue Aura	10267 Wetherburn Road, Ellicott City, MD	US
S1-514870973	Vollmer Family Office LLC	5104 9th Avenue, Stillwater, OK	US
S1-216921515	New Delhi Hospitals Private Limited	Block- K-/G-22 Saket, New Delhi, South Delhi, Delhi	India
S1-194993435	Indian Foundation Private Limited	9-245/7A, Mdo Office Backstreet Opp Savitha Hospital, Ramanayyapeta, Kakinada, East Godavari, Andhra Pradesh	India
S1-792950260	Dibartolomeo & Mcnulty LLC	72 Roxbury Road, White Hall, WV	US
S1-604978579	TN Iheartmedia LLC	406 Center Street, Danville, IL	US
S1-60928102	Shyam Technology Private Limited	6/1 Pc Industrial Area, Sajjepalya Kamakshipalya, Bangalore North, Bangalore, Karnataka	India
S1-792086668	Eaves Federal	1003 5th Street, Montevideo, MN	US
S1-519376742	Panchal (India) Financial Private Limited	Thane, Mumbai, Maharashtra, Mangesh Ind Estate, Nahur Village Road, Bhandup, 3	India
S1-66998691	Vanguard Electronics Enterprises LLC	OR, Unit Unit 3, 85797 99s, Eugene	US
S1-183198455	Ayala Rain of Des Moines LLC	89 Amisdad Road, Des Moines, NM	US
S1-72999016	Blue Integrated Permian LLC	6834 Canopus Loop, Tucson, AZ	US
S1-461870674	Seven International	C 32 Suryoday Parkgotri Road, Baroda, Vadodara, Gujarat	India
S1-46877983	Behavioral Health Value Associates LLC	38007 49th Avenue, Auburn, WA	US
S1-430450106	Chavez & Livingston LLC	206 Woodmont Drive, Georgetown, TX	US
S1-57608541	Mercury (india) Private Limited	C 101, Chanakya Appartment, Shroff Road Rajkot, Rajkot, Gujarat	India
S1-78816878	Classic Intercontinental	715 Douglas Street, Dallas, OR	US
S1-681596772	Gert Castel Aria PLLC	MN, Lakeville, 18127 Gladstone Trail	US
S1-635171803	Lyra L.L.C.	6 Perkins Road, Barkhamsted, CT	US
S1-895171878	High Consultancy Private Limited	Flat No. 201, Tower No. 5, Valley View Estate, Gurugram, Gurgaon, Haryana	India
S1-842296552	Mathis Highland Staking	VA, Buchanan County, 1950 Greenbrier Road	US
S1-962192944	Barbra's Integrated Logistics	12886 Overland Trail, Bremerton, WA	US
S1-824584219	Modern Cascade Lafayette	1630 Mowry Avenue, Rio Rancho, NM	US
S1-527502248	Aditya Law Chambers	203/A, Shryanand C.H.S Shivaji Ngr, Thane W, Thane, Maharashtra	India
S1-883042748	Gibney, Horst and Leblanc LLC	2924 14th Street, Tacoma, WA	US
S1-841413633	FAM Design Pvt Ltd	Unit 504, Fifth Floor, Flexone, Building Footprint 15C2, Block 15, Road 1C, Zone 1, Gift Sez, Gandhi Nagar, Gujarat	India
S1-194894153	Advance Specialists Pvt Ltd	C-187 Vivek Vihar, Delhi, East Delhi, Delhi	India
S1-51079810	Y+ Automotive Group	42 Hickrey Drive, Evans, WV	US
S1-955008183	Latta Green Comstock P.C.	1665 700, Columbus, IN	US
S1-594569236	Obrien Harbor Phoenix	1545 Templeton Place, Rockville, MD	US
S1-344770232	Foss Secure Chadwick Inc	KS, Louisburg, 206 10th Street	US
S1-430010380	Farrar, Ross & Jones, LLC	23 Center Street, Fredonia, NY, Bldg Right	US
S1-316475058	First Fellowship	741 Main Street, Pennsburg Borough, PA	US
S1-415977829	Om Services Private Limited	Old No 45, New No. 7 5Th Avenue, Harrington Road, Chetpet, Chennai, Tamil Nadu	India
S1-971088957	Richardson & Innes	412 Bennett Street, North Tonawanda, NY	US
S1-432163511	Forge Folks Pvt. Ltd.	Jata Shankar Dosa Road, Mulund, Flat No. 1302, 13Th Floor, Lok Everest Near Fly Over, Maharashtra	India
S1-180246097	Division of Consumer Affairs	TX, Austin, 5212 Dry Wells Road	US
S1-231235126	Ditch Plains Inc	4312 Coburn Drive, Flagstaff, AZ	US
S1-201173263	Choice Semiconductor Concepts	23839 Myrtle Glen Way, California, MD	US
S1-958376649	Digital Prime Projects	Building No. A 2 A 6, Shop No. 3, At Tata Housing Ltd, Palghar, Thane, Maharashtra	India
S1-138408620	BL Strategy Group	A-324 Chattarpur Enclave Phase - Ii, New Delhi, South Delhi, Delhi	India
S1-763958959	Shree Trading Corp	111/222, Ground Floor, Office No-6, Vijay Path, Jaipur, Rajasthan	India
S1-356536754	Jeffries & Perez Waste Inc	KY, 123 Main Street, Burkesville	US
S1-689658626	Tambaram Finance Private Limited	Block 1 Fo 3 Pace Adarsaa, Apts No 168 Velachery, Tambaram, Kanchipuram, Tamil Nadu	India
S1-958804424	AE Consultancy Limited	1A, Dewsidemanorsapartment, 58 Mcnichols Road, Chetpet, Egmore Nungambakkam, Chennai, Tamil Nadu	India
S1-917479913	Sixth Technomarketing Private Limited	Vill+Po- Uchitpur, West Midnapore, C/O Sankar Karan, West Bengal, Sabang	India
S1-792214965	Fortune Healthcare Private Limited	Adoor Tower Central Adoor, Kerala, 17/663(28), 2Nd Floor, Adoor	India
S1-359002455	Kanha Tea Private Limited	P No. 362, Sindh Co Op Hsg Socy, Aundh, Pune City, Pune, Maharashtra	India
S1-184350488	Sarasan India Limited	09133, Block Chestnut, Gh 04 Mahagun Mywoods, Noida, Gautam Buddha Nagar, Uttar Pradesh	India
S1-996413384	Ridhi Enterprises Private Limited	P.No.4 And 4 A, H.No. 8-2-293, Flat 303, Anushka Trendz Building, Road No.14, Banj, Ara Hills, Hyderabad, Telangana	India
S1-764508538	Js Dealtrade (India) Limited	Door.No.6/108.D, Kulathupatti Pirivu, Dindigul, Tamil Nadu	India
S1-503321857	United Clear Kgaa LLC	TX, 15521 Whistling Straits Drive, Austin	US
S1-875066575	Shree Glass Private Limited	N 3 Plot No. 403 Cidco Aurangabad Kettle Garden Road, Aurangabad, Maharashtra	India
S1-417499494	Behavioral Health Patriot Partners	1602 57 Street, Brooklyn, NY	US
S1-866813029	Blue Bag Private Limited	Thane, Maharashtra, Thane, Near Hdfc Bank Sai Nagar Kalwa West, 7/9 Shree Sai Dham Chs Old Mumbai Pune Road	India
S1-269234238	Indian Bright Investments Private Limited	C/O Manoj Kumar Verma, Suryapuri Colony Sarita Vihar, Near Surya Mandir, Kendui, Gaya, Bihar	India
S1-70990763	Nao LLC	8311 13 Avenue, Brooklyn, NY	US
S1-683835491	Gujarat Global Pvt Ltd	E-408, Shipra Krishna Vista 14 Ahinsha Khand, Indrapuram, Ghaziabad, Uttar Pradesh	India
S1-136293822	Shree Investment Private Limited	9/487A, Sudharshan Nagar Sudharshan Theatre Opp, Mannur, Rajampet, Ysr Dist, Kadapa, East Godavari, Andhra Pradesh	India
S1-628242537	Reiter Allied Pelican LLC	604 Knightsbridge Lane, Keller, TX	US
S1-210873698	Bright Book Store Inc.	CT, Torrington, 344 Red Mountain Avenue	US
S1-225346273	HW Construction Ltd	Kingsway International-1 Coronation Road Banda Bahadur Marg, Delhi	India
S1-336849042	Venkata Advisors	Pitashri Industries Rupchand Mhsake B51 Midc Phase3 Nagewadi, Jalna, Maharashtra	India
S1-467737115	Cotton Internet Pvt Ltd	D-1/238, G/F Kh No-25, Gali No-1 Harsh Vihar Nr Dewan Complex, Delhi, East Delhi, Delhi	India
S1-776317308	Karmen Mckee, M.D.	1432 S Fork Drive, Phoenix, AZ	US
S1-528655273	Foot & Ankle Health	4817 Williamsburg Drive, Fort Wayne, IN	US
S1-12777147	Laguardia Pacific Chain LLC	19828 30th Drive, Bothell, WA	US
S1-303946596	Stephine Davis, O.D., P.C.	NC, Chapel Hill, 213 Parkside Circle	US
S1-906757280	Carr Rapid Limited	14 Sheps Point, Dover-foxcroft, ME	US
S1-110561951	Pediatric Dental Certified Clinic Inc	15 D, Unit 1, MA, Bedford	US
S1-887434604	Irene's Homecare	17075 Petersburg Road, Evansville, IN	US
S1-725060823	Life Food Private Limited	Ward No 07 Gautampur, Uttar Pradesh, Lalganj, Pratapgarh, Shitalmau	India
S1-105103197	Cascade Federation	410 Gibson Drive, Huntersville, NC	US
S1-267974255	Black Construction Private Limited	Thoothukudi, Tamil Nadu, Kanna Illam, Periyasamy Nagar Puthu Gramam, Kovilpatti, 126/6D	India
S1-970876847	RK Great Advisors LLC	1981 Bonanza Court, Unit 102, Gilbert, AZ	US
S1-930912518	Mcknight Steers L.L.C.	2429 Trinity Farms Road, Raleigh, NC	US
S1-458120090	Infiniti International School	Hyderabad, Plot No 7 K N Enclave Ramdas Nagar Old Municipal Office Road (, Kapra), Telangana, Hyderabad	India
S1-352206944	Dental Partners LLC	UT, 1330 375, Centerville, Unit F106	US
S1-80104950	Urban Trading Private Limited	167, 3Rd Floor, 7Th Cross, 2Nd Stage 2Nd Block, Bda Layout, Nagarabhavi, Bangalore, Karnataka	India
S1-389408463	Baba Industries Pvt Ltd	6-A/7, Ground Floor, W.E.A Karol Bagh, Near Satya Nagar Bus Stop, New Dedlhi, Central Delhi, Delhi	India
S1-513078913	Pansie Snowden Vanguard Accounting Inc	102 Jera Cove, Brookland, AR	US
S1-143537866	Jay It Limited	421, 4Th Floor, Diamond Industrial Estate Ketki Pada Near Western Highway, Dahisar, (E), Mumbai, Maharashtra	India
S1-273060028	Desire Infrastructure LLP	Sh-8, Oberoi Trade Centre, Plot No 69, B.H Laxmi Ind Est Andheri W, Off New Link Road, Andh, Eri West, Mumbai, Maharashtra	India
S1-775496481	Msm Developers Private Limited	Tower B, 3Rd Floor, Balaji Estate, 8 Guru Ravi Dass Marg, Kalkaji, New Delhi, South Delhi, Delhi	India
S1-558139024	Nd Techventures Private Limited	E-582 Greater Kailash - Ii, New Delhi, Delhi	India
S1-903857485	Sree Power Pvt Ltd	No.59, Balagopalapuram Street, Pollachi, Coimbatore, Tamil Nadu	India
S1-164433887	Dhan Sangh	Darbhanga, Anchal- Balbhadrapur, At- Town/Vill.- Balbhadrapur, Bihar, Darbhanga	India
S1-915264721	Machinists Union Local No 992 LLC	15733 Lundberg Street, Surprise, AZ	US
S1-230724485	Madan Services Pvt Ltd	33A Jawaharlal Nehru Rd, Kolkata, Calcutta, West Bengal	India
S1-994594720	Kamla Nagar Manufacturing Limited	D-525, Kamla Nagar, Agra, Uttar Pradesh	India
S1-248753522	Contreras and Johnson Inc	Delaware, 425 Steeplechase Street, OH	US
S1-384079090	Vega Cascade Wholesale Inc	Surprise, 19829 Echo Rim Drive, AZ	US
S1-152294710	Gangesh Solutions Private Limited	C/O Siddharh Jain, 149, Gopalpuri Agra Road Koil, Aligarh, Uttar Pradesh	India
S1-758830859	Tremblay Family Practice LLC	9627 Procious Maysel Road, Procious, WV	US
S1-240725908	Pediatric Dental Sterling Center LP	24 Oakwood Drive, Hallowell, ME	US
S1-611976677	Sun Red Exports Pvt Ltd	H.No.6-13-1266/2, Gurbabadi Road, Nizamabad, Telangana	India
S1-49940552	Arrah Realtech Private Limited	P.No. 43 Shivganj Bsnl, Building 2Nd Floor, Arrah, Bhojpur, Bihar	India
S1-627028672	Rhs Trading Co	6549, Nehru Gali, Dharampura, Gandhi Nagar, East Delhi, Delhi	India
S1-880324079	Laborers Local Union 489	2133 Waterford Place, Unit APT C, Indianapolis, IN	US
S1-400527614	Kipp Valdez Elite Twelve LLC	10660 Waverly Road, Malcolm, NE	US
S1-500446144	Classic Solutions Private Limited	No.37, 2Nd Cross, Ganesha Temple Street, Near Deepa Nursing Home, Marathahalli, Bangalore, Karnataka	India
S1-188574551	Daggett Galata	2839 Denison Street, Indianapolis, IN	US
S1-899336077	Colunga's Marketing	1575 Base Road, North Vernon, IN	US
S1-325632427	Galaxy Healthcare Private Limited	19 Ring Road Lajpat Nagar-Iv, New Delhi, South Delhi, Delhi	India
S1-291283785	Jain Consultants Pvt Ltd	Pl-C10, Gr Fl Sk Ind Soc-2, Bamroli Road, U.M. Road, Chorasi, Surat, Gujarat	India
S1-177789072	Office of Environmental Protection	150 Columbia Street, Unit Apartment 7D, Hempstead, NY	US
S1-928820726	Narayan and Rogers Shore LLC	Asotin, 1420 4th Street, WA	US
S1-212477032	Ace Tokyo LLC	7916 Briarglen Drive, Elkridge, MD	US
S1-807896724	Anand Krishna Investment Private Limited	Faridabad, F-16, First Floor, Dlf Centre Point Sector-11, Mathura Road, Faridabad, Haryana	India
S1-897222340	Vision Atlantic Physicians Inc	305 11th Street, Unit 505, Ocean City, MD	US
S1-642163341	ONL Cable	761 Appletree Lane, Bartlett, IL	US
S1-396360019	Wadhwanicity Soul Co	1St Fl, Shreeji Shopping, Center, Nr Krishna Colour, Wadhwanicity, Surendra Nagar, Gujarat	India
S1-960035009	Gutierrez Veterinary Clinic	15 Fairfields Lane, Huntington, NY	US
S1-315226528	Apex Logistics Private Limited	Haryana, Anand Nagar Near Kapil Ice Cream, 3327 A/112/1, Rewari	India
S1-685007952	Vagisha Rose Private Limited	1/398, Ruchi Khand I Sharda Nagar, Lucknow, Uttar Pradesh	India
S1-163331652	Jain Projects	Karnataka, 301, Bangalore, Sharath Apartment, K R Layout, 6Th Cross, J P Nagar 6Th Phase Bangalore, Bangalore	India
S1-665522603	Achyut Colonisers Pvt Ltd	House No 4/82 Madanlal Bohara Kapad Market Ichalkaranji, Ichalkaranji, Kolhapur, Maharashtra	India
S1-309896521	Nicon Care Pvt Ltd	Tirupati R/H No-02, Plot No-8, 10 Vrundavan, Nashik, Maharashtra	India
S1-524714741	Tobria Corp	Lueders, 662 6, TX	US
S1-858587900	Ultra Industries Private Limited	In Front Of Ranchore Temple Gindore Jhalrapatan, Jhalawar, Rajasthan	India
S1-59658502	Canara Enterprises Private Limited	F-239, F/F, Laxmi Nagar, East Delhi, Delhi	India
S1-161817450	Redwood	1710 Franwill Avenue, Roanoke City, VA	US
S1-769780905	International Constructions Private Limited	Shop No. 18-19, Mahavir, Tower, Faridi Nagar, Lucknow, Uttar Pradesh	India
S1-860969849	Red Auto Body, LLC	204 Mill Race Drive, Frederick County, VA	US
S1-641531702	Gonzalez, Mcmahan and Hoffman Interprivate	5300 Parkview Drive, OR, Unit #1026, Lake Oswego	US
S1-317462103	Quirky Power Ltd	Flat No. 103, Sumithra Towers, Angol Road, Near Hari Mandir, Belgaum, Karnataka	India
S1-289761483	Star Agricultural Alliance	Sacramento, 5044 Collina Place, CA	US
S1-510456214	Wines Trust Co	Atghara, Chiner Park, Blockb, Unit 317, Rajarhat, North 24 Parganas, West Bengal	India
S1-637150549	Commission on Consumer Affairs	Homewood, 317 Redfern Street, AL	US
S1-112659163	Mindy's Sterling Deli	90 Holly Hill Road, Bryson City, NC	US
S1-80745901	Mariele Grasso Valley Dominion Inc	1656 74 Street, NY, Brooklyn	US
S1-852159793	Pediatric Dental Signature Associates	14032 280th Lane, Duvall, WA	US
S1-478157517	Golden Book Store	5155 Yaquina Bay Road, Lincoln County, OR	US
S1-892155813	Tami Wilson Harmony Inc	1500 Delhi Street, Dubuque, IA	US
S1-715031547	Historical Foundation	803 Main Street, Graham, NC	US
S1-87490736	Modern Aerospace Global LLC	5117 Upton Avenue, Minneapolis, MN	US
S1-126898106	Vision Associates	13363 New Hope Way, Carlyle, IL	US
S1-864388235	Electronic Creative Associates LLC	4742 Deerfield Trail, Springboro, OH	US
S1-461153356	Swastik Management Private Limited	Tamil Nadu, 12-I Cross St., Indira Nagar, Madras., Chennai, Madras.	India
S1-246181941	Dumais Preferred Brc LLC	1861 Vanderpool Rd, Vilas, NC	US
S1-897410493	Hitech Software Private Limited	Cuttack, Cuttack Sadar, C/O- Mukta Manjari Swain, Orissa, Anand Lane, Rajendra Nagar	India
S1-882049042	24/15 Karbon Center	364 Wieuca Road, Atlanta, GA	US
S1-735617206	Keziah Interests Inc	200 Carter Street, Victoria, TX	US
S1-602757300	Belcher Seas of Albany	93 B Shaker Road, Unit Apartment 1A, Albany, NY	US
S1-532958154	Regional Institute II	515 Deerbrook Lane, Belington, WV	US
S1-851138664	Monarch Vertical Inc	2019 Cap Rock Circle, Richardson, TX	US
S1-830910930	Laxmi Projects Private Limited	D417, 3Rd Floor Brigade Sparkel, Vishweshwarnagar Mysore, Mysore, Karnataka	India
S1-568586744	Direct Nutrition Studios LLC	23825 15th Avenue, Unit 423, Bothell, WA	US
S1-373745330	Jaima Brothers Private Limited	Saharanpur, 10Th Kmbehat Road Saharanpur, Uttar Pradesh	India
S1-592283670	Ephraim Tower LLC	9846 Gessner Drive, Keller, TX	US
S1-194938774	Alexis Benson Supreme Cap	505 Oak Street, Unit Apartment 503, Fargo, ND	US
S1-51144239	Century Textiles-Vi Phase	Plot No. 540/6, Sri Jagadguru Towers Flat No. 202, Kphb, Vi Phase, Hyderabad, Telangana	India
S1-343865351	Dynamic Services Limited	10/11, Eswaran Nagar, State Bank Colony Road Gandhi Nagar, Tiruppur, Coimbatore, Tamil Nadu	India
S1-221710113	Prime Dream Constructions Private Limited	Aurangabad, Apt Ne S.T. Hostel, Maharashtra, Kokanwadi Be.Raja Rani	India
S1-200780075	Allied Payment Brands Group	105 Roosevelt Drive, Moro, IL	US
S1-282378972	Green Wears Private Limited	Uttar Pradesh, Indira Nagar, Lucknow, A-331 A-Block, Lucknow	India
S1-53816928	Community Federation LLC	1698 Natures Way, Lindenhurst, IL	US
S1-604061572	Rev It Up Bistro! Care	1115 Walker Place, Unit Apt 1, Jonesboro, AR	US
S1-521938978	Worlds Animal Hospital P.C.	155 Triangle Road, Paoli, IN	US
S1-372910629	Orthopedic Trusted Clinic Inc	223 28th Avenue, Moline, IL	US
S1-465996888	Pediatric Dental Gulf Health PLLC	563 Morgan Avenue, Akron, OH	US
S1-371869408	Foot & Ankle Specialists Corporation	7 Mason, Franklinton, NC	US
S1-74745427	Roberts Fresh Payments LLC	660 Dixon Avenue, Elgin, IL	US
S1-386838554	Lakshmi Technology Private Limited	906 Sukh Sagar Complex, Near Hotel Fortune Landmark, Ashram Road, Usmanpura, Ahmedabad, Gujarat	India
S1-327381147	Oncology Specialists LLC	640 61 Street, Brooklyn, NY	US
S1-401668604	Parbatsar India LLP	Parbatsar, Khasra No. 373 Village Borawar, Rajasthan, Nagaur	India
S1-640815921	Valiant Technologies Private Limited	Newdelhi, Gedore House, 51 52 Nehru Place, Delhi, 5Th Floor, New Delhi	India
S1-253968749	Saikrupa Institute of Technology	Plot No 5, Flat No 7-1-455/243/5, 6 &7, Mahendra Residency, Ameerpet, Hyderabad, Telangana	India
S1-869769391	Residency Road Life Pvt. Ltd.	No.6 & 7, Saint Patrix Complex, 'C' Block Patrick Complex, Residency Road, Bangalore, Karnataka	India
S1-85699366	Sirisoft L.L.C.	345 Boulder Drive, Van Buren, AR	US
S1-625829301	Eye Partners Associates	130 A80 Tank Road, AZ, Wmat	US
S1-839103204	Noida Care Private Limited	Flat No-306, 3Rd Floor, Tower F, Indosam 75 Society, Sector-75, Noida, Gautam Buddha Nagar, Uttar Pradesh	India
S1-991786113	Evangelin Demars, L.C.S.W., PC Inc	8 Windshore Street, Dennis, MA	US
S1-575097552	Dgn Dairy Pvt. Ltd.	Block 1, 6Th Floor, East Wing My Home Hub, Shaikpet, Hyderabad, Telangana	India
S1-721176723	Suchy Blockchain LLC	St Charles, MO, 2756 Mcclay Road	US
S1-131587322	Tesch & Robinson Carolina L.L.C.	1227 Havasupai Lane, Coolidge, AZ	US
S1-233412232	OJP Media Private Limited	S/O Shri Vijay Singh, Manjesh Vihar Colony, Pali Khera, Sonkh Road, Mathura, Uttar Pradesh	India
S1-333922524	Taveras Horizon Biotech LLC	4702 Cr 528A, Rosharon, TX	US
S1-447221603	New Delhi Technologies Pvt. Ltd.	House No. 2059/159 Kh. No. 568/110/18 Ground Floor Ganesh Pura - B, Tri Nagar, New Delhi, Delhi	India
S1-434245344	Future Infrastructure Private Limited	3/15/12/1, Govind Chakla, Salatvado, Visnagar, Mahesana, Gujarat	India
S1-80959708	Dant Mountain Care Inc	6672 Chicago Road, Plattville, IL	US
S1-947578046	Malabar Udyog	G.No. 1185, A1/9B/10B/A11, Flat No. E3-407, Green Gotal Haveli, Haveli, Pune, Maharashtra	India
S1-220251660	Sky Heights (India) Private Limited	Durga Nagar, Durga Nagar, Payakaraopeta, Yellamanchili, 20-34, Vishakhapatnam, Andhra Pradesh, Visakhapatnam	India
S1-14950172	Schwartz and Whitney LLC	6964 Airport Boulevard, Unit 44, Mobile, AL	US
S1-121568150	37/95 Rush	Carpentersville, 37W 888 Binnie Road, IL	US
S1-603422989	East Health Center	2676 231, Cottondale, FL	US
S1-373051371	Bay Golden Obic Group	830 Price Court, Sacramento, CA	US
S1-615864563	Best Apparel Works Care	2986 Fulton Drive, Unit T3, Atlanta, GA	US
S1-567672399	Dental Care, Inc	540 Parsons Road, Pleasanton, TX	US
S1-890993377	Main Street Massage	14446 Woodlawn Avenue, Dolton, IL	US
S1-34271266	Main Street Bistro!	3625 Shadowwood Drive, Sauk Rapids, MN	US
S1-103755710	Athena College Pvt. Ltd.	Adharsh Retreat Tower-1, Bellandur, A 403, Karnataka, Bangalore	India
S1-745990908	Bright Systems Private Limited	11A/1C East Topsia Road, Kolkata, Howrah, West Bengal	India
S1-694979523	Dhanshri Gurukripa Private Limited	C-37 Prasanna Jeevan Socbabhai Eksar Rd Borivli(West), Mumbai, Maharashtra	India
S1-284222022	Industrial Consumer International LLC	1156 Buhrer Avenue, Cleveland, OH	US
S1-570463280	Frontier Dynamic Guardian	755 Badger Lane, Waukee, IA	US
S1-513445074	Happy Cleaning Service Inc	2349 Stafford Terrace, Ottawa, KS	US
S1-649650101	Pioneer Highland Media LLC	KS, Fl 0, 1015 Peterson Avenue, Wichita	US
S1-243967245	Burnside Twp Charter School	129 White Oak Lane, Burnside Twp, PA	US
S1-780675732	Allied Charities	15606 Hwy 188, Sinton, TX	US
S1-144831192	Midwest Health Center	Port Angeles, WA, 2921 Bay Street	US
S1-692520590	Valley Royal Oaktree LLC	7030 Calamo Street, Fairfax County, VA	US
S1-83694344	Cardiology Health of Hamburg Group	153 Chapel Glen Drive, Hamburg, NY	US
S1-23154185	Indian Builders Private Limited	H. No.-475, H Block, Palam Vihar, Gurgaon, Haryana	India
S1-229080901	Straight Edge Hair Studio	1601 Maiden Lane, Unit UNIT, Wenatchee, WA	US
S1-493416847	Chennai-61 Systems Private Limited	4, 32 Streetnanganallur Chennai-61, Chennai-61, Chennai, Tamil Nadu	India
S1-245765558	Upper Yhn	11718 14th Avenue, WA, Burien	US
S1-97693132	Arcos Cardiology LLC	2711 Windwood Drive, Winchester City, VA	US
S1-387689688	Shree Impex Private Limited	56/1Biplabi Rash Beharibose Rd, Kolkata, Calcutta, West Bengal	India
S1-232430169	Chiropractic Specialists	27525 Mechanicsville Road, Mechanicsville, MD	US
S1-513541584	Valley Fund	9612 Wawasee Cove, Fort Wayne, IN	US
S1-738101205	Vigliotti, Sanchez & Harris Inc	14 Fernwood Drive, Fl N, Texarkana, TX	US
S1-26469692	Balderas Biracilik	7454 Sr 113, Berlin Heights, OH	US
S1-648537214	Inside Technologies Private Limited	Gala No-1, Plot No-1231, Kwc, Steel Market, Road Number 14, Nr. Sai Mandir, Kalambol, I, Navi Mumbai, Raigarh, Maharashtra	India
S1-492116916	Updyke Heritage Carolina	8435 Sr 103, Jenera, OH	US
S1-162854474	Regional Ministries LLC	205 Water Street, Woodville, OH	US
S1-772640613	Milligan Patriot Rmg LLC	21205 26400, Portage, UT	US
S1-669968483	Tower Ventures Private Limited	Vgn Ferndale, 440/6, Padma Street, Mogappair, Tiruvallur, Chennai, B1 F1, Tamil Nadu, Ambattur, Tiruvallur	India
S1-643578655	V/Q Cambridge LLC	225 Pennsylvania Avenue, Freeport, NY	US
S1-829387830	Cardinal Inc	15500 18th Avenue, Unit ROOM 17, Lynnwood, WA	US
S1-113586690	Southern Technology Private Limited	A2 3Rd Floor, Sahiti Sumukhi Orbit, Shaikpet, Hyderabad, Telangana	India
S1-870432549	Schubert Tri-State Activate Corp	276 Colgate Avenue, Dayton, OH	US
S1-223567572	Ss International Private Limited	Mumbai City, Maharashtra, Mumbai, S. M. Building, 1St Floor, Office No.25/26 Behind Hinduja College, New Charni Road, 315-C	India
S1-206172785	Cornerstone Hall LLC	108 Franklin Street, Elizabeth, WV	US
S1-91452999	Pediatric Medicine Inc	OH, Cincinnati, 3485 Linwood Avenue	US
S1-462515785	Marino Clear Solarius, LLC	Houston, TX, 11922 Kensington Drive	US
S1-699476681	Sonepat Advertising Private Limited	Santosh C/O Pul Ke Pass Sujan Singh Park, Old Dc Road, Sonepat, Haryana	India
S1-536478855	Vision Properties Private Limited	Mumbai, 1014 & 1015, 10Th Floor, Panchshil Plaza, Gamdevi, Hughes Road, Grant Road (West), Maharashtra, Mumbai	India
S1-139445913	ZO Service	Wz-908A, Ring Road Naraina, New Delhi, Delhi	India
S1-535861252	Krv Traders Private Limited	Andhra Pradesh, Vishakhapatnam, Visakhapatnam, D.No.40-1-16/65 Kasturi Nagar 1	India
S1-458795631	Pierre, Trina C., DO	157 Robinhood Circle, Hendersonville, TN	US
S1-719075124	5-Star	912 Main Street, Unit 215, Chatham, MA	US
S1-661641591	North United Greenland LLC	50 Upland Court, Newark, DE	US
S1-445839799	Culver Ashford LLC	8664 Blue Jay Way, Citrus Heights, CA	US
S1-112478659	Pratik Services Private Limited	564 A-37 Road No 12 Banjarahills, Hyderabad, Telangana	India
S1-609828241	WUG Global Limited	West Bengal, 36 F Tollygunge Circular Roadnew Alipur, Calcutta, Kolkata	India
S1-77427577	Shree Services Private Limited	Plot No.Ia/6, Telangana, Vijayapuri Colony, Hyderabad, Hayathnagar	India
S1-886006159	Globe Foundation Pvt Ltd	Shop No 80 Everest Shopping Centre M G Road Vishnu Road, Dombivli West, Thane, Maharashtra	India
S1-975326396	Philips and Scott Group	806 Woodin Boulevard, Dallas, TX	US
S1-993449064	Burton, Kent and Wise	19761 Chelsea Way, Bloomington, IL	US
S1-35557432	Industrial Traders Corp	Sr No 163/2A, Pune City, Pune, Maharashtra, Plot No -11, Adarsh Colony, Pune(Cb)	India
S1-86469260	Servin Cascade Karbon LLC	4222 Jasmine Cascade Court, Baytown, TX	US
S1-116713978	Value Preferred Taiwan LLC	233 Meadows Of Wildwood Boulevard, MO, Grover	US
S1-632834399	Meredith and Molinari LLC	2904 Hudson Street, Seattle, WA	US
S1-692024966	Division of Consumer Affairs	WI, 318 Cedar Street, Village Of Somerset	US
S1-795126566	Owens Ace Venture Inc	2220 Red Rock Drive, Belton, TX	US
S1-134187026	Cobalt Inc	635 190th Avenue, Gresham, OR	US
S1-397770510	Best Construction Private Limited	Unit No. 280 Plot No. 7 2Nd Floor Manglam Place Vardhman Grand Plaza Rohini Landmark Kal, I Mandir, New Delhi, North West, Delhi	India
S1-645866098	Gangaya India LLP	331 2Nd/F Block-D Tps -2 Plot No 192 193 Sumel Business B/H Ambica Mill Compound, Ahmedabad, Gujarat	India
S1-820015864	Om Vidyalaya Limited	11/380, Kottakunil, Mannur West, Mannur Panchayath, Palakkad, Palakkad, Kerala	India
S1-56778071	KLI Infratech Partners	South Delhi, C-2/20 Safdarjung Development Area, Delhi, New Delhi	India
S1-670125440	Dashrath Consultants	Bhopal, 2Nd Floor, Sanchi Complex, Shivaji Nagar, Madhya Pradesh, S-9, Bhopal	India
S1-57360205	RK Solutions Private Limited	0781/38 1Kheta Ji Ka Jav, Sikar, Rajasthan	India
S1-807273445	Rangareddy Nest Limited	Pt No:139/P, Puppalguda, Rangareddy, Telangana	India
S1-4496889	Kalbadevi Road Home Corporation	Bharat Photo House5, 45, Kalbadevi Road, Mumbai, Maharashtra	India
S1-229974088	Harms, Cooper and Roth	610 3rd Street, Granite Falls, MN	US
S1-611300173	Interstate Fellowship	938 Stafford Road, Mansfield, CT	US
S1-355996183	Tri-State Roman Corp	2211 Kilborne Drive, Unit A, Charlotte, NC	US
S1-151439136	ND Staking Inc	IL, 1890 Governors Lane, Hoffman Estates	US
S1-729552921	Quality Retail Global	6023 Eagle Lake Road, Cromwell, MN	US
S1-495338779	Fortune Business LLP	Office No.5/C 5 Floor Ace, Chambers 4/275A Rani Ghat, Swarup Nagar, Kanpur Nagar, Uttar Pradesh	India
S1-614356237	Ruiz Sachs	Brooklyn, 1946 53 Street, NY	US
S1-517102228	Meenaya Bright Limited	Chennai, B/1 Yamuna Flats 16Th Street Nanganallur, Tamil Nadu, Chennai	India
S1-979457785	Systems Radison Global Private Limited	G-9 Alazim Shopping Center, Near Bhalej Road Bridge Anand, Unreth, Anand, Gujarat	India
S1-790564930	Oconnell Software LLC	727 Pennsylvania Court, Molalla, OR	US
S1-298137402	Hedda Shorter Cea LLC	1507 Pulaski Street, Baltimore, MD	US
S1-838950793	Henderson, Calk & Beachy LLC	Midlothian, Fl Floor 1, TX, 2758 Peaceful Place	US
S1-651974871	Detwiler & Merchant Northwest LLC	889 Wilda Road, Augusta County, VA	US
S1-360220456	Main Street Hair Studio	9220 Pacific Avenue, Unit #24, Tacoma, WA	US
S1-614114367	Lynx Transport	116 Brantley Road, Ahoskie, NC	US
S1-542656746	Adkins Cannabis LLC	1858 Dooridge Drive, Twinsburg, OH	US
S1-23776568	Orthopedic Care	10866 Verbena Lane, Scottsdale, Fl 1, AZ	US
S1-947755637	Madhushree Healthcare Private Limited	North West, Delhi, House No. 44, Floor 1St, Pkt-21, Sec-24 Landmark Near Best Mega Mall, Rohini, Delhi	India
S1-811042356	Sharpe Valuence LLC	3911 Paramount Road, IL, Bartonville	US
S1-554674401	19/19 Private	2011 9th Street, Brownwood, TX	US
S1-623307548	Grh Brothers Private Limited	302, Sarthik-2, Opp Rajpath Club, Sarkhej, Gandhinagar Highway Bodakdev, Ahmadabad City, Ahmedabad, Gujarat	India
S1-338007975	Bright Consultancy Private Limited	R43-No. Iii Rohtak City, Rohtak, Haryana	India
S1-895851855	Aditya Systems Private Limited	462/1, Iiird Floor Lado Sarai, Delhi, South Delhi, Delhi	India
S1-820649363	Gold Systems Limited	25A, Nawab Building, 02Nd Floor, 327 D.N. Road, Opposite Thomas Cook, Fort, Mumbai, Maharashtra	India
S1-852912610	Summit Star Calamos Inc	72 Waverly Avenue, Eastchester, NY	US
S1-810880610	59/13 Bakery Inc.	142 5516, Unit Lot J5, Troy, AL	US
S1-845414358	Rosewood Ventures Limited	129, Tamil Nadu, 1St Floor, Shop No. 3, Pondicherry-Tindivanam Highways, Opp Kfc, Vip Nagar, Pattanur, V, Anur Taluk, Pattanur, Villupuram	India
S1-961274082	Swastik Engineering Private Limited	Flat No: 301, Hyderabad, Udaya Sri Raghurama Nilayam, House No.1/10/23 And 23/1, Street No 3, As, Hok Nagar, Telangana, Hyderabad	India
S1-384902548	Western Technologies Private Limited	No 93, Homadevanahalli, Basanthpur Begur, Hobli, Bangalore, Karnataka	India
S1-254366684	Bombay Star Impex	Tamil Nadu, Muthiahstreet, Vasanthamno.94, Chennai, Teynampet	India
S1-711622019	Tech Denovo Consulting Private Limited	Golden Arrow Apt., Kalina Santacruz East, Maharashtra, 2, Mumbai, Mumbai City	India
S1-827237453	Horizon Currencyshares Partners	1039 6th Avenue, Unit Apartment 2, Troy, NY	US
S1-593876369	Tiia Inc	8702 Carol Avenue, Mesa, AZ	US
S1-736238008	Jordana's National Ventures	28 Fairholm Drive, NY, Gates	US
S1-797191364	Steed Excavation Inc	80 Cane Creek Lane, Dyersburg, TN	US
S1-754846554	Royal Industrial Brands	1 B Mount Arab Lake, Piercefield, NY	US
S1-465186209	Danyette Nugent Granite	394 Pedernales Drive, Smithfield, NC	US
S1-217812821	Aditya Marketing Limited	55, Pillaiyar Kovil Street, Jamin Rayapettah, Chrompet, Tambaram, Kanchipuram, Tamil Nadu	India
S1-613788514	Community Church	400 Dorset Avenue, Virginia Beach City, VA	US
S1-246532015	Marget C. Tully, DO PLLC	432 245, Middlesex, NY	US
S1-627467142	Partida Ridge Grayscale L.L.C.	656 Tradition Trail, Town Of Troy, WI	US
S1-493885142	Pinnacle LLC	181 Hyndman View Drive, Hailey, ID	US
S1-245033337	Golden Cleaning Service	43 Glann Road, Owego, NY	US
S1-181692203	Happy Book Store	1011 Kent Avenue, Catonsville, MD	US
S1-591470003	Trinity Synagogue	1919 313, Unit 409, Jarrell, TX	US
S1-12396529	Piedmont Fund	Rm ROOM 120, ND, Fort Yates, 3000 Mniconju	US
S1-466887517	Vk (India) Brothers Private Limited	24 Kushnagar Society Drive-Inroad, Ahmedabad, Gujarat	India
S1-542594748	White and Geis Rising	606 Shady Oak Court, Terre Haute, IN	US
S1-406704507	Torres Douglas Inc	3404 Rybolt Avenue, Unit APT B, Indianapolis, IN	US
S1-99760146	Bikaner Investments Pvt Ltd	S/O Khiraj Ram, Near Naya, Sahar Parik Chowk, Bikaner, Rajasthan	India
S1-61297481	Kdh Welfare Society Center	Plot No 74, Ground Floor, Shiridinagar Colony, Almasguda, Badangpet, Hyderabad, Rangareddy, Telangana	India
S1-719914380	Harrisonburg City Asset Building Federation LLC	440 Ohio Avenue, Harrisonburg City, VA	US
S1-22388376	Maor Edison LLC	IA, 3104 Locust Court, Sioux City	US
S1-948103166	Cultural Program	3101 Western Avenue, Marion, IN	US
S1-997428071	Alcala Micro LLC	32 Pleasant Hill Drive, Norridgewock, ME	US
S1-289948921	Strategic Retail Ventures	3029 Cr 145, Alvin, TX	US
S1-236192712	Apex Hari Technologies Pvt Ltd	C/O Geetha Yamuna, Flat-2 Dhanasakthi Avenue, Plot-2, Subramani Nagar, Vinayagapuram, Kolathur, Ambattur, Tiruvallur, Tamil Nadu	India
S1-767757634	Federal Electronics Systems, Inc	6633 Wycombe Way, Unit APARTMENT C, Parkville, MD	US
S1-973655194	3720 Lexington Court Owners Corp	12303 Fernwood Drive, Foley, AL	US
S1-315645980	Kelly and Green Biracilik Co	WA, 121 108th Street, Everett	US
S1-407546396	Temple Fellowship	3545 Archwood Drive, Rocky River, OH	US
S1-747473993	Aarvansh Farms Public Limited	Anushri Complex, Nr. Champaner Society, Usmanpura, Ahmedabad, Gujarat, Gf-03, Ahmedabad	India
S1-433392903	Rubio, Lyons and Jeter LLC	AR, Cabot, 5523 Echols Road	US
S1-725678134	Fortune Solutions Private Limited	Devaki Sadan, Muttathil Lane, Kadavanthra P. O., Ernakulam, Kerala	India
S1-373110418	Bombay Modern Business Private Limited	J. S. Kamble H-No. 40, Bharatnagar Pawdewadinaka, Naigaon, Nanded, Maharashtra	India
S1-904862453	Powerful & Sons Ltd	25, Aapka City Plaza Civil Lines, Gurgaon, Haryana	India
S1-594505961	South Software Pvt Ltd	Delhi, New Delhi, Wea Karol Bagh, 8A/38	India
S1-949990438	Golden Bright Construction Limited	Shop M/5M6, Sy No. Z/4/A/2, 4/A/3 4/A/4, Empire State Building, Ring Road, Surat, Gujarat	India
S1-865802235	Peak Asset Services LLC	76 William Street, Tisbury, MA	US
S1-924970744	Avaan Nidhi (India) Pvt Ltd	No. 93, Puttenahalli Main Road, K.R Layout 2Nd 'A' Cross, J.P Nagar 6Th Phase, Bangalore, Karnataka	India
S1-166278119	Lana Stein Compania	373022 960 Road, Castle, OK	US
S1-350743245	Horvath Classic Chain LLC	TX, Dallas, 1920 Mckinney Avenue	US
S1-461852902	Southern Baba Infrastructure Private Limited	Tamil Nadu, 121 Gst Roadchennai, Chennai	India
S1-493136790	Paninet LLC	1807 Greene Street, Unit A, Greenville, NC	US
S1-679430615	Rosene Garafola Valley Bank	5025 Arkansas Avenue, Fl 0, Wichita, KS	US
S1-969331842	Precision Trading Inc	Casper, 2139 Mckinley Street, WY	US
S1-954521040	Shanda Ferguson North	654 Madison Avenue, Los Banos, CA	US
S1-93524098	Yoder Assets LLC	118 D, South Hutchinson, KS	US
S1-838592051	Surat Energy Private Limited	1033-1034 Hari Om Marketring Road, Surat, Gujarat	India
S1-493870199	Harbor Alliance	2 Dartmoor Court, Olney, MD	US
S1-255030352	Mcpherson & Ellis Plutonian LLC	8834 Willow Green Drive, Sandy City, UT	US
S1-471834433	Marjie L. Cain, DDS	14218 Wickersham Lane, Houston, TX	US
S1-280524784	Proman Group of Companies	Cp 13/177 B Kondody, Mancode Po, Chithara, Kollam, Kerala	India
S1-262768143	Cornerstone LLC	250 First Avenue, Unit 1102, Boston, MA	US
S1-199010460	Autism Assistance Charities	275 Cocke Street, Lawrenceburg, TN	US
S1-145699918	Kiran Travels Co	H Near Pole No 45, Pherwan Panna Vill Jharoda Kalan, Najafgarh, New Delhi, West Delhi, Delhi	India
S1-554523563	Alpha Ventures	Rh-82, Shriram Sheshta, Bodipalayam Road, Madukarai Market, Coimbatore South, Coimbatore, Tamil Nadu	India
S1-150533149	Gem Hospital Private Limited	H No. 406, W No. -12, Khanaj Galli, Hatkanangle, Kolhapur, Maharashtra	India
S1-632962511	Springfield Indonesia	48 Barnett Lane, Springfield, KY	US
S1-471904601	Billye Kime Spruce	Maynardville, TN, Unit B, 268 Main Street	US
S1-102055538	Binod Foods Pvt Ltd	Dr S.K. Galwankar Hospital, Bhasker Ali Vasai (West), Thane, Maharashtra	India
S1-811761908	Urban Engineering Limited	Flat No. D-05, 65/1B, Jain Heights Kaikondrahalli, Sarjapur Road, Bangalore, Karnataka	India
S1-519465363	Moczygemba Fresh Brc Corp	21 Annex Street, Unit 1, Berkeley Springs, WV	US
S1-598658348	Silver Enterprises Private Limited	Shop No S-110 1St Floor Express Avenue, Whites Road, Chennai, Tamil Nadu	India
S1-595539584	Human Rights Ministries	633 Sycamore Street, Portsmouth, OH	US
S1-636683018	Corner Barbershop	Chugiak, AK, 21558 Snowflower Loop	US
S1-430061012	Mumbai Healthcare Limited	Unit Nos. 607-610, Acme Plaza Andheri Kurla Road, Opp Sargam Cinema, Andheri East, Mumbai, Mumbai City, Maharashtra	India
S1-84081383	Valencia, Knicely & Prado	WV, 128 River Avenue, Weston	US
S1-326171431	Delhi Erp Ltd	22/30 - B Tf Tilak Nagar, Delhi, West Delhi, Delhi	India
S1-14779833	United Initiative	37 Mackenzie Court, New Castle, DE	US
S1-390988790	KFB Integrated Corp	3218 Pinewood Avenue, Chattanooga, TN	US
S1-385882337	Desert Interests LLC	12288 12th Lane, Bellevue, WA	US
S1-294377060	Indian Wheels Private Limited	No:4 Pandian Palace Veeraperumal Muddali Street, Chennai, Tamil Nadu	India
S1-496179899	WRX Foundation Private Limited	House No. 1999, Sutar Pada, Boisar-E, Boisar, Thane, Maharashtra	India
S1-491062012	Coeus Projects Associates	802, Jagat Trade Centre Frazer Road, Patna, Bihar	India
S1-598861891	2598 Center Street Management LLC	610 Country Farms Road, Tazewell County, VA	US
S1-289087551	Hancox and Wells LLC	1623 Feldbrook Road, Loch Raven, MD	US
S1-794344220	Benson Table Inc	1013 Water Hyssop Loop, Leander, TX	US
S1-410694276	SN Infracon Pvt. Ltd.	Rajasthan, Jalore, Hadetar, Sanchore, C/O. Chhagna Ram	India
S1-875621981	Shyam Projects Private Limited	255, B Wing, Bldg-3, Sharma Estate S V Road, Mina International, Jogeshwari, West, Mumbai, Mumbai City, Maharashtra	India
S1-436367175	Jain Trading Private Limited	102 Rathod House Opp, Apple Heritage Andheri E, Mumbai, Maharashtra	India
S1-575161907	Premier Marketing Laboratories LLC	523 Remington Green Court, Houston, TX	US
S1-659770658	Novel Institute of Technology Private Limited	Meera, L D Ruparel Marg, Malabar Hill, Maharashtra, Mumbai, 15	India
S1-152462469	Solis Best Regency Inc	714 Second Avenue, Esopus, NY	US
S1-793770724	Shyam Ashram Group	Paribibhuti Bhawan, Orissa, Samanta Sahi Near Omfed Booth, Cuttack	India
S1-941099420	Sadanand Hospitalities	A-23, Nagaur, Subhash Nagar, Merta, Rajasthan, Nagaur	India
S1-499792635	International Industries Group Associates	Plot No D-3, 6-D Engineers Colony Manyawas New Sanganer Road, Jaipur, Rajasthan	India
S1-177114494	Fulton Diana LLC	NY, 54 Dusk Drive, New Rochelle	US
S1-188349037	Gutierrez Total Sab Inc	Crookston, MN, 545 Summit Avenue	US
S1-207327233	Beacon Data PC	3604 Doubletree Street, Forest Grove, OR	US
S1-993420075	Whitlock, Allbright and Hamilton Water	42 Orchard Street, Unit 3, Medford, MA	US
S1-625290945	Seven Gold Constructions Private Limited	G.F., Khata No 178 & 115, Khesra No 133, 134 & 135 W.N. No 19, Gopalganj, Bihar	India
S1-222356070	Ina Chit Limited	Maharashtra, Thane, D 284 Vashi Plaza Sector 17 Vashi, Navi Mumbai	India
S1-491411087	Hightech Industries Private Limited	302, Plot B/ 2B, New Satara Chs, Sector- 12, Kharghar, Kharghar, Raigarh, Maharashtra	India
S1-264780168	Howard Express Inc	2920 22, Ashville, AL	US
S1-764237597	International Technology	118, Ansal Bhawan 16, Kasturba Gandhi Marg, New Delhi, Delhi	India
S1-971518439	Lina Gil Islands Inc	2704 Penfield Street, Pasadena, TX	US
S1-137619163	Great Fund	6418 Castle Crags Avenue, Hesperia, CA	US
S1-306301262	Vijay Services Private Limited	5/2, North Nowdapara Road Ariadaha, Kolkata, Kolkata, Howrah, West Bengal	India
S1-889460249	Certified Portfolio LLC	1135 Kingsport Drive, Wheeling, IL	US
S1-697847962	Developers Dalmia Enterprise Pvt Ltd	Amit Height, B/2 Sasanenagar, Hadapsar, Pune, Maharashtra	India
S1-495080582	Dynamic Constructions Private Limited	Shri Barondadevi, Apt Vikasnagari P.P.Road, Virar East, Maharashtra, B-101, Palghar, Thane	India
S1-715793897	Swadhinta Propmart Private Limited	Vasai, Thane, Maharashtra, Valaipada, Gala No. 1 Keshav Chawl	India
S1-846861727	Breen Aria LLC	2225 Pumalo Street, Unit UNIT 111, San Bernardino, CA	US
S1-432964052	Conley Piedmont Antimony Co	4 Crescent Place, Almond, NY	US
S1-568730567	Dev Healthcare Limited	Gujarat, 112, Rajkot, Ff, Shakti Chember 2, N.H. 8A, Tal. & Dist. Morbi, Trajpar	India
S1-348563241	Digital Builders Pvt Ltd	Sperawalbuilding, 428Lamingtonroad, Mumbai, Maharashtra	India
S1-302950915	Phulwari Electricals Private Limited	F.No G-6, Super Market, Fraser Road, Maurya Lok, Phulwari, Patna, Bihar	India
S1-363938591	Prime Summit Security	6615 Lubarrett Way, Mobile, AL	US
S1-403702392	Samarpan Engineering (India) Center	1St Floor, Scf-25, B Block, Main Market, New Amritsar, Amritsar, Punjab	India
S1-787384921	NF Copper Inc.	NY, 605 Cottage Place, Utica	US
S1-252121861	Dorry Mcneil Select Navios	2005 Frankfort Ave, Unit 201, Louisville, KY	US
S1-202117153	First Software Private Limited	Shop No. 16, Hari Heritage Plot No. 17A & 20, Kamothe Navi Mumbai, Mumbai, Mumbai City, Maharashtra	India
S1-15124525	Royal Consultancy Pvt Ltd	Plot No-R-6, Khairthal, Alwar, Rajasthan	India
S1-25778773	Minerals Conclave Private Limited	Prom Add:B-15/B Kalkaji, New Delhi, South Delhi, Delhi	India
S1-567298344	Liberty Committee	941 Driftwood Circle, Thousand Oaks, CA	US
S1-218207987	MAY Steels Corp	B1-1602, County 107, Sector 107, Noida, Gautam Buddha Nagar, Uttar Pradesh	India
S1-928544258	Jai Products Private Limited	Villa No B-268, Amrapali Leisure Valley, Sector Techzone -4, Bishrakh, Gautam Buddha Nagar, Uttar Pradesh	India
S1-883872287	Radiant Udyog Center	Gurgaon, Haryana, Gurugram, Plot No 803 Udyog Vihar Phase 5	India
S1-493425222	North Infotech Limited	Office 628, Gala Empire, Opp. T.V. Tower, Drive In Road, Thaltej, Ahmadabad City, Ahmedabad, Gujarat	India
S1-124219063	DT Solutions Private Limited	Second Floor, Nandanam Building, Chakkaraparambu Vennala, Kochi, Ernakulam, Kerala	India
S1-523439201	Andrews's Systems	36 Old Camp Lane, Greenwich, CT	US
S1-180357952	Candi Stewart, L.C.S.W., P.C.	279 Fillow Street, Norwalk, CT	US
S1-210769444	Pure It Company	No. 662 C.T.H Road, Pattabiram, Chennai, Tamil Nadu	India
S1-368360949	Harbor Center	VT, Newbury, 1598 Swamp Road	US
S1-487451859	All Space LLC	East Haven, CT, 81 Warner Road	US
S1-640616779	IUJ Vinimay Corporation	21, Gayatri Bhavan, Bindupark Society, Subhash Bridge, Keshavnagar, Ahmedabad, Gujarat	India
S1-727055535	Scholarship Fellowship Inc.	AK, Anchorage, 3930 Huffman Road	US
S1-534203490	Trusted Bhav, LLC	3144 5th Street, Southern View, IL	US
S1-92989781	Duval and Roemer Kimco	11 Ivy Drive, Little Rock, AR	US
S1-129308267	Pioneer Dynamic Healthcare Limited	Sr.No.241/3/A Datta Mandir Road Wakad, Pune, Maharashtra	India
S1-387373822	Dermatology Center Inc	24413 38th Avenue Court, Spanaway, WA	US
S1-485884339	Navrang Lab Pvt Ltd	152, Sector-9 Huda, Ambala, Ambala, Haryana	India
S1-839898231	South Health Center Inc	3723 Agnes Avenue, Kansas City, MO	US
S1-953709963	Vision Technologies Limited	C - 278/1/11, Gali No. - 11 C - Block, Bhajanpura, Delhi	India
S1-13671605	Green Energy Private Limited	9/1741, Kailash Nagar Gandhi Nagar, New Delhi, East Delhi, Delhi	India
S1-913520777	North Energy Pvt Ltd	Office/ Shop No. Ff 5, Supar Bazar 1 Nana Kapaya, Mundra, Kachchh, Gujarat	India
S1-3900359	Obsidian, LLC	134 Collingwood Court, Florence, KY	US
S1-387163074	Star Agro Private Limited	Howrah, Paschim Daspara, Kolkata, West Bengal, Baikunthapur Purbasha Complex, Sonarpur	India
S1-192063427	Alliance India Pvt Ltd	4Th Floor, Hicon Heights Plot No 108, 24Th Road, Bandra West, F.No 401/402, Mumbai, Maharashtra, Mumbai City	India
S1-243468828	13 29 Tokyo	3311 Tanterra Circle, Brookeville, MD	US
S1-396408919	Kinley Pediatrics Corp	Laurel, MD, 7903 Orion Circle, Unit 156E	US
S1-903894459	Saint Cathedral	4491 State Street, Lindsey, OH	US
S1-936966173	New Life Emanuel	517 Seminary Street, Princeton, KY	US
S1-546012004	My Power Private Limited	Survey No. 334/1, 335/1 And 86, Vadodara- Halol Road, Dist: Panchmahal, Halol, Panch Mahals, Gujarat	India
S1-688886455	Dental Specialists	Marion, OH, 1468 Wilson Drive	US
S1-390928926	Lyrex Etf	15 Taft Road, Cumberland Hill, RI	US
S1-172157850	Anmol Traders Limited	Ramnik House, Opp. Alfred High School, Rajkot, Ahmedabad, Gujarat	India
S1-749996792	Theodora Walker Clean Laboratories LLC	108 Moon Cradle Lane, Catonsville, MD	US
S1-543927380	Hari Infra Private Limited	C/O Mapanna Laxman Kamble, Mahatma Fule Ngr, Mohan Nagar, Chinchwad, Pune, Maharashtra	India
S1-813604160	Ronna Quade Prairie Devices LLC	328 Jefferson Street, Village Of Spring Green, WI	US
S1-69359366	Black Power Private Limited	10, Plot 378, B Block, Francis Apartment Prof. V.S. Agashe Road, Dadar West, Mumbai, Mumbai City, Maharashtra	India
S1-310634965	Gurukripa Business Private Limited	#3388/6, 1St Floor, Krishvi, Opp. 6Th Cross, Mahalakshmi Layout, Davanagere, Davangere, Karnataka	India
S1-759424145	Projects Ashok Services Pvt. Ltd.	3-100/126, Jayabheri Park, Rj Business Cntr, Kompally, Tirumalagiri, Hyderabad, Telangana	India
S1-618187967	Lamoureux Signs Inc	2711 Kent Road, Tallassee, AL	US
S1-292565290	Laverna Holden Publishing PC	OH, Harrison, 5084 Sandstone Circle	US
S1-494782896	Agro Westwood Food Pvt Ltd	502 A Wing 5Th Road Jay, Vijay Bldg Opp Hindi High, Mumbai, Maharashtra	India
S1-510576930	Christ Zion	WI, 1523 Hillside Court, City Of New Richmond	US
S1-882333179	Urban Services LLP	26B, Balaram Ghosh Street, Kolkata, Kolkata, Howrah, West Bengal	India
S1-223405264	Diia Assets	15558 Melinda Court, Damascus, OR	US
S1-142150793	Troester Outdoor LLC	141 Main Street, Anson, ME	US
S1-232927695	Halcyon LLC	19238 Fields Road, Hounsfield, NY	US
S1-209305723	Precision Automotive LLC	Woodside, 45-13 48 Avenue, NY	US
S1-187213127	Kse Realtors Private Limited	301, Accord Commercial Complex, Goregaon (E), Mumbai, Mumbai City, Maharashtra	India
S1-342379951	Poswal Funds Ltd	Haveli, Vrindavan No2, Pashan, Pune, Pl 18 Sr 36/3/1 Panchwati, Maharashtra	India
S1-619380615	Value Better Water LLC	7805 Kenbridge Road, Windsor Mill, MD	US
S1-407195046	IG Ligand LLC	WA, 18 Pike Street, Auburn	US
S1-587826469	Womens Health Physicians Inc	2344 Larchwood Lane, Billings, MT	US
S1-278845792	Dolinis Pan LLC	1502 Carolina Drive, Fl 1, Columbia, MO	US
S1-350317556	Martinez, Georgia, L.C.S.W.	280 French Road, West Seneca, NY	US
S1-475779833	Kts Industries Group	Cts No.99/4, Plot No.48/4, Erandwane Aishwarya Sadan Co Op Housing Society, Pr, Abhat Road, Pune, Maharashtra	India
S1-82973894	Beaver Grandeur Baner Transport Private Limited	201, Beaver Grandeur Baner, Pune, Maharashtra	India
S1-58555109	Fiva, LLC	388 Miller Avenue, Unit B, Marion City, NC	US
S1-808981986	Sgh & Sons Pvt Ltd	B-166, Tagore Garden Extension Behind Holy Child School, New Delhi, Delhi	India
S1-297628930	Classic Management Private Limited	25/303 Hansa Tower, Central Market Ashok Vihar, Delhi	India
S1-5651659	Links Institute of Technology	404 B, Tirupati Business Center, 22/1 South Tukuganj, Indore, Madhya Pradesh	India
S1-798451786	Heartland Coastal Acp Group	745 King Billings Road, Traphill, NC	US
S1-682305851	Pinnacle Data Services LLC	2941 87th Street, Evergreen Park, IL	US
S1-240028975	Rvi Educational Society	Floor 3, Plot 30-34, Gokuldham Chs, Kika Street, Gulalwadi, Girgaon, 21, Mumbai City, Maharashtra, Mumbai	India
S1-333119185	South Investment Private Limited	7, National Park Lajpat Nagar-4, New Delhi, South Delhi, Delhi	India
S1-820002067	Suryaya Farms Private Limited	Plot No.5, Door No.536, New Door No 1057 Ph Road, Maduravoyal, Chennai, Tamil Nadu	India
S1-502726892	Hester Sherrell, DMD, P.C.	90 Evelyn Drive, Nashville, TN	US
S1-958019551	Lague, Huckabee and Jimenez LLC	13617 James Garfield Street, Manor, TX	US
S1-246531965	B O Lewis Communities, LLC	24 Mattapan Street, Boston, MA	US
S1-397992481	Woodward Charter School	2016 Woodmont Drive, Chesterfield County, VA	US
S1-223784656	Martin Iii LLC	1944 600, Springville, UT	US
S1-532740375	Blue Business Private Limited	Surney No. 221, Anjaiah Estates, Behind Samatha Colony, Shaikpet., Hyderabad, Telangana	India
S1-16659143	The Dent Pub LP	3110 48th Street, Omaha, NE	US
S1-585079733	Perfect Producer Private Limited	D-1604 Bptp Freedom Park Life, Sector-57, Gurgaon, Haryana	India
S1-32092881	New Delhi Projects Private Limited	House No 692 Second Floor Bijwasan Near Sunday Market, New Delhi, South West Delhi, Delhi	India
S1-25011145	Memorial Institute	13116 Norwood Road, Raleigh, NC	US
S1-837721134	Immigration (India) Smart	404, Anandh Haus 4, Urmi Apartamenta, Road, Fatehgunj, E.M.E. Temple Road, Vadodara, Gujarat	India
S1-566268124	Sullivan Terra Inc	Barberton, OH, 721 Ford Avenue	US
S1-740461801	Platinum Consumer Union Inc.	Amarillo, TX, 1411 Arthur Street	US
S1-124230142	Martinez Liberty Cbre LLC	312 New England Avenue, Columbus, OH	US
S1-764814035	Vikash Public School	West Bengal, 2 Oc Ganguly Sarani, Altitude Building, 6Th Floor, Kolkata, Kolkata, Howrah	India
S1-237693773	Fitzgibbon & Mannix Pizza Clinic	410 Sumac Lane, Provo, UT	US
S1-569430215	Swift Dynamics Inc	4919 34th Street, Fort Smith, AR	US
S1-816147000	Management Maa Bricks Limited	Ground Floor Plot No. 79 To 82, Balaji Industrial Vibhag-2, Mangrol, Surat, Gujarat	India
S1-56735595	Chandrakanta Medical Centre	312 Deep Kamal Commercial, Hub, Sarthana Jakatnaka, Choryasi, Surat, Gujarat	India
S1-778610818	Columbus Youth Trust	870 Westbury Lane, Bldg 11, Columbus, OH	US
S1-142286605	Lakshmi Food Corp	Delhi, New Delhi, South Delhi, Second Floor, Between R-245-R-244, Greater Kailash, Part-1, Near Community, Center, H.No.R-273-G	India
S1-948343544	Frontier Council	102 Main Street, Fairbank, IA	US
S1-886327622	Beix Inc.	702 Orly Lane, Wilmington, NC	US
S1-526548812	Sirius	207 Barcroft Drive, York County, VA	US
S1-133193073	Lyndsie Caffrey Australia LLC	10405 45th Avenue, Plymouth, MN	US
S1-657424646	Womens Health Physicians LLC	Hot Springs Village, AR, 32 Fletante Way	US
S1-244632202	Royal Nidhi Corporation	26/418, Ram Kalan Colony Bahadurgarh, Bahadurgarh, Jhajjar, Haryana	India
S1-340889184	National Sunstone LLC	6363 Columbia Road, Dover, OH	US
S1-170995286	Doyle Providence LLC	1609 Mccallie Avenue, Chattanooga, TN	US
S1-764175403	Pawan International	No 5, 3Rd Cross Street, Ganesh Nagar G K Industrial Estate, Alapakkam, Chennai, Kancheepuram, Tamil Nadu	India
S1-801956664	Crystal Retail Networks	8220 Southern Magnolia Circle, Unit 2311, Charlotte, NC	US
S1-347683695	Reliable Talent Associates	IN, Kokomo, 2928 Sharon Drive	US
S1-378308641	Taber Communications	18604 36th Avenue, Unit C, Lynnwood, WA	US
S1-650194985	Olguin Enbridge	7802 Nicaragua Drive, AZ, Tucson	US
S1-698027388	Compass Inc	8415 Autumn Leaf Court, Unit APT A, Indianapolis, IN	US
S1-317731126	Study Services Private Limited	Sector 29, Noida, Noida, 1283, Gautam Buddha Nagar, Uttar Pradesh	India
S1-912273148	Integrated Consumer Enterprises Inc.	Milton-freewater, OR, 253 14th Avenue	US
S1-267812701	Surya Management Limited	Near Rohti Bridge, Patiala Road, Nabha, Nabha, Patiala, Punjab	India
S1-490154990	Sensation Trading Private Limited	Shop No. S-2, 2Nd Floor, Plot No. 12 Sector-10, Mlu, Manish Plaza, Dwarka, New Delhi, West Delhi, Delhi	India
S1-974907844	First Infra Limited	A 4/2 Utkarsh Nagargadital Hadapsar, Pune, Maharashtra	India
S1-109730042	Select Transit Solutions Inc	7918 N Glen Drive, Unit 1029, Irving, TX	US
S1-299661124	Loo Fact, LLC	1861 Gunner Lane, Chapel Hill, TN	US
S1-561603733	Silver Creative Global Corp	726 Madison Avenue, Springfield, OH	US
S1-6713158	Horizon Algonquin Inc	603 Pipe N Tree Dr, Middlesex County, VA	US
S1-646520768	Value News	1327 Encore Lane, Waxhaw, NC	US
S1-295287954	Antony Lead Pvt Ltd	Gala No.02, Building No. A-2, Gr. Floor, Print World Industrial Complex, Survey No. 15/1 Road, Mankoli Vehele, Village Vehele, Bhiwandi, Thane, Bhiwandi, Thane, Maharashtra	India
S1-167132004	Hubbard Emerging PLLC	1109 3rd Street, Gowrie, IA	US
S1-194490413	Custom Financial Corporation	B.No. 5 Akarsh Encleve, Tilhari R2-1028-1 Mandla, Jabalpur, Madhya Pradesh	India
S1-655144131	Sarkar Formulations Corporation	Green Wiew Apartment, Fa/2 Block 3, Sevoke Road, Siliguri, Jalpaiguri, West Bengal	India
S1-629668023	Golden Engineering Private Limited	Maharashtra, Nashik, H No 114 Vg- Vajirkhede, Malegaon	India
S1-665894274	Suven Industries (India) Private Limited	79/87 D Lad Pathkalachowkie, Mumbai, Maharashtra	India
S1-864576591	Bright Construction Limited	1St Floor, Spd Plaza, 52, Jyoti Niwas College Road Koramangala Industrial Layout, Koramanga, La, Bengaluru, Bangalore, Karnataka	India
S1-637013966	Serano and Jean P.C.	80 Fawcett Street, Unit 251, Cambridge, MA	US
S1-401568741	South Investments Private Limited	Flat 5B, Sonartori Complex, Block-2, Hatiara Main Road, North 24 Pgs, North 24 Parganas, West Bengal	India
S1-915112778	Summit Holdings Group	1108 Knott Street, Atlanta, GA	US
S1-709505570	Blake Merger LLC	85-42 251 Street, Bellerose, NY	US
S1-994706943	Elgin Tourism Pvt Ltd	C-3, Ground Floor, Kh. No.515/1, Main Road South Ganesh Nagar, Near Fair Deel Auto, Mobile, Delhi, East Delhi, Delhi	India
S1-618470685	Kingman Valuence LLC	3275 Southern Avenue, Kingman, AZ	US
S1-675765509	Haryana Works Co	Plot No-5, House No-4-2, S23/5, Water Front Enclave, Miyapur, Tirumalagiri, Hyderabad, Telangana	India
S1-48049082	Unified Defense Holdings	OH, Saint Paris, 2661 Idle Road	US
S1-22779225	First Triumph LLC	42 Riviera Drive, Smithtown, NY	US
S1-378487360	Hendrix, Johnson and Gehman Eqv LLC	3753 Rd 166, Cardington, OH	US
S1-830905390	Complete Telecom International Inc	Florence, Unit UNIT 5, 26 Rio Grande Circle, KY	US
S1-785664033	Pattern Lakshmi (India) Private Limited	No: 9-63, Periya Vilai Kattathurai, Kanyakumari, Tamil Nadu	India
S1-368373651	Long National, LLC	Unit Site 234, NY, 43615 12, Alexandria	US
S1-576854427	Lotus Projects Private Limited	771, 34Th Cross, 10Th Main, Jayanagar Iv Block, Bangalore, Iv Block, Bangalore, Karnataka	India
S1-57015612	Valley Fellowship	325 Clore Road, Harker Heights, TX	US
S1-409412137	Bluebay Softsol	1-892/72/11, Matru Chaya, Ganeshnagar Old Jewargi Road Behind Ganesh Nursing Home, Kalaburagi, Gulbarga, Karnataka	India
S1-248067124	Basalt Reserve LLC	KY, 1678 Mcwhorter Road, London	US
S1-841650712	Kadamwadi Road Minds Company	Kolhapur, Plot No 33, E Ward, Shivaraj Colony, Maharashtra, Kadamwadi Road	India
S1-917060480	Route 46 Diner Inc	61665 Kingston Court, South Bend, IN	US
S1-25962770	Whitten Grand Next Inc	3115 Newington Court, Chesterfield County, VA	US
S1-241920419	Vertical Agro Private Limited	26, 14Th Main Judicial Layout, Gkvk Post, Bangalore, Karnataka	India
S1-503348522	Blue Eureka Inc	10 Damon Avenue, Ipswich, MA	US
S1-107116349	Economic Development Foundation LLC	4867 Brush Creek Loop, Little Flock, AR	US
S1-714539778	Jain Investment Limited	D-8/9 G/F, Feroz Shah Kotla Near Indian Express Building Delhi, Delhi, New Delhi, Delhi	India
S1-750836360	Indu Circuits Limited	Suite No 506, Jain Sadguru Capital Park, Shaikpet, Hyderabad, Telangana	India
S1-773038990	Velix	42 Depot Road, Ennis, MT	US
S1-842229121	Gold International Private Limited	C/O Surjeet Singh, Barsi, Jind Road, Jind By Pass, Rohtak, Haryana	India
S1-549921104	Anvil Rock P.C.	21 Broadway Street, City Of Edgerton, WI	US
S1-608341038	Monnett Yhn	106 Main Street, Unit 1, Stoneham, MA	US
S1-572802625	Bharat Builders Private Limited	99/103, Kazi Syed Street, Masjid Bunder, Mumbai, Mumbai City, Maharashtra	India
S1-59921007	Ameline's Catering LP	36 N St Wtn, Watertown, CT	US
S1-915868276	Lower Charter School	36 Jewel Street, Brooklyn, NY	US
S1-121228308	Souffrant Bright Western LLC	120 Marengo Drive, Cary, NC	US
S1-143268259	Ace Supply, Corp	413 Birchwood Drive, Salisbury, MD	US
S1-298904525	Shree Trading Pvt. Ltd.	H. No. 472 W. No. 13, Near Dav School, Kurali, Rupnagar, Punjab	India
S1-500587808	Romack School of Medicine LLC	TN, Elizabethton, 124 Runion Street	US
S1-499887495	Statesville Interstate Jena	851 Tomlin Mill Road, Statesville, NC	US
S1-62476215	Ennet Preferred Venture Inc	31400 Meadow Lane, Davenport, WA	US
S1-567898264	Sai Foundation Pvt Ltd	221/6, Pattaiya Michael, Commercial Complex, Karaikudi, Sivaganga, Tamil Nadu	India
S1-422745699	Bibi Bos Cantor	820 Charles Street, Dekalb, IL	US
S1-266604532	Fresh Barbershop	113 Sawmill Road, Cumberland County, VA	US
S1-85952257	Secure Diagnostic Ventures	10016 Belmont Avenue, Kansas City, MO	US
S1-42364743	Ivett Jean Homecare	2218 Terrace Place, Sioux City, IA	US
S1-591966828	Services Hot Beauty Private Limited	Shiv Shaila Apartmentgeeta Cinema Compound Worli Naka, Mumbai, 302, Maharashtra	India
S1-657165229	Optimal Freight Group	16326 Lairs Run Road, Rockingham County, VA	US
S1-696236384	Mumbai International Co	59/60, Floor-2 Plot-25, Dnyan Building P H Purohit Lane, Cavel 1 X Lane, Ramwadi, Kalbadevi, Road, Mumbai, Mumbai City, Maharashtra	India
S1-922296379	Coastal School of Medicine	1742 Gray Station Sulphur Spgs Road, Jonesborough, TN	US
S1-699037404	Oorja Infra Private Limited	1054 Sobha Amethyst Whitefield Hosakote Main Road, Kannamangala, Bengaluru, Bangalore, Karnataka	India
S1-916882979	Metro Metropolitan Yield L.L.C.	Long Beach, NY, 64 Boyd Street	US
S1-550468591	Finance (India) Infin Private Limited	Haryana, Fatehabad, 1St Floor, Sco 16, Soma Town, Sector-4, Fatehabad	India
S1-593206679	Young and Johnson, LLC	1901 Highland Road, Maryville, TN	US
S1-47606143	Duran Sterling Usa LLC	2928 Sherbrooke Valley Court, Willoughby Hills, OH	US
S1-779462235	Amt Trading Private Limited	Sector No 31 Plot No-7/C, T-32 P-16 A/P Bagalkot, Bagalkot, Karnataka	India
S1-901576924	Jaiswal Solutions (India) Private Limited	H No 5-9-22/35 & 35A, F No 302 Indera Devi Nilayam, Adarsh Nagar, Hyderabad, Telangana	India
S1-994431408	All Industrial Holdings	Dry Branch, 1824 Cabin Creek Road, WV	US
S1-688913434	Az Traders Ltd	104/1, Pratap Nagar Sanganer, Jaipur, Rajasthan	India
S1-761603308	Super Balaji Management Private Limited	Kh.No 702 Village Dehra Near Umri Chauraha, Umri Kalan, Moradabad, Uttar Pradesh	India
S1-905882782	Nielsen Medicines Inc	17968 Royal Oak Court, Unit UNIT 3S, Tinley Park, IL	US
S1-400575910	Patel, Oller & Martin Microelectronics Partners	Brownsville, 3544 Villa Del Rey Boulevard, TX	US
S1-87368432	Garcia Holdings	2 Fawn Ridge Drive, Brookfield, CT	US
S1-573159615	Womens Health Physicians LLC	3349 Ezell Road, Nashville, TN	US
S1-117839360	Srour, Jackson & Salem Inc	1657 17 Mile Road, Riverton, WY	US
S1-882478130	Digital Care Pvt Ltd	0-1305, Floor-13, Plot-104, B, Dosti Elite, Sion Road No. 29, Sion Telephone Exchange Sion E, Mumbai, Mumbai City, Maharashtra	India
S1-413944539	Vision Care of Tucson	2392 Country Club Road, Tucson, AZ	US
S1-76564337	Ct (India) Essence Pvt Ltd	Sector-4E, Sector-9 &11, Delhi Road, Hisar, Haryana	India
S1-191450745	Silver Insurance Studios LP	204 Aarons Path, Beaufort, NC	US
S1-775316424	New Tech Private Limited	Flat No 1511 Gaur City 1 Gc-3 North Avenue, Greater Noida West, Gautam Buddha Nagar, Uttar Pradesh	India
S1-424204072	Reliable Payroll Systems Inc	421 Sage Trail, Springtown, TX	US
S1-773234559	Quality Asset Dynamics Corp	6 Suzanne Circle, Wareham, MA	US
S1-879032286	Lights India	Flat No. C-302, Shri Guru Ganesh Nagar Katraj, Pune, Maharashtra	India
S1-40344979	Gonzalez Program	351 Clear Lake Road, Mckenzie, TN	US
S1-871860158	Clean Wellness Works	IL, 7300 159th Street, Orland Park	US
S1-720014742	Chris Vaidya LLP	42, Shreenathji Aashiyana, Opp. Rto Office, Heduva Hanumat, Mahesana, Gujarat	India
S1-38613222	Cradel Golden Private Limited	12/2, Park Mansion, 57A, Park Street, Kolkata, Kolkata, Howrah, West Bengal	India
S1-166140908	Vega Silverbox LLC	5 Sheboygan Street, City Of Fond Du Lac, WI	US
S1-138844475	Chin Frontier Bioworks	234 Birch Avenue, College Place, WA	US
S1-186236891	AY Edutech Private Limited	23A, Master Mind Iv, Royal Palm, Aarey Colony Mayur Nagar, Goregaon East, Mumbai, Maharashtra	India
S1-234059918	Shakti Galaxy Consultancy	A/13/1 South Side G T Raod Industrieal Area National Highw, Ay, Ghaziabad, Uttar Pradesh	India
S1-52160816	Veer Brothers Private Limited	126, Main Road, Mandawali, Fazalpur, Delhi	India
S1-121807802	Environmental Network LLC	18256 Kirsten Drive, Milford, DE	US
S1-943462873	Fastflow (India) Realtors Pvt. Ltd.	10/174, Kunnathery, Aluva, Ernakulam, Kerala	India
S1-154458112	East Delhi Color Private Limited	Dda Lig Flat 134A, Sec-A, Pkt-2, Kondli, Gharoli, East Delhi, Delhi	India
S1-987776756	Karan Info Limited	Book Code-117, Mali Wada Tal- Sangamner, Dist- Ahmednagar, Ahmednagar, Maharashtra	India
S1-732562452	Space Consultants	Gurgaon, Basai Road, Unit No. 327, Haryana, 3Rd Floor, Suncity Success Tower, Sec-65	India
S1-428393389	Wilson & Juarez LLC	Lubbock, 2703 82nd Street, TX	US
S1-208526266	Mountain Complete Apex P.C.	8803 Blue Lick Rd, Louisville, KY	US
S1-832838118	Health Institute	Worcester, 34 Blaine Avenue, MA	US
S1-672122406	W D & A Eco	3430 Freedom Park Drive, Unit APT 24, North Highlands, CA	US
S1-43740158	Big Ventures Private Limited	# 110, Pantharapalya, Mysore Orad, Bangalore, Karnataka	India
S1-71890763	Beacon Mobility Systems Group	702 2nd Street, Bellwood Borough, PA	US
S1-835099480	Moon Alternative of Augusta County Clinic	1095 Stuarts Draft Highway, Augusta County, VA	US
S1-105493885	Woodland Apartments Peddar Road Logistics Private Limited	5 B-2, Woodland Apartments Peddar Road, Mumbai, Maharashtra	India
S1-6662035	Apex Energy Private Limited	D-83 Okhla Industrial Area, Phase -1, New Delhi, South Delhi, Delhi	India
S1-714132759	Gold Logistics Private Limited	Thane, B-104- Sadguru Apart Central Park Tuling Nalasopara, Maharashtra, Nalasopara	India
S1-163540095	Caritta's Motors LLC	506 El Rio Court, Rio Rancho, NM	US
S1-524731312	Bda Clinic Private Limited	Malang Complex, Shop No. 1 Old Ausa Road Deshpande Colony Latur, Latur, Mumbai City, Maharashtra	India
S1-322167134	Vision Health Partners	1316 B Nm Highway 528, Rio Rancho, NM	US
S1-41253581	My Marketing Private Limited	No.25, Tnhb, Phase-Ii, Tirupattur, Vellore, Tamil Nadu	India
S1-297775425	Copeland Colonial Galaxyedge	2730 Wakefield Pines Drive, Unit 203, Raleigh, NC	US
S1-712329258	Clyyx Auto Center	4841 Point Road, Fauquier County, VA	US
S1-528971520	Mclean and Bateson Tree	1280 Glenmeade Drive, Maryland Heights, MO	US
S1-755759465	International Projects	Flat No. 706, Ghaziabad, Seventh Floor, Eastend Apartments Block-5, Ahinsa Khand-2, Indirapuram, Par, Gana Loni, Ghaziabad, Uttar Pradesh	India
S1-122653992	One Technologies Private Limited	#332, 3Rd Stage, 4Th Block, Basaveshwaranagar, Bangalore, Karnataka	India
S1-645392013	Quality Copley, LLC	83-35 116 Street, Richmond Hill, NY	US
S1-611134190	Dee Services	No.3C, Eldorado Building112 Nungambakkam High Road Chennai, Chennai, Tamil Nadu	India
S1-973664342	Cashion & Duhon Opendoor Inc	1017 Emerald Terrace, City Of Sun Prairie, WI	US
S1-419628840	Hari Enterprises Pvt Ltd	5D/8E, Faridabad, Haryana	India
S1-926774901	Human Rights Foundation III	24307 32nd Avenue Court, Spanaway, WA	US
S1-597118020	Shiv Investment Private Limited	51 2A/2B Indra Gandhi St, Chennai City Corporation, Chennai, Kaverirangan Nagar, Tamil Nadu	India
S1-746608882	Hernandez, Evers and Moore Farms Inc	2025 Eastgate Drive, Unit D, Greenville, NC	US
S1-911807398	Harbor School of Medicine	4851 Mockingbird Court, Unit C, Columbus, OH	US
S1-884477323	Gilley Empire Superior	TN, Monteagle, 10199 Us 41	US
S1-34035620	Swa Holdings Ltd	98, At Post Palashi, Nandurbar, Maharashtra	India
S1-539337898	Aldape Tri-State Plus LLC	425 N Shore Road, Norfolk City, VA	US
S1-741321615	Joanna Fryman, CPA, M.D., P.C.	3133 Coach House Lane, Virginia Beach City, VA	US
S1-173194133	Rms Save Private Limited	Telangana, Plot No 111, Hyderabad, Near Ecil, Sai Priya Colony, Dammaiguda	India
S1-268799671	Children's Program III	1425 Banner Court, Canton, OH	US
S1-155922430	Pelican Centre Private Limited	Plot No G-54 Ground Floor Vardhman Central Mall Lsc, Nehru Vihar Landmark Mother Dairy, Delhi, North Delhi, Delhi	India
S1-334913266	Pinnacle Keystone	295 Radisson Road, Seneca, SC	US
S1-482501720	Heartland Cartesian	1527 Monument Street, Noblesville, IN	US
S1-276911392	New Products Private Limited	S. No. 208/1, Alandi Rd., Rahul Park Behind Abhiraj Bldg., Bhosari, Pune, Pune, Maharashtra	India
S1-553609124	Silver Producer Private Limited	B-10 Basement Ansal Tower, 38 Nehru Place, New Delhi, South Delhi, Delhi	India
S1-908638529	Bharat Shakti Business Private Limited	Kilikollur, Pulliyil, Kerala, Kollam, Puliyathumukku	India
S1-59586570	Advanced Transit Associates Inc	1321 Main Street, Richmond City, VA	US
S1-892077127	Miller and Vick Limited Inc	6111 Jacks Ally Lane, TX, Wallis	US
S1-73696316	Home Management Private Limited	187, Rabindra Sarani 2Nd Floor, Room No-75, Kolkata, Howrah, West Bengal	India
S1-412961091	Alpha Institute of Technology Ltd	8-4-367/178, Vinayakarao Nagarborabanda Santhinagar, Hyderabad, Andhra Pradesh	India
S1-662399764	Roberts Flagstar LLC	762 Emma Lane, Bowling Green, KY	US
S1-273540365	Demko Btc	28 Hillcrest Circle, AL, Oneonta	US
S1-983146108	Selective Constructions Company	Shilp Incubation Centre, Si-M-1048, Unitb, 1St Floor, Gandhi Nagar, Gujarat	India
S1-952731180	Summit Medical Center	106 Francis Street, Waterbury, CT	US
S1-299582374	Green Logistics	D 50Foundry Nagar Agra, Uttar Pradesh, Agra, Uttar Pradesh	India
S1-805726786	Rapid Construction Technologies LLC	317 Kendall Downs Boulevard, Toney, AL	US
S1-443612575	High Engineering Private Limited	Thane, Village Dapoda, Taluka Bhiwandi, Maharashtra, 287, Bhiwandi	India
S1-204390791	Metro Coalition	17211 64, Tyler, TX	US
S1-179155093	New Delhi Dealmark Private Limited	320, B-1, Ijs Palace, Delhi Gate Bazar, Darya Ganj, New Delhi, Central Delhi, Delhi	India
S1-603322951	Painters Union Local No 794	Newton, 904 12th Street Place, IA	US
S1-521538705	Mitchell, Lise, Esq.	6700 2720, Maxwell, TX	US
S1-732613051	Modern Molecular Inc	145 Robin Song Lane, Harvest, AL	US
S1-77380912	North Tirupati Infrastructure Private Limited	101, 1St Floor 14, Lotus Boulevard, Sec 100, Dadri, Gautam Buddha Nagar, Uttar Pradesh	India
S1-943330616	Ray Total Starry	8813 White Avenue, Saint Louis, MO	US
S1-258154687	Harbor Committee V Inc	8796 Walnut Bottom Lane, Frederick, MD	US
S1-132212836	Proffitt Nasdaq	21 Benfield Avenue, Columbus, OH	US
S1-230625934	Shakti Hospitality Limited	C/O Tajinder Singh, 0, Village Satva Bujurg, Shahjahanpur, Uttar Pradesh	India
S1-65220873	Unique Industries Private Limited	No5, 2Nd Floor, Sri Sai Sanantha Anantha, 555, 556 Poonga Nagar, Coimbatore South, Coimbatore, Tamil Nadu	India
S1-499432208	Flint, LLC	139 Post Oak Road, Chapel Hill, NC	US
S1-918058571	Pediatric Partners	11816 435, Adair, OK	US
S1-639406345	Studio 84 Bistro LLC	292 Sumner Street, Boston, MA	US
S1-219754944	Okeefe Artificial	VA, Clarke County, 2833 Bishop Meade Road	US
S1-617303820	Corner Seafood	39237 161st Avenue, Montgomery, MN	US
S1-910597523	Sb Traders Pvt. Ltd.	Ranga Reddy, 113, &114, Janaradhana Hills, Gachibowli, Hyderabad, Telangana, #Plot No 112	India
S1-552910207	Trusted Interstate Chesapeake Inc	311 Washington Avenue, Prescott, AZ	US
S1-594945602	Amar Sangh	Rohtas, Sasaram, Bihar, Ghasi Tola Alamganj, C/O Sri Sagar Sonkar	India
S1-834541494	Tripathi Southern Limited	21 Maitry Avenue Randheja, Gandhinagar, Gandhi Nagar, Gujarat	India
S1-6868392	Mendoza & Ledesma Couture, LLC	Leitchfield, 132 Cherry Lane, KY	US
S1-622099715	Hill Manulife	1526 Cataract Road, IN, Cloverdale	US
S1-827822939	Cesonnet Lodging Inc	542 Buttolph Drive, Middlebury, VT	US
S1-184073162	YU Vision Center Inc.	127 Hollywood Drive, Tuscumbia, AL	US
S1-104263426	Mumbai Innovators Private Limited	Maharashtra, Mumbai City, Tata Nagar, Govandi Opp. Fish Market, A-1, Dharwala, Govandi Stn. Road, Mumbai	India
S1-1888160	Kagal Centre Private Limited	266/1/7/266/1/8, Plot No 09 Pratham Resid, Kagal, Kolhapur, Maharashtra	India
S1-862782345	Glyphify Battery	915 3rd Street, Correctionville, IA	US
S1-148757384	Keystone Delta Suisse, LLC	1319 Colonial Avenue, Cambridge, MD	US
S1-640477898	Divine Premier Horizon LLC	18650 Thompson Peak Parkway, Unit UNIT 1064, Scottsdale, AZ	US
S1-306371850	Williams Construction	2314 Parkland Way, Norman, OK	US
S1-425279618	Bateman, Glover and Larsen Bankshares	10432 Labrador Loop, Prince William County, VA	US
S1-416791664	Root Summit Tungsten	17933 14th Avenue, Lynnwood, WA	US
S1-908467127	Harrison Equity Partners LLC	AR, Prairie Grove, 906 Grant Avenue	US
S1-13225617	Cultural Foundation V LLC	27 Harlament Drive, New Bremen, OH	US
S1-576834750	Elias First Treasury	26554 Panorama Place, Sedro-woolley, WA	US
S1-982365693	VMI Entertainment Ltd	D-370, Ganesh Nagar, Pandav Nagar Complex, New Delhi, Delhi	India
S1-810575390	Walliw Horowitz Empire Associates	473 Northwest Highway, Palatine, IL	US
S1-798274776	Department of Labor	1411 Mckenzie Street, Dallas, TX	US
S1-125814972	Soul Clinic	Sh: 702-3, Pl-93, Surat, Dawa Bazar, Vastadevdi Rd, Surat City, Surat, Gujarat	India
S1-259004139	Mango Interaction (India) Private Limited	2Nd Cross Hb Layout, K, Ushal Nagar, Kg Halli Po, 39, Karnataka, Bangalore, Bangalore North	India
S1-781155829	Namakkal Enterprise Private Limited	No. 264/D1, Kkp Street, A.S.Pettai, Mullai Nagar, Namakkal, Tamil Nadu	India
S1-996696343	Palacios Partnership, LLC	103 Autumn Trail, Michigan City, IN	US
S1-591287973	Vega Green Australia Inc	2601 Princeton Drive, Albuquerque, NM	US
S1-386552629	Swastik International Pvt Ltd	Gurgaon, B-105, Haryana, Gurgaon, Sujjan Vihar Sector-43	India
S1-216248328	Diamond Defense Innovations Inc	1220 Webster Avenue, City Of Omro, WI	US
S1-736897773	Paquette West Inc.	10323 Hogue Road, Evansville, IN	US
S1-87366476	Digital Smart Projects Limited	New Delhi, 103, Delhi, Rectangle 1 D-4, District Centre, Saket, New Delhi	India
S1-498638093	Wilke Kodiak Inc	20345 De Arboles, Queen Creek, AZ	US
S1-862577256	Perfect Constructions Private Limited	Plot No P-79, P-82 Gokul Shirgaon, Kolhapur, Maharashtra	India
S1-427124579	Marketing Ms Cast Private Limited	A-64, Jai Shiv Apartment, C-2, West Enclave, Pitam Pura, Delhi	India
S1-11535729	Yamuora Wood Limited	Haveli, Maharashtra, Plot No 24 Srno 23 Flat, Pune, A-401, Venkatesh Mirabel	India
S1-358792298	Animal Hospital Inc.	1031 500, Boggstown, IN	US
S1-83591583	Collazo Industries	204 Hendersonville Road, Unit 216, Asheville, NC	US
S1-759717157	Green Mortgage	18 4th Street, Unit 202, Cincinnati, OH	US
S1-227518648	Precision Staffing International Inc	609 30th Street, MN, Moorhead	US
S1-325455672	Sterling Royal Peace, LLC	9112 15th Avenue, Seattle, WA	US
S1-740985445	Flory's Jewelers LLC	622 New Prue Road, Sand Springs, OK	US
S1-513440237	Shree It Private Limited	No.89 Thiruvalluvar Street, Jakadhambagai Nagar, Padi, Chennai, Tamil Nadu	India
S1-116270878	Indian Business Pvt Ltd	419, 4Th Floor, Atlanta Estate, Goregaon East, Mumbai, Maharashtra	India
S1-286161113	Holy Israel PLLC	255 Forest Creek Lane, Grand Island, NY	US
S1-684956024	Silver Strategic Rice LLC	1624 Laurelwood Lane, Montgomery, AL	US
S1-231363852	Rhea Rush Pattana, LLC	666 Berkley Road, Gurley, AL	US
S1-91005791	Perea Select Krakacquisition LLC	181 Mchenry Avenue, Crystal Lake, IL	US
S1-523929194	Sterling Inc	69 Lynnway, Lynn, MA	US
S1-943645879	Global Traders Private Limited	81, Murlipura Scheme Road, Jaipur, Rajasthan	India
S1-964907346	Vision Foods	Shop No- 01, Ridhi Siddhi Complex, Ridhi Bldg No-1, Nr. Ration Sho, Vasai Road, Thane, Maharashtra	India
S1-241387316	Vision Solutions Private Limited	No 79, Rajyog Society At Post Khoraj, Gandhinagar, Gandhinagar, Gandhi Nagar, Gujarat	India
S1-78593172	Finance Samrat Solutions Private Limited	Lucknow, Khasra No-2842 Amausi Sarojini Nagar Lucknow, Lucknow, Uttar Pradesh	India
S1-451529700	QD Heritage Muzero LLC	421 Military Street, Hamilton, AL	US
S1-963063068	A Pinnacle Mission Clinic	529 Old Westport Road, Dartmouth, MA	US
S1-211130056	Kimes Dynamic Cadenza	1517 Forest Lakes Avenue, Atlanta, GA	US
S1-606560821	Solora Wave LLC	1129 Cherry Ridge Drive, Sugarcreek, OH	US
S1-978230752	Brg Services Private Limited	Chennai, Tamil Nadu, Old No.39 New No.70 Siva Thottam R.A Puram, Chennai	India
S1-676349283	Howell Aldabra	CA, 3990 Spica Way, Vandenberg Village	US
S1-634931498	Literacy Federation LLC	1861 151st Plaza, Omaha, NE	US
S1-146084088	Northern Learning Center LLC	2540 82nd Court, Lincoln, NE	US
S1-987777280	Jaipur Designers Limited	F1, Plot No. 13, Parth Sarthi Residency Ii, Jaipur, Rajasthan	India
S1-58330875	Shree Producer Private Limited	C/O Sunita Pandurang Kothale Ward No. 1 Near Gram Panchayat At Po Shelubazar, Mangrulpir, Washim, Maharashtra	India
S1-600852426	West Institute	Sy:11 Wework Krishe Emerald Kondapur Main Road, Laxmi Cyber City, Whitefields Serilingampally Mandal, Ranga Reddy, Shaikpet, Hyderabad, Telangana	India
S1-490327760	Kandivali East Ram Co	801, 8Flr F Wing Octacrest, Akruli Road Lokhandwala, Kandivali East, Mumbai, Maharashtra	India
S1-132646577	Quartz Lab LLC	Unit B3, 2300 Old Lawson Creek Road, AK, City And Borough Of Juneau	US
S1-660413512	Bright Ram Industries Limited	Lerha Road, Hathras, Chaman Vihar Colony Hathras, Uttar Pradesh, Uttar Pradesh	India
S1-101123676	Total Asset Brands Inc	3223 Algodon Way, Unit 1060, Phoenix, AZ	US
S1-370663947	Gangavi Consulting Pvt Ltd	3-225/Sh/401, 3Rd Floor, Sterling Heights, Mahendramindspace, Kavuri Hills G B Pet, Phase 2 Road, Shaikpet, Hyderabad, Telangana	India
S1-836615593	Sarkar Marketing LLP	9611/13, Motia Khan Multani Dhanda, Paharganj, New Delhi, East Delhi, Delhi	India
S1-716236697	Shakti Trading Ltd	Aligarh, Pole No 1213, Uttar Pradesh, Katra Street, Aligarh	India
S1-80158072	Premier Printing Global	101 Eden Lane, Duluth, MN	US
S1-795613178	Technology Equation Service Private Limited	Plot No 131, Mumbai City, Maharashtra, Kherwadi, Dayama Marg, Bandra East, Mumbai	India
S1-995934875	Womens Health Group	Unit 106, 807 Eleventh Avenue, Ellensburg, WA	US
S1-67067493	I/P Daedalus	1647 Greene Lake Drive, Xenia, OH	US
S1-52153392	Vile Parle Paradise Pvt Ltd	103, 1St Floor, Ankita Building Cross Of Nehru & Dixit Road, Vile Parle, Mumbai City, Maharashtra	India
S1-550263350	Sun Tech LLP	15Th A Cross, 26Th Main, Sector I Hsr Layout, Bangalore, Karnataka, #2404	India
S1-908558975	Manjira Solution Limited	Vanniar Street, 15/25, Ambattur, Tamil Nadu, Tiruvallur	India
S1-180491074	Silva Runway Inc	1012 Thornhill Drive, Newark, DE	US
S1-275593862	Smith Rocky Championsgate LLC	3 Rose Bud Lane, Nantucket, MA	US
S1-780266880	Holy Methodist Church Center	2122 Butler Drive, Unit 160, Phoenix, AZ	US
S1-834597939	Square Consultancy Private Limited	Sector B Kalunga Industrial Estate Kalunga Rourkela, Sundargarh, Orissa	India
S1-149276409	Coastal Sumitomo PLLC	Rockingham County, VA, 433 Leslie Court	US
S1-213031820	Nupur Global	121, Lake Town, Block-A, North 24 Pgs, North 24 Parganas, West Bengal	India
S1-729712426	Ear Nose & Throat Care of Coos Bay	526 11th Street, Coos Bay, OR	US
S1-154264777	Atlantic College LLC	704 Lander Lane, Clarke County, VA	US
S1-670958334	Gwyneth's Staffing LLC	624 Assembly Place, Dixon, IL	US
S1-921895619	TD Eye	Plot No. 6, Kh No-18/25, Main Rohtak Road Nangloi, Ex -3, Near Lokesh Cinema, Delhi, North Delhi, Delhi	India
S1-658630699	Samarth (India) Logistic LLP	44Th Floor, 4401, Tower C Oberoi Esquire, Cts No.95 4B 3, 95 4B Of Village Dind Cts No 590A A1 Village Pahadi Off W E Highway, Goregaon East, Mumbai, Maharashtra	India
S1-479148347	Meenakshi & Co	Fl-1-B-12 Pimpalpan S G R S.M. Sno-5 Dhayari, Pune, Maharashtra	India
S1-480435928	Golf Educational Society	303, Aashirwad Chgs, Plot No. 104, Patparganj (I.P. Extension, ), Delhi, East Delhi, Delhi	India
S1-302402378	Merilee Luthi, D.C.	6801 Ranch Road 1222, Streeter, TX	US
S1-69882109	Ludwick, Callie, DMD	2461 Coronado Road, Phoenix, AZ	US
S1-701821033	All Creative Communications LLC	4302 Hilton Head Drive, Village Of Hobart, WI	US
S1-272375473	Luna Harbor Kgaa LLC	194 13th Avenue, Unit 3, Columbus, OH	US
S1-790038383	Jai Tech Pvt Ltd	Palghar, Maharashtra, Room No.03 Shree Gajanan Niwas Vasai, Thane	India
S1-707172557	Boleify International	2400 Sierra Boulevard, Unit APT 31, CA, Sacramento	US
S1-378088551	Elite Care Limited	407, 4Th Floor, Sunteck Crest, Mukund Nagar, Andheri Kurla Road Andheri East, Mumbai, Maharashtra	India
S1-398857179	Watson Saul	687 Old Johns River Road, Blowing Rock, NC	US
S1-379895428	North Consulting Private Limited	Kerala, No.14/496, Parayil House, Muppini, Edakkara, Nilambur, Malappuram, Malapuram	India
S1-124373000	Landmark Associates Ltd	Bally Jagachha, West Bengal, 88/9, Mahendra Bhattacharjee Road, Distrct -Howrah, Howrah	India
S1-191362935	Khed Services LLP	A-6 604 Genesis Co, Operative Hsg Soc Ltd, Khed, Pune, Maharashtra	India
S1-739845763	662-663 West Owners Corp	2110 Hayes Avenue, Corvallis, OR	US
S1-167705757	(india) Tanya Solutions Private Limited	40/8080Sha Complex 3Rd Floor Mullassery Canal Road, Ernakulam, Kerala	India
S1-483142183	Perla's Seafood Inc	50 Moody Drive, Eminence, KY	US
S1-903035152	Global Hotels	1520 21st Avenue, Rock Island, IL	US
S1-756718832	Meix L.L.C.	1305 Weston Street, City Of La Crosse, WI	US
S1-802332582	Urgent Care Innovative Associates	701 West Street, Fl 0, Wichita, KS	US
S1-910118748	C 6 Y Precision	103 Nanthala Court, Hertford, NC	US
S1-374177112	Ironclad	820 69th Avenue, Carrington, ND	US
S1-473413685	Dental Health	2901 Atlantic Street, Franklin Park, IL	US
S1-683076080	Premier Innovations Corp	6811 River Berry Way, Knoxville, TN	US
S1-822732234	Deis Inc	257 Samuel Drive, AL, Opp	US
S1-602661660	Lotus Eastern Consultancy LLP	Shop No.6, Opp. M.I.D.C Colony, Alibag, Tal- Alibag, Dist- Raigad, Alibag-1, Raigad, Raigarh, Maharashtra	India
S1-287450912	Maa Solutions Private Limited	Plot No-468, Khata No-274, Ramachandrapur Po-Bankoi, Ps-Bolagarh, Khorda, Khordha, Orissa	India
S1-941436798	Sahiba (India) Housing Limited	Room No. M 5 X 4 2/2 Kamawadi, Dinquarry Road, Panjrapol, Deon, Ar, Mumbai City, Maharashtra, Mumbai	India
S1-905862187	Good Ventures Private Limited	Plot No. Wz-139 C-3 Office No. 205 Second Floor Mahabir Nagar Extn . Bhanu Complex Mahavir Nagar, New Delhi, West Delhi, Delhi	India
S1-349113442	Rajus Construction Private Limited	C/O Pushkar Verma Ambedkar Nagar Malipur Road, Jalalpur, Ambedkar Nagar, Uttar Pradesh	India
S1-573785872	Good Agro Private Limited	Plot No.78, Survey No. 06, Shreeji Nagar, Gandhidham, Kachchh, Gujarat	India
S1-752923411	Jay Care Private Limited	Flat No 102, Nehal Heights Sr No 176/12/1, Dhamalwadi, Pune, Maharashtra	India
S1-958451981	Desert Biotech Group	2597 Jade Road, Golden Valley, AZ	US
S1-48921917	Harding Charter School PC	40 Cummings Road, Unit 4, Boston, MA	US
S1-627230115	Lewis Fashion LLC	30 Ruby Court, Dartmouth, MA	US
S1-616395064	Martinez Safe Corp	176 De Vaca Court, City Of Socorro, TX	US
S1-235494406	Malti Hr Private Limited	1St Floor No.202, 2Nd Main, Kasturi Nagar, Ngef Layout, Bangalore North, Bangalore, Karnataka	India
S1-347263627	Custom Talent Associates	46940 Boe's Dr, Pelican Rapids, MN	US
S1-815427554	Amrit Ventures Pvt. Ltd.	Flat 310 Jagdish Nagar Kako Road, Jehanabad, Bihar	India
S1-293238208	All Constructions Limited	Waterloo Street 1St Floor, Kolkata, Kolkata, West Bengal, Howrah, 9	India
S1-335996196	OZY Reliable Dollar LLC	TX, Waxahachie, 8621 Mary Court	US
S1-534441415	Resoft Audio Installation	6039 Ridgecrest Road, Dallas, TX	US
S1-166041917	Krn Lok Limited	H-95, Siddarth Nagar, Jaipur, Rajasthan	India
S1-300222859	Ace It Pvt Ltd	Fourth Floor, Dda Lig Flats, Kondli, Gharoli Mayur Vihar Phase-3, Delhi, East Delhi, 1165, Delhi	India
S1-534710975	Satguru & Co	Asha Smriti, Lane No 10, Krishna Colony Paramhans Nagar, Paud Road, 5, Pune, Maharashtra	India
S1-894868651	Apex (India) Press Private Limited	No.01, R.C. Marg Vashi Naka, Near Manish Vijay Complex Opp. Islampur, Chembur, Mumbai, Mumbai City, Maharashtra	India
S1-534112735	Behavioral Health Associates Inc	490 State Road, Aquinnah, MA	US
S1-707953035	Emerald Care Private Limited	Survey No.29, Javali Garden Gokul Road, Hubli, Dharwar, Karnataka	India
S1-784039508	Prime & Co Corporation	S-54, Aashiyana Amar Bagh, Kudhi, Jodhpur, Rajasthan	India
S1-397881891	Stutzman Prime Platforms, Inc	1431 Glenstone Avenue, Springfield, MO	US
S1-461388586	Wright Greenfire, LLC	2622 159th Avenue, Goodyear, AZ	US
S1-889219928	Noida Products Pvt Ltd	G-5, Dharampali Palace, Bhoja Market Sector-27, Noida, Gautam Buddha Nagar, Uttar Pradesh	India
S1-862190288	Sterling Marine Laboratories Inc	701 43rd Avenue, Unit #H301, Puyallup, WA	US
S1-133945395	Suryam Services Private Limited	H. No. 1338 Nesari, Tal-Gadhinglaj, Kolhapur, Maharashtra	India
S1-414424604	Ashia C. Meyer, MD	1871 Market Street, Smithfield, NC	US
S1-753963642	Teamsters Local Union 303	8051 Fairfax Road, Fairfax County, VA	US
S1-305240321	30 21 Pharmaceutical	9797 32nd Street, Unit 27, AZ, Yuma	US
S1-297962696	Sree Advisors	Telangana, 325, Secunderabad Andhra Pradesh, Andhra Pradesh, Chenoy Trade Centre, Parklane	India
S1-858074664	Seia Holdings Group, LLC	17 Buckland Lane, Bella Vista, AR	US
S1-804382344	Sai Management Private Limited	F.N-2A, Patna, Phulwari, Vaidehi Apartment, Jagdeo Path, Bihar	India
S1-688339461	Wilie Espitia Fashion Clinic	105 Logan Street, Attica, IN	US
S1-975102767	Premier Consulting Private Limited	2293 Mie, Bahadurgarh, Jhajjar, Haryana	India
S1-813690148	Creative Logistics Private Limited	512 Atma House Ashram Road, Ahmedabad, Gujarat	India
S1-924757726	New Delhi Producer Private Limited	148-A, Delhi, Second Floor, Sarai Jullena New Friends Colony, New Delhi, New Delhi, South Delhi	India
S1-703657788	Oncology Clinic	1739 Labrador Drive, Costa Mesa, CA	US
S1-154197604	East Motor LLC	517 Valley View Trail, Medina, TX	US
S1-948879459	Lucky Institute Private Limited	Fp No. 37/1, Nr. Evergreen Party Plot, Tp 406, Bhadaj, Daskroi, Ahmedabad, Gujarat	India
S1-516821869	Worldwide Finance	Salem, 38/7A1, Salem, Tamil Nadu, K.M.A.Complex, Shop No. F4, 2Nd Floor	India
S1-35501165	Direct Zhejiang	7506 Commerce Lane, Clinton, MD	US
S1-804869465	Federal Auto Repair	772 Frontier Drive, Bunker Hill, WV	US
S1-561670621	Delhi (India) Analytics Private Limited	11324, Vikalp Khand, Gomti Nagar, Lucknow, Uttar Pradesh	India
S1-318904039	Hedi Lowe Atlantic Security LLC	3711 5, Unit Lot 6, Dunkirk, NY	US
S1-555381679	Quintana Hobbs, Ph.D.	2657 Classen Boulevard, Unit APT, Norman, OK	US
S1-141536569	JE Com Pvt. Ltd.	Shop No. 8 1St Floor, Pocket No. B/70, Sector 33, Noida, Gautam Buddha Nagar, Uttar Pradesh	India
S1-554499937	Big Investments Private Limited	Flat No-101, Plot No. B-3, Sector-19/20, Ges Belapur, Thane, Maharashtra	India
S1-352673420	Zhou Anchor Midland	305 1st Avenue, Rockford, IA	US
S1-836065636	Future Finance Private Limited	B/206, Narnarayan Complex, Near Swastik Char Rasta, Navrangpura, Ahmedabad, Gujarat	India
S1-147228858	MJ Pineapple Inc	9620 Utica Place, Upper Marlboro, MD	US
S1-129328793	Alpha Infrastructure Private Limited	G / 5Industrial Estate Gorwa, Baroda, Anand, Gujarat	India
S1-701437529	Division of Veterans Affairs	1500 Keelen Drive, Fl 0, Saint Louis, MO	US
S1-983072549	Glover Resources	3605 Lake Shore Drive, Wonder Lake, IL	US
S1-285517585	Hazoor Brothers Pvt. Ltd.	Ward No. 177 Khavo Ka Mohalla, Guda Vishnoiyan Th. Luni, Luni, Jodhpur, Rajasthan	India
S1-665712465	New Delhi Real Private Limited	Altf Okhla 101, Room No. Mr-1, Plot No. 101, Mathura Road, Okhla, New Delhi, South Delhi, Delhi	India
S1-277528618	Latectech Valley LLC	TN, Greeneville, 402 Mt Bethel Road, Unit 15	US
S1-319968189	Confirm Planner LLP	Villa No. 94, Meenakshi Bamboos, Gachibowli, Hyderabad, Telangana	India
S1-706857480	MVZ Affiliated LLC	KY, 1211 Heatherbourne Drive, La Grange	US
S1-205539520	B 2 D Nexus LLC	9166 Madison Greens Lane, Unit 55, Orangevale, CA	US
S1-195256432	Meenu Doorstep Private Limited	Gurgaon, 1601, Gurgaon, Haryana, Tower-4, Unitech Harmony, Sector-50, Gurgaon	India
S1-610164122	Feathers Care Pvt Ltd	402 Raj Vaibhav B Wing, Plot 237 H No 1237, Thane, Maharashtra	India
S1-800970626	Viex Signature Mortgage	3855 Kipling Drive, Owensboro, KY	US
S1-247484796	Metropolitan South Clinic	900 Westgate Avenue, Fl 0, Saint Louis, MO	US
S1-103378800	Lakshmi Business Limited	Maharashtra, Mumbai, Blgd No. D 2, Room No. 16, 1St Floor, S.S. Nagar, G.T.B. Nagar, Mumbai City	India
S1-691598728	Paramjeet Services Private Limited	F-86, Sector-8, Noida, Gautam Buddha Nagar, Uttar Pradesh	India
S1-64678112	Hitech Classic Services LLP	1209, Sector D Sudama Nagar, Indore, Madhya Pradesh	India
S1-300185095	Total Mobility Laboratories LLC	4700 Tabor Valley Road, Manhattan, KS	US
S1-470537359	Aryan Lifesciences Pvt Ltd	Flat No. 56, Banu Apartments, Moledina Road, Camp, Pune, Maharashtra	India
S1-697179780	Stardom Agro Ltd	Plot No.6, Street No.2, Tigri West Greater Noida, Noida, Gautam Buddha Nagar, Uttar Pradesh	India
S1-15794863	Karita Watson, MD	4418 Kirk Manor Court, Fresno, TX	US
S1-181021056	Ashley Excavation LLC	12415 Desmet Avenue, Unit 35, Spokane Valley, WA	US
S1-636413991	Supreme Impex Pvt Ltd	Aropur, Nisarpura Naubatpur, Patna Sadar, Patna, Bihar	India
S1-873597824	Garner Trusted Culture Inc	150 Elm Street, Southbridge, MA	US
S1-809526672	Shotwell, Amalie, L.C.S.W. Inc.	311 Neilson Road, Cherry Valley, NY	US
S1-707497230	Shiva Software	502, Peninsula Heights, Juhu Lane, Nr Bmw Showroom Cts No. 557 1/2/3, Andher, I (West), Mumbai, Mumbai City, Maharashtra	India
S1-68973368	Kesoft Holding Company LLC	160 Hall Street, Clay, KY	US
S1-844360200	Roopva Chemicals Ltd	C/O Ram Saran Adhirajpur Naraicha, Fatehpur, Uttar Pradesh	India
S1-3447780	Linkpoint Trails Pvt Ltd	Building No 525 Kanjoor P O, Kalady, Ernakulam, Kerala	India
S1-817807736	Bessette Ncr LLC	3211 Millstone Court, Maumee, OH	US
S1-634766847	Continental Net LLC	Green Bank, 3419 Fork Loop, WV	US
S1-419303558	Pune Advertising Corporation	Pune, Maharashtra, Shed No 11, Pune, Tirupati Industrial Estate, Gut No 105, Pirangut, Taluka Mulshi	India
S1-873241405	Jones's Signature Accounting LLC	53 Willie Green Road, London, KY	US
S1-830837393	Consolidated Security Alliance LLC	287 Clayton Road, Unit 1, Sheffield, MA	US
S1-447235423	Sun Tech Private Limited	Office No.1104, Raigarh, Maharashtra, 11Th Floor, The Pacific, Plot No.229 Sector 13, Kharghar, Navi Mumbai, Panvel	India
S1-648812556	Big It Limited	No.Pp5/255, 256, 257, 258, Thrippanachi Po, Pulppatta, Ernad, Malappuram, Malapuram, Kerala	India
S1-726211428	Elite Creative Worldwide Inc.	22010 Meadowvale Road, Elk River, MN	US
S1-795172974	Raj Polytechnic Ltd	2-2-18/18/4/6, Indraprasthcolony Bagh Amberpet, Hyderabad, Telangana	India
S1-369333848	Thomas Corporate	210 Singing Sumac Way, San Marcos, TX	US
S1-631305815	Dev Charitable Trust	Gujarat, Rajkot, Morbi, Parishram 2 Appartment, Flat 501, 5Th Floor, Uma Township	India
S1-417492147	Future Industries Private Limited	2Nd Floor, Sector 14, Part- 2, Karnal, Haryana, H.No. 171	India
S1-839960503	Modern Industries Private Limited	18, Saraswati Enclave, Delhi Road, Hapur, Ghaziabad, Uttar Pradesh	India
S1-425980563	Digital Estate Private Limited	R No.2 L K Pawashe Chawl Pawashe Nagar Kopar Road Kopargaon, Kalyan, Thane, Maharashtra	India
S1-532124517	Keystone Midwest Insight	5502 Madeline Drive, Wilmington, NC	US
S1-372742421	Asset Polytechnic	C/O Sangam Motel Pvt Ltd, Kavalettu, Ranebennur, Ranebennur, Haveri, Karnataka	India
S1-264542254	Kolkata Agro Ltd	Unit No 601, 6Th Floor, Krishna Building 224, A.J.C Bose Road, Kolkata, Howrah, West Bengal	India
S1-755232237	Chiropractic Center LLC	58 Annex Drive, Inwood, WV	US
S1-484567406	Flores Assets PC	507 Sawyer Road, Hays, NC	US
S1-284603137	Bangalore South Srinivasa Private Limited	No 62-135, 9, 1St Block, T Mariyappa Road, Bangalore South, Bangalore, Karnataka	India
S1-879789469	Red Ice Cream Inc	5305 Saphire Court, Prince William County, VA	US
S1-219027493	Modern Springs Private Limited	Plot No E-530 F/F Sector7, Palam Extn, Dwarka, Delhi, South West Delhi, Delhi	India
S1-152648623	Bharat Hotel Trading Private Limited	Q-307, Jalvayu Vihar Sector 21, Noida, Gautam Buddha Nagar, Uttar Pradesh	India
S1-369383841	Arts Project	ME, 25 Post Office Road, New Sharon	US
S1-864629383	Lawrence Alliance	2173 Alldredge Road, Blountsville, AL	US
S1-931763000	Mercado Assets LLC	Newkirk, 508 9th Street, OK	US
S1-945673787	Msquare Management (India) Corp	Daraa Tower, Pazhaya Road, Thiruvananthapuram, Thiruvananthapuram, Trivandrum, Kerala	India
S1-634025988	Ocean & Associates	S.No.214/220/221 Bldg A9, Flat No.603 Kumar Park Infinia, Bhekrainagar, Fursungi, Pune, Maharashtra	India
S1-253407534	Prisha Capital Limited	Ashok Nagar Rajgir, Rajgir, Nalanda, Bihar	India
S1-775598144	Housing Fellowship	1664 8 1/2 Avenue, Fort Dodge, IA	US
S1-109284685	Goodall Dynamic Railway	53294 Frazier Creek Road, Talihina, OK	US
S1-258345205	Megabuild & Associates	Mumbai, Mumbai City, Maharashtra, 205, 2Nd Floor, Abhinav Apartment B Wing, Shraddhanand Road, Vile Parle Ea, St	India
S1-952931408	Regional Medical Center	105 Hazel Street, Marshall, AR	US
S1-106789144	King, Perez and Marin Companies LLC	8028 16th Avenue, Seattle, WA	US
S1-628650029	Mudgal Leasing Private Limited	F-306, Shiva Apartment, Nagarbhavi Village, Bangalore North, Bangalore, Karnataka	India
S1-912511504	Dermatology Physicians of Holly Ridge LP	184 Tar Landing Road, Holly Ridge, NC	US
S1-182401884	New Services Limited	74, Karuppannan Road, Coimbatore South, Coimbatore, Tamil Nadu	India
S1-268677587	Carroll's Harbor Occupational Therapy LLC	455 Recker Road, Unit 1080, Gilbert, AZ	US
S1-876777849	Jerome, Sams and Smith Inc	16430 Sinaloa Drive, Houston, TX	US
S1-675758719	Bureau It Limited	Chennai, Elumalai Street Ayanavaram, Tamil Nadu, Chennai, No.47	India
S1-753136844	Shepard, Clarisse, M.D.	867 Cable Creek Road, Asheboro, NC	US
S1-978441720	2594 Seventh Avenue Company	2319 Forest Flower Way, Tomball, TX	US
S1-482228911	Chittorgarh Clinics Pvt Ltd	24, Padmini Nagar, Chittorgarh, Rajasthan	India
S1-805505871	Rocky Association	MA, Auburn, 12 Goulding Drive	US
S1-959177398	Peak Liberty Hyperliquid	1125 River Place Boulevard, City Of Waukesha, WI	US
S1-945161667	Chiropractic Ace Clinic Inc	97 Mahogany Hill Way, Draper City (sl Co), UT	US
S1-814664790	Zamora Express Private Inc	TN, 27 Rivers Run Boulevard, Oak Ridge	US
S1-44102800	Internal Medicine Coastal Care Associates	16617 Taunton Vale Rd, Louisville, KY	US
S1-403767331	Prairie Ventures Company	3712 Frew Road, Unit G, Charlotte, NC	US
S1-263533910	Hb Solutions Private Limited	Janta Market, Shop No, 22-23, Sector 18, Behind Hotel Surya, New Panvel, Thane, Maharashtra	India
S1-796677052	Blue Committee	LA, 3911 Prescott Road, Baton Rouge City	US
S1-392788634	Solutions Gauri Trends LLP	7-1-29, Flat No.201, United Avenuenorthend Apt, Secunderabad, Hyderabad, Telangana	India
S1-335933340	One Products Limited	A - 701, Raj Tower, Lokhandwala Township, Kandivali (E), Mumbai, Maharashtra	India
S1-812699175	Micki Guzman Select Kochav	154 500, Duchesne, UT	US
S1-157812690	Sunrise Global Private Limited	Mani Casadona, New Town, Action Area Iif/04, Street No. 372, 3Rd Floor, Unit No. 3Ws1, North 24 Parganas, West Bengal	India
S1-607636575	Watson Valley Babcock	15919 Lost Anchor Way Lane, Houston, TX	US
S1-58717192	Ernakulam Integrated (India) Private Limited	C/O Gajendra Nath Singh Jaunpur Janewara Fatehganj Up, Fatehganj, Jaunpur, Uttar Pradesh	India
S1-110084257	Surya Tech Private Limited	Shop No 409, Building Samarth Vaibhav Off New Link Road, Oshiwara, Andheri Wes, T, Mumbai, Mumbai City, Maharashtra	India
S1-401900233	Wolk & Neumann Origin P.C.	TX, Coppell, 647 Quail Lane	US
S1-51459469	Gibbons, Mohr and Reeder Banco Group	6209 Bernard Avenue, Fairfax County, VA	US
S1-237250517	Eye Supreme Care	107 Front Street, Glen Ferris, WV	US
S1-946656026	Black Media Pvt Ltd	D.No. 10-7-5/2, Srinivasa Nagar, Brodipeta, Revenue Ward No.5, Palakol(Mdl), West Godavari, Andhra Pradesh	India
S1-478149518	Vision Infra Private Limited	C/O Mangesh Kisan Bhaskar H. No. 1434 Anandwadi Warulwadi Narayangaon, Junnar, Pune, Maharashtra	India
S1-221881568	Mountain King Inc	Fl 0, Grants Pass, OR, 3034 Riverbanks Road	US
S1-881702599	Gold It Private Limited	No: 2E, Sriraman Nagar, Ist Street Vignarajapuram, Vengaivasal, Chennai, Tamil Nadu	India
S1-876500990	Candis's Apex Tire Shop	TX, Spring, 17215 Vintage Wood Lane	US
S1-39005464	Fortune Services LLP	Harshad Hotel, B. No. 16/1, Murshedpur, Ahmednagar, Jamkhed Road, Ashti, Beed, Bid, Maharashtra	India
S1-750941093	Camille R. Hart, D.O., P.C.	CA, 10342 Balsam Avenue, Hesperia	US
S1-920988860	Reichenbach Management Corp	1128 Detroit Avenue, Portland, IN	US
S1-694609544	Noor Projects	Flat No. D/507 Vardhaman Township S No. 44A Sasane Nagar Hadapsar, Pune, Maharashtra	India
S1-860223048	United Invest LLC	TX, Houston, 7838 Tavern Street	US
S1-952076480	Kolkata Critical Private Limited	97A Southeren Avenue, Kolkata, Calcutta, West Bengal	India
S1-210770518	City Jay Estate Private Limited	G 1523 Brigade El Dorado, Huvinayakanahalli, Banglorenorth, Bangalore, Karnataka	India
S1-25117546	Ravin Bharani Ltd	A-201, Shree Sai Tapovan Chs Ltd Bhd Swastik Nagar, Bhaindar East, Bhaindar, Thane, Maharashtra	India
S1-409867778	Vijay Jobs Co	Dp-5A-Sidco Industrial Estate Thirumazhisai, Chennai, Kancheepuram, Tamil Nadu	India
S1-816914007	Nice College	Shashinag Complex, P.Ghlakatti Road(770 Ling Road) Bijapur, Bijapur, Karnataka	India
S1-602432407	Dharohar Consultants Private Limited	124 Padule Nivash, Indapur Kalthan No.2, Indapur, Pune, Maharashtra	India
S1-766683728	Eulalie's Roofing	5535 Desert Hills Drive, Cave Creek, AZ	US
S1-646681688	Phillie Morey Managers Inc	1534 Marys Peak Road, Lincoln County, OR	US
S1-119810601	Cornerstone Elite Tbk Clinic	8429 4th Avenue, Birmingham, AL	US
S1-512668849	Rodriguez, Richardson & Trujillo LLC	IA, Iowa City, 240 Paddock Cir	US
S1-369070037	J 7 A Oneim, Inc	2380 Apache Lane, Quinlan, TX	US
S1-129866540	Family Physicians PLLC	Unit Suite 3, 140 Main Street, Farmington, ME	US
S1-248925388	Unique Ventures Private Limited	A 6 Senvilla 30 Thirumoortylayout R S Puram, Coimbatore, Tamil Nadu	India
S1-448731948	Sowell Cosmetics	1206 I Street, CA, Ontario	US
S1-148770821	Marketing Sunlight Resorts Private Limited	Flat No. 59, Harmony Apartments, Sector- 4 Pocket- 1, Dwarka, Delhi, West Delhi, Delhi	India
S1-158596193	Urology Specialists LLC	2752 University Avenue, Unit 18, Morgantown, WV	US
S1-719950729	Thiruvananthapuram Jewels Private Limited	Zigma, Sivaram Gardens Kodunganoor P O, Thiruvananthapuram, Trivandrum, Kerala	India
S1-554088641	Services Ten Agro Limited	Unit No. 202 & 203, Sneh Signature, Tulsidham Gidc Road, Vadodara, Gujarat	India
S1-935508440	HRT Studios Private Limited	B-702, Plot No.-16, Vasundhara Apartment, New Delhi, South West Delhi, Delhi	India
S1-271759853	Helms, Gwennie, DDS, M.D., P.C.	Skippack Township, 4381 Meadowridge Lane, PA	US
S1-662102938	Surgical Health LLC	7033 Valhalla Road, Fort Worth, TX	US
S1-579391335	Emerick Saul LLC	3307 Vega Street, Houston, TX	US
S1-15565249	Summit Holding Company	1868 25th Street, Redmond, OR	US
S1-241770257	Smith Empire Public L.L.C.	133 Belmont Street, Akron, OH	US
S1-583855382	Nunez Mortgage	3325 Pebble Beach Drive, Unit Apt 11, Conway, AR	US
S1-102206337	Great Ventures	1903 Harbor Lights Drive, Dallas, TX	US
S1-755211827	Shree Public School	Ck 8/84, Garwashi, Tola Varanasi, Varanasi, Uttar Pradesh	India
S1-970326130	Blue Indo Enterprises	C/O Rajendra Kumar Jain, Ward No. 16, Gayatri Nagar, Sagar, Madhya Pradesh	India
S1-136418117	Housing Guild II	3003 Pecan Ridge Drive, Sugar Land, TX	US
S1-587863526	Mks Solutions Clinic	912, Venus Atlantis, Anand, Nagar Main Road, Prahalad, Ahmadabad City, Ahmedabad, Gujarat	India
S1-973771616	Platinum Fresh Barclays	445 200, Springville, UT	US
S1-3528500	Owens Piedmont Eagle	543 Main Street, Unit Apartment 200, New Rochelle, NY	US
S1-826562891	Graphic Consultants Private Limited	Surya-Arcade, Commercial Complexopp.Shivajiground, Miraj, Mumbai, Maharashtra	India
S1-621689741	Forum Solutions Pvt. Ltd.	Plot No. 2, 3 & 4 Office No. 537 Sec-19A Bombay Oil Seeds, Mumbai, Mumbai City, Maharashtra	India
S1-458265435	DS Engineering	804 Stavan Anitra Nr, Gujarat, Ahmedabad, Suvidhashopping Nutan Soc, Ahmadabad City	India
S1-332535960	Clean Automation Networks	10200 Freeman Road, Elk Grove, CA	US
S1-306838137	Historical Fund Inc	30 Norfolk Drive, Hempstead, NY	US
S1-282354554	Mills Frontier Elite LLC	Unit 6, MA, 51 Myrtle Street, Malden	US
S1-364895142	C+ Egh Inc	8105 93rd Street, Unit APARTMENT  520, Tulsa, OK	US
S1-832798143	Vilma Alharbi Supreme Medical LLC	213 3rd Street, Desoto, MO	US
S1-359743105	Advance & Associates	A-109 A Ram Ganga Vihar, Phase-1 Near Stadium, Moradabad, Uttar Pradesh	India
S1-244092029	All Management Limited	2Nd Floor, Shalimar Talkies Compound, Bharuch, Gujarat	India
S1-811149869	Indo Global Private Limited	C/O Ravindra Gaikwad Off No 101 Flr1Landmark Bld Cts No Nana Peth, Pune, Maharashtra	India
S1-50730216	Laxmi Anand Hospitality Private Limited	Pn-1401561., Ward No-3, Shiv Vihar Colony, R.N-06, Phulwari, Patna, Bihar	India
S1-320217303	Patterson, Raquela, P.A.	2201 Evelyn Avenue, Memphis, TN	US
S1-116656991	Southern Management Private Limited	Delhi, C-145, East Delhi, Delhi, New Ashok Nagar	India
S1-141017493	Kritin Tulsi Pvt. Ltd.	House No 77, Mucheth House, V C Ahammadunni Road, Paravur, Ernakulam, Kerala	India
S1-900565872	Sammy G. Case, D.O.	5 Rita Street, Dayton, OH	US
S1-998941107	US Madison PLLC	106 17th Street, Oak Island, NC	US
S1-528860564	Interstate Guild	7064 Rose Trail Drive, Memphis, TN	US
S1-189556980	Sai Infrastructure Pvt Ltd	Flat No 93 Third Floor Pocket 3C Sector 16B, Dwarka, New Delhi, South West Delhi, Delhi	India
S1-395051242	Vasundhara Memorial Trust	Plot No. 51B, Off. Magazine Street, 1St Lane, Darukhana, Mazagaon, Mumbai, Maharashtra	India
S1-422964050	Peak Pharmaceuticals Inc	1002 Killian Drive, Mooresville, IN	US
S1-828449651	Jamnagar Cargo Company	Laxminiwas, R.No.1, 53, Digvijayplot, Jamnagar, Gujarat	India
S1-576130819	Custom Stellar Inc	380 Tr 118, Tiffin, OH	US
S1-501053310	Sky Management Private Limited	House No. 14, Block-A, Block Furniture, Landmark Na, Whs Kirti Nagar Ind. Area, New Delhi, West Delhi, Delhi	India
S1-618395430	Sai Vidyalaya Private Limited	Plot No 519, Gali No 1, Taash Factory, Vishwas Nagar, New Delhi, Delhi	India
S1-410022689	Uptown Bike Shop	24127 Tonto Street, Buckeye, AZ	US
S1-333792123	Kirby & Pierre Inc.	Ashtabula, 4461 Runkle Ave Extension, OH	US
S1-370422395	Corri Isaacson Cable Inc	39481 466th Street, IL, Chambersburg	US
S1-360224032	New Delhi Services Private Limited	E-239, First Floor, East Of Kailash, New Delhi, South Delhi, Delhi	India
S1-213845927	P U & W Network	965 40th Avenue, Unit Apartment 709, Columbia Heights, MN	US
S1-202865314	WEB Innovations LLC	14145 182nd Avenue, Elk River, MN	US
S1-824601420	Priska & Sons Private Limited	B-405 Tower Pearl, Bdi Sunshine City Bhiwadi, Tijara, Alwar, Rajasthan	India
S1-609585834	Adelaida A. Baker, M.D., DDS PC	1220 Hardison Drive, Jamesville, NC	US
S1-85605105	Coleen Evans Medicines LLC	34 Eastern Avenue, Deerfield, MA	US
S1-685653827	Aero Nursing Home	2/3, Premniwas, National Road Bhandup (West), Mumbai, Mumbai City, Maharashtra	India
S1-752141216	Nashik Training Ltd	B - 5/79 Road - Aindustrial Estate Satpur, Nashik, Maharashtra, Nashik	India
S1-810279136	Sunrise Builders Private Limited	P. No. 6, Vignesh Apartments, Mahalakshimi Nagar, Noombal, Vanagaram, G1, Chennai, Tamil Nadu, Thiruvallur	India
S1-359585603	Lynda Sawyer Tax Service Inc	Glendale, 4839 Las Palmaritas Drive, AZ	US
S1-605057518	KUR Projects Private Limited	C/O Radhika Residency, Flat No.306, 4Th Floor, B.N.Reddy, Ranga Reddy, Hyderabad, Rangareddy, Telangana	India
S1-702424467	Willow Flexible LLC	119 Cody Circle, Portland, TN	US
S1-181765081	Four Hospital Private Limited	Mumbai, 1St Floor, Enterprise Centre, Opposite Hotel Airlinks, Nehru Road, Vile Parle (East), Maharashtra, Mumbai	India
S1-772536415	Madhuri Group	B/503 Raheja Height, A K Vaidya Marg, Nr. Infinity It Park, Goregaon East, Mumbai, Mumbai City, Maharashtra	India
S1-195202509	Scholarship Trust	5009 Scotch Ridge Road, Pemberville, OH	US
S1-90140583	Primary Care Center Inc	Dixon, IL, 530 Chamberlin Street	US
S1-205577887	Global Platinum Crest	503 Walker Street, Hope, AR	US
S1-974877020	Tattva Education Private Limited	H.No. 14-31, Villa No. 31 & 32, Prestige Park Beside Gvk Emri, Medchal Highway, Gundla, Pochampall, Hyderabad, Telangana	India
S1-547722617	Perfect Investment Private Limited	Phb, 14Th Floor Building 1, Ss Group The Leaf, Sector 85, Narsinghpur, Gurgaon, Haryana	India
S1-314685384	Caldeon Brewing Inc	5000 Broadband Lane, Unit UNIT 100, Sioux Falls, SD	US
S1-211966523	Hoard, Zulema, D.D.S., DDS PC	AZ, Peoria, 18071 91st Drive	US
S1-96286254	National Investments LLC	1481 8, Town Of Armstrong Creek, WI	US
S1-779067340	Quality Dogecoin	3835 State Avenue, Indianapolis, IN	US
S1-937976078	Comstock Iron Works Inc	1720 Highland Acr Drive, Kaufman, TX	US
S1-818575045	Firefighters Union Local No 875	9431 Lakeshore Drive, Prescott Valley, AZ	US
S1-437295087	Sterling Agricultural Systems Inc	5790 Furlong Way, Hamilton, OH	US
S1-12072560	Behavioral Health Vanguard Care Associates	108 Cross Creek Lane, Proctor, WV	US
S1-253624773	Hirel Retails (India) LLP	K-27, Ground Floor, Gali No. 6, K-Block Labour Chowk, Mahipal Pur, New Delhi, Delhi	India
S1-911629592	Burlington Consultancy	Bangalore, Gvr Towers, 1St Main, Munireddy Layout, No.50, Karnataka, Bangalore North	India
S1-665530225	Houston Historical Coalition	Houston, 10840 North Freeway, TX	US
S1-752395286	Star Electronics Brands	139 Horseshoe Road, Farmington, WV	US
S1-59322938	Clark Nasdaq	28 Woodville Street, Unit 1, Everett, MA	US
S1-232676474	Global Integrated Hills LLC	11783 126th Place, Tigard, OR	US
S1-50491670	Superior Aldel PC	712 Tenth Street, Radford City, VA	US
S1-227718598	Jai Glass Private Limited	Plot No. 17, 3Rd Floor, Lewis Road Rajarani, Bhubaneswar, Khordha, Orissa	India
S1-409569794	Arihant Software Private Limited	E-8 Himachal Societyplot No 22 Sector 17 Vashi, New Mumbai, Thane, Maharashtra	India
S1-365876986	Smart Projects Private Limited	Blue One Square Plot No, 246 Udyog Vihar 4, Dlf Ph-Ii, Gurgaon, Haryana	India
S1-682966210	New Delhi Granites Private Limited	G-93A, G Block, Rajapuri, New Delhi, Delhi	India
S1-374201815	Raven Graphics Inc.	502 Gilmore Avenue, Jeffersonville, IN	US
S1-793216799	Radford United Bnb Inc	3945 Massey Run, Raleigh, NC	US
S1-165808009	Teesta Brothers Private Limited	88, Chetla Road, Kolkata, Kolkata, Howrah, West Bengal	India
S1-466507513	Aurial Wisconsin LLC	TX, Tomball, 18827 Brighton Trail Lane	US
S1-564056327	Godbolt Nasdaq Inc	260 1226, Savoy, TX	US
S1-383506234	Sunrise Hospitality Private Limited	Plot No 2 Nr Vir Nagarsociety S T Work Shop Road, Mehsana, Mahesana, Gujarat	India
S1-817243516	Leung Etf	562 Washington Avenue, Unit Apartment 2, Albany, NY	US
S1-780538123	Vargas, Klosterman & Olson Short LLC	1649 Howard Avenue, Des Plaines, IL	US
S1-513009133	Wolski Mountain Electric, Inc.	Milton, 517 Oakland Avenue, ND	US
S1-988761711	Metropolitan Fellowship	216 Busby Lane, Denton, NC	US
S1-739205302	National Star Resorts Inc	27 Robin Road, Edgecomb, ME	US
S1-541967934	Garrett Midwest Bakery Inc.	1216 Slaughter Road, Madison, AL	US
S1-433553394	Tamilnad (India) Agro Pvt Ltd	M. No. 925, At Post Budhgaon Tal. Miraj, Sangli, Maharashtra	India
S1-563515196	Services Suryateja Commercial Private Limited	Karnataka, 1St Floor, 23Rd Cross Ideal Homes Township, Rajarajeshwari Nag, Ar, No.718, Bangalore	India
S1-604902985	Ky Trading Private Limited	No. 254, 16Th Cross, 24Th Main, 5Th Phase, Jp Nagar, Bengaluru, Bangalore, Karnataka	India
S1-604912211	Sawant Strips Limited	204, Tilak Bazar, Delhi	India
S1-944885695	Sweet Pub Inc	254 Chicago Avenue, Unit # A, Oak Park, IL	US
S1-628401568	Tejora Abroad Private Limited	S.No.118, Showroom No.4, 5, Bhamini Arcade, Parvati, Pune City, Pune, Maharashtra	India
S1-540708667	A Reliable Wellness Inc	3809 Terrace Drive, Fairfax County, VA	US
S1-892498993	Bangalore India Private Limited	#5, Mchs, 14Th Main, 15Th Cross Sector 4, Hsr Layout, Bangalore, Karnataka	India
S1-380809616	Seka's Plumbing PLLC	2109 Point Bluff Drive, Austin, TX	US
S1-386058783	Highland Services Corp	Delhi, Plot No 191 Shop No 12 13 Ground Floor Gulab Bagh Uttam Nagar, Delhi, West Delhi	India
S1-534413480	Ceor Star Innovative Inc.	1218 Beatties Ford Road, Charlotte, NC	US
S1-935862640	Indian Trading Private Limited	Sco 144, Third Floor Feroze Gandhi Market, Ludhiana, Punjab	India
S1-970690023	Shrinath Brothers Limited	Office No.1109, Plot 7A/1, Corporate Park, Sector-142, Noida, Gautam Buddha Nagar, Uttar Pradesh	India
S1-655393957	Clark Optimal Dave LLC	8601 Xylite Street, Blaine, MN	US
S1-86398860	Lee Grand Dynamics	701 Ridge Drive, Marengo, IL	US
S1-869453657	Baptist Clear Association	4637 Highway 133, Crossett, AR	US
S1-665285497	Laor Clear Pharmaceuticals PC	689 Trapping Brook Road, Unit Apartment 503, Wellsville, NY	US
S1-516625391	Global Trading Private Limited	101, Arun Chambers, Tardeo, Mumbai, Maharashtra	India
S1-819572663	Vision Center of Pelham LLC	3036 Chandler's Mill Road, Pelham, NC	US
S1-896528931	Andrade Trinity Inc	446 Sweet Berry Lane, Ivanhoe, NC	US
S1-433208234	Kolkata Mines Private Limited	142/1A Sarat Bose Road1St Floor Suite No 1A & 1B, Kolkata, Calcutta, West Bengal	India
S1-925145349	My Creative Services Private Limited	#1275 Gaganachumbi Double, Road, Chamaraja Mohalla, Mysore, Karnataka	India
S1-604656756	United Quality Spac LLC	1124 A Avenue, Edmonds, WA	US
S1-328375036	M & E Analytics LLC	Enid, 502 Greg Drive, OK	US
S1-633419543	Brightic Gesher Clinic	22925 31st Avenue, Bothell, WA	US
S1-137237605	Resto, Miller & Tillson Drilling	1301 Cedar Point Road, Sandusky, OH	US
S1-170816168	Guadalupita Works	1378 State Highway 434, Guadalupita, NM	US
S1-306591076	Tatiania Montenegro Precision Holding LLC	KY, Shelbyville, 419 Aiken Road	US
S1-850655427	Anilora Engineering Limited	534/A, Brd Complex, Calicut Road, Parempadam, Kunnamkulam, Thrissur, Kerala	India
S1-776949709	Modern High Properties Private Limited	2Nd-Fr, Fl-2A, 25/2, Sodepur First Lane, Kolkata, Kolkata, Howrah, West Bengal	India
S1-943988465	Franco and Warner	25 Whitney Lane, Berlin, CT	US
S1-541183381	Eye Associates	33 Heatherwood Drive, Texarkana, TX	US
S1-366296744	Davis Corporate LLC	602 Pierre Street, Belgrade, MT	US
S1-851902288	Primary Care Pacific Clinic LLC	3902 Vineyard Drive, Dallas, TX	US
S1-269302919	Seven Engineering Private Limited	H. No.-279, Haryana, Rohtak, Subhash Nagar	India
S1-552041852	Upper Biotech Inc	1066 Gentry Road, Summer Shade, KY	US
S1-178308364	Stahl Technologies L.L.C.	4441 Greystone Drive, Concord, NC	US
S1-367806232	South College	9524 Cal Road, St. George City, LA	US
S1-507402952	Kesar Infracon Pvt Ltd	H.No. 368, Sector-21A, Faridabad, Haryana	India
S1-289577086	Federal Consumer Technologies	3420 Mountain Road, Fl 0, Pasadena, MD	US
S1-197822530	Indian Foundation	Ug Floor Shop 15, Raghuvir Business Empire, Magob, Puna Road, Opp. Skyview, Choryasi, Surat, Gujarat	India
S1-19338544	Fanni F. Alvarez, P.A.	2119 112th Avenue, Edgewood, WA	US
S1-339453587	RHI Project Private Limited	H No 22 Dadegaon Ta Paithan Dist Aurangabad, Aurangabad, Maharashtra	India
